{"data":[{"id":"8a5cb3c89618f39301965e2c672d340b","author":"Айнагул","date":"22.04.2025","orderNumber":"535585675","rating":5,"comment":{"minus":"","plus":"","text":"Пояс күшті размері келді."},"feedback":{"positive":0,"voted":false},"product":{"id":"120876899","name":"Пояс LARKO сауна на застежках S, M","categoryCode":"Master - Clothes for slimming","categoryName":"Одежда для похудения","link":"https://kaspi.kz/shop/p/pojas-larko-sauna-na-zastezhkah-s-m-120876899/"},"merchant":{"name":"LARKO-KZ","code":"17629423"},"editable":false,"editedByCustomer":false},{"id":"8a5cadc29618f2fa01964d2fa31269b9","author":"Айнур","date":"19.04.2025","orderNumber":"531589639","rating":1,"comment":{"minus":"","plus":"","text":"Размер очень маленький, подошел."},"feedback":{"positive":0,"voted":false},"product":{"id":"120876899","name":"Пояс LARKO сауна на застежках S, M","categoryCode":"Master - Clothes for slimming","categoryName":"Одежда для похудения","link":"https://kaspi.kz/shop/p/pojas-larko-sauna-na-zastezhkah-s-m-120876899/"},"merchant":{"name":"LARKO-KZ","code":"17629423"},"editable":false,"editedByCustomer":false},{"id":"8a5c1cad9618f3120196344e8a950726","author":"Асыл","date":"14.04.2025","orderNumber":"531412451","rating":5,"comment":{"minus":"","plus":"","text":"Приятный и легкий материал. Я заказала со скидкой. Спасибо LARKO."},"feedback":{"positive":0,"voted":false},"galleryImages":[{"id":"531412451-120876899/c19c02f6-a5be-4141-9117-bed1846a0cd9.jpeg","small":"https://resources.cdn-kaspi.kz/img/p/r/531412451-120876899/c19c02f6-a5be-4141-9117-bed1846a0cd9.jpeg?format=review_small","medium":"https://resources.cdn-kaspi.kz/img/p/r/531412451-120876899/c19c02f6-a5be-4141-9117-bed1846a0cd9.jpeg?format=review_medium","large":"https://resources.cdn-kaspi.kz/img/p/r/531412451-120876899/c19c02f6-a5be-4141-9117-bed1846a0cd9.jpeg?format=review_large"},{"id":"531412451-120876899/d71a9e6d-1e61-4eb8-85c1-01b936e59b29.jpeg","small":"https://resources.cdn-kaspi.kz/img/p/r/531412451-120876899/d71a9e6d-1e61-4eb8-85c1-01b936e59b29.jpeg?format=review_small","medium":"https://resources.cdn-kaspi.kz/img/p/r/531412451-120876899/d71a9e6d-1e61-4eb8-85c1-01b936e59b29.jpeg?format=review_medium","large":"https://resources.cdn-kaspi.kz/img/p/r/531412451-120876899/d71a9e6d-1e61-4eb8-85c1-01b936e59b29.jpeg?format=review_large"}],"product":{"id":"120876899","name":"Пояс LARKO сауна на застежках S, M","categoryCode":"Master - Clothes for slimming","categoryName":"Одежда для похудения","link":"https://kaspi.kz/shop/p/pojas-larko-sauna-na-zastezhkah-s-m-120876899/"},"merchant":{"name":"LARKO-KZ","code":"17629423"},"editable":false,"editedByCustomer":false},{"id":"8a5c1cad9618f31201961e1f6d3420ac","author":"Захидам","date":"10.04.2025","orderNumber":"526771586","rating":5,"comment":{"minus":"","plus":"","text":"Очень классный пояс, отлично подошёл размер, утягивает хорошо сразу формируется талия, очень всё понравилось, доставка была вовремя даже раньше срока, упаковано было отлично спасибо большое Larko-KZ."},"feedback":{"positive":0,"voted":false},"product":{"id":"120876899","name":"Пояс LARKO сауна на застежках S, M","categoryCode":"Master - Clothes for slimming","categoryName":"Одежда для похудения","link":"https://kaspi.kz/shop/p/pojas-larko-sauna-na-zastezhkah-s-m-120876899/"},"merchant":{"name":"LARKO-KZ","code":"17629423"},"editable":false,"editedByCustomer":true},{"id":"8a5c5fbf9618f30801961a3cee070b2b","author":"Талгат","date":"09.04.2025","orderNumber":"495931127","rating":5,"comment":{"minus":"","plus":"","text":"Спасибо Larko-kz. Брал жене, она очень довольна, пояс выполняет свое назначение на отлично!"},"feedback":{"positive":0,"voted":false},"product":{"id":"120876899","name":"Пояс LARKO сауна на застежках S, M","categoryCode":"Master - Clothes for slimming","categoryName":"Одежда для похудения","link":"https://kaspi.kz/shop/p/pojas-larko-sauna-na-zastezhkah-s-m-120876899/"},"merchant":{"name":"LARKO-KZ","code":"17629423"},"editable":false,"editedByCustomer":false},{"id":"8a5c70e7956c8373019579b0fe923d28","author":"Азиза","date":"13.03.2025","orderNumber":"503762347","rating":1,"comment":{"minus":"","plus":"","text":"Сапасы жәман, алуға кеңес бермеймін, возврат жасайын десем, оныда қабылдамайды. Еще жақсы отзыв жазсаңыз ақша береміз деп те жазды, ватсаптан просто ужас. ARK."},"feedback":{"positive":1,"voted":false},"product":{"id":"120876899","name":"Пояс LARKO сауна на застежках S, M","categoryCode":"Master - Clothes for slimming","categoryName":"Одежда для похудения","link":"https://kaspi.kz/shop/p/pojas-larko-sauna-na-zastezhkah-s-m-120876899/"},"merchant":{"name":"LARKO-KZ","code":"17629423"},"editable":false,"editedByCustomer":false},{"id":"8a5cba6a94e3bd4c0194e3c5e2d0000d","author":"Оксана","date":"08.02.2025","orderNumber":"490419397","rating":5,"comment":{"minus":"","plus":"","text":"Хороший пояс, брода на 46 размер S-M. Как раз, ещё и место осталась, в спорт зале потеешь в нем хорошо, не слазит, не скатывается, сидит плотно."},"feedback":{"positive":0,"voted":false},"galleryImages":[{"id":"490419397-120876899/5bcb11a6-5697-436f-8b1b-550a000304a1.jpeg","small":"https://resources.cdn-kaspi.kz/img/p/r/490419397-120876899/5bcb11a6-5697-436f-8b1b-550a000304a1.jpeg?format=review_small","medium":"https://resources.cdn-kaspi.kz/img/p/r/490419397-120876899/5bcb11a6-5697-436f-8b1b-550a000304a1.jpeg?format=review_medium","large":"https://resources.cdn-kaspi.kz/img/p/r/490419397-120876899/5bcb11a6-5697-436f-8b1b-550a000304a1.jpeg?format=review_large"}],"product":{"id":"120876899","name":"Пояс LARKO сауна на застежках S, M","categoryCode":"Master - Clothes for slimming","categoryName":"Одежда для похудения","link":"https://kaspi.kz/shop/p/pojas-larko-sauna-na-zastezhkah-s-m-120876899/"},"merchant":{"name":"LARKO-KZ","code":"17629423"},"editable":false,"editedByCustomer":false},{"id":"8a5c3f0494ab5d750194b7278e8e1588","author":"Жулдыз","date":"30.01.2025","orderNumber":"485890329","rating":5,"comment":{"minus":"","plus":"","text":"Классная штука, хорошо держит."},"feedback":{"positive":0,"voted":false},"product":{"id":"120876899","name":"Пояс LARKO сауна на застежках S, M","categoryCode":"Master - Clothes for slimming","categoryName":"Одежда для похудения","link":"https://kaspi.kz/shop/p/pojas-larko-sauna-na-zastezhkah-s-m-120876899/"},"merchant":{"name":"LARKO-KZ","code":"17629423"},"editable":false,"editedByCustomer":false},{"id":"8a5c0a8d939556510193e9633d3c7fe8","author":"Айгерім","date":"21.12.2024","orderNumber":"463639778","rating":5,"comment":{"minus":"","plus":"","text":"Жақсы түсіп-тура келді 78 тальяға, сонгы кручогына илинип тұрды. Тренеровка жасағанда ғана терлетеді, күшті."},"feedback":{"positive":0,"voted":false},"product":{"id":"120876899","name":"Пояс LARKO сауна на застежках S, M","categoryCode":"Master - Clothes for slimming","categoryName":"Одежда для похудения","link":"https://kaspi.kz/shop/p/pojas-larko-sauna-na-zastezhkah-s-m-120876899/"},"merchant":{"name":"LARKO-KZ","code":"17629423"},"editable":false,"editedByCustomer":false},{"id":"8a5cc06b939557940193970590fe0473","author":"Виктория","date":"05.12.2024","orderNumber":"454729053","rating":5,"comment":{"minus":"","plus":"","text":"Пояс подошел, надеюсь будет результат."},"feedback":{"positive":0,"voted":false},"product":{"id":"120876899","name":"Пояс LARKO сауна на застежках S, M","categoryCode":"Master - Clothes for slimming","categoryName":"Одежда для похудения","link":"https://kaspi.kz/shop/p/pojas-larko-sauna-na-zastezhkah-s-m-120876899/"},"merchant":{"name":"LARKO-KZ","code":"17629423"},"editable":false,"editedByCustomer":false},{"id":"8a5c64df9366cb4701939310069b3bd8","author":"Назым","date":"05.12.2024","orderNumber":"453670242","rating":5,"comment":{"minus":"","plus":"","text":"Хороший пояс, со своей работой справляется, спасибо магазину Larko-Kz."},"feedback":{"positive":0,"voted":false},"product":{"id":"120876899","name":"Пояс LARKO сауна на застежках S, M","categoryCode":"Master - Clothes for slimming","categoryName":"Одежда для похудения","link":"https://kaspi.kz/shop/p/pojas-larko-sauna-na-zastezhkah-s-m-120876899/"},"merchant":{"name":"LARKO-KZ","code":"17629423"},"editable":false,"editedByCustomer":false},{"id":"8a5c255c9347bd6d019361b94785232a","author":"Елена","date":"25.11.2024","orderNumber":"447977756","rating":5,"comment":{"minus":"","plus":"","text":"Товар очень хороший, понравился. Качество очень сильно понравилось, безуса от пояса."},"feedback":{"positive":0,"voted":false},"product":{"id":"120876899","name":"Пояс LARKO сауна на застежках S, M","categoryCode":"Master - Clothes for slimming","categoryName":"Одежда для похудения","link":"https://kaspi.kz/shop/p/pojas-larko-sauna-na-zastezhkah-s-m-120876899/"},"merchant":{"name":"LARKO-KZ","code":"17629423"},"editable":false,"editedByCustomer":false},{"id":"8a5cd4aa93007fe301931a5e4e321c91","author":"Салтанат","date":"11.11.2024","orderNumber":"403651230","rating":5,"comment":{"minus":"","plus":"","text":"Маған ұнады."},"feedback":{"positive":0,"voted":false},"product":{"id":"120876899","name":"Пояс LARKO сауна на застежках S, M","categoryCode":"Master - Clothes for slimming","categoryName":"Одежда для похудения","link":"https://kaspi.kz/shop/p/pojas-larko-sauna-na-zastezhkah-s-m-120876899/"},"merchant":{"name":"LARKO-KZ","code":"17629423"},"editable":false,"editedByCustomer":false},{"id":"8a5cd24c92e5fd9d0192fb649e64255b","author":"Каусария","date":"05.11.2024","orderNumber":"436590893","rating":5,"comment":{"minus":"","plus":"","text":"Хороший пояс, со своей работой справляется, спасибо магазину Larko-Kz."},"feedback":{"positive":0,"voted":false},"product":{"id":"120876899","name":"Пояс LARKO сауна на застежках S, M","categoryCode":"Master - Clothes for slimming","categoryName":"Одежда для похудения","link":"https://kaspi.kz/shop/p/pojas-larko-sauna-na-zastezhkah-s-m-120876899/"},"merchant":{"name":"LARKO-KZ","code":"17629423"},"editable":false,"editedByCustomer":true},{"id":"8a5cd27092bc42350192be602a0e0334","author":"Диана","date":"24.10.2024","orderNumber":"423464881","rating":4,"comment":{"minus":"","plus":"","text":"Күшті."},"feedback":{"positive":0,"voted":false},"product":{"id":"120876899","name":"Пояс LARKO сауна на застежках S, M","categoryCode":"Master - Clothes for slimming","categoryName":"Одежда для похудения","link":"https://kaspi.kz/shop/p/pojas-larko-sauna-na-zastezhkah-s-m-120876899/"},"merchant":{"name":"LARKO-KZ","code":"17629423"},"editable":false,"editedByCustomer":false},{"id":"8a5c782b926279850192627b626e0001","author":"Айша","date":"06.10.2024","orderNumber":"420066623","rating":5,"comment":{"minus":"","plus":"","text":"Корсет күшті. Үйлесті."},"feedback":{"positive":0,"voted":false},"product":{"id":"120876899","name":"Пояс LARKO сауна на застежках S, M","categoryCode":"Master - Clothes for slimming","categoryName":"Одежда для похудения","link":"https://kaspi.kz/shop/p/pojas-larko-sauna-na-zastezhkah-s-m-120876899/"},"merchant":{"name":"LARKO-KZ","code":"17629423"},"editable":false,"editedByCustomer":false},{"id":"8a5c9dae920df2f501924698cf955842","author":"Нуржамал","date":"02.10.2024","orderNumber":"410452281","rating":1,"comment":{"minus":"","plus":"","text":"Маған ұнамады. Ішімді түк қыспайды. Белім жіңішке, бірақ кесарево операциясынан кейін ішімнің астыңғы жағына май жиналып томпиып қалады. Соны тарта ма десем, вообще әсер етпеді. Қатты қыссаң да болмайды, материалы жұмсақ, түк қыспайды. Ұнамады. Ақша босқа кетті."},"feedback":{"positive":1,"voted":false},"product":{"id":"120876899","name":"Пояс LARKO сауна на застежках S, M","categoryCode":"Master - Clothes for slimming","categoryName":"Одежда для похудения","link":"https://kaspi.kz/shop/p/pojas-larko-sauna-na-zastezhkah-s-m-120876899/"},"merchant":{"name":"LARKO-KZ","code":"17629423"},"editable":false,"editedByCustomer":false},{"id":"8a5c309f924c497101924d99df230538","author":"Ақкелбет","date":"02.10.2024","orderNumber":"417413172","rating":2,"comment":{"minus":"","plus":"","text":"Іште жиылып жиналып құттай майдыы жаман көрсетіп тұрады размерідее қысуы қиын ең кіші болсада."},"feedback":{"positive":0,"voted":false},"product":{"id":"120876899","name":"Пояс LARKO сауна на застежках S, M","categoryCode":"Master - Clothes for slimming","categoryName":"Одежда для похудения","link":"https://kaspi.kz/shop/p/pojas-larko-sauna-na-zastezhkah-s-m-120876899/"},"merchant":{"name":"LARKO-KZ","code":"17629423"},"editable":false,"editedByCustomer":false},{"id":"8a5c3fa4920df4980192323f6350400a","author":"Лаура","date":"27.09.2024","orderNumber":"416268703","rating":5,"comment":{"minus":"","plus":"","text":"Хороший пояс."},"feedback":{"positive":0,"voted":false},"product":{"id":"120876899","name":"Пояс LARKO сауна на застежках S, M","categoryCode":"Master - Clothes for slimming","categoryName":"Одежда для похудения","link":"https://kaspi.kz/shop/p/pojas-larko-sauna-na-zastezhkah-s-m-120876899/"},"merchant":{"name":"LARKO-KZ","code":"17629423"},"editable":false,"editedByCustomer":false},{"id":"8a5cba7e917375d10191a52bdf34530f","author":"Куляш","date":"31.08.2024","orderNumber":"392164051","rating":4,"comment":{"minus":"","plus":"","text":"Качественно выполнен. Утяжка средняя. Товар по цене."},"feedback":{"positive":0,"voted":false},"product":{"id":"120876899","name":"Пояс LARKO сауна на застежках S, M","categoryCode":"Master - Clothes for slimming","categoryName":"Одежда для похудения","link":"https://kaspi.kz/shop/p/pojas-larko-sauna-na-zastezhkah-s-m-120876899/"},"merchant":{"name":"LARKO-KZ","code":"17629423"},"editable":false,"editedByCustomer":false},{"id":"8a5c6a1790d88fdc0190eed7705b2a23","author":"Динара","date":"26.07.2024","orderNumber":"379465073","rating":5,"comment":{"minus":"","plus":"","text":"Хороший пояс со своей работой справляется."},"feedback":{"positive":0,"voted":false},"product":{"id":"120876899","name":"Пояс LARKO сауна на застежках S, M","categoryCode":"Master - Clothes for slimming","categoryName":"Одежда для похудения","link":"https://kaspi.kz/shop/p/pojas-larko-sauna-na-zastezhkah-s-m-120876899/"},"merchant":{"name":"LARKO-KZ","code":"17629423"},"editable":false,"editedByCustomer":false},{"id":"8a5c5c8190d88f2e0190eecf247a29df","author":"Мадина","date":"26.07.2024","orderNumber":"383185085","rating":5,"comment":{"minus":"","plus":"","text":"Хорошо корректирует фигуру, подчеркивает талию. Использую его вовремя занятий спортом, очень удобный."},"feedback":{"positive":1,"voted":false},"product":{"id":"120876899","name":"Пояс LARKO сауна на застежках S, M","categoryCode":"Master - Clothes for slimming","categoryName":"Одежда для похудения","link":"https://kaspi.kz/shop/p/pojas-larko-sauna-na-zastezhkah-s-m-120876899/"},"merchant":{"name":"LARKO-KZ","code":"17629423"},"editable":false,"editedByCustomer":false}]}