{"data":[{"id":"8a5c5a82963235bc019662b6c36f48d1","author":"Алмагуль","date":"23.04.2025","orderNumber":"536534510","rating":5,"comment":{"minus":"","plus":"","text":"Бандажды алдым, сапасы өте жақсы, алуға кеңес беремін, денегеде ыңғайсыздық тудырмайды."},"feedback":{"positive":0,"voted":false},"product":{"id":"122652798","name":"LARKO abdominalbndge XL бандаж до и послеродовой, послеоперационный белый размер XL","categoryCode":"Master - Bandages and orthoses","categoryName":"Бандажи и ортезы","link":"https://kaspi.kz/shop/p/larko-abdominalbndge-xl-bandazh-do-i-poslerodovoi-posleoperatsionnyi-belyi-razmer-xl-122652798/"},"merchant":{"name":"LARKO-KZ","code":"17629423"},"editable":false,"editedByCustomer":false},{"id":"8a5ccd5e960e041801961077f2f20dde","author":"Самал","date":"07.04.2025","orderNumber":"525001665","rating":5,"comment":{"minus":"","plus":"","text":"Понравился товар."},"feedback":{"positive":0,"voted":false},"product":{"id":"122652798","name":"LARKO abdominalbndge XL бандаж до и послеродовой, послеоперационный белый размер XL","categoryCode":"Master - Bandages and orthoses","categoryName":"Бандажи и ортезы","link":"https://kaspi.kz/shop/p/larko-abdominalbndge-xl-bandazh-do-i-poslerodovoi-posleoperatsionnyi-belyi-razmer-xl-122652798/"},"merchant":{"name":"LARKO-KZ","code":"17629423"},"editable":false,"editedByCustomer":false},{"id":"8a5cf33595f524530195fd23549f31fe","author":"Сәния","date":"04.04.2025","orderNumber":"525201961","rating":5,"comment":{"minus":"","plus":"","text":"Добрый день! Бандаж очень понравился, легкий, тонкий, а главное хб, что не дать коже потеть. Дышащий материал. Магазин очень ответственный, курьер вежливый, предварительно отправили смс, а перед доставкой связались. Очень благодарная, по цене тоже очень выгодно если учитывать с другими продавцами, думаю за такое качество цена могла бы быть выше."},"feedback":{"positive":0,"voted":false},"product":{"id":"122652798","name":"LARKO abdominalbndge XL бандаж до и послеродовой, послеоперационный белый размер XL","categoryCode":"Master - Bandages and orthoses","categoryName":"Бандажи и ортезы","link":"https://kaspi.kz/shop/p/larko-abdominalbndge-xl-bandazh-do-i-poslerodovoi-posleoperatsionnyi-belyi-razmer-xl-122652798/"},"merchant":{"name":"LARKO-KZ","code":"17629423"},"editable":false,"editedByCustomer":false},{"id":"8a5cba5a95acfcd60195e203518f15db","author":"Айгуль","date":"29.03.2025","orderNumber":"522300160","rating":5,"comment":{"minus":"","plus":"","text":"Очень классный. Советую покупать."},"feedback":{"positive":0,"voted":false},"product":{"id":"122652798","name":"LARKO abdominalbndge XL бандаж до и послеродовой, послеоперационный белый размер XL","categoryCode":"Master - Bandages and orthoses","categoryName":"Бандажи и ортезы","link":"https://kaspi.kz/shop/p/larko-abdominalbndge-xl-bandazh-do-i-poslerodovoi-posleoperatsionnyi-belyi-razmer-xl-122652798/"},"merchant":{"name":"LARKO-KZ","code":"17629423"},"editable":false,"editedByCustomer":false},{"id":"8a5c405695d51bda0195ddb3eeef2d04","author":"Жанагуль","date":"28.03.2025","orderNumber":"520710624","rating":5,"comment":{"minus":"","plus":"","text":"Пришел вовремя, очень удобный."},"feedback":{"positive":0,"voted":false},"product":{"id":"122652798","name":"LARKO abdominalbndge XL бандаж до и послеродовой, послеоперационный белый размер XL","categoryCode":"Master - Bandages and orthoses","categoryName":"Бандажи и ортезы","link":"https://kaspi.kz/shop/p/larko-abdominalbndge-xl-bandazh-do-i-poslerodovoi-posleoperatsionnyi-belyi-razmer-xl-122652798/"},"merchant":{"name":"LARKO-KZ","code":"17629423"},"editable":false,"editedByCustomer":false},{"id":"8a5cd5a295cac20d0195cc65d3030491","author":"Маржан","date":"25.03.2025","orderNumber":"519895969","rating":5,"comment":{"minus":"","plus":"","text":"Бандаж отличный, прям по размеру, спасибо большое! Берите, не пожалеете."},"feedback":{"positive":0,"voted":false},"product":{"id":"122652798","name":"LARKO abdominalbndge XL бандаж до и послеродовой, послеоперационный белый размер XL","categoryCode":"Master - Bandages and orthoses","categoryName":"Бандажи и ортезы","link":"https://kaspi.kz/shop/p/larko-abdominalbndge-xl-bandazh-do-i-poslerodovoi-posleoperatsionnyi-belyi-razmer-xl-122652798/"},"merchant":{"name":"LARKO-KZ","code":"17629423"},"editable":false,"editedByCustomer":false},{"id":"8a5c304f95c129530195c26438040534","author":"Рушана","date":"23.03.2025","orderNumber":"518795733","rating":4,"comment":{"minus":"","plus":"","text":"Корсет жақсы, тек отырғанда азмаз кажайды шеті."},"feedback":{"positive":0,"voted":false},"product":{"id":"122652798","name":"LARKO abdominalbndge XL бандаж до и послеродовой, послеоперационный белый размер XL","categoryCode":"Master - Bandages and orthoses","categoryName":"Бандажи и ортезы","link":"https://kaspi.kz/shop/p/larko-abdominalbndge-xl-bandazh-do-i-poslerodovoi-posleoperatsionnyi-belyi-razmer-xl-122652798/"},"merchant":{"name":"LARKO-KZ","code":"17629423"},"editable":false,"editedByCustomer":false},{"id":"8a5ce3cd95451b4201955bbb005467a5","author":"Гулия","date":"08.03.2025","orderNumber":"506347076","rating":5,"comment":{"minus":"","plus":"","text":"Отличный бандаж! Идеально подошёл размер хl на мой 50 размер. У меня грыжа после кс, и хорошо утягивает и поддерживает мой живот. Материал хб, липучка отлично крепится! Рекомендую!"},"feedback":{"positive":1,"voted":false},"product":{"id":"122652798","name":"LARKO abdominalbndge XL бандаж до и послеродовой, послеоперационный белый размер XL","categoryCode":"Master - Bandages and orthoses","categoryName":"Бандажи и ортезы","link":"https://kaspi.kz/shop/p/larko-abdominalbndge-xl-bandazh-do-i-poslerodovoi-posleoperatsionnyi-belyi-razmer-xl-122652798/"},"merchant":{"name":"LARKO-KZ","code":"17629423"},"editable":false,"editedByCustomer":false},{"id":"8a5cd49d953675e301955350502c1d65","author":"Нургуль","date":"02.03.2025","orderNumber":"505420560","rating":5,"comment":{"minus":"","plus":"","text":"Очень хороший бандаж, держит хорошо, действительно удобнее стало ходить, хорошая поддержка после роды. Рекомендую к покупке, не пожалеете!"},"feedback":{"positive":1,"voted":false},"product":{"id":"122652798","name":"LARKO abdominalbndge XL бандаж до и послеродовой, послеоперационный белый размер XL","categoryCode":"Master - Bandages and orthoses","categoryName":"Бандажи и ортезы","link":"https://kaspi.kz/shop/p/larko-abdominalbndge-xl-bandazh-do-i-poslerodovoi-posleoperatsionnyi-belyi-razmer-xl-122652798/"},"merchant":{"name":"LARKO-KZ","code":"17629423"},"editable":false,"editedByCustomer":false},{"id":"8a5cba4e953b0db101953d90c1e01279","author":"Наталья","date":"25.02.2025","orderNumber":"504362222","rating":5,"comment":{"minus":"","plus":"","text":"Хороший бандаж, очень приятный на тело, может использоваться как после операции, так и просто для утягивания, хорошо что белый."},"feedback":{"positive":0,"voted":false},"galleryImages":[{"id":"504362222-122652798/49f70a70-a2be-41fe-af4f-8e89b0a31e03.jpeg","small":"https://resources.cdn-kaspi.kz/img/p/r/504362222-122652798/49f70a70-a2be-41fe-af4f-8e89b0a31e03.jpeg?format=review_small","medium":"https://resources.cdn-kaspi.kz/img/p/r/504362222-122652798/49f70a70-a2be-41fe-af4f-8e89b0a31e03.jpeg?format=review_medium","large":"https://resources.cdn-kaspi.kz/img/p/r/504362222-122652798/49f70a70-a2be-41fe-af4f-8e89b0a31e03.jpeg?format=review_large"},{"id":"504362222-122652798/aa298a65-8690-4320-be24-a4471abb2667.jpeg","small":"https://resources.cdn-kaspi.kz/img/p/r/504362222-122652798/aa298a65-8690-4320-be24-a4471abb2667.jpeg?format=review_small","medium":"https://resources.cdn-kaspi.kz/img/p/r/504362222-122652798/aa298a65-8690-4320-be24-a4471abb2667.jpeg?format=review_medium","large":"https://resources.cdn-kaspi.kz/img/p/r/504362222-122652798/aa298a65-8690-4320-be24-a4471abb2667.jpeg?format=review_large"},{"id":"504362222-122652798/36103d6e-a0d9-4591-be63-b7da4e78635b.jpeg","small":"https://resources.cdn-kaspi.kz/img/p/r/504362222-122652798/36103d6e-a0d9-4591-be63-b7da4e78635b.jpeg?format=review_small","medium":"https://resources.cdn-kaspi.kz/img/p/r/504362222-122652798/36103d6e-a0d9-4591-be63-b7da4e78635b.jpeg?format=review_medium","large":"https://resources.cdn-kaspi.kz/img/p/r/504362222-122652798/36103d6e-a0d9-4591-be63-b7da4e78635b.jpeg?format=review_large"},{"id":"504362222-122652798/28e15e1c-4652-40c4-afeb-c22e910cdf17.jpeg","small":"https://resources.cdn-kaspi.kz/img/p/r/504362222-122652798/28e15e1c-4652-40c4-afeb-c22e910cdf17.jpeg?format=review_small","medium":"https://resources.cdn-kaspi.kz/img/p/r/504362222-122652798/28e15e1c-4652-40c4-afeb-c22e910cdf17.jpeg?format=review_medium","large":"https://resources.cdn-kaspi.kz/img/p/r/504362222-122652798/28e15e1c-4652-40c4-afeb-c22e910cdf17.jpeg?format=review_large"}],"product":{"id":"122652798","name":"LARKO abdominalbndge XL бандаж до и послеродовой, послеоперационный белый размер XL","categoryCode":"Master - Bandages and orthoses","categoryName":"Бандажи и ортезы","link":"https://kaspi.kz/shop/p/larko-abdominalbndge-xl-bandazh-do-i-poslerodovoi-posleoperatsionnyi-belyi-razmer-xl-122652798/"},"merchant":{"name":"LARKO-KZ","code":"17629423"},"editable":false,"editedByCustomer":false},{"id":"8a5c44bc95262ddb01952dbe11322ab4","author":"Алина","date":"22.02.2025","orderNumber":"502801976","rating":5,"comment":{"minus":"","plus":"","text":"Удобный бандаж, доставили вовремя."},"feedback":{"positive":0,"voted":false},"product":{"id":"122652798","name":"LARKO abdominalbndge XL бандаж до и послеродовой, послеоперационный белый размер XL","categoryCode":"Master - Bandages and orthoses","categoryName":"Бандажи и ортезы","link":"https://kaspi.kz/shop/p/larko-abdominalbndge-xl-bandazh-do-i-poslerodovoi-posleoperatsionnyi-belyi-razmer-xl-122652798/"},"merchant":{"name":"LARKO-KZ","code":"17629423"},"editable":false,"editedByCustomer":false},{"id":"8a5c197094f7b0d501952d858e76254e","author":"Эльдар","date":"22.02.2025","orderNumber":"501156192","rating":5,"comment":{"minus":"","plus":"","text":"Өте ұнады, ыңғайлы, жайлы, маған ұнады, уақытынан ерте тез келді."},"feedback":{"positive":0,"voted":false},"product":{"id":"122652798","name":"LARKO abdominalbndge XL бандаж до и послеродовой, послеоперационный белый размер XL","categoryCode":"Master - Bandages and orthoses","categoryName":"Бандажи и ортезы","link":"https://kaspi.kz/shop/p/larko-abdominalbndge-xl-bandazh-do-i-poslerodovoi-posleoperatsionnyi-belyi-razmer-xl-122652798/"},"merchant":{"name":"LARKO-KZ","code":"17629423"},"editable":false,"editedByCustomer":false},{"id":"8a5c582f94f2d71d019528f304542c21","author":"Маруа","date":"21.02.2025","orderNumber":"496260146","rating":5,"comment":{"minus":"","plus":"","text":"Керемет маған ұнады көп рахмет!."},"feedback":{"positive":0,"voted":false},"product":{"id":"122652798","name":"LARKO abdominalbndge XL бандаж до и послеродовой, послеоперационный белый размер XL","categoryCode":"Master - Bandages and orthoses","categoryName":"Бандажи и ортезы","link":"https://kaspi.kz/shop/p/larko-abdominalbndge-xl-bandazh-do-i-poslerodovoi-posleoperatsionnyi-belyi-razmer-xl-122652798/"},"merchant":{"name":"LARKO-KZ","code":"17629423"},"editable":false,"editedByCustomer":false},{"id":"8a5cb9d994d5fb640194d73da4e303ce","author":"Сымбат","date":"05.02.2025","orderNumber":"491412668","rating":5,"comment":{"minus":"","plus":"","text":"Очень хороший бондаж, мне нравится, спасибо Каспи Магазин."},"feedback":{"positive":0,"voted":false},"product":{"id":"122652798","name":"LARKO abdominalbndge XL бандаж до и послеродовой, послеоперационный белый размер XL","categoryCode":"Master - Bandages and orthoses","categoryName":"Бандажи и ортезы","link":"https://kaspi.kz/shop/p/larko-abdominalbndge-xl-bandazh-do-i-poslerodovoi-posleoperatsionnyi-belyi-razmer-xl-122652798/"},"merchant":{"name":"LARKO-KZ","code":"17629423"},"editable":false,"editedByCustomer":false},{"id":"8a5c5da094ce59820194d2e81dbf07ea","author":"Евгения","date":"05.02.2025","orderNumber":"490166168","rating":5,"comment":{"minus":"","plus":"","text":"Бандаж отличный, здорово выручает после кесарево- хорошо утягивает за счет доп липучек и держит спину. Мой вес около 85 кило, размер подошел."},"feedback":{"positive":0,"voted":false},"product":{"id":"122652798","name":"LARKO abdominalbndge XL бандаж до и послеродовой, послеоперационный белый размер XL","categoryCode":"Master - Bandages and orthoses","categoryName":"Бандажи и ортезы","link":"https://kaspi.kz/shop/p/larko-abdominalbndge-xl-bandazh-do-i-poslerodovoi-posleoperatsionnyi-belyi-razmer-xl-122652798/"},"merchant":{"name":"LARKO-KZ","code":"17629423"},"editable":false,"editedByCustomer":false},{"id":"8a5c71f994ab5c270194c4d98f902851","author":"Гүлмира","date":"02.02.2025","orderNumber":"488491738","rating":5,"comment":{"minus":"","plus":"","text":"Бандаж өте ыңғайлы денеге, жақсы екен, сапасы да өте жақсы, рахмет сіздерге."},"feedback":{"positive":0,"voted":false},"product":{"id":"122652798","name":"LARKO abdominalbndge XL бандаж до и послеродовой, послеоперационный белый размер XL","categoryCode":"Master - Bandages and orthoses","categoryName":"Бандажи и ортезы","link":"https://kaspi.kz/shop/p/larko-abdominalbndge-xl-bandazh-do-i-poslerodovoi-posleoperatsionnyi-belyi-razmer-xl-122652798/"},"merchant":{"name":"LARKO-KZ","code":"17629423"},"editable":false,"editedByCustomer":false},{"id":"8a5c3f0494ab5d750194c05b678c2305","author":"Олеся","date":"01.02.2025","orderNumber":"487802945","rating":5,"comment":{"minus":"","plus":"","text":"Бандаж соответствует размеру и описанию. Спасибо, что помогли с выбором размера. Качественно сшит, регулируется. Привезли вовремя."},"feedback":{"positive":0,"voted":false},"galleryImages":[{"id":"487802945-122652798/19fc8421-c0d4-4dc7-9b3e-63fd15272b8a.jpeg","small":"https://resources.cdn-kaspi.kz/img/p/r/487802945-122652798/19fc8421-c0d4-4dc7-9b3e-63fd15272b8a.jpeg?format=review_small","medium":"https://resources.cdn-kaspi.kz/img/p/r/487802945-122652798/19fc8421-c0d4-4dc7-9b3e-63fd15272b8a.jpeg?format=review_medium","large":"https://resources.cdn-kaspi.kz/img/p/r/487802945-122652798/19fc8421-c0d4-4dc7-9b3e-63fd15272b8a.jpeg?format=review_large"},{"id":"487802945-122652798/54aa0e95-0db1-4fd3-819e-a3e939378e7e.jpeg","small":"https://resources.cdn-kaspi.kz/img/p/r/487802945-122652798/54aa0e95-0db1-4fd3-819e-a3e939378e7e.jpeg?format=review_small","medium":"https://resources.cdn-kaspi.kz/img/p/r/487802945-122652798/54aa0e95-0db1-4fd3-819e-a3e939378e7e.jpeg?format=review_medium","large":"https://resources.cdn-kaspi.kz/img/p/r/487802945-122652798/54aa0e95-0db1-4fd3-819e-a3e939378e7e.jpeg?format=review_large"}],"product":{"id":"122652798","name":"LARKO abdominalbndge XL бандаж до и послеродовой, послеоперационный белый размер XL","categoryCode":"Master - Bandages and orthoses","categoryName":"Бандажи и ортезы","link":"https://kaspi.kz/shop/p/larko-abdominalbndge-xl-bandazh-do-i-poslerodovoi-posleoperatsionnyi-belyi-razmer-xl-122652798/"},"merchant":{"name":"LARKO-KZ","code":"17629423"},"editable":false,"editedByCustomer":false},{"id":"8a5c042b94ab5d750194b0314de4085a","author":"Мафтунахон","date":"29.01.2025","orderNumber":"486771795","rating":5,"comment":{"minus":"","plus":"","text":"Мягкий, не давить, у меня вес 90, заказала хл самый раз. Надо было после кс сразу одевать, чуть пропустила время, ну хотя бы так."},"feedback":{"positive":1,"voted":false},"product":{"id":"122652798","name":"LARKO abdominalbndge XL бандаж до и послеродовой, послеоперационный белый размер XL","categoryCode":"Master - Bandages and orthoses","categoryName":"Бандажи и ортезы","link":"https://kaspi.kz/shop/p/larko-abdominalbndge-xl-bandazh-do-i-poslerodovoi-posleoperatsionnyi-belyi-razmer-xl-122652798/"},"merchant":{"name":"LARKO-KZ","code":"17629423"},"editable":false,"editedByCustomer":false},{"id":"8a5c983994ab5d4e0194adb8a17d070f","author":"Айдана","date":"28.01.2025","orderNumber":"485039279","rating":5,"comment":{"minus":"","plus":"","text":"Бандаж отличного качества! Размер соответствует таблице. Покупкой довольна. Спасибо!"},"feedback":{"positive":1,"voted":false},"product":{"id":"122652798","name":"LARKO abdominalbndge XL бандаж до и послеродовой, послеоперационный белый размер XL","categoryCode":"Master - Bandages and orthoses","categoryName":"Бандажи и ортезы","link":"https://kaspi.kz/shop/p/larko-abdominalbndge-xl-bandazh-do-i-poslerodovoi-posleoperatsionnyi-belyi-razmer-xl-122652798/"},"merchant":{"name":"LARKO-KZ","code":"17629423"},"editable":false,"editedByCustomer":false},{"id":"8a5ca09c9468767601948ea656db3c04","author":"Айгерим","date":"22.01.2025","orderNumber":"484351573","rating":5,"comment":{"minus":"","plus":"","text":"Бандаж отличный, брала для операции, то что мне нужно было, чтобы область живота была хорошо закрыта. Для беременных тоже хорошо подойдёт, липучки сильные, сделан хорошо, советую. Спасибо магазину LARKOKZ."},"feedback":{"positive":1,"voted":false},"product":{"id":"122652798","name":"LARKO abdominalbndge XL бандаж до и послеродовой, послеоперационный белый размер XL","categoryCode":"Master - Bandages and orthoses","categoryName":"Бандажи и ортезы","link":"https://kaspi.kz/shop/p/larko-abdominalbndge-xl-bandazh-do-i-poslerodovoi-posleoperatsionnyi-belyi-razmer-xl-122652798/"},"merchant":{"name":"LARKO-KZ","code":"17629423"},"editable":false,"editedByCustomer":false},{"id":"8a5c9829946875a1019486bf6df830fa","author":"Арайлым","date":"21.01.2025","orderNumber":"480310800","rating":5,"comment":{"minus":"","plus":"","text":"Супер, после операций. Папа доволен, самое главное главное."},"feedback":{"positive":0,"voted":false},"product":{"id":"122652798","name":"LARKO abdominalbndge XL бандаж до и послеродовой, послеоперационный белый размер XL","categoryCode":"Master - Bandages and orthoses","categoryName":"Бандажи и ортезы","link":"https://kaspi.kz/shop/p/larko-abdominalbndge-xl-bandazh-do-i-poslerodovoi-posleoperatsionnyi-belyi-razmer-xl-122652798/"},"merchant":{"name":"LARKO-KZ","code":"17629423"},"editable":false,"editedByCustomer":false},{"id":"8a5c406f946875fe01947a32f5652120","author":"Айша","date":"18.01.2025","orderNumber":"482299918","rating":5,"comment":{"minus":"","plus":"","text":"Доставили быстро, еще не надевала, но выглядит качественно."},"feedback":{"positive":0,"voted":false},"product":{"id":"122652798","name":"LARKO abdominalbndge XL бандаж до и послеродовой, послеоперационный белый размер XL","categoryCode":"Master - Bandages and orthoses","categoryName":"Бандажи и ортезы","link":"https://kaspi.kz/shop/p/larko-abdominalbndge-xl-bandazh-do-i-poslerodovoi-posleoperatsionnyi-belyi-razmer-xl-122652798/"},"merchant":{"name":"LARKO-KZ","code":"17629423"},"editable":false,"editedByCustomer":false},{"id":"8a5c554a94493d3e019449e133d00071","author":"Акмарал","date":"09.01.2025","orderNumber":"475083234","rating":5,"comment":{"minus":"","plus":"","text":"Спасибо за быструю доставку. Бандаж понравился."},"feedback":{"positive":1,"voted":false},"product":{"id":"122652798","name":"LARKO abdominalbndge XL бандаж до и послеродовой, послеоперационный белый размер XL","categoryCode":"Master - Bandages and orthoses","categoryName":"Бандажи и ортезы","link":"https://kaspi.kz/shop/p/larko-abdominalbndge-xl-bandazh-do-i-poslerodovoi-posleoperatsionnyi-belyi-razmer-xl-122652798/"},"merchant":{"name":"LARKO-KZ","code":"17629423"},"editable":false,"editedByCustomer":false},{"id":"8a5c64fa94019571019425d4b7a33ac5","author":"Михаил","date":"02.01.2025","orderNumber":"472365483","rating":5,"comment":{"minus":"","plus":"","text":"Отличный бандаж, пришел раньше времени, что очень порадовало."},"feedback":{"positive":0,"voted":false},"product":{"id":"122652798","name":"LARKO abdominalbndge XL бандаж до и послеродовой, послеоперационный белый размер XL","categoryCode":"Master - Bandages and orthoses","categoryName":"Бандажи и ортезы","link":"https://kaspi.kz/shop/p/larko-abdominalbndge-xl-bandazh-do-i-poslerodovoi-posleoperatsionnyi-belyi-razmer-xl-122652798/"},"merchant":{"name":"LARKO-KZ","code":"17629423"},"editable":false,"editedByCustomer":false},{"id":"8a5cd5ae9401967401941cb5d29d3208","author":"Захира","date":"31.12.2024","orderNumber":"472362891","rating":5,"comment":{"minus":"","plus":"","text":"Очень удобно носить после операции, всем советую."},"feedback":{"positive":0,"voted":false},"product":{"id":"122652798","name":"LARKO abdominalbndge XL бандаж до и послеродовой, послеоперационный белый размер XL","categoryCode":"Master - Bandages and orthoses","categoryName":"Бандажи и ортезы","link":"https://kaspi.kz/shop/p/larko-abdominalbndge-xl-bandazh-do-i-poslerodovoi-posleoperatsionnyi-belyi-razmer-xl-122652798/"},"merchant":{"name":"LARKO-KZ","code":"17629423"},"editable":false,"editedByCustomer":false},{"id":"8a5cd4a294019711019417088003293b","author":"Гаухар","date":"30.12.2024","orderNumber":"469458837","rating":5,"comment":{"minus":"","plus":"","text":"Отличный бандаж."},"feedback":{"positive":0,"voted":false},"product":{"id":"122652798","name":"LARKO abdominalbndge XL бандаж до и послеродовой, послеоперационный белый размер XL","categoryCode":"Master - Bandages and orthoses","categoryName":"Бандажи и ортезы","link":"https://kaspi.kz/shop/p/larko-abdominalbndge-xl-bandazh-do-i-poslerodovoi-posleoperatsionnyi-belyi-razmer-xl-122652798/"},"merchant":{"name":"LARKO-KZ","code":"17629423"},"editable":false,"editedByCustomer":false},{"id":"8a5c5d9b9401953a019415ec086e2801","author":"Раушангуль","date":"30.12.2024","orderNumber":"469076462","rating":5,"comment":{"minus":"","plus":"","text":"Очень хорошего качества, прям супер и материал хороший."},"feedback":{"positive":0,"voted":false},"galleryImages":[{"id":"469076462-122652798/badef21d-d852-4231-bee0-4c9c79918401.jpeg","small":"https://resources.cdn-kaspi.kz/img/p/r/469076462-122652798/badef21d-d852-4231-bee0-4c9c79918401.jpeg?format=review_small","medium":"https://resources.cdn-kaspi.kz/img/p/r/469076462-122652798/badef21d-d852-4231-bee0-4c9c79918401.jpeg?format=review_medium","large":"https://resources.cdn-kaspi.kz/img/p/r/469076462-122652798/badef21d-d852-4231-bee0-4c9c79918401.jpeg?format=review_large"},{"id":"469076462-122652798/c92e1c1a-3bb2-4475-b93e-353a3913fa59.jpeg","small":"https://resources.cdn-kaspi.kz/img/p/r/469076462-122652798/c92e1c1a-3bb2-4475-b93e-353a3913fa59.jpeg?format=review_small","medium":"https://resources.cdn-kaspi.kz/img/p/r/469076462-122652798/c92e1c1a-3bb2-4475-b93e-353a3913fa59.jpeg?format=review_medium","large":"https://resources.cdn-kaspi.kz/img/p/r/469076462-122652798/c92e1c1a-3bb2-4475-b93e-353a3913fa59.jpeg?format=review_large"}],"product":{"id":"122652798","name":"LARKO abdominalbndge XL бандаж до и послеродовой, послеоперационный белый размер XL","categoryCode":"Master - Bandages and orthoses","categoryName":"Бандажи и ортезы","link":"https://kaspi.kz/shop/p/larko-abdominalbndge-xl-bandazh-do-i-poslerodovoi-posleoperatsionnyi-belyi-razmer-xl-122652798/"},"merchant":{"name":"LARKO-KZ","code":"17629423"},"editable":false,"editedByCustomer":false},{"id":"8a5c85a3939a80c00193f767d1190aca","author":"Назира","date":"24.12.2024","orderNumber":"465342860","rating":5,"comment":{"minus":"","plus":"","text":"Бандаж өте керемет, сапасы жақсы шықты."},"feedback":{"positive":0,"voted":false},"product":{"id":"122652798","name":"LARKO abdominalbndge XL бандаж до и послеродовой, послеоперационный белый размер XL","categoryCode":"Master - Bandages and orthoses","categoryName":"Бандажи и ортезы","link":"https://kaspi.kz/shop/p/larko-abdominalbndge-xl-bandazh-do-i-poslerodovoi-posleoperatsionnyi-belyi-razmer-xl-122652798/"},"merchant":{"name":"LARKO-KZ","code":"17629423"},"editable":false,"editedByCustomer":false},{"id":"8a5c9870939557040193e48323ad79ac","author":"Гулназ","date":"20.12.2024","orderNumber":"464274110","rating":5,"comment":{"minus":"","plus":"","text":"Керемет маған ұнады уақытында келді. Рахмет."},"feedback":{"positive":0,"voted":false},"product":{"id":"122652798","name":"LARKO abdominalbndge XL бандаж до и послеродовой, послеоперационный белый размер XL","categoryCode":"Master - Bandages and orthoses","categoryName":"Бандажи и ортезы","link":"https://kaspi.kz/shop/p/larko-abdominalbndge-xl-bandazh-do-i-poslerodovoi-posleoperatsionnyi-belyi-razmer-xl-122652798/"},"merchant":{"name":"LARKO-KZ","code":"17629423"},"editable":false,"editedByCustomer":false},{"id":"8a5c969693c87bfc0193cae47c7e057a","author":"Жазира","date":"15.12.2024","orderNumber":"458041147","rating":5,"comment":{"minus":"","plus":"","text":"Размер сай келді, жақсы бандаж."},"feedback":{"positive":0,"voted":false},"product":{"id":"122652798","name":"LARKO abdominalbndge XL бандаж до и послеродовой, послеоперационный белый размер XL","categoryCode":"Master - Bandages and orthoses","categoryName":"Бандажи и ортезы","link":"https://kaspi.kz/shop/p/larko-abdominalbndge-xl-bandazh-do-i-poslerodovoi-posleoperatsionnyi-belyi-razmer-xl-122652798/"},"merchant":{"name":"LARKO-KZ","code":"17629423"},"editable":false,"editedByCustomer":false},{"id":"8a5c67fa93c879ff0193cac6556504ee","author":"Анна","date":"15.12.2024","orderNumber":"449716534","rating":5,"comment":{"minus":"","plus":"","text":"Отличный бандаж. После кесарева была рекомендована именно эта модель. Полностью оправдал свое предназначение. Зону шва не беспокоил. Возможность постепенной утяжки. Живот значительно уменьшился уже через неделю, а через две стал уже как до беременности. Однозначно рекомендую."},"feedback":{"positive":1,"voted":false},"product":{"id":"122652798","name":"LARKO abdominalbndge XL бандаж до и послеродовой, послеоперационный белый размер XL","categoryCode":"Master - Bandages and orthoses","categoryName":"Бандажи и ортезы","link":"https://kaspi.kz/shop/p/larko-abdominalbndge-xl-bandazh-do-i-poslerodovoi-posleoperatsionnyi-belyi-razmer-xl-122652798/"},"merchant":{"name":"LARKO-KZ","code":"17629423"},"editable":false,"editedByCustomer":false},{"id":"8a5c307693c87a2d0193ca74ac4503ee","author":"Клара","date":"15.12.2024","orderNumber":"463644933","rating":5,"comment":{"minus":"","plus":"","text":"Спасибо за оперативную доставку! Качество очень хорошее, приятно удивлена за такую стоимость."},"feedback":{"positive":0,"voted":false},"galleryImages":[{"id":"463644933-122652798/7b1c7213-4ff1-4349-aa7a-e5eec695c76e.jpeg","small":"https://resources.cdn-kaspi.kz/img/p/r/463644933-122652798/7b1c7213-4ff1-4349-aa7a-e5eec695c76e.jpeg?format=review_small","medium":"https://resources.cdn-kaspi.kz/img/p/r/463644933-122652798/7b1c7213-4ff1-4349-aa7a-e5eec695c76e.jpeg?format=review_medium","large":"https://resources.cdn-kaspi.kz/img/p/r/463644933-122652798/7b1c7213-4ff1-4349-aa7a-e5eec695c76e.jpeg?format=review_large"},{"id":"463644933-122652798/06646c3a-6e29-4733-9446-ec80caa673ac.jpeg","small":"https://resources.cdn-kaspi.kz/img/p/r/463644933-122652798/06646c3a-6e29-4733-9446-ec80caa673ac.jpeg?format=review_small","medium":"https://resources.cdn-kaspi.kz/img/p/r/463644933-122652798/06646c3a-6e29-4733-9446-ec80caa673ac.jpeg?format=review_medium","large":"https://resources.cdn-kaspi.kz/img/p/r/463644933-122652798/06646c3a-6e29-4733-9446-ec80caa673ac.jpeg?format=review_large"}],"product":{"id":"122652798","name":"LARKO abdominalbndge XL бандаж до и послеродовой, послеоперационный белый размер XL","categoryCode":"Master - Bandages and orthoses","categoryName":"Бандажи и ортезы","link":"https://kaspi.kz/shop/p/larko-abdominalbndge-xl-bandazh-do-i-poslerodovoi-posleoperatsionnyi-belyi-razmer-xl-122652798/"},"merchant":{"name":"LARKO-KZ","code":"17629423"},"editable":false,"editedByCustomer":false},{"id":"8a5c780f93c33ab90193c3f4be2000c1","author":"Ләззәт","date":"14.12.2024","orderNumber":"462107461","rating":5,"comment":{"minus":"","plus":"","text":"Товар отличного качества. Хлопковые часть приятная к телу."},"feedback":{"positive":0,"voted":false},"product":{"id":"122652798","name":"LARKO abdominalbndge XL бандаж до и послеродовой, послеоперационный белый размер XL","categoryCode":"Master - Bandages and orthoses","categoryName":"Бандажи и ортезы","link":"https://kaspi.kz/shop/p/larko-abdominalbndge-xl-bandazh-do-i-poslerodovoi-posleoperatsionnyi-belyi-razmer-xl-122652798/"},"merchant":{"name":"LARKO-KZ","code":"17629423"},"editable":false,"editedByCustomer":false},{"id":"8a5c4ed9939557590193bb0bff033d1d","author":"Нұрсұлтан","date":"12.12.2024","orderNumber":"457562926","rating":5,"comment":{"minus":"","plus":"","text":"Товар соответствует описанию, качество хорошее."},"feedback":{"positive":0,"voted":false},"product":{"id":"122652798","name":"LARKO abdominalbndge XL бандаж до и послеродовой, послеоперационный белый размер XL","categoryCode":"Master - Bandages and orthoses","categoryName":"Бандажи и ортезы","link":"https://kaspi.kz/shop/p/larko-abdominalbndge-xl-bandazh-do-i-poslerodovoi-posleoperatsionnyi-belyi-razmer-xl-122652798/"},"merchant":{"name":"LARKO-KZ","code":"17629423"},"editable":false,"editedByCustomer":false},{"id":"8a5cfe09939556420193b5c2a8ae35b6","author":"Сергей","date":"11.12.2024","orderNumber":"455432622","rating":5,"comment":{"minus":"","plus":"","text":"Товар пришел вовремя. Брал для мамы 87 лет. Бандаж ей понравился, помогает держать спину. Спасибо LARKO и Каспи."},"feedback":{"positive":0,"voted":false},"galleryImages":[{"id":"455432622-122652798/306a586d-ed68-4609-a3d1-251b895dd242.jpeg","small":"https://resources.cdn-kaspi.kz/img/p/r/455432622-122652798/306a586d-ed68-4609-a3d1-251b895dd242.jpeg?format=review_small","medium":"https://resources.cdn-kaspi.kz/img/p/r/455432622-122652798/306a586d-ed68-4609-a3d1-251b895dd242.jpeg?format=review_medium","large":"https://resources.cdn-kaspi.kz/img/p/r/455432622-122652798/306a586d-ed68-4609-a3d1-251b895dd242.jpeg?format=review_large"},{"id":"455432622-122652798/4197e60e-e8a1-43a2-b985-4e208d582ddd.jpeg","small":"https://resources.cdn-kaspi.kz/img/p/r/455432622-122652798/4197e60e-e8a1-43a2-b985-4e208d582ddd.jpeg?format=review_small","medium":"https://resources.cdn-kaspi.kz/img/p/r/455432622-122652798/4197e60e-e8a1-43a2-b985-4e208d582ddd.jpeg?format=review_medium","large":"https://resources.cdn-kaspi.kz/img/p/r/455432622-122652798/4197e60e-e8a1-43a2-b985-4e208d582ddd.jpeg?format=review_large"}],"product":{"id":"122652798","name":"LARKO abdominalbndge XL бандаж до и послеродовой, послеоперационный белый размер XL","categoryCode":"Master - Bandages and orthoses","categoryName":"Бандажи и ортезы","link":"https://kaspi.kz/shop/p/larko-abdominalbndge-xl-bandazh-do-i-poslerodovoi-posleoperatsionnyi-belyi-razmer-xl-122652798/"},"merchant":{"name":"LARKO-KZ","code":"17629423"},"editable":false,"editedByCustomer":false},{"id":"8a5c85a3939a80c00193b0e9232c26a8","author":"Ольга","date":"10.12.2024","orderNumber":"457562015","rating":5,"comment":{"minus":"","plus":"","text":"Выглядит достаточно качественно, застежки удобные. В деле посмотрим."},"feedback":{"positive":0,"voted":false},"product":{"id":"122652798","name":"LARKO abdominalbndge XL бандаж до и послеродовой, послеоперационный белый размер XL","categoryCode":"Master - Bandages and orthoses","categoryName":"Бандажи и ортезы","link":"https://kaspi.kz/shop/p/larko-abdominalbndge-xl-bandazh-do-i-poslerodovoi-posleoperatsionnyi-belyi-razmer-xl-122652798/"},"merchant":{"name":"LARKO-KZ","code":"17629423"},"editable":false,"editedByCustomer":false},{"id":"8a5cadc2939556fe0193ac4c3e932957","author":"Заур","date":"09.12.2024","orderNumber":"457852371","rating":5,"comment":{"minus":"","plus":"","text":"Бандаж удобный, качество супер, пришёл по размеру, большое спасибо."},"feedback":{"positive":0,"voted":false},"product":{"id":"122652798","name":"LARKO abdominalbndge XL бандаж до и послеродовой, послеоперационный белый размер XL","categoryCode":"Master - Bandages and orthoses","categoryName":"Бандажи и ортезы","link":"https://kaspi.kz/shop/p/larko-abdominalbndge-xl-bandazh-do-i-poslerodovoi-posleoperatsionnyi-belyi-razmer-xl-122652798/"},"merchant":{"name":"LARKO-KZ","code":"17629423"},"editable":false,"editedByCustomer":false},{"id":"8a5c0a8d939556510193a52d8c2619f0","author":"Роза","date":"08.12.2024","orderNumber":"456540523","rating":5,"comment":{"minus":"","plus":"","text":"Спасибо, быстро доставили, очень удобный, пришёл по размеру, спасибо."},"feedback":{"positive":0,"voted":false},"product":{"id":"122652798","name":"LARKO abdominalbndge XL бандаж до и послеродовой, послеоперационный белый размер XL","categoryCode":"Master - Bandages and orthoses","categoryName":"Бандажи и ортезы","link":"https://kaspi.kz/shop/p/larko-abdominalbndge-xl-bandazh-do-i-poslerodovoi-posleoperatsionnyi-belyi-razmer-xl-122652798/"},"merchant":{"name":"LARKO-KZ","code":"17629423"},"editable":false,"editedByCustomer":false},{"id":"8a5c64dd9395572101939b4126580a10","author":"Алина","date":"06.12.2024","orderNumber":"453608932","rating":1,"comment":{"minus":"","plus":"","text":"Быстрая доставка, товар плохого качества. Неудобный в ношении. Липучки на поясе слишком сужены. У кого болит спина и вн. Органы не советую его применять в действии."},"feedback":{"positive":1,"voted":false},"product":{"id":"122652798","name":"LARKO abdominalbndge XL бандаж до и послеродовой, послеоперационный белый размер XL","categoryCode":"Master - Bandages and orthoses","categoryName":"Бандажи и ортезы","link":"https://kaspi.kz/shop/p/larko-abdominalbndge-xl-bandazh-do-i-poslerodovoi-posleoperatsionnyi-belyi-razmer-xl-122652798/"},"merchant":{"name":"LARKO-KZ","code":"17629423"},"editable":false,"editedByCustomer":false},{"id":"8a5c5eaa9366cc42019390d70ef13823","author":"Нұрболған","date":"04.12.2024","orderNumber":"452328779","rating":5,"comment":{"minus":"","plus":"","text":"Жақсы ынғайлы өз уақытында келді."},"feedback":{"positive":0,"voted":false},"product":{"id":"122652798","name":"LARKO abdominalbndge XL бандаж до и послеродовой, послеоперационный белый размер XL","categoryCode":"Master - Bandages and orthoses","categoryName":"Бандажи и ортезы","link":"https://kaspi.kz/shop/p/larko-abdominalbndge-xl-bandazh-do-i-poslerodovoi-posleoperatsionnyi-belyi-razmer-xl-122652798/"},"merchant":{"name":"LARKO-KZ","code":"17629423"},"editable":false,"editedByCustomer":false},{"id":"8a5c96b7937c01da01937c2a22160039","author":"Сайлау","date":"30.11.2024","orderNumber":"451971120","rating":5,"comment":{"minus":"","plus":"","text":"Күшті екен, рахмет."},"feedback":{"positive":0,"voted":false},"product":{"id":"122652798","name":"LARKO abdominalbndge XL бандаж до и послеродовой, послеоперационный белый размер XL","categoryCode":"Master - Bandages and orthoses","categoryName":"Бандажи и ортезы","link":"https://kaspi.kz/shop/p/larko-abdominalbndge-xl-bandazh-do-i-poslerodovoi-posleoperatsionnyi-belyi-razmer-xl-122652798/"},"merchant":{"name":"LARKO-KZ","code":"17629423"},"editable":false,"editedByCustomer":false},{"id":"8a5cc39f9366cbc4019369571d2c067e","author":"Улмекен","date":"26.11.2024","orderNumber":"447139366","rating":5,"comment":{"minus":"","plus":"","text":"После операций самое то."},"feedback":{"positive":0,"voted":false},"product":{"id":"122652798","name":"LARKO abdominalbndge XL бандаж до и послеродовой, послеоперационный белый размер XL","categoryCode":"Master - Bandages and orthoses","categoryName":"Бандажи и ортезы","link":"https://kaspi.kz/shop/p/larko-abdominalbndge-xl-bandazh-do-i-poslerodovoi-posleoperatsionnyi-belyi-razmer-xl-122652798/"},"merchant":{"name":"LARKO-KZ","code":"17629423"},"editable":false,"editedByCustomer":false},{"id":"8a5c51de9347bdd90193637c54fb2771","author":"Анжелина","date":"25.11.2024","orderNumber":"448156649","rating":5,"comment":{"minus":"","plus":"","text":"После операции нужен был бандаж. Я заказала этот бандаж, он очень хороший и удобный материал хб."},"feedback":{"positive":0,"voted":false},"product":{"id":"122652798","name":"LARKO abdominalbndge XL бандаж до и послеродовой, послеоперационный белый размер XL","categoryCode":"Master - Bandages and orthoses","categoryName":"Бандажи и ортезы","link":"https://kaspi.kz/shop/p/larko-abdominalbndge-xl-bandazh-do-i-poslerodovoi-posleoperatsionnyi-belyi-razmer-xl-122652798/"},"merchant":{"name":"LARKO-KZ","code":"17629423"},"editable":false,"editedByCustomer":false},{"id":"8a5c2f6a9347bf2f01935f52433d22b3","author":"Акерке","date":"24.11.2024","orderNumber":"448769650","rating":5,"comment":{"minus":"","plus":"","text":"Бандаж денеде жайлы тұрады екен, алуға кеңес беремін."},"feedback":{"positive":0,"voted":false},"product":{"id":"122652798","name":"LARKO abdominalbndge XL бандаж до и послеродовой, послеоперационный белый размер XL","categoryCode":"Master - Bandages and orthoses","categoryName":"Бандажи и ортезы","link":"https://kaspi.kz/shop/p/larko-abdominalbndge-xl-bandazh-do-i-poslerodovoi-posleoperatsionnyi-belyi-razmer-xl-122652798/"},"merchant":{"name":"LARKO-KZ","code":"17629423"},"editable":false,"editedByCustomer":false},{"id":"8a5ceb69931f0c90019334f5fe792369","author":"Наталья","date":"16.11.2024","orderNumber":"444344946","rating":5,"comment":{"minus":"","plus":"","text":"После операционный бандаж очень удобный, качество супер, утягивает хорошо. Выбором очень довольна. Спасибо продавцу LARKO-KZ."},"feedback":{"positive":1,"voted":false},"product":{"id":"122652798","name":"LARKO abdominalbndge XL бандаж до и послеродовой, послеоперационный белый размер XL","categoryCode":"Master - Bandages and orthoses","categoryName":"Бандажи и ортезы","link":"https://kaspi.kz/shop/p/larko-abdominalbndge-xl-bandazh-do-i-poslerodovoi-posleoperatsionnyi-belyi-razmer-xl-122652798/"},"merchant":{"name":"LARKO-KZ","code":"17629423"},"editable":false,"editedByCustomer":false},{"id":"8a5c2f6592c199b80192c460e55604ac","author":"Баглан","date":"29.10.2024","orderNumber":"427605799","rating":5,"comment":{"minus":"","plus":"","text":"Бандаж супер, я после операции, отлично стягивает живот, липучки надёжные, дышащий, заказ пришёл вовремя, советую, спасибо Каспи!"},"feedback":{"positive":0,"voted":false},"galleryImages":[{"id":"427605799-122652798/7dbd849e-4da7-4b88-a785-327f29fb90da.jpeg","small":"https://resources.cdn-kaspi.kz/img/p/r/427605799-122652798/7dbd849e-4da7-4b88-a785-327f29fb90da.jpeg?format=review_small","medium":"https://resources.cdn-kaspi.kz/img/p/r/427605799-122652798/7dbd849e-4da7-4b88-a785-327f29fb90da.jpeg?format=review_medium","large":"https://resources.cdn-kaspi.kz/img/p/r/427605799-122652798/7dbd849e-4da7-4b88-a785-327f29fb90da.jpeg?format=review_large"},{"id":"427605799-122652798/938dafdf-c08b-4c4a-b36b-152080498c08.jpeg","small":"https://resources.cdn-kaspi.kz/img/p/r/427605799-122652798/938dafdf-c08b-4c4a-b36b-152080498c08.jpeg?format=review_small","medium":"https://resources.cdn-kaspi.kz/img/p/r/427605799-122652798/938dafdf-c08b-4c4a-b36b-152080498c08.jpeg?format=review_medium","large":"https://resources.cdn-kaspi.kz/img/p/r/427605799-122652798/938dafdf-c08b-4c4a-b36b-152080498c08.jpeg?format=review_large"},{"id":"427605799-122652798/3dfcdeb1-e98d-4714-bf7c-4c830dae0387.jpeg","small":"https://resources.cdn-kaspi.kz/img/p/r/427605799-122652798/3dfcdeb1-e98d-4714-bf7c-4c830dae0387.jpeg?format=review_small","medium":"https://resources.cdn-kaspi.kz/img/p/r/427605799-122652798/3dfcdeb1-e98d-4714-bf7c-4c830dae0387.jpeg?format=review_medium","large":"https://resources.cdn-kaspi.kz/img/p/r/427605799-122652798/3dfcdeb1-e98d-4714-bf7c-4c830dae0387.jpeg?format=review_large"},{"id":"427605799-122652798/598dd031-f700-4b28-b4c6-72e973b4cdc6.jpeg","small":"https://resources.cdn-kaspi.kz/img/p/r/427605799-122652798/598dd031-f700-4b28-b4c6-72e973b4cdc6.jpeg?format=review_small","medium":"https://resources.cdn-kaspi.kz/img/p/r/427605799-122652798/598dd031-f700-4b28-b4c6-72e973b4cdc6.jpeg?format=review_medium","large":"https://resources.cdn-kaspi.kz/img/p/r/427605799-122652798/598dd031-f700-4b28-b4c6-72e973b4cdc6.jpeg?format=review_large"},{"id":"427605799-122652798/a61fda61-3e26-4429-b8d0-12d370e143b2.jpeg","small":"https://resources.cdn-kaspi.kz/img/p/r/427605799-122652798/a61fda61-3e26-4429-b8d0-12d370e143b2.jpeg?format=review_small","medium":"https://resources.cdn-kaspi.kz/img/p/r/427605799-122652798/a61fda61-3e26-4429-b8d0-12d370e143b2.jpeg?format=review_medium","large":"https://resources.cdn-kaspi.kz/img/p/r/427605799-122652798/a61fda61-3e26-4429-b8d0-12d370e143b2.jpeg?format=review_large"}],"product":{"id":"122652798","name":"LARKO abdominalbndge XL бандаж до и послеродовой, послеоперационный белый размер XL","categoryCode":"Master - Bandages and orthoses","categoryName":"Бандажи и ортезы","link":"https://kaspi.kz/shop/p/larko-abdominalbndge-xl-bandazh-do-i-poslerodovoi-posleoperatsionnyi-belyi-razmer-xl-122652798/"},"merchant":{"name":"LARKO-KZ","code":"17629423"},"editable":false,"editedByCustomer":false},{"id":"8a5c1c9692c6f9250192c7f8c7a6014e","author":"Ақсезім","date":"26.10.2024","orderNumber":"429220517","rating":4,"comment":{"minus":"","plus":"","text":"Жақсы, маған ұнады."},"feedback":{"positive":0,"voted":false},"product":{"id":"122652798","name":"LARKO abdominalbndge XL бандаж до и послеродовой, послеоперационный белый размер XL","categoryCode":"Master - Bandages and orthoses","categoryName":"Бандажи и ортезы","link":"https://kaspi.kz/shop/p/larko-abdominalbndge-xl-bandazh-do-i-poslerodovoi-posleoperatsionnyi-belyi-razmer-xl-122652798/"},"merchant":{"name":"LARKO-KZ","code":"17629423"},"editable":false,"editedByCustomer":false},{"id":"8a5cd4b0927508510192b82222f76594","author":"Валентина","date":"23.10.2024","orderNumber":"429749324","rating":5,"comment":{"minus":"","plus":"","text":"Отличный бандаж, размеры соответствуют, доставка в срок."},"feedback":{"positive":0,"voted":false},"product":{"id":"122652798","name":"LARKO abdominalbndge XL бандаж до и послеродовой, послеоперационный белый размер XL","categoryCode":"Master - Bandages and orthoses","categoryName":"Бандажи и ортезы","link":"https://kaspi.kz/shop/p/larko-abdominalbndge-xl-bandazh-do-i-poslerodovoi-posleoperatsionnyi-belyi-razmer-xl-122652798/"},"merchant":{"name":"LARKO-KZ","code":"17629423"},"editable":false,"editedByCustomer":false},{"id":"8a5cf7ac920df4ae0192295a1a4b3504","author":"Айсулу","date":"25.09.2024","orderNumber":"411902249","rating":5,"comment":{"minus":"","plus":"","text":"Классный бандаж. Качество бомба."},"feedback":{"positive":0,"voted":false},"product":{"id":"122652798","name":"LARKO abdominalbndge XL бандаж до и послеродовой, послеоперационный белый размер XL","categoryCode":"Master - Bandages and orthoses","categoryName":"Бандажи и ортезы","link":"https://kaspi.kz/shop/p/larko-abdominalbndge-xl-bandazh-do-i-poslerodovoi-posleoperatsionnyi-belyi-razmer-xl-122652798/"},"merchant":{"name":"LARKO-KZ","code":"17629423"},"editable":false,"editedByCustomer":false},{"id":"8a5cc3a591f94cb20192009ea89f12ab","author":"Асель","date":"20.09.2024","orderNumber":"411200883","rating":5,"comment":{"minus":"","plus":"","text":"Қыздар прямо күшті, алуға кеңес беремін, босанған соң обязательно алыңыздар."},"feedback":{"positive":0,"voted":false},"product":{"id":"122652798","name":"LARKO abdominalbndge XL бандаж до и послеродовой, послеоперационный белый размер XL","categoryCode":"Master - Bandages and orthoses","categoryName":"Бандажи и ортезы","link":"https://kaspi.kz/shop/p/larko-abdominalbndge-xl-bandazh-do-i-poslerodovoi-posleoperatsionnyi-belyi-razmer-xl-122652798/"},"merchant":{"name":"LARKO-KZ","code":"17629423"},"editable":false,"editedByCustomer":false}]}