{"data":[{"id":"8a5c02349618f32b01963406fbd00265","author":"Назерке","date":"14.04.2025","orderNumber":"532006460","rating":5,"comment":{"minus":"","plus":"","text":"Качество."},"feedback":{"positive":0,"voted":false},"product":{"id":"131868212","name":"Майка LARKO WSHBEIGE бежевый 50","categoryCode":"Master - Women shapewear","categoryName":"Женское корректирующее белье","link":"https://kaspi.kz/shop/p/maika-larko-wshbeige-bezhevyi-50-131868212/"},"merchant":{"name":"LARKO-KZ","code":"17629423"},"editable":false,"editedByCustomer":false},{"id":"8a5cd49d953675e301953db032733855","author":"Нургуль","date":"25.02.2025","orderNumber":"503296018","rating":5,"comment":{"minus":"","plus":"","text":"Просто находка."},"feedback":{"positive":0,"voted":false},"product":{"id":"131868212","name":"Майка LARKO WSHBEIGE бежевый 50","categoryCode":"Master - Women shapewear","categoryName":"Женское корректирующее белье","link":"https://kaspi.kz/shop/p/maika-larko-wshbeige-bezhevyi-50-131868212/"},"merchant":{"name":"LARKO-KZ","code":"17629423"},"editable":false,"editedByCustomer":false},{"id":"8a5c52919401965e019456ab2e5d6f50","author":"Мадина","date":"22.01.2025","orderNumber":"476165320","rating":5,"comment":{"minus":"","plus":"","text":"Майка керемет! Күшті! Алғаныма еш өкінбедім! Көрсеті жалпақ, денеге жұмсақ!  arko-kz магазиніне үлкен рақмет! Каспи магазиніне рахмет! Мерзімінен бұрын жеткізіп берді!."},"feedback":{"positive":1,"voted":false},"product":{"id":"131868212","name":"Майка LARKO WSHBEIGE бежевый 50","categoryCode":"Master - Women shapewear","categoryName":"Женское корректирующее белье","link":"https://kaspi.kz/shop/p/maika-larko-wshbeige-bezhevyi-50-131868212/"},"merchant":{"name":"LARKO-KZ","code":"17629423"},"editable":false,"editedByCustomer":false},{"id":"8a5c2536940196ae0194077d21c50d6a","author":"Евгения","date":"31.12.2024","orderNumber":"470086436","rating":5,"comment":{"minus":"","plus":"","text":"Качество отличное."},"feedback":{"positive":0,"voted":false},"galleryImages":[{"id":"470086436-131868212/aeed1c57-af83-4cfd-b88a-3464a437dd7e.jpeg","small":"https://resources.cdn-kaspi.kz/img/p/r/470086436-131868212/aeed1c57-af83-4cfd-b88a-3464a437dd7e.jpeg?format=review_small","medium":"https://resources.cdn-kaspi.kz/img/p/r/470086436-131868212/aeed1c57-af83-4cfd-b88a-3464a437dd7e.jpeg?format=review_medium","large":"https://resources.cdn-kaspi.kz/img/p/r/470086436-131868212/aeed1c57-af83-4cfd-b88a-3464a437dd7e.jpeg?format=review_large"},{"id":"470086436-131868212/2dd56993-1268-44ff-b1af-271fc76813f1.jpeg","small":"https://resources.cdn-kaspi.kz/img/p/r/470086436-131868212/2dd56993-1268-44ff-b1af-271fc76813f1.jpeg?format=review_small","medium":"https://resources.cdn-kaspi.kz/img/p/r/470086436-131868212/2dd56993-1268-44ff-b1af-271fc76813f1.jpeg?format=review_medium","large":"https://resources.cdn-kaspi.kz/img/p/r/470086436-131868212/2dd56993-1268-44ff-b1af-271fc76813f1.jpeg?format=review_large"},{"id":"470086436-131868212/013a704d-c917-4648-9c06-fbe3e7b7285d.jpeg","small":"https://resources.cdn-kaspi.kz/img/p/r/470086436-131868212/013a704d-c917-4648-9c06-fbe3e7b7285d.jpeg?format=review_small","medium":"https://resources.cdn-kaspi.kz/img/p/r/470086436-131868212/013a704d-c917-4648-9c06-fbe3e7b7285d.jpeg?format=review_medium","large":"https://resources.cdn-kaspi.kz/img/p/r/470086436-131868212/013a704d-c917-4648-9c06-fbe3e7b7285d.jpeg?format=review_large"},{"id":"470086436-131868212/0f2e30e8-906a-4561-890f-6c223acbb136.jpeg","small":"https://resources.cdn-kaspi.kz/img/p/r/470086436-131868212/0f2e30e8-906a-4561-890f-6c223acbb136.jpeg?format=review_small","medium":"https://resources.cdn-kaspi.kz/img/p/r/470086436-131868212/0f2e30e8-906a-4561-890f-6c223acbb136.jpeg?format=review_medium","large":"https://resources.cdn-kaspi.kz/img/p/r/470086436-131868212/0f2e30e8-906a-4561-890f-6c223acbb136.jpeg?format=review_large"}],"product":{"id":"131868212","name":"Майка LARKO WSHBEIGE бежевый 50","categoryCode":"Master - Women shapewear","categoryName":"Женское корректирующее белье","link":"https://kaspi.kz/shop/p/maika-larko-wshbeige-bezhevyi-50-131868212/"},"merchant":{"name":"LARKO-KZ","code":"17629423"},"editable":false,"editedByCustomer":false}]}