{"data":[{"id":"8a5c1cad9618f31201965c40aeb72645","author":"Ирина","date":"22.04.2025","orderNumber":"535366177","rating":3,"comment":{"minus":"","plus":"","text":"Корсет по качеству понравился, но оказался большеват, сильно не стягивает даже на последней застежке, таблицу размеров вроде внимательно изучила, но увы не совпало, значит слишком хорошо тянется, видимо мне нужен на один размер меньше. Единственная проблема в размере, хоть бы добавили, что нужно брать на два размера меньше, если смотреть таблицу, я взяла на один размер как думала меньше, но увы."},"feedback":{"positive":0,"voted":false},"product":{"id":"109117566","name":"Корсет LARKO черный XXL","categoryCode":"Master - Clothes for slimming","categoryName":"Одежда для похудения","link":"https://kaspi.kz/shop/p/korset-larko-chernyi-xxl-109117566/"},"merchant":{"name":"LARKO-KZ","code":"17629423"},"editable":false,"editedByCustomer":true},{"id":"8a5c70e7956c8373019584c50c3a7ac2","author":"Татьяна","date":"11.03.2025","orderNumber":"512854513","rating":5,"comment":{"minus":"","plus":"","text":"Отличный корсет, девушки берите не подавитесь."},"feedback":{"positive":0,"voted":false},"product":{"id":"109117566","name":"Корсет LARKO черный XXL","categoryCode":"Master - Clothes for slimming","categoryName":"Одежда для похудения","link":"https://kaspi.kz/shop/p/korset-larko-chernyi-xxl-109117566/"},"merchant":{"name":"LARKO-KZ","code":"17629423"},"editable":false,"editedByCustomer":false},{"id":"8a5cc38694ab5d2c0194cb709786313e","author":"Надежда","date":"03.02.2025","orderNumber":"490834287","rating":5,"comment":{"minus":"","plus":"","text":"Корсетик получила сразу в течение двух часов и это радует уже еще не примеряла, но очень надеюсь что утянет недостатки."},"feedback":{"positive":0,"voted":false},"product":{"id":"109117566","name":"Корсет LARKO черный XXL","categoryCode":"Master - Clothes for slimming","categoryName":"Одежда для похудения","link":"https://kaspi.kz/shop/p/korset-larko-chernyi-xxl-109117566/"},"merchant":{"name":"LARKO-KZ","code":"17629423"},"editable":false,"editedByCustomer":false},{"id":"8a5c3c3394a0ca9a0194a1edf6b20150","author":"Диана","date":"26.01.2025","orderNumber":"485648460","rating":1,"comment":{"minus":"","plus":"","text":"Было указано, что они маломерки и взять на размер больше! По итогу оказался большим! + ко всему очень воняет и не выветривается. Магазин LARKO."},"feedback":{"positive":0,"voted":false},"product":{"id":"109117566","name":"Корсет LARKO черный XXL","categoryCode":"Master - Clothes for slimming","categoryName":"Одежда для похудения","link":"https://kaspi.kz/shop/p/korset-larko-chernyi-xxl-109117566/"},"merchant":{"name":"LARKO-KZ","code":"17629423"},"editable":false,"editedByCustomer":false},{"id":"8a5c22249468770c01946f3b98b80d34","author":"Жибек","date":"16.01.2025","orderNumber":"480936501","rating":5,"comment":{"minus":"","plus":"","text":"Супер карсет, рахмет, бағасыда қол жетімді."},"feedback":{"positive":0,"voted":false},"product":{"id":"109117566","name":"Корсет LARKO черный XXL","categoryCode":"Master - Clothes for slimming","categoryName":"Одежда для похудения","link":"https://kaspi.kz/shop/p/korset-larko-chernyi-xxl-109117566/"},"merchant":{"name":"LARKO-KZ","code":"17629423"},"editable":false,"editedByCustomer":false},{"id":"8a5cc0759366cc6101936866a86803d5","author":"Айдана","date":"14.12.2024","orderNumber":"448905590","rating":5,"comment":{"minus":"","plus":"","text":"Тауар тамаша, маған ұнады! Рақмет сіздерге."},"feedback":{"positive":0,"voted":false},"product":{"id":"109117566","name":"Корсет LARKO черный XXL","categoryCode":"Master - Clothes for slimming","categoryName":"Одежда для похудения","link":"https://kaspi.kz/shop/p/korset-larko-chernyi-xxl-109117566/"},"merchant":{"name":"LARKO-KZ","code":"17629423"},"editable":false,"editedByCustomer":false},{"id":"8a5cd5b393bc06d10193bc0ebfc20009","author":"Yulduz","date":"12.12.2024","orderNumber":"458241816","rating":5,"comment":{"minus":"","plus":"","text":"Сапасы күшті екен."},"feedback":{"positive":0,"voted":false},"product":{"id":"109117566","name":"Корсет LARKO черный XXL","categoryCode":"Master - Clothes for slimming","categoryName":"Одежда для похудения","link":"https://kaspi.kz/shop/p/korset-larko-chernyi-xxl-109117566/"},"merchant":{"name":"LARKO-KZ","code":"17629423"},"editable":false,"editedByCustomer":false},{"id":"8a5c0c369366cacd01936bbf530207b3","author":"Сания","date":"27.11.2024","orderNumber":"449720254","rating":5,"comment":{"minus":"","plus":"","text":"Отличный корсет."},"feedback":{"positive":0,"voted":false},"galleryImages":[{"id":"449720254-109117566/25643eb7-df91-435c-8b72-599cda0b798a.jpeg","small":"https://resources.cdn-kaspi.kz/img/p/r/449720254-109117566/25643eb7-df91-435c-8b72-599cda0b798a.jpeg?format=review_small","medium":"https://resources.cdn-kaspi.kz/img/p/r/449720254-109117566/25643eb7-df91-435c-8b72-599cda0b798a.jpeg?format=review_medium","large":"https://resources.cdn-kaspi.kz/img/p/r/449720254-109117566/25643eb7-df91-435c-8b72-599cda0b798a.jpeg?format=review_large"},{"id":"449720254-109117566/d2628344-c135-42ab-a6bb-7e2bc96d3f46.jpeg","small":"https://resources.cdn-kaspi.kz/img/p/r/449720254-109117566/d2628344-c135-42ab-a6bb-7e2bc96d3f46.jpeg?format=review_small","medium":"https://resources.cdn-kaspi.kz/img/p/r/449720254-109117566/d2628344-c135-42ab-a6bb-7e2bc96d3f46.jpeg?format=review_medium","large":"https://resources.cdn-kaspi.kz/img/p/r/449720254-109117566/d2628344-c135-42ab-a6bb-7e2bc96d3f46.jpeg?format=review_large"}],"product":{"id":"109117566","name":"Корсет LARKO черный XXL","categoryCode":"Master - Clothes for slimming","categoryName":"Одежда для похудения","link":"https://kaspi.kz/shop/p/korset-larko-chernyi-xxl-109117566/"},"merchant":{"name":"LARKO-KZ","code":"17629423"},"editable":false,"editedByCustomer":false},{"id":"8a5c5c8190d88f2e019127809d3c722b","author":"Гулмира","date":"06.08.2024","orderNumber":"390950233","rating":5,"comment":{"minus":"","plus":"","text":"Керемет, маған ұнады, рахмет, жұмыстарыңызға береке берсін, доставка да уақытында жетті, размері шақ келді, күшті."},"feedback":{"positive":0,"voted":false},"product":{"id":"109117566","name":"Корсет LARKO черный XXL","categoryCode":"Master - Clothes for slimming","categoryName":"Одежда для похудения","link":"https://kaspi.kz/shop/p/korset-larko-chernyi-xxl-109117566/"},"merchant":{"name":"LARKO-KZ","code":"17629423"},"editable":false,"editedByCustomer":false},{"id":"8a5c1b77900f4d180190174a1d10114b","author":"Сабира","date":"14.06.2024","orderNumber":"366541663","rating":1,"comment":{"minus":"","plus":"","text":"Қатты қыспайды екен."},"feedback":{"positive":1,"voted":false},"product":{"id":"109117566","name":"Корсет LARKO черный XXL","categoryCode":"Master - Clothes for slimming","categoryName":"Одежда для похудения","link":"https://kaspi.kz/shop/p/korset-larko-chernyi-xxl-109117566/"},"merchant":{"name":"LARKO-KZ","code":"17629423"},"editable":false,"editedByCustomer":false},{"id":"8a5c92098e7f907b018e9f0e4d2836e6","author":"Инабат","date":"02.04.2024","orderNumber":"342778262","rating":1,"comment":{"minus":"","plus":"","text":"Большемерит (с учетом того, что я заказала размер меньше) и воняет сильно, вообще не советую."},"feedback":{"positive":0,"voted":false},"product":{"id":"109117566","name":"Корсет LARKO черный XXL","categoryCode":"Master - Clothes for slimming","categoryName":"Одежда для похудения","link":"https://kaspi.kz/shop/p/korset-larko-chernyi-xxl-109117566/"},"merchant":{"name":"LARKO-KZ","code":"17629423"},"editable":false,"editedByCustomer":false},{"id":"8a5c9c538e56f3cd018e75eb76b3348b","author":"Айнаш","date":"25.03.2024","orderNumber":"338868509","rating":1,"comment":{"minus":"","plus":"","text":"Жақсы только иісі бар жағымсыз."},"feedback":{"positive":0,"voted":false},"product":{"id":"109117566","name":"Корсет LARKO черный XXL","categoryCode":"Master - Clothes for slimming","categoryName":"Одежда для похудения","link":"https://kaspi.kz/shop/p/korset-larko-chernyi-xxl-109117566/"},"merchant":{"name":"LARKO-KZ","code":"17629423"},"editable":false,"editedByCustomer":false},{"id":"8a5ca0878d15c527018d17f89c51078c","author":"Александра","date":"17.01.2024","orderNumber":"310882036","rating":5,"comment":{"minus":"","plus":"","text":"Брала корсет подруге, ей очень понравилось."},"feedback":{"positive":0,"voted":false},"product":{"id":"109117566","name":"Корсет LARKO черный XXL","categoryCode":"Master - Clothes for slimming","categoryName":"Одежда для похудения","link":"https://kaspi.kz/shop/p/korset-larko-chernyi-xxl-109117566/"},"merchant":{"name":"LARKO-KZ","code":"17629423"},"editable":false,"editedByCustomer":false},{"id":"8a5c0a9a8d10213b018d17f5f4b0141d","author":"Арайлым","date":"17.01.2024","orderNumber":"304306230","rating":5,"comment":{"minus":"","plus":"","text":"Мне понравился корсет, очень классный и удобный, вовремя доставили."},"feedback":{"positive":0,"voted":false},"product":{"id":"109117566","name":"Корсет LARKO черный XXL","categoryCode":"Master - Clothes for slimming","categoryName":"Одежда для похудения","link":"https://kaspi.kz/shop/p/korset-larko-chernyi-xxl-109117566/"},"merchant":{"name":"LARKO-KZ","code":"17629423"},"editable":false,"editedByCustomer":false},{"id":"8a5cf7ad8ba4c355018bc311c4f65753","author":"Умид","date":"12.11.2023","orderNumber":"294230075","rating":5,"comment":{"minus":"","plus":"","text":"Качествасы өте жақсы, материялыда күшті, керемет маған ұнады."},"feedback":{"positive":1,"voted":false},"product":{"id":"109117566","name":"Корсет LARKO черный XXL","categoryCode":"Master - Clothes for slimming","categoryName":"Одежда для похудения","link":"https://kaspi.kz/shop/p/korset-larko-chernyi-xxl-109117566/"},"merchant":{"name":"LARKO-KZ","code":"17629423"},"editable":false,"editedByCustomer":false},{"id":"8a5c92388ba4c32b018ba4ff64c1002e","author":"Олеся","date":"06.11.2023","orderNumber":"296684984","rating":5,"comment":{"minus":"","plus":"","text":"Идеально сел, спасибо! Ткань плотная. Рекомендую!"},"feedback":{"positive":0,"voted":false},"product":{"id":"109117566","name":"Корсет LARKO черный XXL","categoryCode":"Master - Clothes for slimming","categoryName":"Одежда для похудения","link":"https://kaspi.kz/shop/p/korset-larko-chernyi-xxl-109117566/"},"merchant":{"name":"LARKO-KZ","code":"17629423"},"editable":false,"editedByCustomer":false},{"id":"8a5c96a88a9c68ac018aac407ae91784","author":"Зара","date":"19.09.2023","orderNumber":"284534891","rating":5,"comment":{"minus":"","plus":"","text":"Товар получила, размер в размер, качество отличное."},"feedback":{"positive":0,"voted":false},"product":{"id":"109117566","name":"Корсет LARKO черный XXL","categoryCode":"Master - Clothes for slimming","categoryName":"Одежда для похудения","link":"https://kaspi.kz/shop/p/korset-larko-chernyi-xxl-109117566/"},"merchant":{"name":"LARKO","code":"14901053"},"editable":false,"editedByCustomer":false},{"id":"8a5c1c948a3ef8f4018a45007ffe0b8f","author":"Аймгуль","date":"11.09.2023","orderNumber":"279828248","rating":1,"comment":{"minus":"","plus":"","text":"Не подтягивает вообще, размер подошёл но не то что ожидала."},"feedback":{"positive":1,"voted":false},"product":{"id":"109117566","name":"Корсет LARKO черный XXL","categoryCode":"Master - Clothes for slimming","categoryName":"Одежда для похудения","link":"https://kaspi.kz/shop/p/korset-larko-chernyi-xxl-109117566/"},"merchant":{"name":"LARKO","code":"14901053"},"editable":false,"editedByCustomer":false},{"id":"8a5cc0628a73008f018a7db14da90ed2","author":"Айбарша","date":"10.09.2023","orderNumber":"276103322","rating":5,"comment":{"minus":"","plus":"","text":"Качество супер, размер подошел! Очень понравилось."},"feedback":{"positive":0,"voted":false},"product":{"id":"109117566","name":"Корсет LARKO черный XXL","categoryCode":"Master - Clothes for slimming","categoryName":"Одежда для похудения","link":"https://kaspi.kz/shop/p/korset-larko-chernyi-xxl-109117566/"},"merchant":{"name":"LARKO","code":"14901053"},"editable":false,"editedByCustomer":false},{"id":"8a5c196889a9e90b0189d50444f04cc7","author":"Анеля","date":"21.08.2023","orderNumber":"275277535","rating":5,"comment":{"minus":"","plus":"","text":"Корсет удобный, эластичный, не сковывает движения и не сдавливает."},"feedback":{"positive":0,"voted":false},"product":{"id":"109117566","name":"Корсет LARKO черный XXL","categoryCode":"Master - Clothes for slimming","categoryName":"Одежда для похудения","link":"https://kaspi.kz/shop/p/korset-larko-chernyi-xxl-109117566/"},"merchant":null,"editable":false,"editedByCustomer":false},{"id":"8a5c96b08985bdbb01899b0d79f73324","author":"Динара","date":"08.08.2023","orderNumber":"274428441","rating":5,"comment":{"minus":"","plus":"Продавец очень вежливый, товар высокого качества, все быстро доставили, советую 100%","text":""},"feedback":{"positive":0,"voted":false},"product":{"id":"109117566","name":"Корсет LARKO черный XXL","categoryCode":"Master - Clothes for slimming","categoryName":"Одежда для похудения","link":"https://kaspi.kz/shop/p/korset-larko-chernyi-xxl-109117566/"},"merchant":null,"editable":false,"editedByCustomer":false},{"id":"8a5c5a9388adad4f0188ee37d6fd2ff4","author":"Жанар","date":"29.06.2023","orderNumber":"265599574","rating":3,"comment":{"minus":"Ну к сожалению мне оказался большим.","plus":"Хорошо держит, под одеждой не заметно.","text":""},"feedback":{"positive":0,"voted":false},"product":{"id":"109117566","name":"Корсет LARKO черный XXL","categoryCode":"Master - Clothes for slimming","categoryName":"Одежда для похудения","link":"https://kaspi.kz/shop/p/korset-larko-chernyi-xxl-109117566/"},"merchant":null,"editable":false,"editedByCustomer":false},{"id":"8a5c7373885098a9018852608a660834","author":"Акбота","date":"04.06.2023","orderNumber":"260401749","rating":5,"comment":{"minus":"","plus":"Маған ұнады, размер тура келді, сапасы жақсы.","text":""},"feedback":{"positive":1,"voted":false},"product":{"id":"109117566","name":"Корсет LARKO черный XXL","categoryCode":"Master - Clothes for slimming","categoryName":"Одежда для похудения","link":"https://kaspi.kz/shop/p/korset-larko-chernyi-xxl-109117566/"},"merchant":null,"editable":false,"editedByCustomer":false},{"id":"8a5c5aa8879c66840187b115cacb117e","author":"Юлия","date":"24.04.2023","orderNumber":"253688969","rating":5,"comment":{"minus":"","plus":"Удобный при физических нагрузках, эластичный, эффект сауны.","text":"Товар получил во время, аккуратно упакован, соответствует описанию. Спасибо продавцу!"},"feedback":{"positive":1,"voted":false},"galleryImages":[{"id":"253688969-109117566/34522eaf-67f8-44a8-a022-0fd9cb7eb080.jpg","small":"https://resources.cdn-kaspi.kz/img/p/r/253688969-109117566/34522eaf-67f8-44a8-a022-0fd9cb7eb080.jpg?format=review_small","medium":"https://resources.cdn-kaspi.kz/img/p/r/253688969-109117566/34522eaf-67f8-44a8-a022-0fd9cb7eb080.jpg?format=review_medium","large":"https://resources.cdn-kaspi.kz/img/p/r/253688969-109117566/34522eaf-67f8-44a8-a022-0fd9cb7eb080.jpg?format=review_large"}],"product":{"id":"109117566","name":"Корсет LARKO черный XXL","categoryCode":"Master - Clothes for slimming","categoryName":"Одежда для похудения","link":"https://kaspi.kz/shop/p/korset-larko-chernyi-xxl-109117566/"},"merchant":null,"editable":false,"editedByCustomer":false}]}