{"data":[{"id":"8a5ccd76961e31650196201084b210e8","author":"Неля","date":"10.04.2025","orderNumber":"530370217","rating":5,"comment":{"minus":"","plus":"","text":"Очень крутые утягивающие майки, покупаю уже 2й раз и теперь сразу две в разных цветах! Очень хорошо скрывают недостатки, бока, область живота. Очень здорово держат и не сползают, что очень важно! Они мои фавориты в гардеробе! Спасибо магазину Larko за качественный товар, ну и Каспи  конечно же за быструю доставку!"},"feedback":{"positive":0,"voted":false},"galleryImages":[{"id":"530370217-115203989/20144a46-379b-4923-b560-43dda3ca350c.jpeg","small":"https://resources.cdn-kaspi.kz/img/p/r/530370217-115203989/20144a46-379b-4923-b560-43dda3ca350c.jpeg?format=review_small","medium":"https://resources.cdn-kaspi.kz/img/p/r/530370217-115203989/20144a46-379b-4923-b560-43dda3ca350c.jpeg?format=review_medium","large":"https://resources.cdn-kaspi.kz/img/p/r/530370217-115203989/20144a46-379b-4923-b560-43dda3ca350c.jpeg?format=review_large"},{"id":"530370217-115203989/5447399e-71d6-4ae4-a982-906cb0756c2e.jpeg","small":"https://resources.cdn-kaspi.kz/img/p/r/530370217-115203989/5447399e-71d6-4ae4-a982-906cb0756c2e.jpeg?format=review_small","medium":"https://resources.cdn-kaspi.kz/img/p/r/530370217-115203989/5447399e-71d6-4ae4-a982-906cb0756c2e.jpeg?format=review_medium","large":"https://resources.cdn-kaspi.kz/img/p/r/530370217-115203989/5447399e-71d6-4ae4-a982-906cb0756c2e.jpeg?format=review_large"}],"product":{"id":"115203989","name":"Майка LARKO wshw белый L","categoryCode":"Master - Women shapewear","categoryName":"Женское корректирующее белье","link":"https://kaspi.kz/shop/p/maika-larko-wshw-belyi-l-115203989/"},"merchant":{"name":"LARKO-KZ","code":"17629423"},"editable":false,"editedByCustomer":false},{"id":"8a5c528294ab5c380194b58bc1b011ad","author":"Баян","date":"30.01.2025","orderNumber":"487015835","rating":5,"comment":{"minus":"","plus":"","text":"Майка просто прелесть, взяла белую, теперь возьму еще другие цвета. Размер в размер. Утягивает классно, берите, не пожалеете."},"feedback":{"positive":0,"voted":false},"product":{"id":"115203989","name":"Майка LARKO wshw белый L","categoryCode":"Master - Women shapewear","categoryName":"Женское корректирующее белье","link":"https://kaspi.kz/shop/p/maika-larko-wshw-belyi-l-115203989/"},"merchant":{"name":"LARKO-KZ","code":"17629423"},"editable":false,"editedByCustomer":false},{"id":"8a5ce3f39395569201939b64c5f10b58","author":"Бақыт","date":"06.12.2024","orderNumber":"454556634","rating":5,"comment":{"minus":"","plus":"","text":"Качество хорошее! Размер в размер! Если вы не любите тесную одежду, то можно на размер больше. Спасибо курьеру, быстро доставили и очень вежливые!"},"feedback":{"positive":0,"voted":false},"product":{"id":"115203989","name":"Майка LARKO wshw белый L","categoryCode":"Master - Women shapewear","categoryName":"Женское корректирующее белье","link":"https://kaspi.kz/shop/p/maika-larko-wshw-belyi-l-115203989/"},"merchant":{"name":"LARKO-KZ","code":"17629423"},"editable":false,"editedByCustomer":false},{"id":"8a5cfaac9395562d019397531c2b05ac","author":"Фарида","date":"05.12.2024","orderNumber":"453929931","rating":5,"comment":{"minus":"","plus":"","text":"Спасибо магазину LARKO за качественный товар."},"feedback":{"positive":0,"voted":false},"galleryImages":[{"id":"453929931-115203989/9da4928d-63e2-425b-953d-b8b2deee102d.jpeg","small":"https://resources.cdn-kaspi.kz/img/p/r/453929931-115203989/9da4928d-63e2-425b-953d-b8b2deee102d.jpeg?format=review_small","medium":"https://resources.cdn-kaspi.kz/img/p/r/453929931-115203989/9da4928d-63e2-425b-953d-b8b2deee102d.jpeg?format=review_medium","large":"https://resources.cdn-kaspi.kz/img/p/r/453929931-115203989/9da4928d-63e2-425b-953d-b8b2deee102d.jpeg?format=review_large"},{"id":"453929931-115203989/eb689c76-3955-40ea-9d21-4b77453be994.jpeg","small":"https://resources.cdn-kaspi.kz/img/p/r/453929931-115203989/eb689c76-3955-40ea-9d21-4b77453be994.jpeg?format=review_small","medium":"https://resources.cdn-kaspi.kz/img/p/r/453929931-115203989/eb689c76-3955-40ea-9d21-4b77453be994.jpeg?format=review_medium","large":"https://resources.cdn-kaspi.kz/img/p/r/453929931-115203989/eb689c76-3955-40ea-9d21-4b77453be994.jpeg?format=review_large"},{"id":"453929931-115203989/3177b982-c458-4d99-a2fc-7cc1082bda0b.jpeg","small":"https://resources.cdn-kaspi.kz/img/p/r/453929931-115203989/3177b982-c458-4d99-a2fc-7cc1082bda0b.jpeg?format=review_small","medium":"https://resources.cdn-kaspi.kz/img/p/r/453929931-115203989/3177b982-c458-4d99-a2fc-7cc1082bda0b.jpeg?format=review_medium","large":"https://resources.cdn-kaspi.kz/img/p/r/453929931-115203989/3177b982-c458-4d99-a2fc-7cc1082bda0b.jpeg?format=review_large"}],"product":{"id":"115203989","name":"Майка LARKO wshw белый L","categoryCode":"Master - Women shapewear","categoryName":"Женское корректирующее белье","link":"https://kaspi.kz/shop/p/maika-larko-wshw-belyi-l-115203989/"},"merchant":{"name":"LARKO-KZ","code":"17629423"},"editable":false,"editedByCustomer":false},{"id":"8a5c1c8b9366cad701937891302c1ce9","author":"Маржан","date":"01.12.2024","orderNumber":"450853350","rating":5,"comment":{"minus":"","plus":"","text":"Отличное качество."},"feedback":{"positive":0,"voted":false},"galleryImages":[{"id":"450853350-115203989/0db010e9-30c1-417b-89a8-c9044dbebc26.jpeg","small":"https://resources.cdn-kaspi.kz/img/p/r/450853350-115203989/0db010e9-30c1-417b-89a8-c9044dbebc26.jpeg?format=review_small","medium":"https://resources.cdn-kaspi.kz/img/p/r/450853350-115203989/0db010e9-30c1-417b-89a8-c9044dbebc26.jpeg?format=review_medium","large":"https://resources.cdn-kaspi.kz/img/p/r/450853350-115203989/0db010e9-30c1-417b-89a8-c9044dbebc26.jpeg?format=review_large"}],"product":{"id":"115203989","name":"Майка LARKO wshw белый L","categoryCode":"Master - Women shapewear","categoryName":"Женское корректирующее белье","link":"https://kaspi.kz/shop/p/maika-larko-wshw-belyi-l-115203989/"},"merchant":{"name":"LARKO-KZ","code":"17629423"},"editable":false,"editedByCustomer":false},{"id":"8a5cd4b49366cadb0193780499691aa5","author":"Айгерим","date":"29.11.2024","orderNumber":"450777271","rating":5,"comment":{"minus":"","plus":"","text":"Отличная майка."},"feedback":{"positive":0,"voted":false},"product":{"id":"115203989","name":"Майка LARKO wshw белый L","categoryCode":"Master - Women shapewear","categoryName":"Женское корректирующее белье","link":"https://kaspi.kz/shop/p/maika-larko-wshw-belyi-l-115203989/"},"merchant":{"name":"LARKO-KZ","code":"17629423"},"editable":false,"editedByCustomer":false},{"id":"8a5c11b69347bd5f01936480aeb429d3","author":"Бибигуль","date":"25.11.2024","orderNumber":"449698994","rating":4,"comment":{"minus":"","plus":"","text":"Получила майку, сшита очень аккуратно, утягивает не сильно, для стройных идеально подойдёт."},"feedback":{"positive":0,"voted":false},"product":{"id":"115203989","name":"Майка LARKO wshw белый L","categoryCode":"Master - Women shapewear","categoryName":"Женское корректирующее белье","link":"https://kaspi.kz/shop/p/maika-larko-wshw-belyi-l-115203989/"},"merchant":{"name":"LARKO-KZ","code":"17629423"},"editable":false,"editedByCustomer":false},{"id":"8a5cadf1902f9382019039ac9bdc0a17","author":"Айгуль","date":"21.06.2024","orderNumber":"363069788","rating":5,"comment":{"minus":"","plus":"","text":"Жақсы, ұнады."},"feedback":{"positive":0,"voted":false},"product":{"id":"115203989","name":"Майка LARKO wshw белый L","categoryCode":"Master - Women shapewear","categoryName":"Женское корректирующее белье","link":"https://kaspi.kz/shop/p/maika-larko-wshw-belyi-l-115203989/"},"merchant":{"name":"LARKO-KZ","code":"17629423"},"editable":false,"editedByCustomer":false},{"id":"8a5cba5c90058a7901900da219781542","author":"Гулзада","date":"12.06.2024","orderNumber":"365644068","rating":5,"comment":{"minus":"","plus":"","text":"Маған ұнады, матасыда жақсы өзімнің ойымдағы майка алдым."},"feedback":{"positive":0,"voted":false},"product":{"id":"115203989","name":"Майка LARKO wshw белый L","categoryCode":"Master - Women shapewear","categoryName":"Женское корректирующее белье","link":"https://kaspi.kz/shop/p/maika-larko-wshw-belyi-l-115203989/"},"merchant":{"name":"LARKO-KZ","code":"17629423"},"editable":false,"editedByCustomer":false},{"id":"8a5cf78b8febc7c30190008eb2bc2235","author":"Мадина","date":"10.06.2024","orderNumber":"365311450","rating":2,"comment":{"minus":"","plus":"","text":"Просвечивает."},"feedback":{"positive":0,"voted":false},"product":{"id":"115203989","name":"Майка LARKO wshw белый L","categoryCode":"Master - Women shapewear","categoryName":"Женское корректирующее белье","link":"https://kaspi.kz/shop/p/maika-larko-wshw-belyi-l-115203989/"},"merchant":{"name":"LARKO-KZ","code":"17629423"},"editable":false,"editedByCustomer":false},{"id":"8a5c0c138f46e240018f4935dbb102f8","author":"Светлана","date":"05.05.2024","orderNumber":"351863122","rating":5,"comment":{"minus":"","plus":"","text":"LARKO весь товар качественный, рекомендую!"},"feedback":{"positive":2,"voted":false},"product":{"id":"115203989","name":"Майка LARKO wshw белый L","categoryCode":"Master - Women shapewear","categoryName":"Женское корректирующее белье","link":"https://kaspi.kz/shop/p/maika-larko-wshw-belyi-l-115203989/"},"merchant":{"name":"LARKO-KZ","code":"17629423"},"editable":false,"editedByCustomer":false},{"id":"8a5c85ad8e7f9270018e8d094c1319e7","author":"Мадина","date":"30.03.2024","orderNumber":"341852903","rating":5,"comment":{"minus":"","plus":"","text":"Хороший товар, на свои 48 взяла Л размер, сейчас думаю можно было и М взять. Но не особо критично, за все остальное 5."},"feedback":{"positive":0,"voted":false},"product":{"id":"115203989","name":"Майка LARKO wshw белый L","categoryCode":"Master - Women shapewear","categoryName":"Женское корректирующее белье","link":"https://kaspi.kz/shop/p/maika-larko-wshw-belyi-l-115203989/"},"merchant":{"name":"LARKO-KZ","code":"17629423"},"editable":false,"editedByCustomer":false},{"id":"8a5cf33e8e316f05018e4125de9a1ff6","author":"Асель","date":"15.03.2024","orderNumber":"317642577","rating":5,"comment":{"minus":"","plus":"","text":"Майка хорошая, но так не утягивает, как хотелось бы и без силикона - это плохо."},"feedback":{"positive":0,"voted":false},"product":{"id":"115203989","name":"Майка LARKO wshw белый L","categoryCode":"Master - Women shapewear","categoryName":"Женское корректирующее белье","link":"https://kaspi.kz/shop/p/maika-larko-wshw-belyi-l-115203989/"},"merchant":{"name":"LARKO-KZ","code":"17629423"},"editable":false,"editedByCustomer":false},{"id":"8a5cc05f8e316ec0018e3c0c81ed171a","author":"Надира","date":"14.03.2024","orderNumber":"333636908","rating":2,"comment":{"minus":"","plus":"","text":"Особо не утягивает."},"feedback":{"positive":0,"voted":false},"product":{"id":"115203989","name":"Майка LARKO wshw белый L","categoryCode":"Master - Women shapewear","categoryName":"Женское корректирующее белье","link":"https://kaspi.kz/shop/p/maika-larko-wshw-belyi-l-115203989/"},"merchant":{"name":"LARKO-KZ","code":"17629423"},"editable":false,"editedByCustomer":false},{"id":"8a5c28cf8de9c18a018e2d892e956e96","author":"Дарига","date":"11.03.2024","orderNumber":"334204155","rating":5,"comment":{"minus":"","plus":"","text":"Отличное качество. Товар пришёл размер в размер. Материал хороший, плотность хорошая. Рекомендую продавца."},"feedback":{"positive":0,"voted":false},"product":{"id":"115203989","name":"Майка LARKO wshw белый L","categoryCode":"Master - Women shapewear","categoryName":"Женское корректирующее белье","link":"https://kaspi.kz/shop/p/maika-larko-wshw-belyi-l-115203989/"},"merchant":{"name":"LARKO-KZ","code":"17629423"},"editable":false,"editedByCustomer":false},{"id":"8a5cd5818e0cdda9018e0ec62aa0047d","author":"Ботакоз","date":"05.03.2024","orderNumber":"331688446","rating":5,"comment":{"minus":"","plus":"","text":"Классная маечка. Всё собирает. Почему я давно не знала, что есть такие маечки. Брала свой размер."},"feedback":{"positive":0,"voted":false},"product":{"id":"115203989","name":"Майка LARKO wshw белый L","categoryCode":"Master - Women shapewear","categoryName":"Женское корректирующее белье","link":"https://kaspi.kz/shop/p/maika-larko-wshw-belyi-l-115203989/"},"merchant":{"name":"LARKO-KZ","code":"17629423"},"editable":false,"editedByCustomer":false},{"id":"8a5c921f8d398a24018de0746f7c48fa","author":"Ляйля","date":"25.02.2024","orderNumber":"327850772","rating":1,"comment":{"minus":"","plus":"","text":"Обычная майка, ничего не утягивает."},"feedback":{"positive":0,"voted":false},"product":{"id":"115203989","name":"Майка LARKO wshw белый L","categoryCode":"Master - Women shapewear","categoryName":"Женское корректирующее белье","link":"https://kaspi.kz/shop/p/maika-larko-wshw-belyi-l-115203989/"},"merchant":{"name":"LARKO-KZ","code":"17629423"},"editable":false,"editedByCustomer":false}]}