{"data":[{"id":"8a5cf33595f5245301960c87d9f76ccb","author":"Меруерт","date":"07.04.2025","orderNumber":"528176708","rating":5,"comment":{"minus":"","plus":"","text":"Заказала мужу для тренировки, размер подошел, нам понравилась!"},"feedback":{"positive":0,"voted":false},"product":{"id":"108498830","name":"Майка LARKO Мужская майка с эффектом сауны XXL, XXXL","categoryCode":"Master - Clothes for slimming","categoryName":"Одежда для похудения","link":"https://kaspi.kz/shop/p/maika-larko-muzhskaja-maika-s-effektom-sauny-xxl-xxxl-108498830/"},"merchant":{"name":"LARKO-KZ","code":"17629423"},"editable":false,"editedByCustomer":false},{"id":"8a5ce3cd95451b4201955c6021bf6ecb","author":"Алмас","date":"08.03.2025","orderNumber":"503581916","rating":5,"comment":{"minus":"","plus":"","text":"Тауар жақсы, сапалы."},"feedback":{"positive":0,"voted":false},"galleryImages":[{"id":"503581916-108498830/3e545f49-706e-4533-aeed-97c5a3015dd3.jpeg","small":"https://resources.cdn-kaspi.kz/img/p/r/503581916-108498830/3e545f49-706e-4533-aeed-97c5a3015dd3.jpeg?format=review_small","medium":"https://resources.cdn-kaspi.kz/img/p/r/503581916-108498830/3e545f49-706e-4533-aeed-97c5a3015dd3.jpeg?format=review_medium","large":"https://resources.cdn-kaspi.kz/img/p/r/503581916-108498830/3e545f49-706e-4533-aeed-97c5a3015dd3.jpeg?format=review_large"}],"product":{"id":"108498830","name":"Майка LARKO Мужская майка с эффектом сауны XXL, XXXL","categoryCode":"Master - Clothes for slimming","categoryName":"Одежда для похудения","link":"https://kaspi.kz/shop/p/maika-larko-muzhskaja-maika-s-effektom-sauny-xxl-xxxl-108498830/"},"merchant":{"name":"LARKO-KZ","code":"17629423"},"editable":false,"editedByCustomer":false},{"id":"8a5cbefc946875870194a3ba940a545a","author":"Акбота","date":"30.01.2025","orderNumber":"484479938","rating":5,"comment":{"minus":"","plus":"","text":"Өте жақсы ұнады, күйеуіме алып едім, сапасы да жақсы. Рахмет көп-көп. Алсаңыздар, өкінбейсіздер, өте жақсы, жоғары сапа."},"feedback":{"positive":0,"voted":false},"galleryImages":[{"id":"484479938-108498830/c9cc501d-b69d-4a8c-9cc5-f3c52aab09f4.jpeg","small":"https://resources.cdn-kaspi.kz/img/p/r/484479938-108498830/c9cc501d-b69d-4a8c-9cc5-f3c52aab09f4.jpeg?format=review_small","medium":"https://resources.cdn-kaspi.kz/img/p/r/484479938-108498830/c9cc501d-b69d-4a8c-9cc5-f3c52aab09f4.jpeg?format=review_medium","large":"https://resources.cdn-kaspi.kz/img/p/r/484479938-108498830/c9cc501d-b69d-4a8c-9cc5-f3c52aab09f4.jpeg?format=review_large"}],"product":{"id":"108498830","name":"Майка LARKO Мужская майка с эффектом сауны XXL, XXXL","categoryCode":"Master - Clothes for slimming","categoryName":"Одежда для похудения","link":"https://kaspi.kz/shop/p/maika-larko-muzhskaja-maika-s-effektom-sauny-xxl-xxxl-108498830/"},"merchant":{"name":"LARKO-KZ","code":"17629423"},"editable":false,"editedByCustomer":false},{"id":"8a5cf15394ab5c200194ad5c02ec0617","author":"Рустем","date":"28.01.2025","orderNumber":"485820520","rating":5,"comment":{"minus":"","plus":"","text":"Товар пришел вовремя, размер пожалел отлично. Первая тренировка прошла, майка работает как надо. Однозначно 5 звезд!"},"feedback":{"positive":0,"voted":false},"product":{"id":"108498830","name":"Майка LARKO Мужская майка с эффектом сауны XXL, XXXL","categoryCode":"Master - Clothes for slimming","categoryName":"Одежда для похудения","link":"https://kaspi.kz/shop/p/maika-larko-muzhskaja-maika-s-effektom-sauny-xxl-xxxl-108498830/"},"merchant":{"name":"LARKO-KZ","code":"17629423"},"editable":false,"editedByCustomer":false},{"id":"8a5c67f294a0c0440194a2593feb021e","author":"Данияр","date":"26.01.2025","orderNumber":"483491267","rating":5,"comment":{"minus":"","plus":"","text":"Майка супер! То, что хотел. Рахмет продавцу, что подсказали с размером!"},"feedback":{"positive":0,"voted":false},"product":{"id":"108498830","name":"Майка LARKO Мужская майка с эффектом сауны XXL, XXXL","categoryCode":"Master - Clothes for slimming","categoryName":"Одежда для похудения","link":"https://kaspi.kz/shop/p/maika-larko-muzhskaja-maika-s-effektom-sauny-xxl-xxxl-108498830/"},"merchant":{"name":"LARKO-KZ","code":"17629423"},"editable":false,"editedByCustomer":false},{"id":"8a5cf149917376ca0191ef5d197f2e0f","author":"Ерден","date":"14.09.2024","orderNumber":"409285803","rating":1,"comment":{"minus":"","plus":"","text":"Не стоит покупать, вообще бесполезная вещь. Очень короткая и вонючая."},"feedback":{"positive":0,"voted":false},"product":{"id":"108498830","name":"Майка LARKO Мужская майка с эффектом сауны XXL, XXXL","categoryCode":"Master - Clothes for slimming","categoryName":"Одежда для похудения","link":"https://kaspi.kz/shop/p/maika-larko-muzhskaja-maika-s-effektom-sauny-xxl-xxxl-108498830/"},"merchant":{"name":"LARKO-KZ","code":"17629423"},"editable":false,"editedByCustomer":false},{"id":"8a5cb9cb8ecb462c018ed1726b100d10","author":"Аманат","date":"12.04.2024","orderNumber":"345377243","rating":5,"comment":{"minus":"","plus":"","text":"Майка отличная, уже опробовал, пот льёт ручьём, заливает треков по самые бёдра, эффект уже после первой тренировки."},"feedback":{"positive":0,"voted":false},"product":{"id":"108498830","name":"Майка LARKO Мужская майка с эффектом сауны XXL, XXXL","categoryCode":"Master - Clothes for slimming","categoryName":"Одежда для похудения","link":"https://kaspi.kz/shop/p/maika-larko-muzhskaja-maika-s-effektom-sauny-xxl-xxxl-108498830/"},"merchant":{"name":"LARKO-KZ","code":"17629423"},"editable":false,"editedByCustomer":false},{"id":"8a5c25428dc41887018dd9f46fb311e8","author":"Әлжан","date":"24.02.2024","orderNumber":"326464216","rating":5,"comment":{"minus":"","plus":"","text":"Маған 100% ұнады. Алуға кеңес беремін."},"feedback":{"positive":0,"voted":false},"product":{"id":"108498830","name":"Майка LARKO Мужская майка с эффектом сауны XXL, XXXL","categoryCode":"Master - Clothes for slimming","categoryName":"Одежда для похудения","link":"https://kaspi.kz/shop/p/maika-larko-muzhskaja-maika-s-effektom-sauny-xxl-xxxl-108498830/"},"merchant":{"name":"LARKO-KZ","code":"17629423"},"editable":false,"editedByCustomer":false},{"id":"8a5c0a9a8d10213b018d36d90dbe4487","author":"Кайрат","date":"23.01.2024","orderNumber":"318745954","rating":5,"comment":{"minus":"","plus":"","text":"Заказ доставили без задержки, отлично, размер подошёл, спасибо всем!"},"feedback":{"positive":0,"voted":false},"product":{"id":"108498830","name":"Майка LARKO Мужская майка с эффектом сауны XXL, XXXL","categoryCode":"Master - Clothes for slimming","categoryName":"Одежда для похудения","link":"https://kaspi.kz/shop/p/maika-larko-muzhskaja-maika-s-effektom-sauny-xxl-xxxl-108498830/"},"merchant":{"name":"LARKO-KZ","code":"17629423"},"editable":false,"editedByCustomer":false},{"id":"8a5c07828b8530e7018b863fe2e70457","author":"Нуриддин","date":"02.11.2023","orderNumber":"289467048","rating":5,"comment":{"minus":"","plus":"","text":"Отличная вещь, ношу две недели, результат уже есть!"},"feedback":{"positive":0,"voted":false},"product":{"id":"108498830","name":"Майка LARKO Мужская майка с эффектом сауны XXL, XXXL","categoryCode":"Master - Clothes for slimming","categoryName":"Одежда для похудения","link":"https://kaspi.kz/shop/p/maika-larko-muzhskaja-maika-s-effektom-sauny-xxl-xxxl-108498830/"},"merchant":{"name":"LARKO","code":"14901053"},"editable":false,"editedByCustomer":false},{"id":"8a5c9a848b461d9c018b506fad25189e","author":"Ермек","date":"23.10.2023","orderNumber":"291764265","rating":3,"comment":{"minus":"","plus":"","text":"Удлините майку, она очень короткая."},"feedback":{"positive":2,"voted":false},"product":{"id":"108498830","name":"Майка LARKO Мужская майка с эффектом сауны XXL, XXXL","categoryCode":"Master - Clothes for slimming","categoryName":"Одежда для похудения","link":"https://kaspi.kz/shop/p/maika-larko-muzhskaja-maika-s-effektom-sauny-xxl-xxxl-108498830/"},"merchant":{"name":"LARKO","code":"14901053"},"editable":false,"editedByCustomer":false},{"id":"8a5c0c388a73009b018a7a9e99990c6e","author":"Акмарал","date":"14.09.2023","orderNumber":"279491820","rating":5,"comment":{"minus":"","plus":"","text":"Чуть размер не подошел. Но заменять не стали."},"feedback":{"positive":0,"voted":false},"product":{"id":"108498830","name":"Майка LARKO Мужская майка с эффектом сауны XXL, XXXL","categoryCode":"Master - Clothes for slimming","categoryName":"Одежда для похудения","link":"https://kaspi.kz/shop/p/maika-larko-muzhskaja-maika-s-effektom-sauny-xxl-xxxl-108498830/"},"merchant":{"name":"LARKO","code":"14901053"},"editable":false,"editedByCustomer":false},{"id":"8a5cee738a72fd63018a8579d5c41bde","author":"Алибек","date":"12.09.2023","orderNumber":"278898107","rating":5,"comment":{"minus":"","plus":"","text":"Качество супер, продавцы молодцы."},"feedback":{"positive":0,"voted":false},"product":{"id":"108498830","name":"Майка LARKO Мужская майка с эффектом сауны XXL, XXXL","categoryCode":"Master - Clothes for slimming","categoryName":"Одежда для похудения","link":"https://kaspi.kz/shop/p/maika-larko-muzhskaja-maika-s-effektom-sauny-xxl-xxxl-108498830/"},"merchant":{"name":"LARKO","code":"14901053"},"editable":false,"editedByCustomer":false},{"id":"8a5c0ce68a72ffb3018a7ff26e1c138e","author":"Ернар","date":"10.09.2023","orderNumber":"277395448","rating":5,"comment":{"minus":"","plus":"","text":"Отличный товар. Спасибо LARKO! Всем советую! Качество супер."},"feedback":{"positive":1,"voted":false},"product":{"id":"108498830","name":"Майка LARKO Мужская майка с эффектом сауны XXL, XXXL","categoryCode":"Master - Clothes for slimming","categoryName":"Одежда для похудения","link":"https://kaspi.kz/shop/p/maika-larko-muzhskaja-maika-s-effektom-sauny-xxl-xxxl-108498830/"},"merchant":{"name":"LARKO","code":"14901053"},"editable":false,"editedByCustomer":false},{"id":"8a5c0c388a73009b018a7518c6b504d6","author":"Джанбирбай","date":"08.09.2023","orderNumber":"273652192","rating":5,"comment":{"minus":"","plus":"","text":"Майка очень понравилась, эффект супер, и качество отличное."},"feedback":{"positive":0,"voted":false},"product":{"id":"108498830","name":"Майка LARKO Мужская майка с эффектом сауны XXL, XXXL","categoryCode":"Master - Clothes for slimming","categoryName":"Одежда для похудения","link":"https://kaspi.kz/shop/p/maika-larko-muzhskaja-maika-s-effektom-sauny-xxl-xxxl-108498830/"},"merchant":{"name":"LARKO","code":"14901053"},"editable":false,"editedByCustomer":false},{"id":"8a5cfa8b8a68b2c0018a6ae725e40557","author":"Ержан","date":"07.09.2023","orderNumber":"273164921","rating":5,"comment":{"minus":"","plus":"","text":"Майка супер удобная, под футболкой не заметно, ношу каждый день. Доставка быстрая."},"feedback":{"positive":0,"voted":false},"product":{"id":"108498830","name":"Майка LARKO Мужская майка с эффектом сауны XXL, XXXL","categoryCode":"Master - Clothes for slimming","categoryName":"Одежда для похудения","link":"https://kaspi.kz/shop/p/maika-larko-muzhskaja-maika-s-effektom-sauny-xxl-xxxl-108498830/"},"merchant":{"name":"LARKO","code":"14901053"},"editable":false,"editedByCustomer":false},{"id":"8a5c782089f238720189f73cddc20a22","author":"Гуля","date":"20.08.2023","orderNumber":"275868248","rating":4,"comment":{"minus":"","plus":"","text":"Преобрела для сына, размер надо брать чуть больше; очень удобный Результат , только начали одевать."},"feedback":{"positive":0,"voted":false},"product":{"id":"108498830","name":"Майка LARKO Мужская майка с эффектом сауны XXL, XXXL","categoryCode":"Master - Clothes for slimming","categoryName":"Одежда для похудения","link":"https://kaspi.kz/shop/p/maika-larko-muzhskaja-maika-s-effektom-sauny-xxl-xxxl-108498830/"},"merchant":null,"editable":false,"editedByCustomer":false},{"id":"8a5ccd558874f7750188973125ea6d6c","author":"Жасулан","date":"15.06.2023","orderNumber":"260054413","rating":5,"comment":{"minus":"","plus":"","text":"Өте керемет уақытында келді. Маған ұнады."},"feedback":{"positive":0,"voted":false},"galleryImages":[{"id":"260054413-108498830/147f098e-65fa-4641-894d-759ea3f9ad40.jpg","small":"https://resources.cdn-kaspi.kz/img/p/r/260054413-108498830/147f098e-65fa-4641-894d-759ea3f9ad40.jpg?format=review_small","medium":"https://resources.cdn-kaspi.kz/img/p/r/260054413-108498830/147f098e-65fa-4641-894d-759ea3f9ad40.jpg?format=review_medium","large":"https://resources.cdn-kaspi.kz/img/p/r/260054413-108498830/147f098e-65fa-4641-894d-759ea3f9ad40.jpg?format=review_large"}],"product":{"id":"108498830","name":"Майка LARKO Мужская майка с эффектом сауны XXL, XXXL","categoryCode":"Master - Clothes for slimming","categoryName":"Одежда для похудения","link":"https://kaspi.kz/shop/p/maika-larko-muzhskaja-maika-s-effektom-sauny-xxl-xxxl-108498830/"},"merchant":null,"editable":false,"editedByCustomer":false},{"id":"8a5cfe328874f94501888d6e4bc54eeb","author":"Мейірлан","date":"14.06.2023","orderNumber":"257866762","rating":5,"comment":{"minus":"Есть один минус вы будете худеть.","plus":"Материал очень хороший, хорошо помогает.","text":"Всем советую заказать."},"feedback":{"positive":3,"voted":false},"product":{"id":"108498830","name":"Майка LARKO Мужская майка с эффектом сауны XXL, XXXL","categoryCode":"Master - Clothes for slimming","categoryName":"Одежда для похудения","link":"https://kaspi.kz/shop/p/maika-larko-muzhskaja-maika-s-effektom-sauny-xxl-xxxl-108498830/"},"merchant":null,"editable":false,"editedByCustomer":false},{"id":"8a5c5eaa8827940101882ec3afe66aa4","author":"Қуаныш","date":"18.05.2023","orderNumber":"258017295","rating":5,"comment":{"minus":"","plus":"Хорошая качество.","text":"Рекомендую, мне очень понравилось, размер тот самый, доставка раньше времени супер."},"feedback":{"positive":2,"voted":false},"product":{"id":"108498830","name":"Майка LARKO Мужская майка с эффектом сауны XXL, XXXL","categoryCode":"Master - Clothes for slimming","categoryName":"Одежда для похудения","link":"https://kaspi.kz/shop/p/maika-larko-muzhskaja-maika-s-effektom-sauny-xxl-xxxl-108498830/"},"merchant":null,"editable":false,"editedByCustomer":false},{"id":"8a5c5ab887bee2230188136921006262","author":"Ринат","date":"13.05.2023","orderNumber":"257706176","rating":3,"comment":{"minus":"Удлините длину майки, короткая","plus":"","text":""},"feedback":{"positive":3,"voted":false},"product":{"id":"108498830","name":"Майка LARKO Мужская майка с эффектом сауны XXL, XXXL","categoryCode":"Master - Clothes for slimming","categoryName":"Одежда для похудения","link":"https://kaspi.kz/shop/p/maika-larko-muzhskaja-maika-s-effektom-sauny-xxl-xxxl-108498830/"},"merchant":null,"editable":false,"editedByCustomer":false},{"id":"8a5c5aa8879c66840187bc2f60df2c77","author":"Галина","date":"26.04.2023","orderNumber":"255006010","rating":4,"comment":{"minus":"","plus":"","text":"По размеру подошла, только пройма для рук маловата. Эффект пока непонятен. Посмотрим позже."},"feedback":{"positive":3,"voted":false},"product":{"id":"108498830","name":"Майка LARKO Мужская майка с эффектом сауны XXL, XXXL","categoryCode":"Master - Clothes for slimming","categoryName":"Одежда для похудения","link":"https://kaspi.kz/shop/p/maika-larko-muzhskaja-maika-s-effektom-sauny-xxl-xxxl-108498830/"},"merchant":null,"editable":false,"editedByCustomer":false}]}