{"data":[{"id":"8a5ce3db95acfd640195ebe1c9d1425e","author":"Аслан","date":"02.04.2025","orderNumber":"506064496","rating":5,"comment":{"minus":"","plus":"","text":"Өте керемет! Шынтағыма суық тиген сон алғанмын, Аллаға шүкір қазір осы бандажды киіп едім жақсы болды! Істерінізге сәттілік!."},"feedback":{"positive":0,"voted":false},"galleryImages":[{"id":"506064496-116233144/2a83e7e1-eb04-4409-8572-8d80db96debb.jpeg","small":"https://resources.cdn-kaspi.kz/img/p/r/506064496-116233144/2a83e7e1-eb04-4409-8572-8d80db96debb.jpeg?format=review_small","medium":"https://resources.cdn-kaspi.kz/img/p/r/506064496-116233144/2a83e7e1-eb04-4409-8572-8d80db96debb.jpeg?format=review_medium","large":"https://resources.cdn-kaspi.kz/img/p/r/506064496-116233144/2a83e7e1-eb04-4409-8572-8d80db96debb.jpeg?format=review_large"}],"product":{"id":"116233144","name":"LARKO бандаж elbow универсальный","categoryCode":"Master - Elbow joint","categoryName":"Локтевой сустав","link":"https://kaspi.kz/shop/p/larko-bandazh-elbow-universal-nyi-116233144/"},"merchant":{"name":"LARKO-KZ","code":"17629423"},"editable":false,"editedByCustomer":false},{"id":"8a5ce3db95acfd640195be7bbd5d7106","author":"Әнуар","date":"22.03.2025","orderNumber":"518539106","rating":5,"comment":{"minus":"","plus":"","text":"Бандаж супер, помогает на тренировке."},"feedback":{"positive":0,"voted":false},"product":{"id":"116233144","name":"LARKO бандаж elbow универсальный","categoryCode":"Master - Elbow joint","categoryName":"Локтевой сустав","link":"https://kaspi.kz/shop/p/larko-bandazh-elbow-universal-nyi-116233144/"},"merchant":{"name":"LARKO-KZ","code":"17629423"},"editable":false,"editedByCustomer":false},{"id":"8a5c194495b6cef10195b73629130113","author":"Кирилл","date":"21.03.2025","orderNumber":"519102319","rating":5,"comment":{"minus":"","plus":"","text":"Помогает, хорошего качества."},"feedback":{"positive":0,"voted":false},"galleryImages":[{"id":"519102319-116233144/1ec88c08-6067-4888-85c7-529276cd4a68.jpeg","small":"https://resources.cdn-kaspi.kz/img/p/r/519102319-116233144/1ec88c08-6067-4888-85c7-529276cd4a68.jpeg?format=review_small","medium":"https://resources.cdn-kaspi.kz/img/p/r/519102319-116233144/1ec88c08-6067-4888-85c7-529276cd4a68.jpeg?format=review_medium","large":"https://resources.cdn-kaspi.kz/img/p/r/519102319-116233144/1ec88c08-6067-4888-85c7-529276cd4a68.jpeg?format=review_large"}],"product":{"id":"116233144","name":"LARKO бандаж elbow универсальный","categoryCode":"Master - Elbow joint","categoryName":"Локтевой сустав","link":"https://kaspi.kz/shop/p/larko-bandazh-elbow-universal-nyi-116233144/"},"merchant":{"name":"LARKO-KZ","code":"17629423"},"editable":false,"editedByCustomer":false},{"id":"8a5c19449590f3650195ac9276991632","author":"Олег","date":"19.03.2025","orderNumber":"515100387","rating":5,"comment":{"minus":"","plus":"","text":"Держит хорошо."},"feedback":{"positive":0,"voted":false},"product":{"id":"116233144","name":"LARKO бандаж elbow универсальный","categoryCode":"Master - Elbow joint","categoryName":"Локтевой сустав","link":"https://kaspi.kz/shop/p/larko-bandazh-elbow-universal-nyi-116233144/"},"merchant":{"name":"LARKO-KZ","code":"17629423"},"editable":false,"editedByCustomer":false},{"id":"8a5c19449590f3650195944ba0010b50","author":"Владимир","date":"14.03.2025","orderNumber":"513433785","rating":5,"comment":{"minus":"","plus":"","text":"Бондаж плотно облегчает руку, ремнем можно дополнительно зафиксировать проблемный участок. Нагрузки переносятся более комфортно."},"feedback":{"positive":0,"voted":false},"product":{"id":"116233144","name":"LARKO бандаж elbow универсальный","categoryCode":"Master - Elbow joint","categoryName":"Локтевой сустав","link":"https://kaspi.kz/shop/p/larko-bandazh-elbow-universal-nyi-116233144/"},"merchant":{"name":"LARKO-KZ","code":"17629423"},"editable":false,"editedByCustomer":false},{"id":"8a5c67fe954f9af6019564f58515613e","author":"Аида","date":"05.03.2025","orderNumber":"505793431","rating":5,"comment":{"minus":"","plus":"","text":"Брала маме, хорошо фиксирует, доставка раньше, советую к приобретению. Бандаж удобный."},"feedback":{"positive":0,"voted":false},"product":{"id":"116233144","name":"LARKO бандаж elbow универсальный","categoryCode":"Master - Elbow joint","categoryName":"Локтевой сустав","link":"https://kaspi.kz/shop/p/larko-bandazh-elbow-universal-nyi-116233144/"},"merchant":{"name":"LARKO-KZ","code":"17629423"},"editable":false,"editedByCustomer":false},{"id":"8a5c57ac94edcfac0194f3b779951d95","author":"Анастасия","date":"11.02.2025","orderNumber":"492893767","rating":4,"comment":{"minus":"","plus":"","text":"Пришёл размер L, хотя было написано в комментариях, что размер универсальный."},"feedback":{"positive":0,"voted":false},"product":{"id":"116233144","name":"LARKO бандаж elbow универсальный","categoryCode":"Master - Elbow joint","categoryName":"Локтевой сустав","link":"https://kaspi.kz/shop/p/larko-bandazh-elbow-universal-nyi-116233144/"},"merchant":{"name":"LARKO-KZ","code":"17629423"},"editable":false,"editedByCustomer":false},{"id":"8a5c0a9094ab5d390194c1706c9c24da","author":"Бекжан","date":"01.02.2025","orderNumber":"488681520","rating":5,"comment":{"minus":"","plus":"","text":"Спасибо большое магазину larko. kz. Товар отличного качества, мне очень сильно понравилось."},"feedback":{"positive":0,"voted":false},"product":{"id":"116233144","name":"LARKO бандаж elbow универсальный","categoryCode":"Master - Elbow joint","categoryName":"Локтевой сустав","link":"https://kaspi.kz/shop/p/larko-bandazh-elbow-universal-nyi-116233144/"},"merchant":{"name":"LARKO-KZ","code":"17629423"},"editable":false,"editedByCustomer":false},{"id":"8a5c67c194ab5c7c0194bce745521f68","author":"Нұрсұлтан","date":"31.01.2025","orderNumber":"487780581","rating":5,"comment":{"minus":"","plus":"","text":"Размер подошел. Удобно делать тренировку с бандажом. Спасибо магазину LARKO-KZ за качественный товар."},"feedback":{"positive":0,"voted":false},"product":{"id":"116233144","name":"LARKO бандаж elbow универсальный","categoryCode":"Master - Elbow joint","categoryName":"Локтевой сустав","link":"https://kaspi.kz/shop/p/larko-bandazh-elbow-universal-nyi-116233144/"},"merchant":{"name":"LARKO-KZ","code":"17629423"},"editable":false,"editedByCustomer":false},{"id":"8a5c221e940195a201944ff340706596","author":"Алия","date":"22.01.2025","orderNumber":"476793894","rating":5,"comment":{"minus":"","plus":"","text":"Акеме унады, рахмет Каспи"},"feedback":{"positive":0,"voted":false},"product":{"id":"116233144","name":"LARKO бандаж elbow универсальный","categoryCode":"Master - Elbow joint","categoryName":"Локтевой сустав","link":"https://kaspi.kz/shop/p/larko-bandazh-elbow-universal-nyi-116233144/"},"merchant":{"name":"LARKO-KZ","code":"17629423"},"editable":false,"editedByCustomer":false},{"id":"8a5ceb7a9468769e019484d707c62f09","author":"Sergei","date":"20.01.2025","orderNumber":"481409881","rating":5,"comment":{"minus":"","plus":"","text":"Плотный, хороший суппорт. Неплохо разгружает сустав. Брал из-за болей в суставе после тренировок. После первой с использованием данного суппорта боль в суставе была заметно меньше."},"feedback":{"positive":0,"voted":false},"galleryImages":[{"id":"481409881-116233144/59267039-4a17-453d-85eb-def0f011a214.jpeg","small":"https://resources.cdn-kaspi.kz/img/p/r/481409881-116233144/59267039-4a17-453d-85eb-def0f011a214.jpeg?format=review_small","medium":"https://resources.cdn-kaspi.kz/img/p/r/481409881-116233144/59267039-4a17-453d-85eb-def0f011a214.jpeg?format=review_medium","large":"https://resources.cdn-kaspi.kz/img/p/r/481409881-116233144/59267039-4a17-453d-85eb-def0f011a214.jpeg?format=review_large"},{"id":"481409881-116233144/db421796-9a36-4c59-b75c-fdf6889e4e4f.jpeg","small":"https://resources.cdn-kaspi.kz/img/p/r/481409881-116233144/db421796-9a36-4c59-b75c-fdf6889e4e4f.jpeg?format=review_small","medium":"https://resources.cdn-kaspi.kz/img/p/r/481409881-116233144/db421796-9a36-4c59-b75c-fdf6889e4e4f.jpeg?format=review_medium","large":"https://resources.cdn-kaspi.kz/img/p/r/481409881-116233144/db421796-9a36-4c59-b75c-fdf6889e4e4f.jpeg?format=review_large"}],"product":{"id":"116233144","name":"LARKO бандаж elbow универсальный","categoryCode":"Master - Elbow joint","categoryName":"Локтевой сустав","link":"https://kaspi.kz/shop/p/larko-bandazh-elbow-universal-nyi-116233144/"},"merchant":{"name":"LARKO-KZ","code":"17629423"},"editable":false,"editedByCustomer":false},{"id":"8a5c406f946875fe019479f3e889202f","author":"Гульнур","date":"18.01.2025","orderNumber":"481570015","rating":5,"comment":{"minus":"","plus":"","text":"Просто супер, мне понравилось."},"feedback":{"positive":0,"voted":false},"galleryImages":[{"id":"481570015-116233144/8935c3a2-c5ac-40b2-8c7f-ee2f6d5a07a9.jpeg","small":"https://resources.cdn-kaspi.kz/img/p/r/481570015-116233144/8935c3a2-c5ac-40b2-8c7f-ee2f6d5a07a9.jpeg?format=review_small","medium":"https://resources.cdn-kaspi.kz/img/p/r/481570015-116233144/8935c3a2-c5ac-40b2-8c7f-ee2f6d5a07a9.jpeg?format=review_medium","large":"https://resources.cdn-kaspi.kz/img/p/r/481570015-116233144/8935c3a2-c5ac-40b2-8c7f-ee2f6d5a07a9.jpeg?format=review_large"},{"id":"481570015-116233144/ed5bccbc-2d0e-4738-a847-f5a3812053b5.jpeg","small":"https://resources.cdn-kaspi.kz/img/p/r/481570015-116233144/ed5bccbc-2d0e-4738-a847-f5a3812053b5.jpeg?format=review_small","medium":"https://resources.cdn-kaspi.kz/img/p/r/481570015-116233144/ed5bccbc-2d0e-4738-a847-f5a3812053b5.jpeg?format=review_medium","large":"https://resources.cdn-kaspi.kz/img/p/r/481570015-116233144/ed5bccbc-2d0e-4738-a847-f5a3812053b5.jpeg?format=review_large"},{"id":"481570015-116233144/b90016d3-eb5c-479f-81a3-281733a434f2.jpeg","small":"https://resources.cdn-kaspi.kz/img/p/r/481570015-116233144/b90016d3-eb5c-479f-81a3-281733a434f2.jpeg?format=review_small","medium":"https://resources.cdn-kaspi.kz/img/p/r/481570015-116233144/b90016d3-eb5c-479f-81a3-281733a434f2.jpeg?format=review_medium","large":"https://resources.cdn-kaspi.kz/img/p/r/481570015-116233144/b90016d3-eb5c-479f-81a3-281733a434f2.jpeg?format=review_large"}],"product":{"id":"116233144","name":"LARKO бандаж elbow универсальный","categoryCode":"Master - Elbow joint","categoryName":"Локтевой сустав","link":"https://kaspi.kz/shop/p/larko-bandazh-elbow-universal-nyi-116233144/"},"merchant":{"name":"LARKO-KZ","code":"17629423"},"editable":false,"editedByCustomer":false},{"id":"8a5c406f946875fe019473d7ee491474","author":"Талғат","date":"17.01.2025","orderNumber":"477160817","rating":5,"comment":{"minus":"","plus":"","text":"Бандаж локтевой супер. Плечевой бандаж пока не ощутил."},"feedback":{"positive":0,"voted":false},"product":{"id":"116233144","name":"LARKO бандаж elbow универсальный","categoryCode":"Master - Elbow joint","categoryName":"Локтевой сустав","link":"https://kaspi.kz/shop/p/larko-bandazh-elbow-universal-nyi-116233144/"},"merchant":{"name":"LARKO-KZ","code":"17629423"},"editable":false,"editedByCustomer":false},{"id":"8a5cc3be940196e901945612fb357032","author":"Альвина","date":"11.01.2025","orderNumber":"476163054","rating":5,"comment":{"minus":"","plus":"","text":"Отличный бандаж, хорошо фиксируется локоть."},"feedback":{"positive":0,"voted":false},"galleryImages":[{"id":"476163054-116233144/fffe6265-8e7f-4d99-9277-f72d8bef0c93.jpeg","small":"https://resources.cdn-kaspi.kz/img/p/r/476163054-116233144/fffe6265-8e7f-4d99-9277-f72d8bef0c93.jpeg?format=review_small","medium":"https://resources.cdn-kaspi.kz/img/p/r/476163054-116233144/fffe6265-8e7f-4d99-9277-f72d8bef0c93.jpeg?format=review_medium","large":"https://resources.cdn-kaspi.kz/img/p/r/476163054-116233144/fffe6265-8e7f-4d99-9277-f72d8bef0c93.jpeg?format=review_large"}],"product":{"id":"116233144","name":"LARKO бандаж elbow универсальный","categoryCode":"Master - Elbow joint","categoryName":"Локтевой сустав","link":"https://kaspi.kz/shop/p/larko-bandazh-elbow-universal-nyi-116233144/"},"merchant":{"name":"LARKO-KZ","code":"17629423"},"editable":false,"editedByCustomer":false},{"id":"8a5c9dbc9401956a01942dc739794391","author":"Рауан","date":"04.01.2025","orderNumber":"470825837","rating":5,"comment":{"minus":"","plus":"","text":"Удобные, размер подошёл идеально, качество отличное, доставка вовремя."},"feedback":{"positive":0,"voted":false},"product":{"id":"116233144","name":"LARKO бандаж elbow универсальный","categoryCode":"Master - Elbow joint","categoryName":"Локтевой сустав","link":"https://kaspi.kz/shop/p/larko-bandazh-elbow-universal-nyi-116233144/"},"merchant":{"name":"LARKO-KZ","code":"17629423"},"editable":false,"editedByCustomer":false},{"id":"8a5cba6b939556d50193ed4725e30679","author":"Вероника","date":"22.12.2024","orderNumber":"465959487","rating":5,"comment":{"minus":"","plus":"","text":"Все пришло вовремя, за свою цену хороший товар."},"feedback":{"positive":0,"voted":false},"product":{"id":"116233144","name":"LARKO бандаж elbow универсальный","categoryCode":"Master - Elbow joint","categoryName":"Локтевой сустав","link":"https://kaspi.kz/shop/p/larko-bandazh-elbow-universal-nyi-116233144/"},"merchant":{"name":"LARKO-KZ","code":"17629423"},"editable":false,"editedByCustomer":false},{"id":"8a5c6228939556c00193abd54135267e","author":"Андрей","date":"09.12.2024","orderNumber":"459471076","rating":5,"comment":{"minus":"","plus":"","text":"Очень качественный и удобный, рекомендую всем."},"feedback":{"positive":0,"voted":false},"product":{"id":"116233144","name":"LARKO бандаж elbow универсальный","categoryCode":"Master - Elbow joint","categoryName":"Локтевой сустав","link":"https://kaspi.kz/shop/p/larko-bandazh-elbow-universal-nyi-116233144/"},"merchant":{"name":"LARKO-KZ","code":"17629423"},"editable":false,"editedByCustomer":false},{"id":"8a5cc39f9366cbc401938c244367321d","author":"Динара","date":"04.12.2024","orderNumber":"452208767","rating":5,"comment":{"minus":"","plus":"","text":"Хороший бандаж, я мастер маникюра болел локоть, теперь супер очень удобный в работе."},"feedback":{"positive":0,"voted":false},"galleryImages":[{"id":"452208767-116233144/b1352bac-dd95-49a6-a9e1-752ed300be11.jpeg","small":"https://resources.cdn-kaspi.kz/img/p/r/452208767-116233144/b1352bac-dd95-49a6-a9e1-752ed300be11.jpeg?format=review_small","medium":"https://resources.cdn-kaspi.kz/img/p/r/452208767-116233144/b1352bac-dd95-49a6-a9e1-752ed300be11.jpeg?format=review_medium","large":"https://resources.cdn-kaspi.kz/img/p/r/452208767-116233144/b1352bac-dd95-49a6-a9e1-752ed300be11.jpeg?format=review_large"},{"id":"452208767-116233144/fd0b0ca6-9f52-4a1f-a585-2f5b2b5e3432.jpeg","small":"https://resources.cdn-kaspi.kz/img/p/r/452208767-116233144/fd0b0ca6-9f52-4a1f-a585-2f5b2b5e3432.jpeg?format=review_small","medium":"https://resources.cdn-kaspi.kz/img/p/r/452208767-116233144/fd0b0ca6-9f52-4a1f-a585-2f5b2b5e3432.jpeg?format=review_medium","large":"https://resources.cdn-kaspi.kz/img/p/r/452208767-116233144/fd0b0ca6-9f52-4a1f-a585-2f5b2b5e3432.jpeg?format=review_large"}],"product":{"id":"116233144","name":"LARKO бандаж elbow универсальный","categoryCode":"Master - Elbow joint","categoryName":"Локтевой сустав","link":"https://kaspi.kz/shop/p/larko-bandazh-elbow-universal-nyi-116233144/"},"merchant":{"name":"LARKO-KZ","code":"17629423"},"editable":false,"editedByCustomer":false},{"id":"8a5c3f329347bee201935dcf6de11f86","author":"Елжан","date":"24.11.2024","orderNumber":"446985991","rating":5,"comment":{"minus":"","plus":"","text":"Шынтағым ауырып қалған сосын осыны тағын көреиін деп шештім ауырғанда көмек теседі. Залға да тағып журмын шынтақты жақсы устап турады."},"feedback":{"positive":0,"voted":false},"product":{"id":"116233144","name":"LARKO бандаж elbow универсальный","categoryCode":"Master - Elbow joint","categoryName":"Локтевой сустав","link":"https://kaspi.kz/shop/p/larko-bandazh-elbow-universal-nyi-116233144/"},"merchant":{"name":"LARKO-KZ","code":"17629423"},"editable":false,"editedByCustomer":false},{"id":"8a5c4ef9931f0c890193448d316238c2","author":"Айдос","date":"19.11.2024","orderNumber":"445739714","rating":5,"comment":{"minus":"","plus":"","text":"Всё подошло, качество 10/10."},"feedback":{"positive":0,"voted":false},"product":{"id":"116233144","name":"LARKO бандаж elbow универсальный","categoryCode":"Master - Elbow joint","categoryName":"Локтевой сустав","link":"https://kaspi.kz/shop/p/larko-bandazh-elbow-universal-nyi-116233144/"},"merchant":{"name":"LARKO-KZ","code":"17629423"},"editable":false,"editedByCustomer":false},{"id":"8a5cb9d7917375f70191b5e97b0d657c","author":"Зухра","date":"03.09.2024","orderNumber":"403659843","rating":1,"comment":{"minus":"","plus":"","text":"Универсальный деген бірақ размер кіші."},"feedback":{"positive":0,"voted":false},"product":{"id":"116233144","name":"LARKO бандаж elbow универсальный","categoryCode":"Master - Elbow joint","categoryName":"Локтевой сустав","link":"https://kaspi.kz/shop/p/larko-bandazh-elbow-universal-nyi-116233144/"},"merchant":{"name":"LARKO-KZ","code":"17629423"},"editable":false,"editedByCustomer":false},{"id":"8a5cf149917376ca01918d4252053058","author":"Марина","date":"26.08.2024","orderNumber":"400590080","rating":5,"comment":{"minus":"","plus":"","text":"Очень удобный. Рука болела. После 2 одеваний стало легче."},"feedback":{"positive":0,"voted":false},"product":{"id":"116233144","name":"LARKO бандаж elbow универсальный","categoryCode":"Master - Elbow joint","categoryName":"Локтевой сустав","link":"https://kaspi.kz/shop/p/larko-bandazh-elbow-universal-nyi-116233144/"},"merchant":{"name":"LARKO-KZ","code":"17629423"},"editable":false,"editedByCustomer":false},{"id":"8a5c07b090905ec2019092b2bf6a0455","author":"Владислав","date":"08.07.2024","orderNumber":"364407047","rating":5,"comment":{"minus":"","plus":"","text":"Бандаж очень даже не плохой и удобный, пока что ношу все хорошо. Спасибо магазину, доставили быстро!"},"feedback":{"positive":0,"voted":false},"product":{"id":"116233144","name":"LARKO бандаж elbow универсальный","categoryCode":"Master - Elbow joint","categoryName":"Локтевой сустав","link":"https://kaspi.kz/shop/p/larko-bandazh-elbow-universal-nyi-116233144/"},"merchant":{"name":"LARKO-KZ","code":"17629423"},"editable":false,"editedByCustomer":false},{"id":"8a5c78389057f7110190917fb0f848fe","author":"Нурмир","date":"08.07.2024","orderNumber":"377666042","rating":5,"comment":{"minus":"","plus":"","text":"Отличное качество, бандаж хорошо фиксирует локоть. Спасибо услугам Каспи, очень удобно!"},"feedback":{"positive":1,"voted":false},"product":{"id":"116233144","name":"LARKO бандаж elbow универсальный","categoryCode":"Master - Elbow joint","categoryName":"Локтевой сустав","link":"https://kaspi.kz/shop/p/larko-bandazh-elbow-universal-nyi-116233144/"},"merchant":{"name":"LARKO-KZ","code":"17629423"},"editable":false,"editedByCustomer":false},{"id":"8a5c71d89090784d01909140a497010c","author":"Шахназар","date":"08.07.2024","orderNumber":"371105786","rating":5,"comment":{"minus":"","plus":"","text":"Хорошая вещь."},"feedback":{"positive":0,"voted":false},"product":{"id":"116233144","name":"LARKO бандаж elbow универсальный","categoryCode":"Master - Elbow joint","categoryName":"Локтевой сустав","link":"https://kaspi.kz/shop/p/larko-bandazh-elbow-universal-nyi-116233144/"},"merchant":{"name":"LARKO-KZ","code":"17629423"},"editable":false,"editedByCustomer":false},{"id":"8a5c78389057f7110190913bec7a4871","author":"Ирина","date":"08.07.2024","orderNumber":"363408858","rating":5,"comment":{"minus":"","plus":"","text":"Прекрасный бандаж, качественный материал, хорошо прошит, хорошо фиксирует локоть."},"feedback":{"positive":0,"voted":false},"product":{"id":"116233144","name":"LARKO бандаж elbow универсальный","categoryCode":"Master - Elbow joint","categoryName":"Локтевой сустав","link":"https://kaspi.kz/shop/p/larko-bandazh-elbow-universal-nyi-116233144/"},"merchant":{"name":"LARKO-KZ","code":"17629423"},"editable":false,"editedByCustomer":false},{"id":"8a5c5d919057f8d90190592454ab0246","author":"Аида","date":"27.06.2024","orderNumber":"348927251","rating":5,"comment":{"minus":"","plus":"","text":"Хорошо поддерживает суставы, брала маме ей нравится."},"feedback":{"positive":0,"voted":false},"product":{"id":"116233144","name":"LARKO бандаж elbow универсальный","categoryCode":"Master - Elbow joint","categoryName":"Локтевой сустав","link":"https://kaspi.kz/shop/p/larko-bandazh-elbow-universal-nyi-116233144/"},"merchant":{"name":"LARKO-KZ","code":"17629423"},"editable":false,"editedByCustomer":false},{"id":"8a5c920a90058c1d01904616921a5fbb","author":"Александр","date":"23.06.2024","orderNumber":"349342743","rating":5,"comment":{"minus":"","plus":"","text":"Хороший бандаж, очень выручил."},"feedback":{"positive":0,"voted":false},"product":{"id":"116233144","name":"LARKO бандаж elbow универсальный","categoryCode":"Master - Elbow joint","categoryName":"Локтевой сустав","link":"https://kaspi.kz/shop/p/larko-bandazh-elbow-universal-nyi-116233144/"},"merchant":{"name":"LARKO-KZ","code":"17629423"},"editable":false,"editedByCustomer":false},{"id":"8a5cf3298f75e330018f7640c2a80177","author":"Гульчехра","date":"14.05.2024","orderNumber":"355375912","rating":5,"comment":{"minus":"","plus":"","text":"Руку фиксирует хорошо, покупкой довольна. Заказ пришел в указанное время. Спасибо услугам Каспи, очень удобно."},"feedback":{"positive":0,"voted":false},"product":{"id":"116233144","name":"LARKO бандаж elbow универсальный","categoryCode":"Master - Elbow joint","categoryName":"Локтевой сустав","link":"https://kaspi.kz/shop/p/larko-bandazh-elbow-universal-nyi-116233144/"},"merchant":{"name":"LARKO-KZ","code":"17629423"},"editable":false,"editedByCustomer":false},{"id":"8a5cd5058f4bffe6018f4c6ddcbc0048","author":"Инна","date":"06.05.2024","orderNumber":"332145629","rating":4,"comment":{"minus":"","plus":"","text":"Товар соответствует описанию, но бандажи пришли разного размера."},"feedback":{"positive":0,"voted":false},"product":{"id":"116233144","name":"LARKO бандаж elbow универсальный","categoryCode":"Master - Elbow joint","categoryName":"Локтевой сустав","link":"https://kaspi.kz/shop/p/larko-bandazh-elbow-universal-nyi-116233144/"},"merchant":{"name":"LARKO-KZ","code":"17629423"},"editable":false,"editedByCustomer":false},{"id":"8a5cfe1f8de9c1ac018dee011d9a0539","author":"Елена","date":"28.02.2024","orderNumber":"328827667","rating":5,"comment":{"minus":"","plus":"","text":"Бандаж хороший по качеству, но положили разные размеры, один М, один L."},"feedback":{"positive":1,"voted":false},"galleryImages":[{"id":"328827667-116233144/004d3dff-b85a-47ef-a715-2dadb253d164.jpeg","small":"https://resources.cdn-kaspi.kz/img/p/r/328827667-116233144/004d3dff-b85a-47ef-a715-2dadb253d164.jpeg?format=review_small","medium":"https://resources.cdn-kaspi.kz/img/p/r/328827667-116233144/004d3dff-b85a-47ef-a715-2dadb253d164.jpeg?format=review_medium","large":"https://resources.cdn-kaspi.kz/img/p/r/328827667-116233144/004d3dff-b85a-47ef-a715-2dadb253d164.jpeg?format=review_large"},{"id":"328827667-116233144/908b611f-aa88-4044-b030-ab3e7cadb680.jpeg","small":"https://resources.cdn-kaspi.kz/img/p/r/328827667-116233144/908b611f-aa88-4044-b030-ab3e7cadb680.jpeg?format=review_small","medium":"https://resources.cdn-kaspi.kz/img/p/r/328827667-116233144/908b611f-aa88-4044-b030-ab3e7cadb680.jpeg?format=review_medium","large":"https://resources.cdn-kaspi.kz/img/p/r/328827667-116233144/908b611f-aa88-4044-b030-ab3e7cadb680.jpeg?format=review_large"}],"product":{"id":"116233144","name":"LARKO бандаж elbow универсальный","categoryCode":"Master - Elbow joint","categoryName":"Локтевой сустав","link":"https://kaspi.kz/shop/p/larko-bandazh-elbow-universal-nyi-116233144/"},"merchant":{"name":"LARKO-KZ","code":"17629423"},"editable":false,"editedByCustomer":false},{"id":"8a5cfaa48d398aea018dc180f3982f2d","author":"Евгения","date":"19.02.2024","orderNumber":"326203148","rating":5,"comment":{"minus":"","plus":"","text":"Спасибо магазину Larko-kz. Пришел раньше времени, качество порадовало, но оказалось чуть больше ват, но не критично."},"feedback":{"positive":0,"voted":false},"product":{"id":"116233144","name":"LARKO бандаж elbow универсальный","categoryCode":"Master - Elbow joint","categoryName":"Локтевой сустав","link":"https://kaspi.kz/shop/p/larko-bandazh-elbow-universal-nyi-116233144/"},"merchant":{"name":"LARKO-KZ","code":"17629423"},"editable":false,"editedByCustomer":false},{"id":"8a5c25128dba28a8018dba49c7ed0018","author":"Ахбаян","date":"18.02.2024","orderNumber":"325799812","rating":3,"comment":{"minus":"","plus":"","text":"Качество хорошее. Но отстёгивается плохо. В целом нормально."},"feedback":{"positive":2,"voted":false},"galleryImages":[{"id":"325799812-116233144/43c345e6-6b1a-4c9f-83df-4ad7ee3a34c8.jpeg","small":"https://resources.cdn-kaspi.kz/img/p/r/325799812-116233144/43c345e6-6b1a-4c9f-83df-4ad7ee3a34c8.jpeg?format=review_small","medium":"https://resources.cdn-kaspi.kz/img/p/r/325799812-116233144/43c345e6-6b1a-4c9f-83df-4ad7ee3a34c8.jpeg?format=review_medium","large":"https://resources.cdn-kaspi.kz/img/p/r/325799812-116233144/43c345e6-6b1a-4c9f-83df-4ad7ee3a34c8.jpeg?format=review_large"}],"product":{"id":"116233144","name":"LARKO бандаж elbow универсальный","categoryCode":"Master - Elbow joint","categoryName":"Локтевой сустав","link":"https://kaspi.kz/shop/p/larko-bandazh-elbow-universal-nyi-116233144/"},"merchant":{"name":"LARKO-KZ","code":"17629423"},"editable":false,"editedByCustomer":false},{"id":"8a5ccd468d398bb9018d96a9a4ab7ae2","author":"Майра","date":"11.02.2024","orderNumber":"322822826","rating":5,"comment":{"minus":"","plus":"","text":"Бандаж отличный, боли в локтевом суставе уменьшились, я его одеваю в основном на работе. Раньше к концу рабочего дня локтевой сустав так болел, что к нему не прикоснуться, а сейчас боль уменьшилась в разы, классная вещь."},"feedback":{"positive":0,"voted":false},"product":{"id":"116233144","name":"LARKO бандаж elbow универсальный","categoryCode":"Master - Elbow joint","categoryName":"Локтевой сустав","link":"https://kaspi.kz/shop/p/larko-bandazh-elbow-universal-nyi-116233144/"},"merchant":{"name":"LARKO-KZ","code":"17629423"},"editable":false,"editedByCustomer":false},{"id":"8a5c370e8d911f21018d9422bc79052a","author":"Анастасия","date":"10.02.2024","orderNumber":"321945787","rating":5,"comment":{"minus":"","plus":"","text":"Хороший бандаж, очень помогает мужу. Рада, что купили."},"feedback":{"positive":0,"voted":false},"product":{"id":"116233144","name":"LARKO бандаж elbow универсальный","categoryCode":"Master - Elbow joint","categoryName":"Локтевой сустав","link":"https://kaspi.kz/shop/p/larko-bandazh-elbow-universal-nyi-116233144/"},"merchant":{"name":"LARKO-KZ","code":"17629423"},"editable":false,"editedByCustomer":false},{"id":"8a5c2cc48d7bfbe2018d7e849d6503ff","author":"Инна","date":"06.02.2024","orderNumber":"323469130","rating":5,"comment":{"minus":"","plus":"","text":"Всё соответствует поддержке локтевого сустава. Удобная лента крепёжа. Рекомендую всем."},"feedback":{"positive":0,"voted":false},"product":{"id":"116233144","name":"LARKO бандаж elbow универсальный","categoryCode":"Master - Elbow joint","categoryName":"Локтевой сустав","link":"https://kaspi.kz/shop/p/larko-bandazh-elbow-universal-nyi-116233144/"},"merchant":{"name":"LARKO-KZ","code":"17629423"},"editable":false,"editedByCustomer":false}]}