{"data":[{"id":"8a5c54a8964c16f6019658e589fd3732","author":"Ақмарал","date":"21.04.2025","orderNumber":"535489114","rating":5,"comment":{"minus":"","plus":"","text":"Ұнады, рахмет! Качествосы жақсы екен."},"feedback":{"positive":0,"voted":false},"galleryImages":[{"id":"535489114-116479808/ba4f8d72-6da3-447b-90cb-3199fd7e7157.jpeg","small":"https://resources.cdn-kaspi.kz/img/p/r/535489114-116479808/ba4f8d72-6da3-447b-90cb-3199fd7e7157.jpeg?format=review_small","medium":"https://resources.cdn-kaspi.kz/img/p/r/535489114-116479808/ba4f8d72-6da3-447b-90cb-3199fd7e7157.jpeg?format=review_medium","large":"https://resources.cdn-kaspi.kz/img/p/r/535489114-116479808/ba4f8d72-6da3-447b-90cb-3199fd7e7157.jpeg?format=review_large"},{"id":"535489114-116479808/e488a87c-8371-4b59-a36c-9bd9c15346c3.jpeg","small":"https://resources.cdn-kaspi.kz/img/p/r/535489114-116479808/e488a87c-8371-4b59-a36c-9bd9c15346c3.jpeg?format=review_small","medium":"https://resources.cdn-kaspi.kz/img/p/r/535489114-116479808/e488a87c-8371-4b59-a36c-9bd9c15346c3.jpeg?format=review_medium","large":"https://resources.cdn-kaspi.kz/img/p/r/535489114-116479808/e488a87c-8371-4b59-a36c-9bd9c15346c3.jpeg?format=review_large"}],"product":{"id":"116479808","name":"Трусы LARKO пушап черный S-M","categoryCode":"Master - Women shapewear","categoryName":"Женское корректирующее белье","link":"https://kaspi.kz/shop/p/trusy-larko-pushap-chernyi-s-m-116479808/"},"merchant":{"name":"LARKO-KZ","code":"17629423"},"editable":false,"editedByCustomer":false},{"id":"8a5cf33595f5245301960f9a27cd7483","author":"Жансая","date":"08.04.2025","orderNumber":"491835265","rating":5,"comment":{"minus":"","plus":"","text":"Трусы пушап классные, берите."},"feedback":{"positive":0,"voted":false},"product":{"id":"116479808","name":"Трусы LARKO пушап черный S-M","categoryCode":"Master - Women shapewear","categoryName":"Женское корректирующее белье","link":"https://kaspi.kz/shop/p/trusy-larko-pushap-chernyi-s-m-116479808/"},"merchant":{"name":"LARKO-KZ","code":"17629423"},"editable":false,"editedByCustomer":false},{"id":"8a5c251a95f5263601961088d8ee7c1b","author":"Камила","date":"07.04.2025","orderNumber":"490235428","rating":5,"comment":{"minus":"","plus":"","text":"Все понравилось, оправдало ожидания."},"feedback":{"positive":0,"voted":false},"product":{"id":"116479808","name":"Трусы LARKO пушап черный S-M","categoryCode":"Master - Women shapewear","categoryName":"Женское корректирующее белье","link":"https://kaspi.kz/shop/p/trusy-larko-pushap-chernyi-s-m-116479808/"},"merchant":{"name":"LARKO-KZ","code":"17629423"},"editable":false,"editedByCustomer":false},{"id":"8a5ccd5e960e04180196101129f60a30","author":"Динара","date":"07.04.2025","orderNumber":"525496740","rating":5,"comment":{"minus":"","plus":"","text":"Трусы пушап очень понравились, качество супер, размер подошел, смотрится естественно, аккуратно и красиво! Покупкой довольна!"},"feedback":{"positive":0,"voted":false},"product":{"id":"116479808","name":"Трусы LARKO пушап черный S-M","categoryCode":"Master - Women shapewear","categoryName":"Женское корректирующее белье","link":"https://kaspi.kz/shop/p/trusy-larko-pushap-chernyi-s-m-116479808/"},"merchant":{"name":"LARKO-KZ","code":"17629423"},"editable":false,"editedByCustomer":false},{"id":"8a5c1de495f524f601960fe298b5777d","author":"Анна","date":"07.04.2025","orderNumber":"518887879","rating":5,"comment":{"minus":"","plus":"","text":"Трусики очень понравились. Даже не ожидала, если честно. Все сделано очень аккуратно и незаметно для окружающих. Однозначно буду брать еще в другом цвете."},"feedback":{"positive":0,"voted":false},"product":{"id":"116479808","name":"Трусы LARKO пушап черный S-M","categoryCode":"Master - Women shapewear","categoryName":"Женское корректирующее белье","link":"https://kaspi.kz/shop/p/trusy-larko-pushap-chernyi-s-m-116479808/"},"merchant":{"name":"LARKO-KZ","code":"17629423"},"editable":false,"editedByCustomer":false},{"id":"8a5c251a95f5263601960fd8c4bb7605","author":"Алина","date":"07.04.2025","orderNumber":"490859821","rating":5,"comment":{"minus":"","plus":"","text":"Да белье действительно классное! Не заметный, с удовольствием ношу, так как уже теплеет хочу приобрести светлые теперь! Пушап не заметный, как будто своя попа. Я рада, что придумали такую идеальную пушап версию."},"feedback":{"positive":0,"voted":false},"product":{"id":"116479808","name":"Трусы LARKO пушап черный S-M","categoryCode":"Master - Women shapewear","categoryName":"Женское корректирующее белье","link":"https://kaspi.kz/shop/p/trusy-larko-pushap-chernyi-s-m-116479808/"},"merchant":{"name":"LARKO-KZ","code":"17629423"},"editable":false,"editedByCustomer":false},{"id":"8a5c1de495f524f601960f9a01c57533","author":"Мөлдір","date":"07.04.2025","orderNumber":"494758501","rating":5,"comment":{"minus":"","plus":"","text":"Өте жақсы товар, маған қатты ұнады размер дәл келді."},"feedback":{"positive":0,"voted":false},"product":{"id":"116479808","name":"Трусы LARKO пушап черный S-M","categoryCode":"Master - Women shapewear","categoryName":"Женское корректирующее белье","link":"https://kaspi.kz/shop/p/trusy-larko-pushap-chernyi-s-m-116479808/"},"merchant":{"name":"LARKO-KZ","code":"17629423"},"editable":false,"editedByCustomer":false},{"id":"8a5c64f695f5245a01960f953c607351","author":"Ақниет","date":"07.04.2025","orderNumber":"524991384","rating":5,"comment":{"minus":"","plus":"","text":"Очень довольна покупкой! Трусы с пуш-ап эффектом действительно делают своё дело — форма становится визуально более округлой и подтянутой. Посадка удобная, нигде не давит и не сползает в течение дня. Материал мягкий, приятный к телу, и при этом хорошо держит форму. Идеальны под облегающую одежду, ничего не выделяется. Отличный вариант, если хочется добавить немного объема и уверенности в себе. Рекомендую!"},"feedback":{"positive":0,"voted":false},"product":{"id":"116479808","name":"Трусы LARKO пушап черный S-M","categoryCode":"Master - Women shapewear","categoryName":"Женское корректирующее белье","link":"https://kaspi.kz/shop/p/trusy-larko-pushap-chernyi-s-m-116479808/"},"merchant":{"name":"LARKO-KZ","code":"17629423"},"editable":false,"editedByCustomer":false},{"id":"8a5c119295f5262c01960f9405d373dc","author":"Зарина","date":"07.04.2025","orderNumber":"517052264","rating":5,"comment":{"minus":"","plus":"","text":"Очень удобные и выглядят естественно."},"feedback":{"positive":0,"voted":false},"product":{"id":"116479808","name":"Трусы LARKO пушап черный S-M","categoryCode":"Master - Women shapewear","categoryName":"Женское корректирующее белье","link":"https://kaspi.kz/shop/p/trusy-larko-pushap-chernyi-s-m-116479808/"},"merchant":{"name":"LARKO-KZ","code":"17629423"},"editable":false,"editedByCustomer":false},{"id":"8a5c9dbc95acfdf50195f4c8bea9647c","author":"Шинар","date":"02.04.2025","orderNumber":"522987631","rating":5,"comment":{"minus":"","plus":"","text":"Качество хорошее. Наполнители можно снимать, они как в кармашке. Размер S-M пойдет на 44. Размер. Покупкой довольна. Пришли вовремя."},"feedback":{"positive":0,"voted":false},"galleryImages":[{"id":"522987631-116479808/f0b1300c-6db2-45d4-ad8b-ef364833ac32.jpeg","small":"https://resources.cdn-kaspi.kz/img/p/r/522987631-116479808/f0b1300c-6db2-45d4-ad8b-ef364833ac32.jpeg?format=review_small","medium":"https://resources.cdn-kaspi.kz/img/p/r/522987631-116479808/f0b1300c-6db2-45d4-ad8b-ef364833ac32.jpeg?format=review_medium","large":"https://resources.cdn-kaspi.kz/img/p/r/522987631-116479808/f0b1300c-6db2-45d4-ad8b-ef364833ac32.jpeg?format=review_large"},{"id":"522987631-116479808/20740d51-8436-4b96-80d1-f111d227464a.jpeg","small":"https://resources.cdn-kaspi.kz/img/p/r/522987631-116479808/20740d51-8436-4b96-80d1-f111d227464a.jpeg?format=review_small","medium":"https://resources.cdn-kaspi.kz/img/p/r/522987631-116479808/20740d51-8436-4b96-80d1-f111d227464a.jpeg?format=review_medium","large":"https://resources.cdn-kaspi.kz/img/p/r/522987631-116479808/20740d51-8436-4b96-80d1-f111d227464a.jpeg?format=review_large"},{"id":"522987631-116479808/9b44a187-6301-496e-b807-31363d16b493.jpeg","small":"https://resources.cdn-kaspi.kz/img/p/r/522987631-116479808/9b44a187-6301-496e-b807-31363d16b493.jpeg?format=review_small","medium":"https://resources.cdn-kaspi.kz/img/p/r/522987631-116479808/9b44a187-6301-496e-b807-31363d16b493.jpeg?format=review_medium","large":"https://resources.cdn-kaspi.kz/img/p/r/522987631-116479808/9b44a187-6301-496e-b807-31363d16b493.jpeg?format=review_large"},{"id":"522987631-116479808/b6e1c087-58a8-4d88-9b22-855fec69cfde.jpeg","small":"https://resources.cdn-kaspi.kz/img/p/r/522987631-116479808/b6e1c087-58a8-4d88-9b22-855fec69cfde.jpeg?format=review_small","medium":"https://resources.cdn-kaspi.kz/img/p/r/522987631-116479808/b6e1c087-58a8-4d88-9b22-855fec69cfde.jpeg?format=review_medium","large":"https://resources.cdn-kaspi.kz/img/p/r/522987631-116479808/b6e1c087-58a8-4d88-9b22-855fec69cfde.jpeg?format=review_large"},{"id":"522987631-116479808/72972108-4429-4f02-a1b9-ed48ab234f9b.jpeg","small":"https://resources.cdn-kaspi.kz/img/p/r/522987631-116479808/72972108-4429-4f02-a1b9-ed48ab234f9b.jpeg?format=review_small","medium":"https://resources.cdn-kaspi.kz/img/p/r/522987631-116479808/72972108-4429-4f02-a1b9-ed48ab234f9b.jpeg?format=review_medium","large":"https://resources.cdn-kaspi.kz/img/p/r/522987631-116479808/72972108-4429-4f02-a1b9-ed48ab234f9b.jpeg?format=review_large"}],"product":{"id":"116479808","name":"Трусы LARKO пушап черный S-M","categoryCode":"Master - Women shapewear","categoryName":"Женское корректирующее белье","link":"https://kaspi.kz/shop/p/trusy-larko-pushap-chernyi-s-m-116479808/"},"merchant":{"name":"LARKO-KZ","code":"17629423"},"editable":false,"editedByCustomer":false},{"id":"8a5ce3db95acfd640195f07c0c6c5700","author":"Лаззат","date":"01.04.2025","orderNumber":"517505579","rating":5,"comment":{"minus":"","plus":"","text":"Очень качественные, выглядят естественно, ничего не жмет. Покупкой очень довольна, спасибо."},"feedback":{"positive":0,"voted":false},"product":{"id":"116479808","name":"Трусы LARKO пушап черный S-M","categoryCode":"Master - Women shapewear","categoryName":"Женское корректирующее белье","link":"https://kaspi.kz/shop/p/trusy-larko-pushap-chernyi-s-m-116479808/"},"merchant":{"name":"LARKO-KZ","code":"17629423"},"editable":false,"editedByCustomer":false},{"id":"8a5cf33195acfd0d0195ebf55f2543bc","author":"Нұргүл","date":"31.03.2025","orderNumber":"506159722","rating":5,"comment":{"minus":"","plus":"","text":"Трусы просто супер. Не пожалеете девочки. Всем советую, заказывайте."},"feedback":{"positive":0,"voted":false},"product":{"id":"116479808","name":"Трусы LARKO пушап черный S-M","categoryCode":"Master - Women shapewear","categoryName":"Женское корректирующее белье","link":"https://kaspi.kz/shop/p/trusy-larko-pushap-chernyi-s-m-116479808/"},"merchant":{"name":"LARKO-KZ","code":"17629423"},"editable":false,"editedByCustomer":false},{"id":"8a5c51f395bbf5410195bc3d1c7400b3","author":"Назгүл","date":"22.03.2025","orderNumber":"516791253","rating":5,"comment":{"minus":"","plus":"","text":"Товар өте керемет! Алуға кеңес беремін."},"feedback":{"positive":0,"voted":false},"product":{"id":"116479808","name":"Трусы LARKO пушап черный S-M","categoryCode":"Master - Women shapewear","categoryName":"Женское корректирующее белье","link":"https://kaspi.kz/shop/p/trusy-larko-pushap-chernyi-s-m-116479808/"},"merchant":{"name":"LARKO-KZ","code":"17629423"},"editable":false,"editedByCustomer":false},{"id":"8a5c580695acfd8b0195b1c01cdf275f","author":"Асем","date":"20.03.2025","orderNumber":"516915241","rating":5,"comment":{"minus":"","plus":"","text":"Размер идеально подошел. Очень довольна покупкой."},"feedback":{"positive":0,"voted":false},"product":{"id":"116479808","name":"Трусы LARKO пушап черный S-M","categoryCode":"Master - Women shapewear","categoryName":"Женское корректирующее белье","link":"https://kaspi.kz/shop/p/trusy-larko-pushap-chernyi-s-m-116479808/"},"merchant":{"name":"LARKO-KZ","code":"17629423"},"editable":false,"editedByCustomer":false},{"id":"8a5cb9d394dead960194e679e3b63873","author":"Гульмира","date":"08.02.2025","orderNumber":"486642299","rating":5,"comment":{"minus":"","plus":"","text":"Классные подтягивающие, корректируют фигуру выглядят естественно. Спасибо магазину lARKO-KZ за качественную вещь и быструю доставку."},"feedback":{"positive":0,"voted":false},"product":{"id":"116479808","name":"Трусы LARKO пушап черный S-M","categoryCode":"Master - Women shapewear","categoryName":"Женское корректирующее белье","link":"https://kaspi.kz/shop/p/trusy-larko-pushap-chernyi-s-m-116479808/"},"merchant":{"name":"LARKO-KZ","code":"17629423"},"editable":false,"editedByCustomer":false},{"id":"8a5c549e94ab5cfd0194cb745f2531b9","author":"Замира","date":"03.02.2025","orderNumber":"490661144","rating":5,"comment":{"minus":"","plus":"","text":"Хорошие, покупкой довольна."},"feedback":{"positive":0,"voted":false},"product":{"id":"116479808","name":"Трусы LARKO пушап черный S-M","categoryCode":"Master - Women shapewear","categoryName":"Женское корректирующее белье","link":"https://kaspi.kz/shop/p/trusy-larko-pushap-chernyi-s-m-116479808/"},"merchant":{"name":"LARKO-KZ","code":"17629423"},"editable":false,"editedByCustomer":false},{"id":"8a5cb3f794b1cde00194c23f21111b6a","author":"Аделя","date":"01.02.2025","orderNumber":"489197951","rating":5,"comment":{"minus":"","plus":"","text":"Очень удобный. При носке почти не чувствуется, советую."},"feedback":{"positive":0,"voted":false},"product":{"id":"116479808","name":"Трусы LARKO пушап черный S-M","categoryCode":"Master - Women shapewear","categoryName":"Женское корректирующее белье","link":"https://kaspi.kz/shop/p/trusy-larko-pushap-chernyi-s-m-116479808/"},"merchant":{"name":"LARKO-KZ","code":"17629423"},"editable":false,"editedByCustomer":false},{"id":"8a5c67c194ab5c7c0194b792fce316f7","author":"Айсана","date":"30.01.2025","orderNumber":"487439901","rating":5,"comment":{"minus":"","plus":"","text":"Уже оценила удобство, да и сидит оно очень аппетитно. Рекомендую."},"feedback":{"positive":1,"voted":false},"product":{"id":"116479808","name":"Трусы LARKO пушап черный S-M","categoryCode":"Master - Women shapewear","categoryName":"Женское корректирующее белье","link":"https://kaspi.kz/shop/p/trusy-larko-pushap-chernyi-s-m-116479808/"},"merchant":{"name":"LARKO-KZ","code":"17629423"},"editable":false,"editedByCustomer":false},{"id":"8a5c5a8594687588019498717c6346f7","author":"Гүлферизат","date":"24.01.2025","orderNumber":"483779646","rating":5,"comment":{"minus":"","plus":"","text":"Качество хорошее, спасибо большое."},"feedback":{"positive":0,"voted":false},"product":{"id":"116479808","name":"Трусы LARKO пушап черный S-M","categoryCode":"Master - Women shapewear","categoryName":"Женское корректирующее белье","link":"https://kaspi.kz/shop/p/trusy-larko-pushap-chernyi-s-m-116479808/"},"merchant":{"name":"LARKO-KZ","code":"17629423"},"editable":false,"editedByCustomer":false},{"id":"8a5c7ab0946876a401948e1a04743a5e","author":"Руфия","date":"22.01.2025","orderNumber":"484434857","rating":5,"comment":{"minus":"","plus":"","text":"Только что получила трусики, очень понравились, нежный материал, бесшовные, очень рада что не ошиблась в выборе, размер заказала S."},"feedback":{"positive":0,"voted":false},"product":{"id":"116479808","name":"Трусы LARKO пушап черный S-M","categoryCode":"Master - Women shapewear","categoryName":"Женское корректирующее белье","link":"https://kaspi.kz/shop/p/trusy-larko-pushap-chernyi-s-m-116479808/"},"merchant":{"name":"LARKO-KZ","code":"17629423"},"editable":false,"editedByCustomer":false},{"id":"8a5c28f3946875e701948d489d2b38b6","author":"Анжела","date":"22.01.2025","orderNumber":"483126366","rating":5,"comment":{"minus":"","plus":"","text":"Рискнула купить сразу 2 штуки. Не для эстетики, а для здоровья. Очень эффективно снимает нагрузку с области копчика и таза при ушибе. Можно надевать поверх белья. Размер S-M для моего 44-46 отлично подошёл. В области живота есть дополнительная утяжка."},"feedback":{"positive":1,"voted":false},"product":{"id":"116479808","name":"Трусы LARKO пушап черный S-M","categoryCode":"Master - Women shapewear","categoryName":"Женское корректирующее белье","link":"https://kaspi.kz/shop/p/trusy-larko-pushap-chernyi-s-m-116479808/"},"merchant":{"name":"LARKO-KZ","code":"17629423"},"editable":false,"editedByCustomer":false},{"id":"8a5cfe09939556420193bb7555663f16","author":"Ақбота","date":"12.12.2024","orderNumber":"459799407","rating":5,"comment":{"minus":"","plus":"","text":"Күшті екен. Маған ұнады."},"feedback":{"positive":2,"voted":false},"product":{"id":"116479808","name":"Трусы LARKO пушап черный S-M","categoryCode":"Master - Women shapewear","categoryName":"Женское корректирующее белье","link":"https://kaspi.kz/shop/p/trusy-larko-pushap-chernyi-s-m-116479808/"},"merchant":{"name":"LARKO-KZ","code":"17629423"},"editable":false,"editedByCustomer":false},{"id":"8a5c60d59366cb9701937393fc4c159d","author":"Назгүл","date":"09.12.2024","orderNumber":"450099236","rating":5,"comment":{"minus":"","plus":"","text":"Өте керемет екен, доставка уақытынан бұрын келді, сапасы уаще классное. Всем советую."},"feedback":{"positive":0,"voted":false},"product":{"id":"116479808","name":"Трусы LARKO пушап черный S-M","categoryCode":"Master - Women shapewear","categoryName":"Женское корректирующее белье","link":"https://kaspi.kz/shop/p/trusy-larko-pushap-chernyi-s-m-116479808/"},"merchant":{"name":"LARKO-KZ","code":"17629423"},"editable":false,"editedByCustomer":false},{"id":"8a5c5eaa9366cc42019381bf08812648","author":"Меруерт","date":"01.12.2024","orderNumber":"452359980","rating":4,"comment":{"minus":"","plus":"","text":"Все отлично подошло. Спасибо магазину Larko."},"feedback":{"positive":0,"voted":false},"product":{"id":"116479808","name":"Трусы LARKO пушап черный S-M","categoryCode":"Master - Women shapewear","categoryName":"Женское корректирующее белье","link":"https://kaspi.kz/shop/p/trusy-larko-pushap-chernyi-s-m-116479808/"},"merchant":{"name":"LARKO-KZ","code":"17629423"},"editable":false,"editedByCustomer":false},{"id":"8a5c9abb9366cb4d01936d2c57390b39","author":"Алтынай","date":"27.11.2024","orderNumber":"450410755","rating":5,"comment":{"minus":"","plus":"","text":"Беру третьи трусы с пушапом, мне нравится. Не заметно. Качество отличное."},"feedback":{"positive":0,"voted":false},"product":{"id":"116479808","name":"Трусы LARKO пушап черный S-M","categoryCode":"Master - Women shapewear","categoryName":"Женское корректирующее белье","link":"https://kaspi.kz/shop/p/trusy-larko-pushap-chernyi-s-m-116479808/"},"merchant":{"name":"LARKO-KZ","code":"17629423"},"editable":false,"editedByCustomer":false},{"id":"8a5c73799366cab301936991a53806ee","author":"Қымбат","date":"26.11.2024","orderNumber":"448636720","rating":5,"comment":{"minus":"","plus":"","text":"Заказала с магазина Larko, качество супер, смотрится естественно и не заметно."},"feedback":{"positive":0,"voted":false},"product":{"id":"116479808","name":"Трусы LARKO пушап черный S-M","categoryCode":"Master - Women shapewear","categoryName":"Женское корректирующее белье","link":"https://kaspi.kz/shop/p/trusy-larko-pushap-chernyi-s-m-116479808/"},"merchant":{"name":"LARKO-KZ","code":"17629423"},"editable":false,"editedByCustomer":false},{"id":"8a5c5eaa9366cc42019368793b0003fd","author":"Арухан","date":"26.11.2024","orderNumber":"449622979","rating":5,"comment":{"minus":"","plus":"","text":"Күшті матасы жинап тұрады, натуралный сияқты."},"feedback":{"positive":0,"voted":false},"product":{"id":"116479808","name":"Трусы LARKO пушап черный S-M","categoryCode":"Master - Women shapewear","categoryName":"Женское корректирующее белье","link":"https://kaspi.kz/shop/p/trusy-larko-pushap-chernyi-s-m-116479808/"},"merchant":{"name":"LARKO-KZ","code":"17629423"},"editable":false,"editedByCustomer":false},{"id":"8a5c0411931f0f37019345ea8c833a38","author":"Жансая","date":"20.11.2024","orderNumber":"445507486","rating":5,"comment":{"minus":"","plus":"","text":"Размер келді, күшті ұнады."},"feedback":{"positive":0,"voted":false},"product":{"id":"116479808","name":"Трусы LARKO пушап черный S-M","categoryCode":"Master - Women shapewear","categoryName":"Женское корректирующее белье","link":"https://kaspi.kz/shop/p/trusy-larko-pushap-chernyi-s-m-116479808/"},"merchant":{"name":"LARKO-KZ","code":"17629423"},"editable":false,"editedByCustomer":false},{"id":"8a5c2f7e931f0e8e019330d28c531e94","author":"Гулим","date":"15.11.2024","orderNumber":"442858515","rating":5,"comment":{"minus":"","plus":"","text":"Самые лучшие трусики с эффектом пушап. Выглядит натурально. Качественные трусы. Советую. Берите. Larko беру второй раз уже в подарок."},"feedback":{"positive":0,"voted":false},"product":{"id":"116479808","name":"Трусы LARKO пушап черный S-M","categoryCode":"Master - Women shapewear","categoryName":"Женское корректирующее белье","link":"https://kaspi.kz/shop/p/trusy-larko-pushap-chernyi-s-m-116479808/"},"merchant":{"name":"LARKO-KZ","code":"17629423"},"editable":false,"editedByCustomer":false},{"id":"8a5cd265930f2721019310277cf10154","author":"Сайера","date":"09.11.2024","orderNumber":"438373255","rating":5,"comment":{"minus":"","plus":"","text":"Хорошая вещь! Тем кому нужен небольшой объем, для поддержания своей фигуры) Спасибо магазину ЛАРКО-КЗ, доставка вовремя хорошо упаковали!"},"feedback":{"positive":0,"voted":false},"product":{"id":"116479808","name":"Трусы LARKO пушап черный S-M","categoryCode":"Master - Women shapewear","categoryName":"Женское корректирующее белье","link":"https://kaspi.kz/shop/p/trusy-larko-pushap-chernyi-s-m-116479808/"},"merchant":{"name":"LARKO-KZ","code":"17629423"},"editable":false,"editedByCustomer":false},{"id":"8a5c554f9293460d019293bfc39a006f","author":"Назиля","date":"16.10.2024","orderNumber":"426259450","rating":5,"comment":{"minus":"","plus":"","text":"Товар хороший."},"feedback":{"positive":0,"voted":false},"product":{"id":"116479808","name":"Трусы LARKO пушап черный S-M","categoryCode":"Master - Women shapewear","categoryName":"Женское корректирующее белье","link":"https://kaspi.kz/shop/p/trusy-larko-pushap-chernyi-s-m-116479808/"},"merchant":{"name":"LARKO-KZ","code":"17629423"},"editable":false,"editedByCustomer":false},{"id":"8a5c9d8e927509a1019276b2fbff06b2","author":"Эдита","date":"10.10.2024","orderNumber":"424230947","rating":5,"comment":{"minus":"","plus":"","text":"Подошли по размеру. Всё отлично. Рекомендую LARKO- KZ."},"feedback":{"positive":0,"voted":false},"product":{"id":"116479808","name":"Трусы LARKO пушап черный S-M","categoryCode":"Master - Women shapewear","categoryName":"Женское корректирующее белье","link":"https://kaspi.kz/shop/p/trusy-larko-pushap-chernyi-s-m-116479808/"},"merchant":{"name":"LARKO-KZ","code":"17629423"},"editable":false,"editedByCustomer":false},{"id":"8a5c4edc920df28501921f67509325a2","author":"Диана","date":"25.09.2024","orderNumber":"415743867","rating":5,"comment":{"minus":"","plus":"","text":"Супер идеальные мега удобные трусики."},"feedback":{"positive":0,"voted":false},"product":{"id":"116479808","name":"Трусы LARKO пушап черный S-M","categoryCode":"Master - Women shapewear","categoryName":"Женское корректирующее белье","link":"https://kaspi.kz/shop/p/trusy-larko-pushap-chernyi-s-m-116479808/"},"merchant":{"name":"LARKO-KZ","code":"17629423"},"editable":false,"editedByCustomer":false},{"id":"8a5cce6e92222c030192246b2165059b","author":"Лаззат","date":"24.09.2024","orderNumber":"415255695","rating":5,"comment":{"minus":"","plus":"","text":"Спасибо продавцу, всё объяснила на счёт размера, и товар подошёл, рекомендую всем. Спасибо Каспи Магазину."},"feedback":{"positive":0,"voted":false},"product":{"id":"116479808","name":"Трусы LARKO пушап черный S-M","categoryCode":"Master - Women shapewear","categoryName":"Женское корректирующее белье","link":"https://kaspi.kz/shop/p/trusy-larko-pushap-chernyi-s-m-116479808/"},"merchant":{"name":"LARKO-KZ","code":"17629423"},"editable":false,"editedByCustomer":false},{"id":"8a5c0c2c91f94a9201920085745e1275","author":"Құндыз","date":"17.09.2024","orderNumber":"411774466","rating":5,"comment":{"minus":"","plus":"","text":"По размеру подошел, и ткань приятная, спасибо продавцу за своевременную доставку."},"feedback":{"positive":0,"voted":false},"product":{"id":"116479808","name":"Трусы LARKO пушап черный S-M","categoryCode":"Master - Women shapewear","categoryName":"Женское корректирующее белье","link":"https://kaspi.kz/shop/p/trusy-larko-pushap-chernyi-s-m-116479808/"},"merchant":{"name":"LARKO-KZ","code":"17629423"},"editable":false,"editedByCustomer":false},{"id":"8a5c197f91f94a1a0191fa89eb8c04c8","author":"Салима","date":"16.09.2024","orderNumber":"411673763","rating":5,"comment":{"minus":"","plus":"","text":"Очень удобные и не слишком заметные под одеждой."},"feedback":{"positive":0,"voted":false},"product":{"id":"116479808","name":"Трусы LARKO пушап черный S-M","categoryCode":"Master - Women shapewear","categoryName":"Женское корректирующее белье","link":"https://kaspi.kz/shop/p/trusy-larko-pushap-chernyi-s-m-116479808/"},"merchant":{"name":"LARKO-KZ","code":"17629423"},"editable":false,"editedByCustomer":false},{"id":"8a5cadea91f949de0191fa6b5a5f044c","author":"Гулим","date":"16.09.2024","orderNumber":"407533327","rating":5,"comment":{"minus":"","plus":"","text":"Классные как свои. Качество."},"feedback":{"positive":0,"voted":false},"product":{"id":"116479808","name":"Трусы LARKO пушап черный S-M","categoryCode":"Master - Women shapewear","categoryName":"Женское корректирующее белье","link":"https://kaspi.kz/shop/p/trusy-larko-pushap-chernyi-s-m-116479808/"},"merchant":{"name":"LARKO-KZ","code":"17629423"},"editable":false,"editedByCustomer":false},{"id":"8a5c07a99187ceb501918a1882790594","author":"Наргиза","date":"25.08.2024","orderNumber":"400310559","rating":5,"comment":{"minus":"","plus":"","text":"Классные попочки. У меня плоская попа прям одежда сейчас сидит идеально."},"feedback":{"positive":2,"voted":false},"product":{"id":"116479808","name":"Трусы LARKO пушап черный S-M","categoryCode":"Master - Women shapewear","categoryName":"Женское корректирующее белье","link":"https://kaspi.kz/shop/p/trusy-larko-pushap-chernyi-s-m-116479808/"},"merchant":{"name":"LARKO-KZ","code":"17629423"},"editable":false,"editedByCustomer":false},{"id":"8a5c5c8190d88f2e01911e5a26136888","author":"Жулдыз","date":"04.08.2024","orderNumber":"387295829","rating":5,"comment":{"minus":"","plus":"","text":"Этот более мягкий. И чуток увеличивает. Норма)."},"feedback":{"positive":3,"voted":false},"product":{"id":"116479808","name":"Трусы LARKO пушап черный S-M","categoryCode":"Master - Women shapewear","categoryName":"Женское корректирующее белье","link":"https://kaspi.kz/shop/p/trusy-larko-pushap-chernyi-s-m-116479808/"},"merchant":{"name":"LARKO-KZ","code":"17629423"},"editable":false,"editedByCustomer":false},{"id":"8a5c6a1790d88fdc0190ea64ae1523ca","author":"Мөлдір","date":"25.07.2024","orderNumber":"385002385","rating":5,"comment":{"minus":"","plus":"","text":"Очень классные, удобные и качество супер, спасибо."},"feedback":{"positive":1,"voted":false},"product":{"id":"116479808","name":"Трусы LARKO пушап черный S-M","categoryCode":"Master - Women shapewear","categoryName":"Женское корректирующее белье","link":"https://kaspi.kz/shop/p/trusy-larko-pushap-chernyi-s-m-116479808/"},"merchant":{"name":"LARKO-KZ","code":"17629423"},"editable":false,"editedByCustomer":false},{"id":"8a5c7a9990d88f4a0190d89b083e000a","author":"Гульнур","date":"22.07.2024","orderNumber":"383641947","rating":5,"comment":{"minus":"","plus":"","text":"Трусики точь в точь как на фото. Ношу размер S-М, поэтому и трусики заказала в этом размере, подошли идеально. Приятный к телу материал. Посадка классная, пушап выглядит естественно. В носке трусики очень комфортные. Заказала ещё одни такие же. Покупкой очень довольна! Рекомендую всем! Доставка вовремя! Спасибо LARKO-KZ и Каспи!"},"feedback":{"positive":0,"voted":false},"product":{"id":"116479808","name":"Трусы LARKO пушап черный S-M","categoryCode":"Master - Women shapewear","categoryName":"Женское корректирующее белье","link":"https://kaspi.kz/shop/p/trusy-larko-pushap-chernyi-s-m-116479808/"},"merchant":{"name":"LARKO-KZ","code":"17629423"},"editable":false,"editedByCustomer":false},{"id":"8a5c0c0b9057f76301906ed480021d08","author":"Ольга","date":"01.07.2024","orderNumber":"345603110","rating":5,"comment":{"minus":"","plus":"","text":"Классные труселя."},"feedback":{"positive":1,"voted":false},"product":{"id":"116479808","name":"Трусы LARKO пушап черный S-M","categoryCode":"Master - Women shapewear","categoryName":"Женское корректирующее белье","link":"https://kaspi.kz/shop/p/trusy-larko-pushap-chernyi-s-m-116479808/"},"merchant":{"name":"LARKO-KZ","code":"17629423"},"editable":false,"editedByCustomer":false},{"id":"8a5cce718e7f91d6018e99a960fb2e96","author":"Надежда","date":"02.04.2024","orderNumber":"341691770","rating":5,"comment":{"minus":"","plus":"","text":"Качественные, что хорошо вкладыши съёмные, размер соответствует. Лёгкое увлечение, под вещами будет идентично вашему телу."},"feedback":{"positive":1,"voted":false},"galleryImages":[{"id":"341691770-116479808/170ed1ab-d5a4-4c3e-99d8-5317467e32c3.jpeg","small":"https://resources.cdn-kaspi.kz/img/p/r/341691770-116479808/170ed1ab-d5a4-4c3e-99d8-5317467e32c3.jpeg?format=review_small","medium":"https://resources.cdn-kaspi.kz/img/p/r/341691770-116479808/170ed1ab-d5a4-4c3e-99d8-5317467e32c3.jpeg?format=review_medium","large":"https://resources.cdn-kaspi.kz/img/p/r/341691770-116479808/170ed1ab-d5a4-4c3e-99d8-5317467e32c3.jpeg?format=review_large"},{"id":"341691770-116479808/f0d54160-3427-4f4d-84ad-58b78a1244da.jpeg","small":"https://resources.cdn-kaspi.kz/img/p/r/341691770-116479808/f0d54160-3427-4f4d-84ad-58b78a1244da.jpeg?format=review_small","medium":"https://resources.cdn-kaspi.kz/img/p/r/341691770-116479808/f0d54160-3427-4f4d-84ad-58b78a1244da.jpeg?format=review_medium","large":"https://resources.cdn-kaspi.kz/img/p/r/341691770-116479808/f0d54160-3427-4f4d-84ad-58b78a1244da.jpeg?format=review_large"},{"id":"341691770-116479808/14f214e3-cb9b-4dde-b6a5-ba166ea34e83.jpeg","small":"https://resources.cdn-kaspi.kz/img/p/r/341691770-116479808/14f214e3-cb9b-4dde-b6a5-ba166ea34e83.jpeg?format=review_small","medium":"https://resources.cdn-kaspi.kz/img/p/r/341691770-116479808/14f214e3-cb9b-4dde-b6a5-ba166ea34e83.jpeg?format=review_medium","large":"https://resources.cdn-kaspi.kz/img/p/r/341691770-116479808/14f214e3-cb9b-4dde-b6a5-ba166ea34e83.jpeg?format=review_large"},{"id":"341691770-116479808/ae18c5b1-64ed-4c65-b0a8-2bde85b9dff1.jpeg","small":"https://resources.cdn-kaspi.kz/img/p/r/341691770-116479808/ae18c5b1-64ed-4c65-b0a8-2bde85b9dff1.jpeg?format=review_small","medium":"https://resources.cdn-kaspi.kz/img/p/r/341691770-116479808/ae18c5b1-64ed-4c65-b0a8-2bde85b9dff1.jpeg?format=review_medium","large":"https://resources.cdn-kaspi.kz/img/p/r/341691770-116479808/ae18c5b1-64ed-4c65-b0a8-2bde85b9dff1.jpeg?format=review_large"},{"id":"341691770-116479808/d55460f3-3497-4a11-9d1c-52303df0a02e.jpeg","small":"https://resources.cdn-kaspi.kz/img/p/r/341691770-116479808/d55460f3-3497-4a11-9d1c-52303df0a02e.jpeg?format=review_small","medium":"https://resources.cdn-kaspi.kz/img/p/r/341691770-116479808/d55460f3-3497-4a11-9d1c-52303df0a02e.jpeg?format=review_medium","large":"https://resources.cdn-kaspi.kz/img/p/r/341691770-116479808/d55460f3-3497-4a11-9d1c-52303df0a02e.jpeg?format=review_large"}],"product":{"id":"116479808","name":"Трусы LARKO пушап черный S-M","categoryCode":"Master - Women shapewear","categoryName":"Женское корректирующее белье","link":"https://kaspi.kz/shop/p/trusy-larko-pushap-chernyi-s-m-116479808/"},"merchant":{"name":"LARKO-KZ","code":"17629423"},"editable":false,"editedByCustomer":false}]}