{"data":[{"id":"8a5cb3c89618f39301965dd033173084","author":"Айгүл","date":"22.04.2025","orderNumber":"534287878","rating":5,"comment":{"minus":"","plus":"","text":"Мне очень понравилось. Спасибо."},"feedback":{"positive":1,"voted":false},"product":{"id":"131514074","name":"LARKO на грудопоясничный отдел posturgrey серый L","categoryCode":"Master - Posture correctors","categoryName":"Корректоры осанки","link":"https://kaspi.kz/shop/p/larko-na-grudopojasnichnyi-otdel-posturgrey-seryi-l-131514074/"},"merchant":{"name":"LARKO-KZ","code":"17629423"},"editable":false,"editedByCustomer":true},{"id":"8a5c5fbf9618f30801961abaad701177","author":"Алексей","date":"09.04.2025","orderNumber":"526767731","rating":5,"comment":{"minus":"","plus":"","text":"Хорошо держит, берите на размер больше вашего."},"feedback":{"positive":0,"voted":false},"product":{"id":"131514074","name":"LARKO на грудопоясничный отдел posturgrey серый L","categoryCode":"Master - Posture correctors","categoryName":"Корректоры осанки","link":"https://kaspi.kz/shop/p/larko-na-grudopojasnichnyi-otdel-posturgrey-seryi-l-131514074/"},"merchant":{"name":"LARKO-KZ","code":"17629423"},"editable":false,"editedByCustomer":false},{"id":"8a5cee5f940196d201943bdc2ce95168","author":"Алтынай","date":"06.01.2025","orderNumber":"463615130","rating":5,"comment":{"minus":"","plus":"","text":"Жақсы."},"feedback":{"positive":1,"voted":false},"product":{"id":"131514074","name":"LARKO на грудопоясничный отдел posturgrey серый L","categoryCode":"Master - Posture correctors","categoryName":"Корректоры осанки","link":"https://kaspi.kz/shop/p/larko-na-grudopojasnichnyi-otdel-posturgrey-seryi-l-131514074/"},"merchant":{"name":"LARKO-KZ","code":"17629423"},"editable":false,"editedByCustomer":true},{"id":"8a5c5d9b9401953a01941aaa87e12f25","author":"Лайла","date":"31.12.2024","orderNumber":"470701814","rating":5,"comment":{"minus":"","plus":"","text":"Өте жақсы сапалы карсет. Денеге де жайлы. 1ші күн тақтым өте ыңғайлы екен. Алыңыздар, бағасы да тиімді қол жетімді."},"feedback":{"positive":0,"voted":false},"product":{"id":"131514074","name":"LARKO на грудопоясничный отдел posturgrey серый L","categoryCode":"Master - Posture correctors","categoryName":"Корректоры осанки","link":"https://kaspi.kz/shop/p/larko-na-grudopojasnichnyi-otdel-posturgrey-seryi-l-131514074/"},"merchant":{"name":"LARKO-KZ","code":"17629423"},"editable":false,"editedByCustomer":false}]}