{"data":[{"id":"8a5ce3db95acfd640195eb52f7203d01","author":"Жансая","date":"31.03.2025","orderNumber":"511028052","rating":5,"comment":{"minus":"","plus":"","text":"Хорошо держит осанку, мне удобно в нем."},"feedback":{"positive":0,"voted":false},"product":{"id":"130994637","name":"LARKO Premium c лямками ортопедический женский бежевый L","categoryCode":"Master - Orthopedic corsets","categoryName":"Ортопедические корсеты","link":"https://kaspi.kz/shop/p/larko-premium-c-ljamkami-ortopedicheskii-zhenskii-bezhevyi-l-130994637/"},"merchant":{"name":"LARKO-KZ","code":"17629423"},"editable":false,"editedByCustomer":false},{"id":"8a5c3f0494ab5d750194caeb9aa6307f","author":"Сабина","date":"03.02.2025","orderNumber":"488895981","rating":5,"comment":{"minus":"","plus":"","text":"Довольна покупкой, качество топ, быстро доставили."},"feedback":{"positive":0,"voted":false},"product":{"id":"130994637","name":"LARKO Premium c лямками ортопедический женский бежевый L","categoryCode":"Master - Orthopedic corsets","categoryName":"Ортопедические корсеты","link":"https://kaspi.kz/shop/p/larko-premium-c-ljamkami-ortopedicheskii-zhenskii-bezhevyi-l-130994637/"},"merchant":{"name":"LARKO-KZ","code":"17629423"},"editable":false,"editedByCustomer":true},{"id":"8a5c71f994ab5c270194bd0a61401fde","author":"Дильноза","date":"01.02.2025","orderNumber":"486132541","rating":5,"comment":{"minus":"","plus":"","text":"Хороший корсет за такие деньги стоят."},"feedback":{"positive":0,"voted":false},"product":{"id":"130994637","name":"LARKO Premium c лямками ортопедический женский бежевый L","categoryCode":"Master - Orthopedic corsets","categoryName":"Ортопедические корсеты","link":"https://kaspi.kz/shop/p/larko-premium-c-ljamkami-ortopedicheskii-zhenskii-bezhevyi-l-130994637/"},"merchant":{"name":"LARKO-KZ","code":"17629423"},"editable":false,"editedByCustomer":false},{"id":"8a5c9829946875a10194a710115255b1","author":"Эльмира","date":"27.01.2025","orderNumber":"484255770","rating":5,"comment":{"minus":"","plus":"","text":"Күшті, ішті бәрін жасырады екен, рақмет."},"feedback":{"positive":0,"voted":false},"product":{"id":"130994637","name":"LARKO Premium c лямками ортопедический женский бежевый L","categoryCode":"Master - Orthopedic corsets","categoryName":"Ортопедические корсеты","link":"https://kaspi.kz/shop/p/larko-premium-c-ljamkami-ortopedicheskii-zhenskii-bezhevyi-l-130994637/"},"merchant":{"name":"LARKO-KZ","code":"17629423"},"editable":false,"editedByCustomer":false},{"id":"8a5c07a39468758001946ea76ba70aab","author":"Солмазханым","date":"16.01.2025","orderNumber":"476598989","rating":5,"comment":{"minus":"","plus":"","text":"Хороший корсет."},"feedback":{"positive":0,"voted":false},"product":{"id":"130994637","name":"LARKO Premium c лямками ортопедический женский бежевый L","categoryCode":"Master - Orthopedic corsets","categoryName":"Ортопедические корсеты","link":"https://kaspi.kz/shop/p/larko-premium-c-ljamkami-ortopedicheskii-zhenskii-bezhevyi-l-130994637/"},"merchant":{"name":"LARKO-KZ","code":"17629423"},"editable":false,"editedByCustomer":false},{"id":"8a5c71f094019647019401d4d8fc00e0","author":"Динара","date":"26.12.2024","orderNumber":"465767178","rating":5,"comment":{"minus":"","plus":"","text":"Это просто находка! Восторг! Все везде собирает, подчеркивает фигуру, удобно при носке. Качество топ! Единственное, если надевать под платье тонкое, корсет выделяется слегка, так как ткань там плотная, и швы массивные."},"feedback":{"positive":1,"voted":false},"product":{"id":"130994637","name":"LARKO Premium c лямками ортопедический женский бежевый L","categoryCode":"Master - Orthopedic corsets","categoryName":"Ортопедические корсеты","link":"https://kaspi.kz/shop/p/larko-premium-c-ljamkami-ortopedicheskii-zhenskii-bezhevyi-l-130994637/"},"merchant":{"name":"LARKO-KZ","code":"17629423"},"editable":false,"editedByCustomer":false},{"id":"8a5c1dd1939557340193d91726746b01","author":"Рауана","date":"18.12.2024","orderNumber":"460905461","rating":5,"comment":{"minus":"","plus":"","text":"Товар доставили раньше, спасибо продавцу. Сам корсет очень удобный, живот, бока все хорошо держит."},"feedback":{"positive":0,"voted":false},"product":{"id":"130994637","name":"LARKO Premium c лямками ортопедический женский бежевый L","categoryCode":"Master - Orthopedic corsets","categoryName":"Ортопедические корсеты","link":"https://kaspi.kz/shop/p/larko-premium-c-ljamkami-ortopedicheskii-zhenskii-bezhevyi-l-130994637/"},"merchant":{"name":"LARKO-KZ","code":"17629423"},"editable":false,"editedByCustomer":false}]}