{"data":[{"id":"8a5c5db5963cc0dd01963ea62a350ad6","author":"Карина","date":"16.04.2025","orderNumber":"526777499","rating":5,"comment":{"minus":"","plus":"","text":"Хороший пояс, после родов очень пригодился."},"feedback":{"positive":0,"voted":false},"product":{"id":"120925319","name":"Пояс LARKO сауна на застежках XXXXL, 5XL","categoryCode":"Master - Clothes for slimming","categoryName":"Одежда для похудения","link":"https://kaspi.kz/shop/p/pojas-larko-sauna-na-zastezhkah-xxxxl-5xl-120925319/"},"merchant":{"name":"LARKO-KZ","code":"17629423"},"editable":false,"editedByCustomer":false},{"id":"8a5c5ab69620db19019620f913f9006b","author":"Гульсая","date":"10.04.2025","orderNumber":"529153414","rating":5,"comment":{"minus":"","plus":"","text":"Пояс мне понравился, классный, спасибо большое магазину, товар быстро пришел."},"feedback":{"positive":0,"voted":false},"product":{"id":"120925319","name":"Пояс LARKO сауна на застежках XXXXL, 5XL","categoryCode":"Master - Clothes for slimming","categoryName":"Одежда для похудения","link":"https://kaspi.kz/shop/p/pojas-larko-sauna-na-zastezhkah-xxxxl-5xl-120925319/"},"merchant":{"name":"LARKO-KZ","code":"17629423"},"editable":false,"editedByCustomer":false},{"id":"8a5c5fbf9618f30801961b6f99811b07","author":"Елена","date":"09.04.2025","orderNumber":"513948339","rating":5,"comment":{"minus":"","plus":"","text":"Пояс классный."},"feedback":{"positive":0,"voted":false},"product":{"id":"120925319","name":"Пояс LARKO сауна на застежках XXXXL, 5XL","categoryCode":"Master - Clothes for slimming","categoryName":"Одежда для похудения","link":"https://kaspi.kz/shop/p/pojas-larko-sauna-na-zastezhkah-xxxxl-5xl-120925319/"},"merchant":{"name":"LARKO-KZ","code":"17629423"},"editable":false,"editedByCustomer":false},{"id":"8a5c30729618f3d201961a3104d50b44","author":"Аяужан","date":"09.04.2025","orderNumber":"527791260","rating":5,"comment":{"minus":"","plus":"","text":"Спасибо за товар. Пояс супер. Качество отличное. Доставили вовремя."},"feedback":{"positive":0,"voted":false},"product":{"id":"120925319","name":"Пояс LARKO сауна на застежках XXXXL, 5XL","categoryCode":"Master - Clothes for slimming","categoryName":"Одежда для похудения","link":"https://kaspi.kz/shop/p/pojas-larko-sauna-na-zastezhkah-xxxxl-5xl-120925319/"},"merchant":{"name":"LARKO-KZ","code":"17629423"},"editable":false,"editedByCustomer":false},{"id":"8a5c983a95f5263401960b448c6b655f","author":"Зарина","date":"06.04.2025","orderNumber":"526888445","rating":5,"comment":{"minus":"","plus":"","text":"Товар очень хорошего качества, соответствует всем заявленным требованиям."},"feedback":{"positive":0,"voted":false},"product":{"id":"120925319","name":"Пояс LARKO сауна на застежках XXXXL, 5XL","categoryCode":"Master - Clothes for slimming","categoryName":"Одежда для похудения","link":"https://kaspi.kz/shop/p/pojas-larko-sauna-na-zastezhkah-xxxxl-5xl-120925319/"},"merchant":{"name":"LARKO-KZ","code":"17629423"},"editable":false,"editedByCustomer":false},{"id":"8a5c9abf946876500194a27778aa51b5","author":"Гүлбақыт","date":"26.01.2025","orderNumber":"485347264","rating":5,"comment":{"minus":"","plus":"","text":"Получила товар. Корсет подошел по размеру. После кесарево как раз не сильно жмет. Хорошо потеют пояса. То, что надо."},"feedback":{"positive":0,"voted":false},"galleryImages":[{"id":"485347264-120925319/2d2a970c-2705-4010-9499-f5f544b7d98f.jpeg","small":"https://resources.cdn-kaspi.kz/img/p/r/485347264-120925319/2d2a970c-2705-4010-9499-f5f544b7d98f.jpeg?format=review_small","medium":"https://resources.cdn-kaspi.kz/img/p/r/485347264-120925319/2d2a970c-2705-4010-9499-f5f544b7d98f.jpeg?format=review_medium","large":"https://resources.cdn-kaspi.kz/img/p/r/485347264-120925319/2d2a970c-2705-4010-9499-f5f544b7d98f.jpeg?format=review_large"}],"product":{"id":"120925319","name":"Пояс LARKO сауна на застежках XXXXL, 5XL","categoryCode":"Master - Clothes for slimming","categoryName":"Одежда для похудения","link":"https://kaspi.kz/shop/p/pojas-larko-sauna-na-zastezhkah-xxxxl-5xl-120925319/"},"merchant":{"name":"LARKO-KZ","code":"17629423"},"editable":false,"editedByCustomer":false},{"id":"8a5cb9dd939a867b0193ca3057a14ad8","author":"Әсел","date":"15.12.2024","orderNumber":"460594452","rating":5,"comment":{"minus":"","plus":"","text":"Классный пояс, надо было мне брать размер поменьше. Если на поясницу намазать мазь Дикуля + этот пояс крутой результат дает для спины."},"feedback":{"positive":0,"voted":false},"product":{"id":"120925319","name":"Пояс LARKO сауна на застежках XXXXL, 5XL","categoryCode":"Master - Clothes for slimming","categoryName":"Одежда для похудения","link":"https://kaspi.kz/shop/p/pojas-larko-sauna-na-zastezhkah-xxxxl-5xl-120925319/"},"merchant":{"name":"LARKO-KZ","code":"17629423"},"editable":false,"editedByCustomer":false},{"id":"8a5c623993809f02019380cb432d0018","author":"Доно","date":"01.12.2024","orderNumber":"453716827","rating":5,"comment":{"minus":"","plus":"","text":"Сегодня получила этот пояс, размер подошёл, очень классный товар за такую цену."},"feedback":{"positive":0,"voted":false},"product":{"id":"120925319","name":"Пояс LARKO сауна на застежках XXXXL, 5XL","categoryCode":"Master - Clothes for slimming","categoryName":"Одежда для похудения","link":"https://kaspi.kz/shop/p/pojas-larko-sauna-na-zastezhkah-xxxxl-5xl-120925319/"},"merchant":{"name":"LARKO-KZ","code":"17629423"},"editable":false,"editedByCustomer":false},{"id":"8a5c1b4592fbed9f0193005f8ae50880","author":"Daria","date":"06.11.2024","orderNumber":"430019270","rating":5,"comment":{"minus":"","plus":"","text":"Отличный товар, доставка в срок. Нет неприятного запаха. Свою функцию выполняет."},"feedback":{"positive":0,"voted":false},"galleryImages":[{"id":"430019270-120925319/bf0dbd6a-9898-4132-a095-dc9f74ab1696.jpeg","small":"https://resources.cdn-kaspi.kz/img/p/r/430019270-120925319/bf0dbd6a-9898-4132-a095-dc9f74ab1696.jpeg?format=review_small","medium":"https://resources.cdn-kaspi.kz/img/p/r/430019270-120925319/bf0dbd6a-9898-4132-a095-dc9f74ab1696.jpeg?format=review_medium","large":"https://resources.cdn-kaspi.kz/img/p/r/430019270-120925319/bf0dbd6a-9898-4132-a095-dc9f74ab1696.jpeg?format=review_large"},{"id":"430019270-120925319/4d70bd62-c192-49a4-8303-c93e1c56e002.jpeg","small":"https://resources.cdn-kaspi.kz/img/p/r/430019270-120925319/4d70bd62-c192-49a4-8303-c93e1c56e002.jpeg?format=review_small","medium":"https://resources.cdn-kaspi.kz/img/p/r/430019270-120925319/4d70bd62-c192-49a4-8303-c93e1c56e002.jpeg?format=review_medium","large":"https://resources.cdn-kaspi.kz/img/p/r/430019270-120925319/4d70bd62-c192-49a4-8303-c93e1c56e002.jpeg?format=review_large"}],"product":{"id":"120925319","name":"Пояс LARKO сауна на застежках XXXXL, 5XL","categoryCode":"Master - Clothes for slimming","categoryName":"Одежда для похудения","link":"https://kaspi.kz/shop/p/pojas-larko-sauna-na-zastezhkah-xxxxl-5xl-120925319/"},"merchant":{"name":"LARKO-KZ","code":"17629423"},"editable":false,"editedByCustomer":false},{"id":"8a5c5ca4927508c201929f7cf22e4539","author":"Думан","date":"18.10.2024","orderNumber":"427560956","rating":3,"comment":{"minus":"","plus":"","text":"Өте жұмсақ екен, кішкене қаттырақ материал болғанда жақсы болар еді, жиырылып қала береді, тапсырыс бермейс бұрын дұрыстап қарап алыңыздар."},"feedback":{"positive":1,"voted":false},"product":{"id":"120925319","name":"Пояс LARKO сауна на застежках XXXXL, 5XL","categoryCode":"Master - Clothes for slimming","categoryName":"Одежда для похудения","link":"https://kaspi.kz/shop/p/pojas-larko-sauna-na-zastezhkah-xxxxl-5xl-120925319/"},"merchant":{"name":"LARKO-KZ","code":"17629423"},"editable":false,"editedByCustomer":false},{"id":"8a5c1c85929345f301929471c82a01cd","author":"Айгуль","date":"16.10.2024","orderNumber":"418638561","rating":5,"comment":{"minus":"","plus":"","text":"Өте жақсы көмектеседі екен."},"feedback":{"positive":1,"voted":false},"galleryImages":[{"id":"418638561-120925319/a27f7395-17f9-4a90-b9e5-ac554f6ea362.jpeg","small":"https://resources.cdn-kaspi.kz/img/p/r/418638561-120925319/a27f7395-17f9-4a90-b9e5-ac554f6ea362.jpeg?format=review_small","medium":"https://resources.cdn-kaspi.kz/img/p/r/418638561-120925319/a27f7395-17f9-4a90-b9e5-ac554f6ea362.jpeg?format=review_medium","large":"https://resources.cdn-kaspi.kz/img/p/r/418638561-120925319/a27f7395-17f9-4a90-b9e5-ac554f6ea362.jpeg?format=review_large"},{"id":"418638561-120925319/3fe400c2-7386-498d-aec1-0d0d356aa185.jpeg","small":"https://resources.cdn-kaspi.kz/img/p/r/418638561-120925319/3fe400c2-7386-498d-aec1-0d0d356aa185.jpeg?format=review_small","medium":"https://resources.cdn-kaspi.kz/img/p/r/418638561-120925319/3fe400c2-7386-498d-aec1-0d0d356aa185.jpeg?format=review_medium","large":"https://resources.cdn-kaspi.kz/img/p/r/418638561-120925319/3fe400c2-7386-498d-aec1-0d0d356aa185.jpeg?format=review_large"},{"id":"418638561-120925319/c3618376-bc27-4055-87c4-99dbb48c6189.jpeg","small":"https://resources.cdn-kaspi.kz/img/p/r/418638561-120925319/c3618376-bc27-4055-87c4-99dbb48c6189.jpeg?format=review_small","medium":"https://resources.cdn-kaspi.kz/img/p/r/418638561-120925319/c3618376-bc27-4055-87c4-99dbb48c6189.jpeg?format=review_medium","large":"https://resources.cdn-kaspi.kz/img/p/r/418638561-120925319/c3618376-bc27-4055-87c4-99dbb48c6189.jpeg?format=review_large"}],"product":{"id":"120925319","name":"Пояс LARKO сауна на застежках XXXXL, 5XL","categoryCode":"Master - Clothes for slimming","categoryName":"Одежда для похудения","link":"https://kaspi.kz/shop/p/pojas-larko-sauna-na-zastezhkah-xxxxl-5xl-120925319/"},"merchant":{"name":"LARKO-KZ","code":"17629423"},"editable":false,"editedByCustomer":false},{"id":"8a5cf7ac920df4ae01922e83db733c9a","author":"Оксана","date":"26.09.2024","orderNumber":"412795921","rating":4,"comment":{"minus":"","plus":"","text":"Сделано качественно. Но эффект пока не наблюдаю. Ношу мало."},"feedback":{"positive":0,"voted":false},"product":{"id":"120925319","name":"Пояс LARKO сауна на застежках XXXXL, 5XL","categoryCode":"Master - Clothes for slimming","categoryName":"Одежда для похудения","link":"https://kaspi.kz/shop/p/pojas-larko-sauna-na-zastezhkah-xxxxl-5xl-120925319/"},"merchant":{"name":"LARKO-KZ","code":"17629423"},"editable":false,"editedByCustomer":false},{"id":"8a5ccd5c920df26e019213f161440e9e","author":"Ризвангуль","date":"21.09.2024","orderNumber":"411824982","rating":5,"comment":{"minus":"","plus":"","text":"Спасибо Каспи, товар доставили быстро, пояс понравился."},"feedback":{"positive":0,"voted":false},"product":{"id":"120925319","name":"Пояс LARKO сауна на застежках XXXXL, 5XL","categoryCode":"Master - Clothes for slimming","categoryName":"Одежда для похудения","link":"https://kaspi.kz/shop/p/pojas-larko-sauna-na-zastezhkah-xxxxl-5xl-120925319/"},"merchant":{"name":"LARKO-KZ","code":"17629423"},"editable":false,"editedByCustomer":false},{"id":"8a5c043f91ac2cc60191ac8234570099","author":"Алексей","date":"01.09.2024","orderNumber":"396164710","rating":5,"comment":{"minus":"","plus":"","text":"Менің жолдасыма ұнады, жақсы зат екен деді."},"feedback":{"positive":0,"voted":false},"product":{"id":"120925319","name":"Пояс LARKO сауна на застежках XXXXL, 5XL","categoryCode":"Master - Clothes for slimming","categoryName":"Одежда для похудения","link":"https://kaspi.kz/shop/p/pojas-larko-sauna-na-zastezhkah-xxxxl-5xl-120925319/"},"merchant":{"name":"LARKO-KZ","code":"17629423"},"editable":false,"editedByCustomer":false},{"id":"8a5c67d990d88f3e0190f83a504637c0","author":"Улмекен","date":"28.07.2024","orderNumber":"385190030","rating":5,"comment":{"minus":"","plus":"","text":"Күшті, керемет, Каспиге рахмет!."},"feedback":{"positive":1,"voted":false},"product":{"id":"120925319","name":"Пояс LARKO сауна на застежках XXXXL, 5XL","categoryCode":"Master - Clothes for slimming","categoryName":"Одежда для похудения","link":"https://kaspi.kz/shop/p/pojas-larko-sauna-na-zastezhkah-xxxxl-5xl-120925319/"},"merchant":{"name":"LARKO-KZ","code":"17629423"},"editable":false,"editedByCustomer":false},{"id":"8a5c529890d891070190f45e818f325b","author":"Раушан","date":"27.07.2024","orderNumber":"386218191","rating":5,"comment":{"minus":"","plus":"","text":"Керемет ұнады."},"feedback":{"positive":0,"voted":false},"product":{"id":"120925319","name":"Пояс LARKO сауна на застежках XXXXL, 5XL","categoryCode":"Master - Clothes for slimming","categoryName":"Одежда для похудения","link":"https://kaspi.kz/shop/p/pojas-larko-sauna-na-zastezhkah-xxxxl-5xl-120925319/"},"merchant":{"name":"LARKO-KZ","code":"17629423"},"editable":false,"editedByCustomer":false},{"id":"8a5ce3dd90d891bf0190f053721f2d72","author":"Нургул","date":"26.07.2024","orderNumber":"379683426","rating":5,"comment":{"minus":"","plus":"","text":"Заказала пояс! Мне понравилось! Эффект сауны сыперр."},"feedback":{"positive":0,"voted":false},"product":{"id":"120925319","name":"Пояс LARKO сауна на застежках XXXXL, 5XL","categoryCode":"Master - Clothes for slimming","categoryName":"Одежда для похудения","link":"https://kaspi.kz/shop/p/pojas-larko-sauna-na-zastezhkah-xxxxl-5xl-120925319/"},"merchant":{"name":"LARKO-KZ","code":"17629423"},"editable":false,"editedByCustomer":false},{"id":"8a5c0c4390d88fd10190ef65399d2bd6","author":"Аида","date":"26.07.2024","orderNumber":"384078406","rating":5,"comment":{"minus":"","plus":"","text":"Пояс хороший, нам понравился. Брала дочке, эффект сауны есть, носит целый день, снимает только перед сном."},"feedback":{"positive":0,"voted":false},"product":{"id":"120925319","name":"Пояс LARKO сауна на застежках XXXXL, 5XL","categoryCode":"Master - Clothes for slimming","categoryName":"Одежда для похудения","link":"https://kaspi.kz/shop/p/pojas-larko-sauna-na-zastezhkah-xxxxl-5xl-120925319/"},"merchant":{"name":"LARKO-KZ","code":"17629423"},"editable":false,"editedByCustomer":false},{"id":"8a5c67d990d88f3e0190eed148ff2abd","author":"Замира","date":"26.07.2024","orderNumber":"379597049","rating":5,"comment":{"minus":"","plus":"","text":"Пояс отлично работает, качество супер, доставили в точное время."},"feedback":{"positive":0,"voted":false},"product":{"id":"120925319","name":"Пояс LARKO сауна на застежках XXXXL, 5XL","categoryCode":"Master - Clothes for slimming","categoryName":"Одежда для похудения","link":"https://kaspi.kz/shop/p/pojas-larko-sauna-na-zastezhkah-xxxxl-5xl-120925319/"},"merchant":{"name":"LARKO-KZ","code":"17629423"},"editable":false,"editedByCustomer":false}]}