{"data":[{"id":"8a5c02349618f32b019648587215570e","author":"Инабат","date":"18.04.2025","orderNumber":"531946223","rating":5,"comment":{"minus":"","plus":"","text":"Бандаж жақсы келді!."},"feedback":{"positive":0,"voted":false},"product":{"id":"131102999","name":"LARKO pregnant бандаж до и послеродовой, послеоперационный черный размер M","categoryCode":"Master - Bandages and orthoses","categoryName":"Бандажи и ортезы","link":"https://kaspi.kz/shop/p/larko-pregnant-bandazh-do-i-poslerodovoi-posleoperatsionnyi-chernyi-razmer-m-131102999/"},"merchant":{"name":"LARKO-KZ","code":"17629423"},"editable":false,"editedByCustomer":false},{"id":"8a5c02349618f32b019629ff50055b3f","author":"Хадиша","date":"15.04.2025","orderNumber":"530245996","rating":5,"comment":{"minus":"","plus":"","text":"Бандаж ұнады, размері мен калағандай послеродовая восстановления үшін сатып алдым. Мен қалағандай ішті тартып тұрады керемет. Уақытынан бұрын әкелді.  ARKO-Kрахмет."},"feedback":{"positive":0,"voted":false},"galleryImages":[{"id":"530245996-131102999/096cc143-e946-4211-9394-44c14ee9e6c7.jpeg","small":"https://resources.cdn-kaspi.kz/img/p/r/530245996-131102999/096cc143-e946-4211-9394-44c14ee9e6c7.jpeg?format=review_small","medium":"https://resources.cdn-kaspi.kz/img/p/r/530245996-131102999/096cc143-e946-4211-9394-44c14ee9e6c7.jpeg?format=review_medium","large":"https://resources.cdn-kaspi.kz/img/p/r/530245996-131102999/096cc143-e946-4211-9394-44c14ee9e6c7.jpeg?format=review_large"},{"id":"530245996-131102999/249aff4f-f60f-41bb-ba8d-0757cff754c7.jpeg","small":"https://resources.cdn-kaspi.kz/img/p/r/530245996-131102999/249aff4f-f60f-41bb-ba8d-0757cff754c7.jpeg?format=review_small","medium":"https://resources.cdn-kaspi.kz/img/p/r/530245996-131102999/249aff4f-f60f-41bb-ba8d-0757cff754c7.jpeg?format=review_medium","large":"https://resources.cdn-kaspi.kz/img/p/r/530245996-131102999/249aff4f-f60f-41bb-ba8d-0757cff754c7.jpeg?format=review_large"}],"product":{"id":"131102999","name":"LARKO pregnant бандаж до и послеродовой, послеоперационный черный размер M","categoryCode":"Master - Bandages and orthoses","categoryName":"Бандажи и ортезы","link":"https://kaspi.kz/shop/p/larko-pregnant-bandazh-do-i-poslerodovoi-posleoperatsionnyi-chernyi-razmer-m-131102999/"},"merchant":{"name":"LARKO-KZ","code":"17629423"},"editable":false,"editedByCustomer":false},{"id":"8a5c9dbc95acfdf50195d3b36a88537c","author":"Інкар","date":"26.03.2025","orderNumber":"520308815","rating":5,"comment":{"minus":"","plus":"","text":"Классный бандаж."},"feedback":{"positive":0,"voted":false},"product":{"id":"131102999","name":"LARKO pregnant бандаж до и послеродовой, послеоперационный черный размер M","categoryCode":"Master - Bandages and orthoses","categoryName":"Бандажи и ортезы","link":"https://kaspi.kz/shop/p/larko-pregnant-bandazh-do-i-poslerodovoi-posleoperatsionnyi-chernyi-razmer-m-131102999/"},"merchant":{"name":"LARKO-KZ","code":"17629423"},"editable":false,"editedByCustomer":false}]}