{"data":[{"id":"8a5cadc29618f2fa019631ad80dd78ce","author":"Арайлым","date":"14.04.2025","orderNumber":"531065639","rating":5,"comment":{"minus":"","plus":"","text":"Спасибо большое за легинсы, очень удобные и практичные, нигде не давит и классно сидят на бедрах, можно как на тренировки одевать, так и в обыденные дни носить."},"feedback":{"positive":0,"voted":false},"product":{"id":"110220207","name":"Леггинсы LARKO leggings лосины для похудения с эффектом сауны XXL","categoryCode":"Master - Clothes for slimming","categoryName":"Одежда для похудения","link":"https://kaspi.kz/shop/p/legginsy-larko-leggings-losiny-dlja-pohudenija-s-effektom-sauny-xxl-110220207/"},"merchant":{"name":"LARKO-KZ","code":"17629423"},"editable":false,"editedByCustomer":false},{"id":"8a5cee6795fef6c70196019a50eb1006","author":"Жазира","date":"07.04.2025","orderNumber":"525008539","rating":5,"comment":{"minus":"","plus":"","text":"Заказала в магазине Larko леггинсы и две футболки с эффектом сауны, и они просто потрясающие. Одежда невероятно удобная и отлично сидит. Кроме того, доставка была быстрой, и все пришло вовремя. Рекомендую всем."},"feedback":{"positive":0,"voted":false},"galleryImages":[{"id":"525008539-110220207/bf9648dc-1d76-4fdf-af5c-c5e20f412d20.jpeg","small":"https://resources.cdn-kaspi.kz/img/p/r/525008539-110220207/bf9648dc-1d76-4fdf-af5c-c5e20f412d20.jpeg?format=review_small","medium":"https://resources.cdn-kaspi.kz/img/p/r/525008539-110220207/bf9648dc-1d76-4fdf-af5c-c5e20f412d20.jpeg?format=review_medium","large":"https://resources.cdn-kaspi.kz/img/p/r/525008539-110220207/bf9648dc-1d76-4fdf-af5c-c5e20f412d20.jpeg?format=review_large"}],"product":{"id":"110220207","name":"Леггинсы LARKO leggings лосины для похудения с эффектом сауны XXL","categoryCode":"Master - Clothes for slimming","categoryName":"Одежда для похудения","link":"https://kaspi.kz/shop/p/legginsy-larko-leggings-losiny-dlja-pohudenija-s-effektom-sauny-xxl-110220207/"},"merchant":{"name":"LARKO-KZ","code":"17629423"},"editable":false,"editedByCustomer":false},{"id":"8a5c119295f5262c01960bc74b1369bf","author":"Айда","date":"06.04.2025","orderNumber":"527160659","rating":5,"comment":{"minus":"","plus":"","text":"Супер леггинсы, хотела именно такие. Думала размер какой маленький, но натянуть можно."},"feedback":{"positive":0,"voted":false},"product":{"id":"110220207","name":"Леггинсы LARKO leggings лосины для похудения с эффектом сауны XXL","categoryCode":"Master - Clothes for slimming","categoryName":"Одежда для похудения","link":"https://kaspi.kz/shop/p/legginsy-larko-leggings-losiny-dlja-pohudenija-s-effektom-sauny-xxl-110220207/"},"merchant":{"name":"LARKO-KZ","code":"17629423"},"editable":false,"editedByCustomer":false},{"id":"8a5ceb3f9588ccbd01958b8fea421e2a","author":"Фариза","date":"17.03.2025","orderNumber":"511877358","rating":5,"comment":{"minus":"","plus":"","text":"Качество леггинсов на высшем уровне, сшито аккуратно, швы не торчат, резиновая ткань на месте. Размер точь в точь подошел. Вовремя примерки тело уже потеет. Доставили на 1 день раньше. Спасибо магазину LARKO за качественный товар."},"feedback":{"positive":0,"voted":false},"galleryImages":[{"id":"511877358-110220207/92153de5-d7a2-4f7e-ba91-18949c252973.jpeg","small":"https://resources.cdn-kaspi.kz/img/p/r/511877358-110220207/92153de5-d7a2-4f7e-ba91-18949c252973.jpeg?format=review_small","medium":"https://resources.cdn-kaspi.kz/img/p/r/511877358-110220207/92153de5-d7a2-4f7e-ba91-18949c252973.jpeg?format=review_medium","large":"https://resources.cdn-kaspi.kz/img/p/r/511877358-110220207/92153de5-d7a2-4f7e-ba91-18949c252973.jpeg?format=review_large"}],"product":{"id":"110220207","name":"Леггинсы LARKO leggings лосины для похудения с эффектом сауны XXL","categoryCode":"Master - Clothes for slimming","categoryName":"Одежда для похудения","link":"https://kaspi.kz/shop/p/legginsy-larko-leggings-losiny-dlja-pohudenija-s-effektom-sauny-xxl-110220207/"},"merchant":{"name":"LARKO-KZ","code":"17629423"},"editable":false,"editedByCustomer":false},{"id":"8a5c67e59590f35d0195955deee41bfb","author":"Ольга","date":"14.03.2025","orderNumber":"513758431","rating":5,"comment":{"minus":"","plus":"","text":"Леггинсы плотные, садятся плотно, даже скажем прилипают, поэтому можно не бояться подтягивать сколько нужно. Эффект сауны присутствует. Хорошая вещь! Все понравилось, спасибо!"},"feedback":{"positive":0,"voted":false},"product":{"id":"110220207","name":"Леггинсы LARKO leggings лосины для похудения с эффектом сауны XXL","categoryCode":"Master - Clothes for slimming","categoryName":"Одежда для похудения","link":"https://kaspi.kz/shop/p/legginsy-larko-leggings-losiny-dlja-pohudenija-s-effektom-sauny-xxl-110220207/"},"merchant":{"name":"LARKO-KZ","code":"17629423"},"editable":false,"editedByCustomer":false},{"id":"8a5c52bb94d9bbab0194daf572f9027f","author":"Лаура","date":"06.02.2025","orderNumber":"490576569","rating":5,"comment":{"minus":"","plus":"","text":"Керемет маған дәл келді ұнады керемет екен, сапасы жақсы. Алуға тұрарлық."},"feedback":{"positive":0,"voted":false},"product":{"id":"110220207","name":"Леггинсы LARKO leggings лосины для похудения с эффектом сауны XXL","categoryCode":"Master - Clothes for slimming","categoryName":"Одежда для похудения","link":"https://kaspi.kz/shop/p/legginsy-larko-leggings-losiny-dlja-pohudenija-s-effektom-sauny-xxl-110220207/"},"merchant":{"name":"LARKO-KZ","code":"17629423"},"editable":false,"editedByCustomer":false},{"id":"8a5c982c94cbc3540194d50238610dc9","author":"Назым","date":"05.02.2025","orderNumber":"487929246","rating":3,"comment":{"minus":"","plus":"","text":"На 52 размер сели как обычные штаны, пришел на день позже, имеется запах."},"feedback":{"positive":0,"voted":false},"product":{"id":"110220207","name":"Леггинсы LARKO leggings лосины для похудения с эффектом сауны XXL","categoryCode":"Master - Clothes for slimming","categoryName":"Одежда для похудения","link":"https://kaspi.kz/shop/p/legginsy-larko-leggings-losiny-dlja-pohudenija-s-effektom-sauny-xxl-110220207/"},"merchant":{"name":"LARKO-KZ","code":"17629423"},"editable":false,"editedByCustomer":false},{"id":"8a5c2ad294ab5cc90194c08510eb22bf","author":"Гүлнұр","date":"01.02.2025","orderNumber":"487787645","rating":5,"comment":{"minus":"","plus":"","text":"Хорошие, удобные. С размером угадала."},"feedback":{"positive":0,"voted":false},"product":{"id":"110220207","name":"Леггинсы LARKO leggings лосины для похудения с эффектом сауны XXL","categoryCode":"Master - Clothes for slimming","categoryName":"Одежда для похудения","link":"https://kaspi.kz/shop/p/legginsy-larko-leggings-losiny-dlja-pohudenija-s-effektom-sauny-xxl-110220207/"},"merchant":{"name":"LARKO-KZ","code":"17629423"},"editable":false,"editedByCustomer":false},{"id":"8a5c78259401969f019460a1b94d7b9d","author":"Гульминам","date":"13.01.2025","orderNumber":"479625633","rating":4,"comment":{"minus":"","plus":"","text":"Классные, тянутся хорошо."},"feedback":{"positive":0,"voted":false},"product":{"id":"110220207","name":"Леггинсы LARKO leggings лосины для похудения с эффектом сауны XXL","categoryCode":"Master - Clothes for slimming","categoryName":"Одежда для похудения","link":"https://kaspi.kz/shop/p/legginsy-larko-leggings-losiny-dlja-pohudenija-s-effektom-sauny-xxl-110220207/"},"merchant":{"name":"LARKO-KZ","code":"17629423"},"editable":false,"editedByCustomer":true},{"id":"8a5cd5b993c353ad0193c40e0904013e","author":"Гулдана","date":"14.12.2024","orderNumber":"456855367","rating":5,"comment":{"minus":"","plus":"","text":"Классные, понравились, качество"},"feedback":{"positive":0,"voted":false},"product":{"id":"110220207","name":"Леггинсы LARKO leggings лосины для похудения с эффектом сауны XXL","categoryCode":"Master - Clothes for slimming","categoryName":"Одежда для похудения","link":"https://kaspi.kz/shop/p/legginsy-larko-leggings-losiny-dlja-pohudenija-s-effektom-sauny-xxl-110220207/"},"merchant":{"name":"LARKO-KZ","code":"17629423"},"editable":false,"editedByCustomer":false},{"id":"8a5c3f879366cbe8019376986be7181b","author":"Гулнар","date":"29.11.2024","orderNumber":"449387048","rating":5,"comment":{"minus":"","plus":"","text":"Рахмет, качествосы күшті."},"feedback":{"positive":0,"voted":false},"product":{"id":"110220207","name":"Леггинсы LARKO leggings лосины для похудения с эффектом сауны XXL","categoryCode":"Master - Clothes for slimming","categoryName":"Одежда для похудения","link":"https://kaspi.kz/shop/p/legginsy-larko-leggings-losiny-dlja-pohudenija-s-effektom-sauny-xxl-110220207/"},"merchant":{"name":"LARKO-KZ","code":"17629423"},"editable":false,"editedByCustomer":false},{"id":"8a5c0c21931f0ef901932eba140019d5","author":"Жаксылык","date":"15.11.2024","orderNumber":"440587097","rating":5,"comment":{"minus":"","plus":"","text":"Ұнады, жақсы, алуға кеңес беремін."},"feedback":{"positive":0,"voted":false},"product":{"id":"110220207","name":"Леггинсы LARKO leggings лосины для похудения с эффектом сауны XXL","categoryCode":"Master - Clothes for slimming","categoryName":"Одежда для похудения","link":"https://kaspi.kz/shop/p/legginsy-larko-leggings-losiny-dlja-pohudenija-s-effektom-sauny-xxl-110220207/"},"merchant":{"name":"LARKO-KZ","code":"17629423"},"editable":false,"editedByCustomer":false},{"id":"8a5c4ee492750a910192857e2d3a1fc9","author":"Маргарита","date":"13.10.2024","orderNumber":"423561491","rating":5,"comment":{"minus":"","plus":"","text":"Они идеальные, на мой 46_48 отлично."},"feedback":{"positive":0,"voted":false},"product":{"id":"110220207","name":"Леггинсы LARKO leggings лосины для похудения с эффектом сауны XXL","categoryCode":"Master - Clothes for slimming","categoryName":"Одежда для похудения","link":"https://kaspi.kz/shop/p/legginsy-larko-leggings-losiny-dlja-pohudenija-s-effektom-sauny-xxl-110220207/"},"merchant":{"name":"LARKO-KZ","code":"17629423"},"editable":false,"editedByCustomer":false},{"id":"8a5cfa8292707da4019272289ef5064f","author":"Марина","date":"09.10.2024","orderNumber":"420975934","rating":5,"comment":{"minus":"","plus":"","text":"Леггинсы классные! Для фитнеса самое то, после тренировки мокрые были даже носки, так бежало по ногам, не сравнить с обычными лосинами для спорта. К покупке рекомендую. Спасибо магазину Larko-KZ!"},"feedback":{"positive":2,"voted":false},"product":{"id":"110220207","name":"Леггинсы LARKO leggings лосины для похудения с эффектом сауны XXL","categoryCode":"Master - Clothes for slimming","categoryName":"Одежда для похудения","link":"https://kaspi.kz/shop/p/legginsy-larko-leggings-losiny-dlja-pohudenija-s-effektom-sauny-xxl-110220207/"},"merchant":{"name":"LARKO-KZ","code":"17629423"},"editable":false,"editedByCustomer":false},{"id":"8a5c7827925adc3901925c84e1ef0384","author":"Райхан","date":"05.10.2024","orderNumber":"419859723","rating":5,"comment":{"minus":"","plus":"","text":"Очень хорошие леггинсы, результат посмотрим после тренировок. Чуть большеваты."},"feedback":{"positive":0,"voted":false},"product":{"id":"110220207","name":"Леггинсы LARKO leggings лосины для похудения с эффектом сауны XXL","categoryCode":"Master - Clothes for slimming","categoryName":"Одежда для похудения","link":"https://kaspi.kz/shop/p/legginsy-larko-leggings-losiny-dlja-pohudenija-s-effektom-sauny-xxl-110220207/"},"merchant":{"name":"LARKO-KZ","code":"17629423"},"editable":false,"editedByCustomer":false},{"id":"8a5c0cf091f94c04019207e65d361e7a","author":"Екатерина","date":"19.09.2024","orderNumber":"402617387","rating":5,"comment":{"minus":"","plus":"","text":"Супер отличный эффект, спасибо Каспи, и продавцам."},"feedback":{"positive":0,"voted":false},"product":{"id":"110220207","name":"Леггинсы LARKO leggings лосины для похудения с эффектом сауны XXL","categoryCode":"Master - Clothes for slimming","categoryName":"Одежда для похудения","link":"https://kaspi.kz/shop/p/legginsy-larko-leggings-losiny-dlja-pohudenija-s-effektom-sauny-xxl-110220207/"},"merchant":{"name":"LARKO-KZ","code":"17629423"},"editable":false,"editedByCustomer":false},{"id":"8a5c98768ecb453d018f012b22bf4bcf","author":"Жарқын","date":"21.04.2024","orderNumber":"346887611","rating":5,"comment":{"minus":"","plus":"","text":"Қатты ұнады, біраз ұлкендеу екен 48 тапсырғам!."},"feedback":{"positive":0,"voted":false},"product":{"id":"110220207","name":"Леггинсы LARKO leggings лосины для похудения с эффектом сауны XXL","categoryCode":"Master - Clothes for slimming","categoryName":"Одежда для похудения","link":"https://kaspi.kz/shop/p/legginsy-larko-leggings-losiny-dlja-pohudenija-s-effektom-sauny-xxl-110220207/"},"merchant":{"name":"LARKO-KZ","code":"17629423"},"editable":false,"editedByCustomer":false},{"id":"8a5ccd468d398bb9018dbb4787d82709","author":"Бану","date":"18.02.2024","orderNumber":"325398273","rating":5,"comment":{"minus":"","plus":"","text":"Жақсы екен."},"feedback":{"positive":0,"voted":false},"product":{"id":"110220207","name":"Леггинсы LARKO leggings лосины для похудения с эффектом сауны XXL","categoryCode":"Master - Clothes for slimming","categoryName":"Одежда для похудения","link":"https://kaspi.kz/shop/p/legginsy-larko-leggings-losiny-dlja-pohudenija-s-effektom-sauny-xxl-110220207/"},"merchant":{"name":"LARKO-KZ","code":"17629423"},"editable":false,"editedByCustomer":false},{"id":"8a5cee1b8daaacf4018db1ea0bcd0a1d","author":"Татьяна","date":"16.02.2024","orderNumber":"321129977","rating":5,"comment":{"minus":"","plus":"","text":"Леггинсы действительно с эффектом сауны. Хожу на фитнес. Мне нравится."},"feedback":{"positive":1,"voted":false},"galleryImages":[{"id":"321129977-110220207/5cff3f1a-bb85-439a-bc94-604fb8e64b14.jpeg","small":"https://resources.cdn-kaspi.kz/img/p/r/321129977-110220207/5cff3f1a-bb85-439a-bc94-604fb8e64b14.jpeg?format=review_small","medium":"https://resources.cdn-kaspi.kz/img/p/r/321129977-110220207/5cff3f1a-bb85-439a-bc94-604fb8e64b14.jpeg?format=review_medium","large":"https://resources.cdn-kaspi.kz/img/p/r/321129977-110220207/5cff3f1a-bb85-439a-bc94-604fb8e64b14.jpeg?format=review_large"}],"product":{"id":"110220207","name":"Леггинсы LARKO leggings лосины для похудения с эффектом сауны XXL","categoryCode":"Master - Clothes for slimming","categoryName":"Одежда для похудения","link":"https://kaspi.kz/shop/p/legginsy-larko-leggings-losiny-dlja-pohudenija-s-effektom-sauny-xxl-110220207/"},"merchant":{"name":"LARKO-KZ","code":"17629423"},"editable":false,"editedByCustomer":false},{"id":"8a5cfe2e8ce700f6018ce91214140337","author":"Венера","date":"08.01.2024","orderNumber":"313898438","rating":5,"comment":{"minus":"","plus":"","text":"Товар пришел раньше времени. Я очень рада покупке. Размер подошёл как раз. Всем советую. Спасибо Каспи и курьеру за доставку."},"feedback":{"positive":0,"voted":false},"product":{"id":"110220207","name":"Леггинсы LARKO leggings лосины для похудения с эффектом сауны XXL","categoryCode":"Master - Clothes for slimming","categoryName":"Одежда для похудения","link":"https://kaspi.kz/shop/p/legginsy-larko-leggings-losiny-dlja-pohudenija-s-effektom-sauny-xxl-110220207/"},"merchant":{"name":"LARKO-KZ","code":"17629423"},"editable":false,"editedByCustomer":false},{"id":"8a5c67ec8ba4c3e5018bb3fe3fd725a6","author":"Молдир","date":"10.11.2023","orderNumber":"295030936","rating":5,"comment":{"minus":"","plus":"","text":"Алуды ұсынамын, сапасы өте жақсы размер размерге жүреді, жақсы терлетеді, бір апта бұрын спортивкасын алғам олда керемет боп шықты объем кетірді, күнде тренировка жасап жүрмін."},"feedback":{"positive":0,"voted":false},"product":{"id":"110220207","name":"Леггинсы LARKO leggings лосины для похудения с эффектом сауны XXL","categoryCode":"Master - Clothes for slimming","categoryName":"Одежда для похудения","link":"https://kaspi.kz/shop/p/legginsy-larko-leggings-losiny-dlja-pohudenija-s-effektom-sauny-xxl-110220207/"},"merchant":{"name":"LARKO-KZ","code":"17629423"},"editable":false,"editedByCustomer":false},{"id":"8a5c37328ba4c17f018bb2fa36581e4c","author":"Камила","date":"09.11.2023","orderNumber":"295549878","rating":5,"comment":{"minus":"","plus":"","text":"Классный эффект сауны."},"feedback":{"positive":0,"voted":false},"product":{"id":"110220207","name":"Леггинсы LARKO leggings лосины для похудения с эффектом сауны XXL","categoryCode":"Master - Clothes for slimming","categoryName":"Одежда для похудения","link":"https://kaspi.kz/shop/p/legginsy-larko-leggings-losiny-dlja-pohudenija-s-effektom-sauny-xxl-110220207/"},"merchant":{"name":"LARKO-KZ","code":"17629423"},"editable":false,"editedByCustomer":false},{"id":"8a5c51e78afe200f018b13d9ef553412","author":"Нигара","date":"09.10.2023","orderNumber":"287386979","rating":5,"comment":{"minus":"","plus":"","text":"Доставка была вовремя. Леггинсы понравились, качественные. Ношу не только во время тренировки, но и по дому. За 2 дня ещё рано говорить о результате похудения."},"feedback":{"positive":4,"voted":false},"product":{"id":"110220207","name":"Леггинсы LARKO leggings лосины для похудения с эффектом сауны XXL","categoryCode":"Master - Clothes for slimming","categoryName":"Одежда для похудения","link":"https://kaspi.kz/shop/p/legginsy-larko-leggings-losiny-dlja-pohudenija-s-effektom-sauny-xxl-110220207/"},"merchant":{"name":"LARKO","code":"14901053"},"editable":false,"editedByCustomer":false},{"id":"8a5c28fc8a4ec02a018a6582d54121c7","author":"Нина","date":"13.09.2023","orderNumber":"269484398","rating":5,"comment":{"minus":"","plus":"","text":"Леггинсы классные, эффект есть. Конечно нужно в них заниматься, а не просто ходить. Эффект сауны усиливается с использованием геля для похудения. На от 89 и об 112-117 сели отлично, даже с запасом небольшим. Швы отличные. Не расползлись. Занимаюсь месяц, кожа подтянулась. Спасибо магазину Larko за такую приятную цену и быструю доставку. "},"feedback":{"positive":2,"voted":false},"galleryImages":[{"id":"269484398-110220207/1915d9d3-b2fc-4d12-ae5d-dde6b35351c4.jpg","small":"https://resources.cdn-kaspi.kz/img/p/r/269484398-110220207/1915d9d3-b2fc-4d12-ae5d-dde6b35351c4.jpg?format=review_small","medium":"https://resources.cdn-kaspi.kz/img/p/r/269484398-110220207/1915d9d3-b2fc-4d12-ae5d-dde6b35351c4.jpg?format=review_medium","large":"https://resources.cdn-kaspi.kz/img/p/r/269484398-110220207/1915d9d3-b2fc-4d12-ae5d-dde6b35351c4.jpg?format=review_large"},{"id":"269484398-110220207/38798bda-f1ab-4776-b08d-5dc25f6cc40a.jpg","small":"https://resources.cdn-kaspi.kz/img/p/r/269484398-110220207/38798bda-f1ab-4776-b08d-5dc25f6cc40a.jpg?format=review_small","medium":"https://resources.cdn-kaspi.kz/img/p/r/269484398-110220207/38798bda-f1ab-4776-b08d-5dc25f6cc40a.jpg?format=review_medium","large":"https://resources.cdn-kaspi.kz/img/p/r/269484398-110220207/38798bda-f1ab-4776-b08d-5dc25f6cc40a.jpg?format=review_large"},{"id":"269484398-110220207/14b24496-a794-4681-ae1e-ecdc7e13cd50.jpg","small":"https://resources.cdn-kaspi.kz/img/p/r/269484398-110220207/14b24496-a794-4681-ae1e-ecdc7e13cd50.jpg?format=review_small","medium":"https://resources.cdn-kaspi.kz/img/p/r/269484398-110220207/14b24496-a794-4681-ae1e-ecdc7e13cd50.jpg?format=review_medium","large":"https://resources.cdn-kaspi.kz/img/p/r/269484398-110220207/14b24496-a794-4681-ae1e-ecdc7e13cd50.jpg?format=review_large"},{"id":"269484398-110220207/73c2084d-18a5-4579-b4ad-619df547ce75.jpg","small":"https://resources.cdn-kaspi.kz/img/p/r/269484398-110220207/73c2084d-18a5-4579-b4ad-619df547ce75.jpg?format=review_small","medium":"https://resources.cdn-kaspi.kz/img/p/r/269484398-110220207/73c2084d-18a5-4579-b4ad-619df547ce75.jpg?format=review_medium","large":"https://resources.cdn-kaspi.kz/img/p/r/269484398-110220207/73c2084d-18a5-4579-b4ad-619df547ce75.jpg?format=review_large"},{"id":"269484398-110220207/de61e46d-cc50-4f9f-80e5-6cb78c26b9d4.jpg","small":"https://resources.cdn-kaspi.kz/img/p/r/269484398-110220207/de61e46d-cc50-4f9f-80e5-6cb78c26b9d4.jpg?format=review_small","medium":"https://resources.cdn-kaspi.kz/img/p/r/269484398-110220207/de61e46d-cc50-4f9f-80e5-6cb78c26b9d4.jpg?format=review_medium","large":"https://resources.cdn-kaspi.kz/img/p/r/269484398-110220207/de61e46d-cc50-4f9f-80e5-6cb78c26b9d4.jpg?format=review_large"}],"product":{"id":"110220207","name":"Леггинсы LARKO leggings лосины для похудения с эффектом сауны XXL","categoryCode":"Master - Clothes for slimming","categoryName":"Одежда для похудения","link":"https://kaspi.kz/shop/p/legginsy-larko-leggings-losiny-dlja-pohudenija-s-effektom-sauny-xxl-110220207/"},"merchant":{"name":"LARKO","code":"14901053"},"editable":false,"editedByCustomer":false},{"id":"8a5c0ce68a72ffb3018a7e2a46090f54","author":"Дана","date":"11.09.2023","orderNumber":"279473609","rating":5,"comment":{"minus":"","plus":"","text":"Мне очень понравился, удобные! По размеру все подошло! Есть хороший эффект!"},"feedback":{"positive":1,"voted":false},"product":{"id":"110220207","name":"Леггинсы LARKO leggings лосины для похудения с эффектом сауны XXL","categoryCode":"Master - Clothes for slimming","categoryName":"Одежда для похудения","link":"https://kaspi.kz/shop/p/legginsy-larko-leggings-losiny-dlja-pohudenija-s-effektom-sauny-xxl-110220207/"},"merchant":{"name":"LARKO","code":"14901053"},"editable":false,"editedByCustomer":false},{"id":"8a5ce3c18a0178f7018a1c52d86934ac","author":"Асемгуль","date":"23.08.2023","orderNumber":"278466423","rating":5,"comment":{"minus":"","plus":"","text":"Заказала 2xl, на мой 50-52 размер прям хорошо сели, худею после родов, спасибо за доставку. Есть немного запах, но не критично, думаю после стирки пройдёт."},"feedback":{"positive":3,"voted":false},"product":{"id":"110220207","name":"Леггинсы LARKO leggings лосины для похудения с эффектом сауны XXL","categoryCode":"Master - Clothes for slimming","categoryName":"Одежда для похудения","link":"https://kaspi.kz/shop/p/legginsy-larko-leggings-losiny-dlja-pohudenija-s-effektom-sauny-xxl-110220207/"},"merchant":null,"editable":false,"editedByCustomer":false},{"id":"8a5c0cde8985bc9c0189a11f3c073e94","author":"Ирина","date":"09.08.2023","orderNumber":"273059044","rating":1,"comment":{"minus":"Воняет, нет эффекта.","plus":"","text":""},"feedback":{"positive":2,"voted":false},"product":{"id":"110220207","name":"Леггинсы LARKO leggings лосины для похудения с эффектом сауны XXL","categoryCode":"Master - Clothes for slimming","categoryName":"Одежда для похудения","link":"https://kaspi.kz/shop/p/legginsy-larko-leggings-losiny-dlja-pohudenija-s-effektom-sauny-xxl-110220207/"},"merchant":null,"editable":false,"editedByCustomer":false},{"id":"8a5c2cf688adac130188b583f05b21c3","author":"Дарига","date":"21.06.2023","orderNumber":"262413376","rating":5,"comment":{"minus":"","plus":"Размер соответствует, эффект есть.","text":""},"feedback":{"positive":2,"voted":false},"product":{"id":"110220207","name":"Леггинсы LARKO leggings лосины для похудения с эффектом сауны XXL","categoryCode":"Master - Clothes for slimming","categoryName":"Одежда для похудения","link":"https://kaspi.kz/shop/p/legginsy-larko-leggings-losiny-dlja-pohudenija-s-effektom-sauny-xxl-110220207/"},"merchant":null,"editable":false,"editedByCustomer":false},{"id":"8a5cfe328874f945018895d4070a698e","author":"Шаттыгуль","date":"15.06.2023","orderNumber":"260919358","rating":5,"comment":{"minus":"","plus":"Удобные. Классные, хорошо подошли.","text":""},"feedback":{"positive":2,"voted":false},"galleryImages":[{"id":"260919358-110220207/dda1d808-fc07-4d61-8a5e-5b60d990e78b.jpg","small":"https://resources.cdn-kaspi.kz/img/p/r/260919358-110220207/dda1d808-fc07-4d61-8a5e-5b60d990e78b.jpg?format=review_small","medium":"https://resources.cdn-kaspi.kz/img/p/r/260919358-110220207/dda1d808-fc07-4d61-8a5e-5b60d990e78b.jpg?format=review_medium","large":"https://resources.cdn-kaspi.kz/img/p/r/260919358-110220207/dda1d808-fc07-4d61-8a5e-5b60d990e78b.jpg?format=review_large"},{"id":"260919358-110220207/bc2afb2b-1dbd-44e0-bb6e-72ce8f44d1a0.jpg","small":"https://resources.cdn-kaspi.kz/img/p/r/260919358-110220207/bc2afb2b-1dbd-44e0-bb6e-72ce8f44d1a0.jpg?format=review_small","medium":"https://resources.cdn-kaspi.kz/img/p/r/260919358-110220207/bc2afb2b-1dbd-44e0-bb6e-72ce8f44d1a0.jpg?format=review_medium","large":"https://resources.cdn-kaspi.kz/img/p/r/260919358-110220207/bc2afb2b-1dbd-44e0-bb6e-72ce8f44d1a0.jpg?format=review_large"}],"product":{"id":"110220207","name":"Леггинсы LARKO leggings лосины для похудения с эффектом сауны XXL","categoryCode":"Master - Clothes for slimming","categoryName":"Одежда для похудения","link":"https://kaspi.kz/shop/p/legginsy-larko-leggings-losiny-dlja-pohudenija-s-effektom-sauny-xxl-110220207/"},"merchant":null,"editable":false,"editedByCustomer":false},{"id":"8a5cfe338874fa5a018896eb01076d68","author":"Асель","date":"07.06.2023","orderNumber":"262209231","rating":5,"comment":{"minus":"","plus":"","text":"Мне очень всё понравилось советую"},"feedback":{"positive":1,"voted":false},"product":{"id":"110220207","name":"Леггинсы LARKO leggings лосины для похудения с эффектом сауны XXL","categoryCode":"Master - Clothes for slimming","categoryName":"Одежда для похудения","link":"https://kaspi.kz/shop/p/legginsy-larko-leggings-losiny-dlja-pohudenija-s-effektom-sauny-xxl-110220207/"},"merchant":null,"editable":false,"editedByCustomer":false}]}