{"data":[{"id":"8a5cb3c89618f3930196262003614ecd","author":"Майра","date":"11.04.2025","orderNumber":"531176311","rating":5,"comment":{"minus":"","plus":"","text":"Спасибо, все как описано. Все привезли вовремя и идеально."},"feedback":{"positive":0,"voted":false},"product":{"id":"128087763","name":"LARKO чулки Сompression класс компрессии 2 бежевый M","categoryCode":"Master - Medical compression hosiery","categoryName":"Компрессионный трикотаж","link":"https://kaspi.kz/shop/p/larko-chulki-sompression-klass-kompressii-2-bezhevyi-m-128087763/"},"merchant":{"name":"LARKO-KZ","code":"17629423"},"editable":false,"editedByCustomer":false},{"id":"8a5c1de8962413ca019624e0ab9905e0","author":"Ару","date":"11.04.2025","orderNumber":"488097635","rating":4,"comment":{"minus":"","plus":"","text":"Очень удобные и красивые. Всем советую."},"feedback":{"positive":0,"voted":false},"product":{"id":"128087763","name":"LARKO чулки Сompression класс компрессии 2 бежевый M","categoryCode":"Master - Medical compression hosiery","categoryName":"Компрессионный трикотаж","link":"https://kaspi.kz/shop/p/larko-chulki-sompression-klass-kompressii-2-bezhevyi-m-128087763/"},"merchant":{"name":"LARKO-KZ","code":"17629423"},"editable":false,"editedByCustomer":false},{"id":"8a5cadc29618f2fa019624946d93448e","author":"Дана","date":"11.04.2025","orderNumber":"513638405","rating":5,"comment":{"minus":"","plus":"","text":"Доставили в обещанные сроки, размер подошел, качество отличное, советую."},"feedback":{"positive":0,"voted":false},"product":{"id":"128087763","name":"LARKO чулки Сompression класс компрессии 2 бежевый M","categoryCode":"Master - Medical compression hosiery","categoryName":"Компрессионный трикотаж","link":"https://kaspi.kz/shop/p/larko-chulki-sompression-klass-kompressii-2-bezhevyi-m-128087763/"},"merchant":{"name":"LARKO-KZ","code":"17629423"},"editable":false,"editedByCustomer":false},{"id":"8a5c5fbf9618f3080196248c3f7543eb","author":"Дилшад","date":"11.04.2025","orderNumber":"509098949","rating":5,"comment":{"minus":"","plus":"","text":"Качественные чулки, помогает снять отёк. Предотвращает варикоз. Всем советую."},"feedback":{"positive":0,"voted":false},"product":{"id":"128087763","name":"LARKO чулки Сompression класс компрессии 2 бежевый M","categoryCode":"Master - Medical compression hosiery","categoryName":"Компрессионный трикотаж","link":"https://kaspi.kz/shop/p/larko-chulki-sompression-klass-kompressii-2-bezhevyi-m-128087763/"},"merchant":{"name":"LARKO-KZ","code":"17629423"},"editable":false,"editedByCustomer":false},{"id":"8a5c0a92953676ea01955a29194036b9","author":"Dildor","date":"03.03.2025","orderNumber":"472261966","rating":4,"comment":{"minus":"","plus":"","text":"По размеру не подошли, очень сильно жмут и свойственно натерли."},"feedback":{"positive":1,"voted":false},"product":{"id":"128087763","name":"LARKO чулки Сompression класс компрессии 2 бежевый M","categoryCode":"Master - Medical compression hosiery","categoryName":"Компрессионный трикотаж","link":"https://kaspi.kz/shop/p/larko-chulki-sompression-klass-kompressii-2-bezhevyi-m-128087763/"},"merchant":{"name":"LARKO-KZ","code":"17629423"},"editable":false,"editedByCustomer":false},{"id":"8a5c9857946875b40194a7dd2c79585b","author":"Еркін","date":"27.01.2025","orderNumber":"484698369","rating":1,"comment":{"minus":"","plus":"","text":"Размеры вообще не подходят, хотели сделать возврат или обменять на размер больше, но продавец читает и не отвечает внаглую. Если надумаете приобрести данный товар, берите у другого продавца. Магазин Larko-kz."},"feedback":{"positive":2,"voted":false},"product":{"id":"128087763","name":"LARKO чулки Сompression класс компрессии 2 бежевый M","categoryCode":"Master - Medical compression hosiery","categoryName":"Компрессионный трикотаж","link":"https://kaspi.kz/shop/p/larko-chulki-sompression-klass-kompressii-2-bezhevyi-m-128087763/"},"merchant":{"name":"LARKO-KZ","code":"17629423"},"editable":false,"editedByCustomer":false},{"id":"8a5cbefc9468758701948686b67a30ab","author":"Райхан","date":"21.01.2025","orderNumber":"483508922","rating":5,"comment":{"minus":"","plus":"","text":"Отличное качество, очень плотная ткань, упругие, хорошо держатся на ногах."},"feedback":{"positive":1,"voted":false},"galleryImages":[{"id":"483508922-128087763/e39bafd2-3955-4cf7-8041-a396a9496c68.jpeg","small":"https://resources.cdn-kaspi.kz/img/p/r/483508922-128087763/e39bafd2-3955-4cf7-8041-a396a9496c68.jpeg?format=review_small","medium":"https://resources.cdn-kaspi.kz/img/p/r/483508922-128087763/e39bafd2-3955-4cf7-8041-a396a9496c68.jpeg?format=review_medium","large":"https://resources.cdn-kaspi.kz/img/p/r/483508922-128087763/e39bafd2-3955-4cf7-8041-a396a9496c68.jpeg?format=review_large"}],"product":{"id":"128087763","name":"LARKO чулки Сompression класс компрессии 2 бежевый M","categoryCode":"Master - Medical compression hosiery","categoryName":"Компрессионный трикотаж","link":"https://kaspi.kz/shop/p/larko-chulki-sompression-klass-kompressii-2-bezhevyi-m-128087763/"},"merchant":{"name":"LARKO-KZ","code":"17629423"},"editable":false,"editedByCustomer":false},{"id":"8a5c406f946875fe0194700157fe1062","author":"Клара","date":"17.01.2025","orderNumber":"481442585","rating":5,"comment":{"minus":"","plus":"","text":"Чулки относятся не просто к компрессионному белью, они также могут применяться перед, во время и после операции, во избежание осложнений со стороны сосудов."},"feedback":{"positive":1,"voted":false},"galleryImages":[{"id":"481442585-128087763/612d4566-8605-40c1-ba6d-2a021ac87888.jpeg","small":"https://resources.cdn-kaspi.kz/img/p/r/481442585-128087763/612d4566-8605-40c1-ba6d-2a021ac87888.jpeg?format=review_small","medium":"https://resources.cdn-kaspi.kz/img/p/r/481442585-128087763/612d4566-8605-40c1-ba6d-2a021ac87888.jpeg?format=review_medium","large":"https://resources.cdn-kaspi.kz/img/p/r/481442585-128087763/612d4566-8605-40c1-ba6d-2a021ac87888.jpeg?format=review_large"},{"id":"481442585-128087763/9da07eca-0ab5-4faf-ba12-445ec6e74ffe.jpeg","small":"https://resources.cdn-kaspi.kz/img/p/r/481442585-128087763/9da07eca-0ab5-4faf-ba12-445ec6e74ffe.jpeg?format=review_small","medium":"https://resources.cdn-kaspi.kz/img/p/r/481442585-128087763/9da07eca-0ab5-4faf-ba12-445ec6e74ffe.jpeg?format=review_medium","large":"https://resources.cdn-kaspi.kz/img/p/r/481442585-128087763/9da07eca-0ab5-4faf-ba12-445ec6e74ffe.jpeg?format=review_large"}],"product":{"id":"128087763","name":"LARKO чулки Сompression класс компрессии 2 бежевый M","categoryCode":"Master - Medical compression hosiery","categoryName":"Компрессионный трикотаж","link":"https://kaspi.kz/shop/p/larko-chulki-sompression-klass-kompressii-2-bezhevyi-m-128087763/"},"merchant":{"name":"LARKO-KZ","code":"17629423"},"editable":false,"editedByCustomer":false},{"id":"8a5ceb7293fc4a500193fe53b6350701","author":"Куралай","date":"14.01.2025","orderNumber":"470213930","rating":5,"comment":{"minus":"","plus":"","text":"LARKO-KZ магазиніне үлкен рахмет! Түнде заказ беріп едім, после обеда жеткізіп берді. Компрессия и качествосы жақсы."},"feedback":{"positive":0,"voted":false},"galleryImages":[{"id":"470213930-128087763/3045a498-9c50-4305-862d-c568cb3f7283.jpeg","small":"https://resources.cdn-kaspi.kz/img/p/r/470213930-128087763/3045a498-9c50-4305-862d-c568cb3f7283.jpeg?format=review_small","medium":"https://resources.cdn-kaspi.kz/img/p/r/470213930-128087763/3045a498-9c50-4305-862d-c568cb3f7283.jpeg?format=review_medium","large":"https://resources.cdn-kaspi.kz/img/p/r/470213930-128087763/3045a498-9c50-4305-862d-c568cb3f7283.jpeg?format=review_large"},{"id":"470213930-128087763/8ad432cc-ed6a-4339-8f3b-5f23856ff12f.jpeg","small":"https://resources.cdn-kaspi.kz/img/p/r/470213930-128087763/8ad432cc-ed6a-4339-8f3b-5f23856ff12f.jpeg?format=review_small","medium":"https://resources.cdn-kaspi.kz/img/p/r/470213930-128087763/8ad432cc-ed6a-4339-8f3b-5f23856ff12f.jpeg?format=review_medium","large":"https://resources.cdn-kaspi.kz/img/p/r/470213930-128087763/8ad432cc-ed6a-4339-8f3b-5f23856ff12f.jpeg?format=review_large"},{"id":"470213930-128087763/e3ec0383-277f-4a6e-ab53-85f987f1bf57.jpeg","small":"https://resources.cdn-kaspi.kz/img/p/r/470213930-128087763/e3ec0383-277f-4a6e-ab53-85f987f1bf57.jpeg?format=review_small","medium":"https://resources.cdn-kaspi.kz/img/p/r/470213930-128087763/e3ec0383-277f-4a6e-ab53-85f987f1bf57.jpeg?format=review_medium","large":"https://resources.cdn-kaspi.kz/img/p/r/470213930-128087763/e3ec0383-277f-4a6e-ab53-85f987f1bf57.jpeg?format=review_large"},{"id":"470213930-128087763/3ad693ec-27f8-4135-bdd8-a6138209d316.jpeg","small":"https://resources.cdn-kaspi.kz/img/p/r/470213930-128087763/3ad693ec-27f8-4135-bdd8-a6138209d316.jpeg?format=review_small","medium":"https://resources.cdn-kaspi.kz/img/p/r/470213930-128087763/3ad693ec-27f8-4135-bdd8-a6138209d316.jpeg?format=review_medium","large":"https://resources.cdn-kaspi.kz/img/p/r/470213930-128087763/3ad693ec-27f8-4135-bdd8-a6138209d316.jpeg?format=review_large"}],"product":{"id":"128087763","name":"LARKO чулки Сompression класс компрессии 2 бежевый M","categoryCode":"Master - Medical compression hosiery","categoryName":"Компрессионный трикотаж","link":"https://kaspi.kz/shop/p/larko-chulki-sompression-klass-kompressii-2-bezhevyi-m-128087763/"},"merchant":{"name":"LARKO-KZ","code":"17629423"},"editable":false,"editedByCustomer":false},{"id":"8a5c0c64931b213101931b352f700029","author":"Нелюфар","date":"11.11.2024","orderNumber":"441251482","rating":5,"comment":{"minus":"","plus":"","text":"Очень приятные, комфортные чулки. Спасибо продавцу за возможность купить качественный товар."},"feedback":{"positive":1,"voted":false},"product":{"id":"128087763","name":"LARKO чулки Сompression класс компрессии 2 бежевый M","categoryCode":"Master - Medical compression hosiery","categoryName":"Компрессионный трикотаж","link":"https://kaspi.kz/shop/p/larko-chulki-sompression-klass-kompressii-2-bezhevyi-m-128087763/"},"merchant":{"name":"LARKO-KZ","code":"17629423"},"editable":false,"editedByCustomer":false}]}