{"data":[{"id":"8a5c02349618f32b01966206d6c13c03","author":"Марина","date":"23.04.2025","orderNumber":"536392056","rating":5,"comment":{"minus":"","plus":"","text":"Пояс понравился, качество хорошее, немного маловат, но не критично, удобный. На 48 размер лучше брать побольше."},"feedback":{"positive":0,"voted":false},"product":{"id":"120925136","name":"Пояс LARKO сауна на застежках L, XL","categoryCode":"Master - Clothes for slimming","categoryName":"Одежда для похудения","link":"https://kaspi.kz/shop/p/pojas-larko-sauna-na-zastezhkah-l-xl-120925136/"},"merchant":{"name":"LARKO-KZ","code":"17629423"},"editable":false,"editedByCustomer":false},{"id":"8a5cfab59641b76901965680148150e1","author":"Раиса","date":"21.04.2025","orderNumber":"534721509","rating":5,"comment":{"minus":"","plus":"","text":"Очень качественно и быстрый эффект, спасибо большое магазину."},"feedback":{"positive":0,"voted":false},"product":{"id":"120925136","name":"Пояс LARKO сауна на застежках L, XL","categoryCode":"Master - Clothes for slimming","categoryName":"Одежда для похудения","link":"https://kaspi.kz/shop/p/pojas-larko-sauna-na-zastezhkah-l-xl-120925136/"},"merchant":{"name":"LARKO-KZ","code":"17629423"},"editable":false,"editedByCustomer":false},{"id":"8a5c5fbf9618f30801963cb65d1c271c","author":"Елена","date":"16.04.2025","orderNumber":"531951042","rating":5,"comment":{"minus":"","plus":"","text":"Пояс хорошего качества, понравился, эффект сауны есть, спасибо за быструю доставку."},"feedback":{"positive":0,"voted":false},"product":{"id":"120925136","name":"Пояс LARKO сауна на застежках L, XL","categoryCode":"Master - Clothes for slimming","categoryName":"Одежда для похудения","link":"https://kaspi.kz/shop/p/pojas-larko-sauna-na-zastezhkah-l-xl-120925136/"},"merchant":{"name":"LARKO-KZ","code":"17629423"},"editable":false,"editedByCustomer":true},{"id":"8a5c1cad9618f312019638f84cda19da","author":"Гулжайна","date":"15.04.2025","orderNumber":"531785471","rating":5,"comment":{"minus":"","plus":"","text":"Сапасы керемет, эффект сразу видела, уақытынан ерте келді."},"feedback":{"positive":0,"voted":false},"product":{"id":"120925136","name":"Пояс LARKO сауна на застежках L, XL","categoryCode":"Master - Clothes for slimming","categoryName":"Одежда для похудения","link":"https://kaspi.kz/shop/p/pojas-larko-sauna-na-zastezhkah-l-xl-120925136/"},"merchant":{"name":"LARKO-KZ","code":"17629423"},"editable":false,"editedByCustomer":false},{"id":"8a5cadc29618f2fa019633fe2f1b02d5","author":"Мереке","date":"14.04.2025","orderNumber":"531179526","rating":5,"comment":{"minus":"","plus":"","text":"Пояс очень хороший, эффект сразу чувствуется, ношу 3-день, спасибо магазину за быструю доставку!"},"feedback":{"positive":0,"voted":false},"product":{"id":"120925136","name":"Пояс LARKO сауна на застежках L, XL","categoryCode":"Master - Clothes for slimming","categoryName":"Одежда для похудения","link":"https://kaspi.kz/shop/p/pojas-larko-sauna-na-zastezhkah-l-xl-120925136/"},"merchant":{"name":"LARKO-KZ","code":"17629423"},"editable":false,"editedByCustomer":false},{"id":"8a5cadc29618f2fa01961a3aec2c0b89","author":"Әйгерім","date":"09.04.2025","orderNumber":"493456878","rating":5,"comment":{"minus":"","plus":"","text":"Жақсы! Каспиге рахмет, уақытынан ерте әкелді."},"feedback":{"positive":0,"voted":false},"product":{"id":"120925136","name":"Пояс LARKO сауна на застежках L, XL","categoryCode":"Master - Clothes for slimming","categoryName":"Одежда для похудения","link":"https://kaspi.kz/shop/p/pojas-larko-sauna-na-zastezhkah-l-xl-120925136/"},"merchant":{"name":"LARKO-KZ","code":"17629423"},"editable":false,"editedByCustomer":false},{"id":"8a5c54ac94e88d350194ead868710d93","author":"Диана","date":"09.02.2025","orderNumber":"492629159","rating":5,"comment":{"minus":"","plus":"","text":"Товар өз уактынан 1кун бұрын келді. Матасы жақсы размері тура өзім размерім. Күшті."},"feedback":{"positive":0,"voted":false},"product":{"id":"120925136","name":"Пояс LARKO сауна на застежках L, XL","categoryCode":"Master - Clothes for slimming","categoryName":"Одежда для похудения","link":"https://kaspi.kz/shop/p/pojas-larko-sauna-na-zastezhkah-l-xl-120925136/"},"merchant":{"name":"LARKO-KZ","code":"17629423"},"editable":false,"editedByCustomer":false},{"id":"8a5c51fd946875a6019488cb7cbb32d6","author":"Куралай","date":"21.01.2025","orderNumber":"480968332","rating":3,"comment":{"minus":"","plus":"","text":"Не выполняет свои функции даже при интенсивной тренировке."},"feedback":{"positive":1,"voted":false},"product":{"id":"120925136","name":"Пояс LARKO сауна на застежках L, XL","categoryCode":"Master - Clothes for slimming","categoryName":"Одежда для похудения","link":"https://kaspi.kz/shop/p/pojas-larko-sauna-na-zastezhkah-l-xl-120925136/"},"merchant":{"name":"LARKO-KZ","code":"17629423"},"editable":false,"editedByCustomer":false},{"id":"8a5c71f09401964701945e7478ef76de","author":"Айжан","date":"13.01.2025","orderNumber":"479501994","rating":5,"comment":{"minus":"","plus":"","text":"Керемет маған ұнады."},"feedback":{"positive":0,"voted":false},"galleryImages":[{"id":"479501994-120925136/0d49a926-2f53-483c-9fa3-190db1b1c48f.jpeg","small":"https://resources.cdn-kaspi.kz/img/p/r/479501994-120925136/0d49a926-2f53-483c-9fa3-190db1b1c48f.jpeg?format=review_small","medium":"https://resources.cdn-kaspi.kz/img/p/r/479501994-120925136/0d49a926-2f53-483c-9fa3-190db1b1c48f.jpeg?format=review_medium","large":"https://resources.cdn-kaspi.kz/img/p/r/479501994-120925136/0d49a926-2f53-483c-9fa3-190db1b1c48f.jpeg?format=review_large"},{"id":"479501994-120925136/398432fe-87e2-475b-b69d-626b88a1db24.jpeg","small":"https://resources.cdn-kaspi.kz/img/p/r/479501994-120925136/398432fe-87e2-475b-b69d-626b88a1db24.jpeg?format=review_small","medium":"https://resources.cdn-kaspi.kz/img/p/r/479501994-120925136/398432fe-87e2-475b-b69d-626b88a1db24.jpeg?format=review_medium","large":"https://resources.cdn-kaspi.kz/img/p/r/479501994-120925136/398432fe-87e2-475b-b69d-626b88a1db24.jpeg?format=review_large"},{"id":"479501994-120925136/c95e4b32-5ce1-4746-a4b3-6715f4953767.jpeg","small":"https://resources.cdn-kaspi.kz/img/p/r/479501994-120925136/c95e4b32-5ce1-4746-a4b3-6715f4953767.jpeg?format=review_small","medium":"https://resources.cdn-kaspi.kz/img/p/r/479501994-120925136/c95e4b32-5ce1-4746-a4b3-6715f4953767.jpeg?format=review_medium","large":"https://resources.cdn-kaspi.kz/img/p/r/479501994-120925136/c95e4b32-5ce1-4746-a4b3-6715f4953767.jpeg?format=review_large"}],"product":{"id":"120925136","name":"Пояс LARKO сауна на застежках L, XL","categoryCode":"Master - Clothes for slimming","categoryName":"Одежда для похудения","link":"https://kaspi.kz/shop/p/pojas-larko-sauna-na-zastezhkah-l-xl-120925136/"},"merchant":{"name":"LARKO-KZ","code":"17629423"},"editable":false,"editedByCustomer":false},{"id":"8a5c0cd49395560f0193abc830f32701","author":"Ксения","date":"09.12.2024","orderNumber":"457187599","rating":5,"comment":{"minus":"","plus":"","text":"Товар пришёл быстро, спасибо Каспи за быструю доставку, качество супер."},"feedback":{"positive":0,"voted":false},"product":{"id":"120925136","name":"Пояс LARKO сауна на застежках L, XL","categoryCode":"Master - Clothes for slimming","categoryName":"Одежда для похудения","link":"https://kaspi.kz/shop/p/pojas-larko-sauna-na-zastezhkah-l-xl-120925136/"},"merchant":{"name":"LARKO-KZ","code":"17629423"},"editable":false,"editedByCustomer":false},{"id":"8a5cbedf9366cc8701936e2b88a10db2","author":"Дмитрий","date":"27.11.2024","orderNumber":"449576049","rating":5,"comment":{"minus":"","plus":"","text":"Хороший пояс, брал жене."},"feedback":{"positive":0,"voted":false},"product":{"id":"120925136","name":"Пояс LARKO сауна на застежках L, XL","categoryCode":"Master - Clothes for slimming","categoryName":"Одежда для похудения","link":"https://kaspi.kz/shop/p/pojas-larko-sauna-na-zastezhkah-l-xl-120925136/"},"merchant":{"name":"LARKO-KZ","code":"17629423"},"editable":false,"editedByCustomer":false},{"id":"8a5ce3f2931b23ae01931c77cba90345","author":"Молдир","date":"11.11.2024","orderNumber":"438920901","rating":5,"comment":{"minus":"","plus":"","text":"Пояс супер, качество эффект сауны есть."},"feedback":{"positive":0,"voted":false},"product":{"id":"120925136","name":"Пояс LARKO сауна на застежках L, XL","categoryCode":"Master - Clothes for slimming","categoryName":"Одежда для похудения","link":"https://kaspi.kz/shop/p/pojas-larko-sauna-na-zastezhkah-l-xl-120925136/"},"merchant":{"name":"LARKO-KZ","code":"17629423"},"editable":false,"editedByCustomer":false},{"id":"8a5c968f93004c2c019319cd0ded1cb9","author":"Алина","date":"11.11.2024","orderNumber":"439456526","rating":5,"comment":{"minus":"","plus":"","text":"Раньше срока привезли, размер в размер, удобная!"},"feedback":{"positive":0,"voted":false},"product":{"id":"120925136","name":"Пояс LARKO сауна на застежках L, XL","categoryCode":"Master - Clothes for slimming","categoryName":"Одежда для похудения","link":"https://kaspi.kz/shop/p/pojas-larko-sauna-na-zastezhkah-l-xl-120925136/"},"merchant":{"name":"LARKO-KZ","code":"17629423"},"editable":false,"editedByCustomer":false},{"id":"8a5cce6192dd7a920192de671e44031a","author":"Фариза","date":"30.10.2024","orderNumber":"431623732","rating":5,"comment":{"minus":"","plus":"","text":"Керемет жақсы."},"feedback":{"positive":0,"voted":false},"product":{"id":"120925136","name":"Пояс LARKO сауна на застежках L, XL","categoryCode":"Master - Clothes for slimming","categoryName":"Одежда для похудения","link":"https://kaspi.kz/shop/p/pojas-larko-sauna-na-zastezhkah-l-xl-120925136/"},"merchant":{"name":"LARKO-KZ","code":"17629423"},"editable":false,"editedByCustomer":false},{"id":"8a5cb3d192c6d8e70192c8e23e9d031e","author":"Дарья","date":"26.10.2024","orderNumber":"430679120","rating":5,"comment":{"minus":"","plus":"","text":"Доставили раньше срока и это очень порадовало. Немного не угадала с размером. Но все же влезла. Эффект бани есть. Посмотрим дальше на результат. А так советую."},"feedback":{"positive":0,"voted":false},"product":{"id":"120925136","name":"Пояс LARKO сауна на застежках L, XL","categoryCode":"Master - Clothes for slimming","categoryName":"Одежда для похудения","link":"https://kaspi.kz/shop/p/pojas-larko-sauna-na-zastezhkah-l-xl-120925136/"},"merchant":{"name":"LARKO-KZ","code":"17629423"},"editable":false,"editedByCustomer":false},{"id":"8a5c37049275091a01929537459a3773","author":"Жексенкуль","date":"16.10.2024","orderNumber":"424190303","rating":5,"comment":{"minus":"","plus":"","text":"Өте жақсы, маған ұнады."},"feedback":{"positive":0,"voted":false},"product":{"id":"120925136","name":"Пояс LARKO сауна на застежках L, XL","categoryCode":"Master - Clothes for slimming","categoryName":"Одежда для похудения","link":"https://kaspi.kz/shop/p/pojas-larko-sauna-na-zastezhkah-l-xl-120925136/"},"merchant":{"name":"LARKO-KZ","code":"17629423"},"editable":false,"editedByCustomer":false},{"id":"8a5c2cff91e41b660191e583b3cd0217","author":"Әсем","date":"16.09.2024","orderNumber":"407610467","rating":5,"comment":{"minus":"","plus":"","text":"Пояс қатты ұнады, жұқа, ішті жақсы тартады, киімнің сыртынан білінбейді, еще жақсы терлетеді, таңертең кейіннен жатқанша киемін, алсаңыздар, өкінбейсіздер, рахмет!"},"feedback":{"positive":0,"voted":false},"product":{"id":"120925136","name":"Пояс LARKO сауна на застежках L, XL","categoryCode":"Master - Clothes for slimming","categoryName":"Одежда для похудения","link":"https://kaspi.kz/shop/p/pojas-larko-sauna-na-zastezhkah-l-xl-120925136/"},"merchant":{"name":"LARKO-KZ","code":"17629423"},"editable":false,"editedByCustomer":false},{"id":"8a5ccd74917377950191830e3ae41f72","author":"Самал","date":"24.08.2024","orderNumber":"397525593","rating":5,"comment":{"minus":"","plus":"","text":"Пояс хороший. Когда в движении хорошо потеет. Посмотрим как дальше будет. Размер надо было брать меньше. На 44 брала L оказался большеват."},"feedback":{"positive":0,"voted":false},"product":{"id":"120925136","name":"Пояс LARKO сауна на застежках L, XL","categoryCode":"Master - Clothes for slimming","categoryName":"Одежда для похудения","link":"https://kaspi.kz/shop/p/pojas-larko-sauna-na-zastezhkah-l-xl-120925136/"},"merchant":{"name":"LARKO-KZ","code":"17629423"},"editable":false,"editedByCustomer":false},{"id":"8a5ce827912aba49019163c9dc3f59ef","author":"Алина","date":"18.08.2024","orderNumber":"394302050","rating":5,"comment":{"minus":"","plus":"","text":"Очень классно и удобно. Мне понравилось."},"feedback":{"positive":0,"voted":false},"product":{"id":"120925136","name":"Пояс LARKO сауна на застежках L, XL","categoryCode":"Master - Clothes for slimming","categoryName":"Одежда для похудения","link":"https://kaspi.kz/shop/p/pojas-larko-sauna-na-zastezhkah-l-xl-120925136/"},"merchant":{"name":"LARKO-KZ","code":"17629423"},"editable":false,"editedByCustomer":false}]}