{"data":[{"id":"8a5c5a82963235bc019654a4d0811312","author":"Ақмерей","date":"21.04.2025","orderNumber":"534507479","rating":5,"comment":{"minus":"","plus":"","text":"Өте күшті удобно екен, маған қатты ұнады."},"feedback":{"positive":0,"voted":false},"product":{"id":"112840754","name":"LARKO preg55 бандаж бежевый размер XXL","categoryCode":"Master - Bandages and orthoses","categoryName":"Бандажи и ортезы","link":"https://kaspi.kz/shop/p/larko-preg55-bandazh-bezhevyi-razmer-xxl-112840754/"},"merchant":{"name":"LARKO-KZ","code":"17629423"},"editable":false,"editedByCustomer":false},{"id":"8a5c6a1595c616b50195d75b83135162","author":"Зухра","date":"27.03.2025","orderNumber":"490888279","rating":5,"comment":{"minus":"","plus":"","text":"Очень удобный. И удобный в использовании."},"feedback":{"positive":0,"voted":false},"product":{"id":"112840754","name":"LARKO preg55 бандаж бежевый размер XXL","categoryCode":"Master - Bandages and orthoses","categoryName":"Бандажи и ортезы","link":"https://kaspi.kz/shop/p/larko-preg55-bandazh-bezhevyi-razmer-xxl-112840754/"},"merchant":{"name":"LARKO-KZ","code":"17629423"},"editable":false,"editedByCustomer":false},{"id":"8a5c980c9590f2e60195a4de361074d2","author":"Мария","date":"17.03.2025","orderNumber":"515457569","rating":5,"comment":{"minus":"","plus":"","text":"Спасибо LARKO - KZ за консультацию по выбору размера бандажа. Все подошло идеально. Качество изделия замечательное. Доставка на сутки раньше. Приятно удивили. Курьер вежлив. Рекомендую к покупке. Отдельная благодарность Каспи за возможность покупки. Успехов Вам."},"feedback":{"positive":1,"voted":false},"product":{"id":"112840754","name":"LARKO preg55 бандаж бежевый размер XXL","categoryCode":"Master - Bandages and orthoses","categoryName":"Бандажи и ортезы","link":"https://kaspi.kz/shop/p/larko-preg55-bandazh-bezhevyi-razmer-xxl-112840754/"},"merchant":{"name":"LARKO-KZ","code":"17629423"},"editable":false,"editedByCustomer":false},{"id":"8a5cbefe94ab5d590194cb66148d3140","author":"Гульниза","date":"03.02.2025","orderNumber":"489348367","rating":5,"comment":{"minus":"","plus":"","text":"Заказала бандаж, качество соответствует описанию, очень удобный, три вида, и цена приемлемая, советую."},"feedback":{"positive":1,"voted":false},"product":{"id":"112840754","name":"LARKO preg55 бандаж бежевый размер XXL","categoryCode":"Master - Bandages and orthoses","categoryName":"Бандажи и ортезы","link":"https://kaspi.kz/shop/p/larko-preg55-bandazh-bezhevyi-razmer-xxl-112840754/"},"merchant":{"name":"LARKO-KZ","code":"17629423"},"editable":false,"editedByCustomer":false},{"id":"8a5cc06994ab5d190194b0febd5a09a5","author":"Светлана","date":"29.01.2025","orderNumber":"485849194","rating":5,"comment":{"minus":"","plus":"","text":"Бандаж очень удобный."},"feedback":{"positive":1,"voted":false},"product":{"id":"112840754","name":"LARKO preg55 бандаж бежевый размер XXL","categoryCode":"Master - Bandages and orthoses","categoryName":"Бандажи и ортезы","link":"https://kaspi.kz/shop/p/larko-preg55-bandazh-bezhevyi-razmer-xxl-112840754/"},"merchant":{"name":"LARKO-KZ","code":"17629423"},"editable":false,"editedByCustomer":false},{"id":"8a5c253894ab5c230194ada2970306dc","author":"Екатерина","date":"28.01.2025","orderNumber":"486335196","rating":5,"comment":{"minus":"","plus":"","text":"Бандаж просто супер, несколько видов."},"feedback":{"positive":0,"voted":false},"galleryImages":[{"id":"486335196-112840754/198c0b34-cb5a-495f-adea-40b9214e19dd.jpeg","small":"https://resources.cdn-kaspi.kz/img/p/r/486335196-112840754/198c0b34-cb5a-495f-adea-40b9214e19dd.jpeg?format=review_small","medium":"https://resources.cdn-kaspi.kz/img/p/r/486335196-112840754/198c0b34-cb5a-495f-adea-40b9214e19dd.jpeg?format=review_medium","large":"https://resources.cdn-kaspi.kz/img/p/r/486335196-112840754/198c0b34-cb5a-495f-adea-40b9214e19dd.jpeg?format=review_large"},{"id":"486335196-112840754/e62ba891-6c3a-4fde-9058-6b6b2d4abb67.jpeg","small":"https://resources.cdn-kaspi.kz/img/p/r/486335196-112840754/e62ba891-6c3a-4fde-9058-6b6b2d4abb67.jpeg?format=review_small","medium":"https://resources.cdn-kaspi.kz/img/p/r/486335196-112840754/e62ba891-6c3a-4fde-9058-6b6b2d4abb67.jpeg?format=review_medium","large":"https://resources.cdn-kaspi.kz/img/p/r/486335196-112840754/e62ba891-6c3a-4fde-9058-6b6b2d4abb67.jpeg?format=review_large"},{"id":"486335196-112840754/a5beee2d-53ea-4911-a80f-889b3fd18bb5.jpeg","small":"https://resources.cdn-kaspi.kz/img/p/r/486335196-112840754/a5beee2d-53ea-4911-a80f-889b3fd18bb5.jpeg?format=review_small","medium":"https://resources.cdn-kaspi.kz/img/p/r/486335196-112840754/a5beee2d-53ea-4911-a80f-889b3fd18bb5.jpeg?format=review_medium","large":"https://resources.cdn-kaspi.kz/img/p/r/486335196-112840754/a5beee2d-53ea-4911-a80f-889b3fd18bb5.jpeg?format=review_large"},{"id":"486335196-112840754/f9ca34d7-2d8b-4adc-8ef7-6f21fb865964.jpeg","small":"https://resources.cdn-kaspi.kz/img/p/r/486335196-112840754/f9ca34d7-2d8b-4adc-8ef7-6f21fb865964.jpeg?format=review_small","medium":"https://resources.cdn-kaspi.kz/img/p/r/486335196-112840754/f9ca34d7-2d8b-4adc-8ef7-6f21fb865964.jpeg?format=review_medium","large":"https://resources.cdn-kaspi.kz/img/p/r/486335196-112840754/f9ca34d7-2d8b-4adc-8ef7-6f21fb865964.jpeg?format=review_large"}],"product":{"id":"112840754","name":"LARKO preg55 бандаж бежевый размер XXL","categoryCode":"Master - Bandages and orthoses","categoryName":"Бандажи и ортезы","link":"https://kaspi.kz/shop/p/larko-preg55-bandazh-bezhevyi-razmer-xxl-112840754/"},"merchant":{"name":"LARKO-KZ","code":"17629423"},"editable":false,"editedByCustomer":false},{"id":"8a5c306b946876ee0194a742c9dd56a0","author":"Еркежан","date":"27.01.2025","orderNumber":"485320650","rating":5,"comment":{"minus":"","plus":"","text":"Хороший бандаж, всем рекомендую."},"feedback":{"positive":0,"voted":false},"product":{"id":"112840754","name":"LARKO preg55 бандаж бежевый размер XXL","categoryCode":"Master - Bandages and orthoses","categoryName":"Бандажи и ортезы","link":"https://kaspi.kz/shop/p/larko-preg55-bandazh-bezhevyi-razmer-xxl-112840754/"},"merchant":{"name":"LARKO-KZ","code":"17629423"},"editable":false,"editedByCustomer":false},{"id":"8a5c406f946875fe0194a2bfda6052be","author":"Эльнара","date":"26.01.2025","orderNumber":"485436061","rating":5,"comment":{"minus":"","plus":"","text":"Находка. Приемлемая цена, хороший пошив. 3 пояса за такую стоимость, шикарно. Спасибо продавцу и Каспи. Доставка супер быстрая."},"feedback":{"positive":0,"voted":false},"galleryImages":[{"id":"485436061-112840754/c59b21d1-5eb6-4fae-b346-a5375e62a75d.jpeg","small":"https://resources.cdn-kaspi.kz/img/p/r/485436061-112840754/c59b21d1-5eb6-4fae-b346-a5375e62a75d.jpeg?format=review_small","medium":"https://resources.cdn-kaspi.kz/img/p/r/485436061-112840754/c59b21d1-5eb6-4fae-b346-a5375e62a75d.jpeg?format=review_medium","large":"https://resources.cdn-kaspi.kz/img/p/r/485436061-112840754/c59b21d1-5eb6-4fae-b346-a5375e62a75d.jpeg?format=review_large"},{"id":"485436061-112840754/9b7165ab-6c95-4487-b897-7d2411e86003.jpeg","small":"https://resources.cdn-kaspi.kz/img/p/r/485436061-112840754/9b7165ab-6c95-4487-b897-7d2411e86003.jpeg?format=review_small","medium":"https://resources.cdn-kaspi.kz/img/p/r/485436061-112840754/9b7165ab-6c95-4487-b897-7d2411e86003.jpeg?format=review_medium","large":"https://resources.cdn-kaspi.kz/img/p/r/485436061-112840754/9b7165ab-6c95-4487-b897-7d2411e86003.jpeg?format=review_large"},{"id":"485436061-112840754/d4f9652c-8d72-43a5-a761-1d3f7008f9ca.jpeg","small":"https://resources.cdn-kaspi.kz/img/p/r/485436061-112840754/d4f9652c-8d72-43a5-a761-1d3f7008f9ca.jpeg?format=review_small","medium":"https://resources.cdn-kaspi.kz/img/p/r/485436061-112840754/d4f9652c-8d72-43a5-a761-1d3f7008f9ca.jpeg?format=review_medium","large":"https://resources.cdn-kaspi.kz/img/p/r/485436061-112840754/d4f9652c-8d72-43a5-a761-1d3f7008f9ca.jpeg?format=review_large"},{"id":"485436061-112840754/21775273-9512-4604-b47d-4fd81d29dd4b.jpeg","small":"https://resources.cdn-kaspi.kz/img/p/r/485436061-112840754/21775273-9512-4604-b47d-4fd81d29dd4b.jpeg?format=review_small","medium":"https://resources.cdn-kaspi.kz/img/p/r/485436061-112840754/21775273-9512-4604-b47d-4fd81d29dd4b.jpeg?format=review_medium","large":"https://resources.cdn-kaspi.kz/img/p/r/485436061-112840754/21775273-9512-4604-b47d-4fd81d29dd4b.jpeg?format=review_large"},{"id":"485436061-112840754/d790a9bb-9cbd-40ab-9d60-49b1f8eedaf4.jpeg","small":"https://resources.cdn-kaspi.kz/img/p/r/485436061-112840754/d790a9bb-9cbd-40ab-9d60-49b1f8eedaf4.jpeg?format=review_small","medium":"https://resources.cdn-kaspi.kz/img/p/r/485436061-112840754/d790a9bb-9cbd-40ab-9d60-49b1f8eedaf4.jpeg?format=review_medium","large":"https://resources.cdn-kaspi.kz/img/p/r/485436061-112840754/d790a9bb-9cbd-40ab-9d60-49b1f8eedaf4.jpeg?format=review_large"}],"product":{"id":"112840754","name":"LARKO preg55 бандаж бежевый размер XXL","categoryCode":"Master - Bandages and orthoses","categoryName":"Бандажи и ортезы","link":"https://kaspi.kz/shop/p/larko-preg55-bandazh-bezhevyi-razmer-xxl-112840754/"},"merchant":{"name":"LARKO-KZ","code":"17629423"},"editable":false,"editedByCustomer":false},{"id":"8a5c1dca9468757b0194797ee9131e79","author":"Алтынай","date":"18.01.2025","orderNumber":"478465274","rating":5,"comment":{"minus":"","plus":"","text":"Спасибо, очень хороший, подошел."},"feedback":{"positive":0,"voted":false},"product":{"id":"112840754","name":"LARKO preg55 бандаж бежевый размер XXL","categoryCode":"Master - Bandages and orthoses","categoryName":"Бандажи и ортезы","link":"https://kaspi.kz/shop/p/larko-preg55-bandazh-bezhevyi-razmer-xxl-112840754/"},"merchant":{"name":"LARKO-KZ","code":"17629423"},"editable":false,"editedByCustomer":false},{"id":"8a5c9dbc9401956a01942c105e684123","author":"Полина","date":"03.01.2025","orderNumber":"473747548","rating":5,"comment":{"minus":"","plus":"","text":"Заказала бандаж, качество отличное, буду пользоваться только после родов, так как брала именно с этой целью. Как послеродовой утягивающий бандаж."},"feedback":{"positive":0,"voted":false},"galleryImages":[{"id":"473747548-112840754/4edc71d4-c179-44a9-98d7-75bcb2b74924.jpeg","small":"https://resources.cdn-kaspi.kz/img/p/r/473747548-112840754/4edc71d4-c179-44a9-98d7-75bcb2b74924.jpeg?format=review_small","medium":"https://resources.cdn-kaspi.kz/img/p/r/473747548-112840754/4edc71d4-c179-44a9-98d7-75bcb2b74924.jpeg?format=review_medium","large":"https://resources.cdn-kaspi.kz/img/p/r/473747548-112840754/4edc71d4-c179-44a9-98d7-75bcb2b74924.jpeg?format=review_large"},{"id":"473747548-112840754/1e649cc9-f8c7-45f1-b5c0-5927a7ce17a7.jpeg","small":"https://resources.cdn-kaspi.kz/img/p/r/473747548-112840754/1e649cc9-f8c7-45f1-b5c0-5927a7ce17a7.jpeg?format=review_small","medium":"https://resources.cdn-kaspi.kz/img/p/r/473747548-112840754/1e649cc9-f8c7-45f1-b5c0-5927a7ce17a7.jpeg?format=review_medium","large":"https://resources.cdn-kaspi.kz/img/p/r/473747548-112840754/1e649cc9-f8c7-45f1-b5c0-5927a7ce17a7.jpeg?format=review_large"},{"id":"473747548-112840754/4b76a0be-0902-4944-8eca-d32aa8bf2a15.jpeg","small":"https://resources.cdn-kaspi.kz/img/p/r/473747548-112840754/4b76a0be-0902-4944-8eca-d32aa8bf2a15.jpeg?format=review_small","medium":"https://resources.cdn-kaspi.kz/img/p/r/473747548-112840754/4b76a0be-0902-4944-8eca-d32aa8bf2a15.jpeg?format=review_medium","large":"https://resources.cdn-kaspi.kz/img/p/r/473747548-112840754/4b76a0be-0902-4944-8eca-d32aa8bf2a15.jpeg?format=review_large"},{"id":"473747548-112840754/f8323b46-4961-4011-a4fd-5a8852cb1d81.jpeg","small":"https://resources.cdn-kaspi.kz/img/p/r/473747548-112840754/f8323b46-4961-4011-a4fd-5a8852cb1d81.jpeg?format=review_small","medium":"https://resources.cdn-kaspi.kz/img/p/r/473747548-112840754/f8323b46-4961-4011-a4fd-5a8852cb1d81.jpeg?format=review_medium","large":"https://resources.cdn-kaspi.kz/img/p/r/473747548-112840754/f8323b46-4961-4011-a4fd-5a8852cb1d81.jpeg?format=review_large"}],"product":{"id":"112840754","name":"LARKO preg55 бандаж бежевый размер XXL","categoryCode":"Master - Bandages and orthoses","categoryName":"Бандажи и ортезы","link":"https://kaspi.kz/shop/p/larko-preg55-bandazh-bezhevyi-razmer-xxl-112840754/"},"merchant":{"name":"LARKO-KZ","code":"17629423"},"editable":false,"editedByCustomer":false},{"id":"8a5c78259401969f01941907da9f2e22","author":"Жазира","date":"31.12.2024","orderNumber":"471574605","rating":5,"comment":{"minus":"","plus":"","text":"Маған қатты ұнады, доставка уақытынан бұрын келді, рахмет."},"feedback":{"positive":0,"voted":false},"galleryImages":[{"id":"471574605-112840754/c48069b7-f2f3-4e71-a74d-2219e185cc8e.jpeg","small":"https://resources.cdn-kaspi.kz/img/p/r/471574605-112840754/c48069b7-f2f3-4e71-a74d-2219e185cc8e.jpeg?format=review_small","medium":"https://resources.cdn-kaspi.kz/img/p/r/471574605-112840754/c48069b7-f2f3-4e71-a74d-2219e185cc8e.jpeg?format=review_medium","large":"https://resources.cdn-kaspi.kz/img/p/r/471574605-112840754/c48069b7-f2f3-4e71-a74d-2219e185cc8e.jpeg?format=review_large"},{"id":"471574605-112840754/ccd59c38-95fc-4796-896d-2f02232557f4.jpeg","small":"https://resources.cdn-kaspi.kz/img/p/r/471574605-112840754/ccd59c38-95fc-4796-896d-2f02232557f4.jpeg?format=review_small","medium":"https://resources.cdn-kaspi.kz/img/p/r/471574605-112840754/ccd59c38-95fc-4796-896d-2f02232557f4.jpeg?format=review_medium","large":"https://resources.cdn-kaspi.kz/img/p/r/471574605-112840754/ccd59c38-95fc-4796-896d-2f02232557f4.jpeg?format=review_large"}],"product":{"id":"112840754","name":"LARKO preg55 бандаж бежевый размер XXL","categoryCode":"Master - Bandages and orthoses","categoryName":"Бандажи и ортезы","link":"https://kaspi.kz/shop/p/larko-preg55-bandazh-bezhevyi-razmer-xxl-112840754/"},"merchant":{"name":"LARKO-KZ","code":"17629423"},"editable":false,"editedByCustomer":false},{"id":"8a5c51d3939556870193f35ac46c0eeb","author":"Тамара","date":"23.12.2024","orderNumber":"464479770","rating":5,"comment":{"minus":"","plus":"","text":"Очень хороший бандаж, полностью соответствует описанию товара. Хорошо регулируется, держит. Спасибо большое продавцам за своевременную доставку и хорошую упаковку."},"feedback":{"positive":0,"voted":false},"product":{"id":"112840754","name":"LARKO preg55 бандаж бежевый размер XXL","categoryCode":"Master - Bandages and orthoses","categoryName":"Бандажи и ортезы","link":"https://kaspi.kz/shop/p/larko-preg55-bandazh-bezhevyi-razmer-xxl-112840754/"},"merchant":{"name":"LARKO-KZ","code":"17629423"},"editable":false,"editedByCustomer":false},{"id":"8a5cbedf9366cc870193808c344823c8","author":"Лаззат","date":"01.12.2024","orderNumber":"452311273","rating":5,"comment":{"minus":"","plus":"","text":"Отличный бандаж, сейчас при беременности очень даже надо чтобы поясница не болела. Круто когда 3в1 остальных буду пользоваться после родов."},"feedback":{"positive":0,"voted":false},"product":{"id":"112840754","name":"LARKO preg55 бандаж бежевый размер XXL","categoryCode":"Master - Bandages and orthoses","categoryName":"Бандажи и ортезы","link":"https://kaspi.kz/shop/p/larko-preg55-bandazh-bezhevyi-razmer-xxl-112840754/"},"merchant":{"name":"LARKO-KZ","code":"17629423"},"editable":false,"editedByCustomer":false},{"id":"8a5c71f39366cb7301937de91a1b2256","author":"Дамегул","date":"30.11.2024","orderNumber":"451583979","rating":5,"comment":{"minus":"","plus":"","text":"Сапасы жақсы. Айтқан уақытынан 2 күн ерте келді. Рахмет!."},"feedback":{"positive":0,"voted":false},"product":{"id":"112840754","name":"LARKO preg55 бандаж бежевый размер XXL","categoryCode":"Master - Bandages and orthoses","categoryName":"Бандажи и ортезы","link":"https://kaspi.kz/shop/p/larko-preg55-bandazh-bezhevyi-razmer-xxl-112840754/"},"merchant":{"name":"LARKO-KZ","code":"17629423"},"editable":false,"editedByCustomer":false},{"id":"8a5c11b69347bd5f019357e016301791","author":"Ольга","date":"23.11.2024","orderNumber":"449090054","rating":5,"comment":{"minus":"","plus":"","text":"Товар получили, все очень четко, быстро, спасибо большое продавцу, рекомендую."},"feedback":{"positive":0,"voted":false},"galleryImages":[{"id":"449090054-112840754/1166118b-3e9c-40c8-9b86-6af752ddcc68.jpeg","small":"https://resources.cdn-kaspi.kz/img/p/r/449090054-112840754/1166118b-3e9c-40c8-9b86-6af752ddcc68.jpeg?format=review_small","medium":"https://resources.cdn-kaspi.kz/img/p/r/449090054-112840754/1166118b-3e9c-40c8-9b86-6af752ddcc68.jpeg?format=review_medium","large":"https://resources.cdn-kaspi.kz/img/p/r/449090054-112840754/1166118b-3e9c-40c8-9b86-6af752ddcc68.jpeg?format=review_large"},{"id":"449090054-112840754/85e57bab-db50-4a65-ba71-c6f2eb852b45.jpeg","small":"https://resources.cdn-kaspi.kz/img/p/r/449090054-112840754/85e57bab-db50-4a65-ba71-c6f2eb852b45.jpeg?format=review_small","medium":"https://resources.cdn-kaspi.kz/img/p/r/449090054-112840754/85e57bab-db50-4a65-ba71-c6f2eb852b45.jpeg?format=review_medium","large":"https://resources.cdn-kaspi.kz/img/p/r/449090054-112840754/85e57bab-db50-4a65-ba71-c6f2eb852b45.jpeg?format=review_large"}],"product":{"id":"112840754","name":"LARKO preg55 бандаж бежевый размер XXL","categoryCode":"Master - Bandages and orthoses","categoryName":"Бандажи и ортезы","link":"https://kaspi.kz/shop/p/larko-preg55-bandazh-bezhevyi-razmer-xxl-112840754/"},"merchant":{"name":"LARKO-KZ","code":"17629423"},"editable":false,"editedByCustomer":false},{"id":"8a5c4ef9931f0c8901933f60505b3194","author":"Ақерке","date":"18.11.2024","orderNumber":"444082812","rating":5,"comment":{"minus":"","plus":"","text":"Качествосы күшті екен, размер точь точь идеально келді, денеде прият."},"feedback":{"positive":0,"voted":false},"product":{"id":"112840754","name":"LARKO preg55 бандаж бежевый размер XXL","categoryCode":"Master - Bandages and orthoses","categoryName":"Бандажи и ортезы","link":"https://kaspi.kz/shop/p/larko-preg55-bandazh-bezhevyi-razmer-xxl-112840754/"},"merchant":{"name":"LARKO-KZ","code":"17629423"},"editable":false,"editedByCustomer":false},{"id":"8a5c623b931f0f450193363bda0e2524","author":"Андрей","date":"16.11.2024","orderNumber":"442948863","rating":5,"comment":{"minus":"","plus":"","text":"Качество отличное, жене подошло, магазин larko kz."},"feedback":{"positive":0,"voted":false},"product":{"id":"112840754","name":"LARKO preg55 бандаж бежевый размер XXL","categoryCode":"Master - Bandages and orthoses","categoryName":"Бандажи и ортезы","link":"https://kaspi.kz/shop/p/larko-preg55-bandazh-bezhevyi-razmer-xxl-112840754/"},"merchant":{"name":"LARKO-KZ","code":"17629423"},"editable":false,"editedByCustomer":false},{"id":"8a5c6229927f25a20192817e06320684","author":"Маргуба","date":"12.10.2024","orderNumber":"423612904","rating":5,"comment":{"minus":"","plus":"","text":"Супер, мне очень понравилось, спасибо большое."},"feedback":{"positive":0,"voted":false},"product":{"id":"112840754","name":"LARKO preg55 бандаж бежевый размер XXL","categoryCode":"Master - Bandages and orthoses","categoryName":"Бандажи и ортезы","link":"https://kaspi.kz/shop/p/larko-preg55-bandazh-bezhevyi-razmer-xxl-112840754/"},"merchant":{"name":"LARKO-KZ","code":"17629423"},"editable":false,"editedByCustomer":false},{"id":"8a5ce3c49057f581019091253db24a78","author":"Светлана","date":"08.07.2024","orderNumber":"370854196","rating":5,"comment":{"minus":"","plus":"","text":"Бандаж понравился, удобный, по размеру подходит."},"feedback":{"positive":0,"voted":false},"product":{"id":"112840754","name":"LARKO preg55 бандаж бежевый размер XXL","categoryCode":"Master - Bandages and orthoses","categoryName":"Бандажи и ортезы","link":"https://kaspi.kz/shop/p/larko-preg55-bandazh-bezhevyi-razmer-xxl-112840754/"},"merchant":{"name":"LARKO-KZ","code":"17629423"},"editable":false,"editedByCustomer":false},{"id":"8a5c71d89090784d0190911b8070009a","author":"Айдана","date":"08.07.2024","orderNumber":"360225925","rating":5,"comment":{"minus":"","plus":"","text":"Брала бандаж для восстановления после родов. Мне бандаж подошел, хорошо держит. Рекомендую."},"feedback":{"positive":0,"voted":false},"product":{"id":"112840754","name":"LARKO preg55 бандаж бежевый размер XXL","categoryCode":"Master - Bandages and orthoses","categoryName":"Бандажи и ортезы","link":"https://kaspi.kz/shop/p/larko-preg55-bandazh-bezhevyi-razmer-xxl-112840754/"},"merchant":{"name":"LARKO-KZ","code":"17629423"},"editable":false,"editedByCustomer":false},{"id":"8a5c65909057f59d0190910c700e48b4","author":"Таңшолпан","date":"08.07.2024","orderNumber":"360379137","rating":5,"comment":{"minus":"","plus":"","text":"Очень удобный бандаж, после операций самое то."},"feedback":{"positive":0,"voted":false},"product":{"id":"112840754","name":"LARKO preg55 бандаж бежевый размер XXL","categoryCode":"Master - Bandages and orthoses","categoryName":"Бандажи и ортезы","link":"https://kaspi.kz/shop/p/larko-preg55-bandazh-bezhevyi-razmer-xxl-112840754/"},"merchant":{"name":"LARKO-KZ","code":"17629423"},"editable":false,"editedByCustomer":false},{"id":"8a5ce3c49057f5810190910af4e44a35","author":"Лейла","date":"08.07.2024","orderNumber":"358822222","rating":5,"comment":{"minus":"","plus":"","text":"Очень качественный бандаж. Плотный. Лучше многих дорогих аналогов. Хорошо поддерживает спину и живот. Рекомендую к покупке."},"feedback":{"positive":0,"voted":false},"product":{"id":"112840754","name":"LARKO preg55 бандаж бежевый размер XXL","categoryCode":"Master - Bandages and orthoses","categoryName":"Бандажи и ортезы","link":"https://kaspi.kz/shop/p/larko-preg55-bandazh-bezhevyi-razmer-xxl-112840754/"},"merchant":{"name":"LARKO-KZ","code":"17629423"},"editable":false,"editedByCustomer":false},{"id":"8a5c556a8f3c6774018f3dd377dc01c7","author":"Ольга","date":"03.05.2024","orderNumber":"352332401","rating":5,"comment":{"minus":"","plus":"","text":"Хорошо подошёл. Поддерживает спину и грыжи живота."},"feedback":{"positive":0,"voted":false},"product":{"id":"112840754","name":"LARKO preg55 бандаж бежевый размер XXL","categoryCode":"Master - Bandages and orthoses","categoryName":"Бандажи и ортезы","link":"https://kaspi.kz/shop/p/larko-preg55-bandazh-bezhevyi-razmer-xxl-112840754/"},"merchant":{"name":"LARKO-KZ","code":"17629423"},"editable":false,"editedByCustomer":false},{"id":"8a5c2cfd8d6ce79f018d6e19c48901b8","author":"Улданай","date":"03.02.2024","orderNumber":"321316220","rating":5,"comment":{"minus":"","plus":"","text":"Керемет! Маған ұнады."},"feedback":{"positive":0,"voted":false},"product":{"id":"112840754","name":"LARKO preg55 бандаж бежевый размер XXL","categoryCode":"Master - Bandages and orthoses","categoryName":"Бандажи и ортезы","link":"https://kaspi.kz/shop/p/larko-preg55-bandazh-bezhevyi-razmer-xxl-112840754/"},"merchant":{"name":"LARKO-KZ","code":"17629423"},"editable":false,"editedByCustomer":false},{"id":"8a5c67d98d5851b2018d58cd6d500089","author":"Динара","date":"30.01.2024","orderNumber":"320878566","rating":5,"comment":{"minus":"","plus":"","text":"Стоящий бандаж, хорошо держит. Советую."},"feedback":{"positive":1,"voted":false},"product":{"id":"112840754","name":"LARKO preg55 бандаж бежевый размер XXL","categoryCode":"Master - Bandages and orthoses","categoryName":"Бандажи и ортезы","link":"https://kaspi.kz/shop/p/larko-preg55-bandazh-bezhevyi-razmer-xxl-112840754/"},"merchant":{"name":"LARKO-KZ","code":"17629423"},"editable":false,"editedByCustomer":false},{"id":"8a5c983f8d398b7e018d556d14413089","author":"Гүлзат","date":"29.01.2024","orderNumber":"304180505","rating":5,"comment":{"minus":"","plus":"","text":"Советую, только косточки почему то выходят сзади."},"feedback":{"positive":0,"voted":false},"product":{"id":"112840754","name":"LARKO preg55 бандаж бежевый размер XXL","categoryCode":"Master - Bandages and orthoses","categoryName":"Бандажи и ортезы","link":"https://kaspi.kz/shop/p/larko-preg55-bandazh-bezhevyi-razmer-xxl-112840754/"},"merchant":{"name":"LARKO-KZ","code":"17629423"},"editable":false,"editedByCustomer":false},{"id":"8a5c04358d10220d018d2329cf4f2987","author":"Гульнур","date":"20.01.2024","orderNumber":"316450084","rating":5,"comment":{"minus":"","plus":"","text":"Очень удобный бандаж. Спасибо за быструю доставку."},"feedback":{"positive":1,"voted":false},"product":{"id":"112840754","name":"LARKO preg55 бандаж бежевый размер XXL","categoryCode":"Master - Bandages and orthoses","categoryName":"Бандажи и ортезы","link":"https://kaspi.kz/shop/p/larko-preg55-bandazh-bezhevyi-razmer-xxl-112840754/"},"merchant":{"name":"LARKO-KZ","code":"17629423"},"editable":false,"editedByCustomer":false},{"id":"8a5c7abd8ca51083018d07a29c7b7f52","author":"Жаннат","date":"14.01.2024","orderNumber":"312015294","rating":5,"comment":{"minus":"","plus":"","text":"Брала на пост операционной, мне понравилось."},"feedback":{"positive":1,"voted":false},"product":{"id":"112840754","name":"LARKO preg55 бандаж бежевый размер XXL","categoryCode":"Master - Bandages and orthoses","categoryName":"Бандажи и ортезы","link":"https://kaspi.kz/shop/p/larko-preg55-bandazh-bezhevyi-razmer-xxl-112840754/"},"merchant":{"name":"LARKO-KZ","code":"17629423"},"editable":false,"editedByCustomer":false},{"id":"8a5cee298d061501018d077c309f0242","author":"Ольга","date":"14.01.2024","orderNumber":"298628139","rating":5,"comment":{"minus":"","plus":"","text":"Бандаж хороший. Рекомендую."},"feedback":{"positive":1,"voted":false},"product":{"id":"112840754","name":"LARKO preg55 бандаж бежевый размер XXL","categoryCode":"Master - Bandages and orthoses","categoryName":"Бандажи и ортезы","link":"https://kaspi.kz/shop/p/larko-preg55-bandazh-bezhevyi-razmer-xxl-112840754/"},"merchant":{"name":"LARKO-KZ","code":"17629423"},"editable":false,"editedByCustomer":false},{"id":"8a5cba728d05e30f018d077778400226","author":"Яна","date":"14.01.2024","orderNumber":"300460070","rating":5,"comment":{"minus":"","plus":"","text":"Хорошее качество, быстрая доставка."},"feedback":{"positive":1,"voted":false},"product":{"id":"112840754","name":"LARKO preg55 бандаж бежевый размер XXL","categoryCode":"Master - Bandages and orthoses","categoryName":"Бандажи и ортезы","link":"https://kaspi.kz/shop/p/larko-preg55-bandazh-bezhevyi-razmer-xxl-112840754/"},"merchant":{"name":"LARKO-KZ","code":"17629423"},"editable":false,"editedByCustomer":false},{"id":"8a5cd48d8ca46718018cfdad074e7752","author":"Манзура","date":"12.01.2024","orderNumber":"315511235","rating":5,"comment":{"minus":"","plus":"","text":"Качество супер, я очень рада, советую вам."},"feedback":{"positive":0,"voted":false},"product":{"id":"112840754","name":"LARKO preg55 бандаж бежевый размер XXL","categoryCode":"Master - Bandages and orthoses","categoryName":"Бандажи и ортезы","link":"https://kaspi.kz/shop/p/larko-preg55-bandazh-bezhevyi-razmer-xxl-112840754/"},"merchant":{"name":"LARKO-KZ","code":"17629423"},"editable":false,"editedByCustomer":false},{"id":"8a5c2c028c8f7450018c9144a0f6047e","author":"Александра","date":"22.12.2023","orderNumber":"296599058","rating":5,"comment":{"minus":"","plus":"","text":"Бандаж отличный, брала для операции, то что мне нужно было, чтобы область живота была хорошо закрыта, для беременных тоже хорошо подойдёт, липучки сильные, сделан хорошо, советую."},"feedback":{"positive":5,"voted":false},"product":{"id":"112840754","name":"LARKO preg55 бандаж бежевый размер XXL","categoryCode":"Master - Bandages and orthoses","categoryName":"Бандажи и ортезы","link":"https://kaspi.kz/shop/p/larko-preg55-bandazh-bezhevyi-razmer-xxl-112840754/"},"merchant":{"name":"LARKO-KZ","code":"17629423"},"editable":false,"editedByCustomer":false},{"id":"8a5c820f8c237aad018c24cb160d05cc","author":"Арайлым","date":"19.12.2023","orderNumber":"302729099","rating":5,"comment":{"minus":"","plus":"","text":"Карсет жақсы, бірақ мен  l-, ға заказ бергем, салафанда  l деп жазылып тұр, ішінде  l размер.  Сонысы ғана ұнамады, амал жоқ, қайта апаруға алыс, киіп жүрмін."},"feedback":{"positive":1,"voted":false},"product":{"id":"112840754","name":"LARKO preg55 бандаж бежевый размер XXL","categoryCode":"Master - Bandages and orthoses","categoryName":"Бандажи и ортезы","link":"https://kaspi.kz/shop/p/larko-preg55-bandazh-bezhevyi-razmer-xxl-112840754/"},"merchant":{"name":"LARKO-KZ","code":"17629423"},"editable":false,"editedByCustomer":false}]}