{"data":[{"id":"8a5c5a82963235bc019653806c500cc8","author":"Ерзат","date":"20.04.2025","orderNumber":"535271744","rating":3,"comment":{"minus":"","plus":"","text":"Отсутствие утяжителя, все остальное в норме."},"feedback":{"positive":0,"voted":false},"galleryImages":[{"id":"535271744-131500563/fb02a54b-f8d1-4d8e-8438-a598ed907878.jpeg","small":"https://resources.cdn-kaspi.kz/img/p/r/535271744-131500563/fb02a54b-f8d1-4d8e-8438-a598ed907878.jpeg?format=review_small","medium":"https://resources.cdn-kaspi.kz/img/p/r/535271744-131500563/fb02a54b-f8d1-4d8e-8438-a598ed907878.jpeg?format=review_medium","large":"https://resources.cdn-kaspi.kz/img/p/r/535271744-131500563/fb02a54b-f8d1-4d8e-8438-a598ed907878.jpeg?format=review_large"}],"product":{"id":"131500563","name":"LARKO jumpcounterroz2 умная 280 см розовый","categoryCode":"Master - Jump ropes","categoryName":"Скакалки для фитнеса","link":"https://kaspi.kz/shop/p/larko-jumpcounterroz2-umnaja-280-sm-rozovyi-131500563/"},"merchant":{"name":"LARKO-KZ","code":"17629423"},"editable":false,"editedByCustomer":false},{"id":"8a5cf33595f5245301960560b91c4cf5","author":"Айгуль","date":"05.04.2025","orderNumber":"525826322","rating":5,"comment":{"minus":"","plus":"","text":"Качество супер, за такую цену отличная скакалка. Рекомендую продавец Larko-kz."},"feedback":{"positive":0,"voted":false},"galleryImages":[{"id":"525826322-131500563/8f87f9cd-d5e1-4fb2-8b90-54da2624dc97.jpeg","small":"https://resources.cdn-kaspi.kz/img/p/r/525826322-131500563/8f87f9cd-d5e1-4fb2-8b90-54da2624dc97.jpeg?format=review_small","medium":"https://resources.cdn-kaspi.kz/img/p/r/525826322-131500563/8f87f9cd-d5e1-4fb2-8b90-54da2624dc97.jpeg?format=review_medium","large":"https://resources.cdn-kaspi.kz/img/p/r/525826322-131500563/8f87f9cd-d5e1-4fb2-8b90-54da2624dc97.jpeg?format=review_large"}],"product":{"id":"131500563","name":"LARKO jumpcounterroz2 умная 280 см розовый","categoryCode":"Master - Jump ropes","categoryName":"Скакалки для фитнеса","link":"https://kaspi.kz/shop/p/larko-jumpcounterroz2-umnaja-280-sm-rozovyi-131500563/"},"merchant":{"name":"LARKO-KZ","code":"17629423"},"editable":false,"editedByCustomer":true},{"id":"8a5cba5a95acfcd60195cc5578142a66","author":"Ирина","date":"25.03.2025","orderNumber":"518296698","rating":5,"comment":{"minus":"","plus":"","text":"Отличная скакалка. Качество."},"feedback":{"positive":0,"voted":false},"product":{"id":"131500563","name":"LARKO jumpcounterroz2 умная 280 см розовый","categoryCode":"Master - Jump ropes","categoryName":"Скакалки для фитнеса","link":"https://kaspi.kz/shop/p/larko-jumpcounterroz2-umnaja-280-sm-rozovyi-131500563/"},"merchant":{"name":"LARKO-KZ","code":"17629423"},"editable":false,"editedByCustomer":false},{"id":"8a5c622395c117ac0195c2d625a509b0","author":"Жулдуз","date":"23.03.2025","orderNumber":"518740125","rating":5,"comment":{"minus":"","plus":"","text":"Классная скакалка, мне как раз такая нужна была, ставлю 5."},"feedback":{"positive":0,"voted":false},"product":{"id":"131500563","name":"LARKO jumpcounterroz2 умная 280 см розовый","categoryCode":"Master - Jump ropes","categoryName":"Скакалки для фитнеса","link":"https://kaspi.kz/shop/p/larko-jumpcounterroz2-umnaja-280-sm-rozovyi-131500563/"},"merchant":{"name":"LARKO-KZ","code":"17629423"},"editable":false,"editedByCustomer":false},{"id":"8a5cd49d953675e301955101f7620c61","author":"Гаухар","date":"01.03.2025","orderNumber":"504937504","rating":5,"comment":{"minus":"","plus":"","text":"Скакалка крутая, сама считает прыжки, калории, сколько мин прыгаешь. Утяжелители на ручках, ощущается по рукам."},"feedback":{"positive":1,"voted":false},"product":{"id":"131500563","name":"LARKO jumpcounterroz2 умная 280 см розовый","categoryCode":"Master - Jump ropes","categoryName":"Скакалки для фитнеса","link":"https://kaspi.kz/shop/p/larko-jumpcounterroz2-umnaja-280-sm-rozovyi-131500563/"},"merchant":{"name":"LARKO-KZ","code":"17629423"},"editable":false,"editedByCustomer":false},{"id":"8a5cd49d953675e3019546bb0e795cdb","author":"Мөлдір","date":"27.02.2025","orderNumber":"502878359","rating":5,"comment":{"minus":"","plus":"","text":"Классная, есть и обычный шнур, удобно даже на работе прыгать считает калории и прыжки. Мне понравилась скакалка, спасибо магазину larko-kz."},"feedback":{"positive":0,"voted":false},"galleryImages":[{"id":"502878359-131500563/801bbef2-cc1a-4520-906d-77d3ad2f9eff.jpeg","small":"https://resources.cdn-kaspi.kz/img/p/r/502878359-131500563/801bbef2-cc1a-4520-906d-77d3ad2f9eff.jpeg?format=review_small","medium":"https://resources.cdn-kaspi.kz/img/p/r/502878359-131500563/801bbef2-cc1a-4520-906d-77d3ad2f9eff.jpeg?format=review_medium","large":"https://resources.cdn-kaspi.kz/img/p/r/502878359-131500563/801bbef2-cc1a-4520-906d-77d3ad2f9eff.jpeg?format=review_large"}],"product":{"id":"131500563","name":"LARKO jumpcounterroz2 умная 280 см розовый","categoryCode":"Master - Jump ropes","categoryName":"Скакалки для фитнеса","link":"https://kaspi.kz/shop/p/larko-jumpcounterroz2-umnaja-280-sm-rozovyi-131500563/"},"merchant":{"name":"LARKO-KZ","code":"17629423"},"editable":false,"editedByCustomer":false},{"id":"8a5c5d8b95021f5d019524408f0e4550","author":"Гулжайна","date":"20.02.2025","orderNumber":"500729503","rating":5,"comment":{"minus":"","plus":"","text":"Очень удобная, однозначно рекомендую."},"feedback":{"positive":0,"voted":false},"product":{"id":"131500563","name":"LARKO jumpcounterroz2 умная 280 см розовый","categoryCode":"Master - Jump ropes","categoryName":"Скакалки для фитнеса","link":"https://kaspi.kz/shop/p/larko-jumpcounterroz2-umnaja-280-sm-rozovyi-131500563/"},"merchant":{"name":"LARKO-KZ","code":"17629423"},"editable":false,"editedByCustomer":false},{"id":"8a5cf30594fcff7b0195135ed5a87219","author":"Айгуль","date":"17.02.2025","orderNumber":"496085558","rating":5,"comment":{"minus":"","plus":"","text":"Очень удобная. Прыгаем каждый день. Доставка день в день. Всё супер!"},"feedback":{"positive":0,"voted":false},"product":{"id":"131500563","name":"LARKO jumpcounterroz2 умная 280 см розовый","categoryCode":"Master - Jump ropes","categoryName":"Скакалки для фитнеса","link":"https://kaspi.kz/shop/p/larko-jumpcounterroz2-umnaja-280-sm-rozovyi-131500563/"},"merchant":{"name":"LARKO-KZ","code":"17629423"},"editable":false,"editedByCustomer":false},{"id":"8a5c51e794dead0f0194f6dc35280a4f","author":"Айнагуль","date":"12.02.2025","orderNumber":"492096485","rating":5,"comment":{"minus":"","plus":"","text":"Очень хорошо упаковано, доставлено в срок. Качество супер."},"feedback":{"positive":0,"voted":false},"product":{"id":"131500563","name":"LARKO jumpcounterroz2 умная 280 см розовый","categoryCode":"Master - Jump ropes","categoryName":"Скакалки для фитнеса","link":"https://kaspi.kz/shop/p/larko-jumpcounterroz2-umnaja-280-sm-rozovyi-131500563/"},"merchant":{"name":"LARKO-KZ","code":"17629423"},"editable":false,"editedByCustomer":false},{"id":"8a5c0a9094ab5d390194c6afd2012b7f","author":"Алия","date":"02.02.2025","orderNumber":"488832857","rating":5,"comment":{"minus":"","plus":"","text":"Очень хорошая скакалка, взяла для себя, считает сколько калорий потратили, супер."},"feedback":{"positive":0,"voted":false},"galleryImages":[{"id":"488832857-131500563/42b6b87d-3b81-49b4-9bea-b2d47d18a8a1.jpeg","small":"https://resources.cdn-kaspi.kz/img/p/r/488832857-131500563/42b6b87d-3b81-49b4-9bea-b2d47d18a8a1.jpeg?format=review_small","medium":"https://resources.cdn-kaspi.kz/img/p/r/488832857-131500563/42b6b87d-3b81-49b4-9bea-b2d47d18a8a1.jpeg?format=review_medium","large":"https://resources.cdn-kaspi.kz/img/p/r/488832857-131500563/42b6b87d-3b81-49b4-9bea-b2d47d18a8a1.jpeg?format=review_large"},{"id":"488832857-131500563/cc13a033-a639-424c-9347-8402e6e263d0.jpeg","small":"https://resources.cdn-kaspi.kz/img/p/r/488832857-131500563/cc13a033-a639-424c-9347-8402e6e263d0.jpeg?format=review_small","medium":"https://resources.cdn-kaspi.kz/img/p/r/488832857-131500563/cc13a033-a639-424c-9347-8402e6e263d0.jpeg?format=review_medium","large":"https://resources.cdn-kaspi.kz/img/p/r/488832857-131500563/cc13a033-a639-424c-9347-8402e6e263d0.jpeg?format=review_large"},{"id":"488832857-131500563/7ecc71a2-496d-4553-a5be-978d6fa12d70.jpeg","small":"https://resources.cdn-kaspi.kz/img/p/r/488832857-131500563/7ecc71a2-496d-4553-a5be-978d6fa12d70.jpeg?format=review_small","medium":"https://resources.cdn-kaspi.kz/img/p/r/488832857-131500563/7ecc71a2-496d-4553-a5be-978d6fa12d70.jpeg?format=review_medium","large":"https://resources.cdn-kaspi.kz/img/p/r/488832857-131500563/7ecc71a2-496d-4553-a5be-978d6fa12d70.jpeg?format=review_large"},{"id":"488832857-131500563/0f272df5-e66e-4921-b377-07d1011bae3e.jpeg","small":"https://resources.cdn-kaspi.kz/img/p/r/488832857-131500563/0f272df5-e66e-4921-b377-07d1011bae3e.jpeg?format=review_small","medium":"https://resources.cdn-kaspi.kz/img/p/r/488832857-131500563/0f272df5-e66e-4921-b377-07d1011bae3e.jpeg?format=review_medium","large":"https://resources.cdn-kaspi.kz/img/p/r/488832857-131500563/0f272df5-e66e-4921-b377-07d1011bae3e.jpeg?format=review_large"},{"id":"488832857-131500563/a037cf4f-4360-4ea5-821d-2f37489b9336.jpeg","small":"https://resources.cdn-kaspi.kz/img/p/r/488832857-131500563/a037cf4f-4360-4ea5-821d-2f37489b9336.jpeg?format=review_small","medium":"https://resources.cdn-kaspi.kz/img/p/r/488832857-131500563/a037cf4f-4360-4ea5-821d-2f37489b9336.jpeg?format=review_medium","large":"https://resources.cdn-kaspi.kz/img/p/r/488832857-131500563/a037cf4f-4360-4ea5-821d-2f37489b9336.jpeg?format=review_large"}],"product":{"id":"131500563","name":"LARKO jumpcounterroz2 умная 280 см розовый","categoryCode":"Master - Jump ropes","categoryName":"Скакалки для фитнеса","link":"https://kaspi.kz/shop/p/larko-jumpcounterroz2-umnaja-280-sm-rozovyi-131500563/"},"merchant":{"name":"LARKO-KZ","code":"17629423"},"editable":false,"editedByCustomer":false},{"id":"8a5cadd194ab5c2a0194c176f54324d2","author":"Айгуль","date":"01.02.2025","orderNumber":"487963802","rating":5,"comment":{"minus":"","plus":"","text":"Скакалка супер, берите не пожалеете! Спасибо огромное Каспи за быструю доставку."},"feedback":{"positive":0,"voted":false},"product":{"id":"131500563","name":"LARKO jumpcounterroz2 умная 280 см розовый","categoryCode":"Master - Jump ropes","categoryName":"Скакалки для фитнеса","link":"https://kaspi.kz/shop/p/larko-jumpcounterroz2-umnaja-280-sm-rozovyi-131500563/"},"merchant":{"name":"LARKO-KZ","code":"17629423"},"editable":false,"editedByCustomer":false},{"id":"8a5cfa9394ab5d680194b7f54f41186f","author":"Тахмина","date":"30.01.2025","orderNumber":"488815898","rating":5,"comment":{"minus":"","plus":"","text":"Скакалка шикарная! Брала дочери, ребенок счастлив, торопится домой, чтобы попрыгать! Все работает отлично, разобраться не сложно! Спасибо LARKO! Закажу еще одну для себя!"},"feedback":{"positive":0,"voted":false},"product":{"id":"131500563","name":"LARKO jumpcounterroz2 умная 280 см розовый","categoryCode":"Master - Jump ropes","categoryName":"Скакалки для фитнеса","link":"https://kaspi.kz/shop/p/larko-jumpcounterroz2-umnaja-280-sm-rozovyi-131500563/"},"merchant":{"name":"LARKO-KZ","code":"17629423"},"editable":false,"editedByCustomer":false},{"id":"8a5cc070949b9fbd01949d1488e001cc","author":"Жансая","date":"25.01.2025","orderNumber":"485260828","rating":5,"comment":{"minus":"","plus":"","text":"Купила скакалку, она отличная! Считает прыжки, время и калории, что помогает следить за прогрессом. Удобная в использовании и реально мотивирует тренироваться. Рекомендую!"},"feedback":{"positive":1,"voted":false},"product":{"id":"131500563","name":"LARKO jumpcounterroz2 умная 280 см розовый","categoryCode":"Master - Jump ropes","categoryName":"Скакалки для фитнеса","link":"https://kaspi.kz/shop/p/larko-jumpcounterroz2-umnaja-280-sm-rozovyi-131500563/"},"merchant":{"name":"LARKO-KZ","code":"17629423"},"editable":false,"editedByCustomer":false}]}