{"data":[{"id":"8a5c2536940196ae019465502f6c02ac","author":"Айман","date":"14.01.2025","orderNumber":"476549437","rating":5,"comment":{"minus":"","plus":"","text":"Курьер затты ерте акелді. Размер тура келді, качествосы супер."},"feedback":{"positive":0,"voted":false},"product":{"id":"129784951","name":"LARKO blackankle35-38 ортез на голеностопный сустав черный размер S","categoryCode":"Master - Bandages and orthoses","categoryName":"Бандажи и ортезы","link":"https://kaspi.kz/shop/p/larko-blackankle35-38-ortez-na-golenostopnyi-sustav-chernyi-razmer-s-129784951/"},"merchant":{"name":"LARKO-KZ","code":"17629423"},"editable":false,"editedByCustomer":false},{"id":"8a5c922893b8dd630193bb5d83b405e0","author":"Альмира","date":"12.12.2024","orderNumber":"459192659","rating":5,"comment":{"minus":"","plus":"","text":"Все нормально, по размеру подошел."},"feedback":{"positive":0,"voted":false},"product":{"id":"129784951","name":"LARKO blackankle35-38 ортез на голеностопный сустав черный размер S","categoryCode":"Master - Bandages and orthoses","categoryName":"Бандажи и ортезы","link":"https://kaspi.kz/shop/p/larko-blackankle35-38-ortez-na-golenostopnyi-sustav-chernyi-razmer-s-129784951/"},"merchant":{"name":"LARKO-KZ","code":"17629423"},"editable":false,"editedByCustomer":false},{"id":"8a5ca8de9366cc1e0193675cf3320144","author":"Мариям","date":"26.11.2024","orderNumber":"449034789","rating":5,"comment":{"minus":"","plus":"","text":"Спасибо Каспи и магазину, все отлично."},"feedback":{"positive":0,"voted":false},"product":{"id":"129784951","name":"LARKO blackankle35-38 ортез на голеностопный сустав черный размер S","categoryCode":"Master - Bandages and orthoses","categoryName":"Бандажи и ортезы","link":"https://kaspi.kz/shop/p/larko-blackankle35-38-ortez-na-golenostopnyi-sustav-chernyi-razmer-s-129784951/"},"merchant":{"name":"LARKO-KZ","code":"17629423"},"editable":false,"editedByCustomer":false}]}