{"data":[{"id":"8a5ce3db95acfd640195cd575790339a","author":"Идрис","date":"25.03.2025","orderNumber":"521323147","rating":5,"comment":{"minus":"","plus":"","text":"Пришел раньше срока. Пояс качественный. По размеру идеально подошел."},"feedback":{"positive":0,"voted":false},"product":{"id":"121551399","name":"Пояс LARKO Пояс мужской с эффектом сауны XXXL","categoryCode":"Master - Clothes for slimming","categoryName":"Одежда для похудения","link":"https://kaspi.kz/shop/p/pojas-larko-pojas-muzhskoi-s-effektom-sauny-xxxl-121551399/"},"merchant":{"name":"LARKO-KZ","code":"17629423"},"editable":false,"editedByCustomer":false},{"id":"8a5cc38595acfcab0195bc29dc0c5ee8","author":"Нурлан","date":"22.03.2025","orderNumber":"518346032","rating":5,"comment":{"minus":"","plus":"","text":"Товар (пояс-сауна) пришёл вовремя. Качество соответствует цене. Фото к сожалению не сделал. Размер подошёл точь в точь."},"feedback":{"positive":0,"voted":false},"product":{"id":"121551399","name":"Пояс LARKO Пояс мужской с эффектом сауны XXXL","categoryCode":"Master - Clothes for slimming","categoryName":"Одежда для похудения","link":"https://kaspi.kz/shop/p/pojas-larko-pojas-muzhskoi-s-effektom-sauny-xxxl-121551399/"},"merchant":{"name":"LARKO-KZ","code":"17629423"},"editable":false,"editedByCustomer":false},{"id":"8a5c3f8d94cbc3c90194cc8dd40502ee","author":"Афиг","date":"03.02.2025","orderNumber":"489982496","rating":5,"comment":{"minus":"","plus":"","text":"На 4+ вроде все хорошо."},"feedback":{"positive":0,"voted":false},"product":{"id":"121551399","name":"Пояс LARKO Пояс мужской с эффектом сауны XXXL","categoryCode":"Master - Clothes for slimming","categoryName":"Одежда для похудения","link":"https://kaspi.kz/shop/p/pojas-larko-pojas-muzhskoi-s-effektom-sauny-xxxl-121551399/"},"merchant":{"name":"LARKO-KZ","code":"17629423"},"editable":false,"editedByCustomer":false},{"id":"8a5c983994ab5d4e0194ba5ac2dc19be","author":"Жанар","date":"31.01.2025","orderNumber":"480135868","rating":5,"comment":{"minus":"","plus":"","text":"Күйеуім киіп мәз. Білмеймін терлетеді дейді. 54 размер киетін адамға 2хл үлкендеу."},"feedback":{"positive":1,"voted":false},"product":{"id":"121551399","name":"Пояс LARKO Пояс мужской с эффектом сауны XXXL","categoryCode":"Master - Clothes for slimming","categoryName":"Одежда для похудения","link":"https://kaspi.kz/shop/p/pojas-larko-pojas-muzhskoi-s-effektom-sauny-xxxl-121551399/"},"merchant":{"name":"LARKO-KZ","code":"17629423"},"editable":false,"editedByCustomer":false},{"id":"8a5c2ce3940196b701944fa83a3165ca","author":"Роза","date":"10.01.2025","orderNumber":"475553499","rating":5,"comment":{"minus":"","plus":"","text":"Доставили товар на два дня раньше. Пояс очень качественный. Спасибо."},"feedback":{"positive":0,"voted":false},"product":{"id":"121551399","name":"Пояс LARKO Пояс мужской с эффектом сауны XXXL","categoryCode":"Master - Clothes for slimming","categoryName":"Одежда для похудения","link":"https://kaspi.kz/shop/p/pojas-larko-pojas-muzhskoi-s-effektom-sauny-xxxl-121551399/"},"merchant":{"name":"LARKO-KZ","code":"17629423"},"editable":false,"editedByCustomer":false},{"id":"8a5ce3f3939556920193d3c301fa623e","author":"Галымжан","date":"17.12.2024","orderNumber":"452928317","rating":5,"comment":{"minus":"","plus":"","text":"Өте ккремет!."},"feedback":{"positive":0,"voted":false},"product":{"id":"121551399","name":"Пояс LARKO Пояс мужской с эффектом сауны XXXL","categoryCode":"Master - Clothes for slimming","categoryName":"Одежда для похудения","link":"https://kaspi.kz/shop/p/pojas-larko-pojas-muzhskoi-s-effektom-sauny-xxxl-121551399/"},"merchant":{"name":"LARKO-KZ","code":"17629423"},"editable":false,"editedByCustomer":false},{"id":"8a5c51d3939556870193aee4704d2a48","author":"Максим","date":"10.12.2024","orderNumber":"455999428","rating":5,"comment":{"minus":"","plus":"","text":"Пояс отличный. Идеально подошёл."},"feedback":{"positive":0,"voted":false},"product":{"id":"121551399","name":"Пояс LARKO Пояс мужской с эффектом сауны XXXL","categoryCode":"Master - Clothes for slimming","categoryName":"Одежда для похудения","link":"https://kaspi.kz/shop/p/pojas-larko-pojas-muzhskoi-s-effektom-sauny-xxxl-121551399/"},"merchant":{"name":"LARKO-KZ","code":"17629423"},"editable":false,"editedByCustomer":false},{"id":"8a5c60d59366cb97019379a830aa1d53","author":"Арнұр","date":"30.11.2024","orderNumber":"451555958","rating":5,"comment":{"minus":"","plus":"","text":"Отличный, качество очень помогает."},"feedback":{"positive":0,"voted":false},"product":{"id":"121551399","name":"Пояс LARKO Пояс мужской с эффектом сауны XXXL","categoryCode":"Master - Clothes for slimming","categoryName":"Одежда для похудения","link":"https://kaspi.kz/shop/p/pojas-larko-pojas-muzhskoi-s-effektom-sauny-xxxl-121551399/"},"merchant":{"name":"LARKO-KZ","code":"17629423"},"editable":false,"editedByCustomer":false},{"id":"8a5c821f9347be580193640431362814","author":"Владислав","date":"25.11.2024","orderNumber":"448342112","rating":5,"comment":{"minus":"","plus":"","text":"Отлично подошел."},"feedback":{"positive":0,"voted":false},"product":{"id":"121551399","name":"Пояс LARKO Пояс мужской с эффектом сауны XXXL","categoryCode":"Master - Clothes for slimming","categoryName":"Одежда для похудения","link":"https://kaspi.kz/shop/p/pojas-larko-pojas-muzhskoi-s-effektom-sauny-xxxl-121551399/"},"merchant":{"name":"LARKO-KZ","code":"17629423"},"editable":false,"editedByCustomer":false},{"id":"8a5c4ee492750a910192b40dc897616f","author":"Тимур","date":"22.10.2024","orderNumber":"428751921","rating":5,"comment":{"minus":"","plus":"","text":"Отличный товар. Соответствует описанию. Эффективен во время фитнеса."},"feedback":{"positive":0,"voted":false},"product":{"id":"121551399","name":"Пояс LARKO Пояс мужской с эффектом сауны XXXL","categoryCode":"Master - Clothes for slimming","categoryName":"Одежда для похудения","link":"https://kaspi.kz/shop/p/pojas-larko-pojas-muzhskoi-s-effektom-sauny-xxxl-121551399/"},"merchant":{"name":"LARKO-KZ","code":"17629423"},"editable":false,"editedByCustomer":false},{"id":"8a5cb3ed92a7ee620192aa5add7f0464","author":"Гульнар","date":"20.10.2024","orderNumber":"426487583","rating":5,"comment":{"minus":"","plus":"","text":"Пояс сыну понравился. Пояс"},"feedback":{"positive":0,"voted":false},"product":{"id":"121551399","name":"Пояс LARKO Пояс мужской с эффектом сауны XXXL","categoryCode":"Master - Clothes for slimming","categoryName":"Одежда для похудения","link":"https://kaspi.kz/shop/p/pojas-larko-pojas-muzhskoi-s-effektom-sauny-xxxl-121551399/"},"merchant":{"name":"LARKO-KZ","code":"17629423"},"editable":false,"editedByCustomer":false},{"id":"8a5c60fc926ac2a10192701bf4980b48","author":"Галымжан","date":"09.10.2024","orderNumber":"416639587","rating":5,"comment":{"minus":"","plus":"","text":"Отличный пояс, на тренировках использую, эффект отличный."},"feedback":{"positive":0,"voted":false},"product":{"id":"121551399","name":"Пояс LARKO Пояс мужской с эффектом сауны XXXL","categoryCode":"Master - Clothes for slimming","categoryName":"Одежда для похудения","link":"https://kaspi.kz/shop/p/pojas-larko-pojas-muzhskoi-s-effektom-sauny-xxxl-121551399/"},"merchant":{"name":"LARKO-KZ","code":"17629423"},"editable":false,"editedByCustomer":false},{"id":"8a5cc055920df48401921ed3522e2397","author":"Назқоңыр","date":"23.09.2024","orderNumber":"413360831","rating":5,"comment":{"minus":"","plus":"","text":"Товар жақсы сапада. Көңілден шықты, барлығы жоғарыда айтылғандағыдай."},"feedback":{"positive":0,"voted":false},"product":{"id":"121551399","name":"Пояс LARKO Пояс мужской с эффектом сауны XXXL","categoryCode":"Master - Clothes for slimming","categoryName":"Одежда для похудения","link":"https://kaspi.kz/shop/p/pojas-larko-pojas-muzhskoi-s-effektom-sauny-xxxl-121551399/"},"merchant":{"name":"LARKO-KZ","code":"17629423"},"editable":false,"editedByCustomer":false}]}