{"data":[{"id":"8a5cbefc946875870194905f00763e17","author":"Медет","date":"23.01.2025","orderNumber":"482621255","rating":5,"comment":{"minus":"","plus":"","text":"Басқа отзывтарда жазғандағыдай неприятный запах жоқ. Все как на фото."},"feedback":{"positive":0,"voted":false},"product":{"id":"112906193","name":"Кофта LARKO jacket с эффектом сауны для похудения XXXL","categoryCode":"Master - Clothes for slimming","categoryName":"Одежда для похудения","link":"https://kaspi.kz/shop/p/kofta-larko-jacket-s-effektom-sauny-dlja-pohudenija-xxxl-112906193/"},"merchant":{"name":"LARKO-KZ","code":"17629423"},"editable":false,"editedByCustomer":true},{"id":"8a5c11aa9401960201944fa95ec166d3","author":"Роза","date":"10.01.2025","orderNumber":"475553499","rating":5,"comment":{"minus":"","plus":"","text":"Спасибо магазину. Доставка быстрее. Чем ожидала. Товар хороший. Рахмет."},"feedback":{"positive":0,"voted":false},"product":{"id":"112906193","name":"Кофта LARKO jacket с эффектом сауны для похудения XXXL","categoryCode":"Master - Clothes for slimming","categoryName":"Одежда для похудения","link":"https://kaspi.kz/shop/p/kofta-larko-jacket-s-effektom-sauny-dlja-pohudenija-xxxl-112906193/"},"merchant":{"name":"LARKO-KZ","code":"17629423"},"editable":false,"editedByCustomer":false},{"id":"8a5c2536940196ae01941dadf11e344c","author":"Темирлан","date":"31.12.2024","orderNumber":"472788992","rating":5,"comment":{"minus":"","plus":"","text":"Товар очень хороший и качественный, всем советую."},"feedback":{"positive":0,"voted":false},"product":{"id":"112906193","name":"Кофта LARKO jacket с эффектом сауны для похудения XXXL","categoryCode":"Master - Clothes for slimming","categoryName":"Одежда для похудения","link":"https://kaspi.kz/shop/p/kofta-larko-jacket-s-effektom-sauny-dlja-pohudenija-xxxl-112906193/"},"merchant":{"name":"LARKO-KZ","code":"17629423"},"editable":false,"editedByCustomer":false},{"id":"8a5c96989347be83019351b5170b0fd5","author":"Ибращиме","date":"22.11.2024","orderNumber":"447493125","rating":5,"comment":{"minus":"","plus":"","text":"Качество отличное."},"feedback":{"positive":0,"voted":false},"product":{"id":"112906193","name":"Кофта LARKO jacket с эффектом сауны для похудения XXXL","categoryCode":"Master - Clothes for slimming","categoryName":"Одежда для похудения","link":"https://kaspi.kz/shop/p/kofta-larko-jacket-s-effektom-sauny-dlja-pohudenija-xxxl-112906193/"},"merchant":{"name":"LARKO-KZ","code":"17629423"},"editable":false,"editedByCustomer":false},{"id":"8a5c11a292fbed670192fcdd3ad503d9","author":"Қанатбек","date":"05.11.2024","orderNumber":"436095210","rating":5,"comment":{"minus":"","plus":"","text":"Качество хорошее, быстрая доставка, молодцы, алга!"},"feedback":{"positive":0,"voted":false},"product":{"id":"112906193","name":"Кофта LARKO jacket с эффектом сауны для похудения XXXL","categoryCode":"Master - Clothes for slimming","categoryName":"Одежда для похудения","link":"https://kaspi.kz/shop/p/kofta-larko-jacket-s-effektom-sauny-dlja-pohudenija-xxxl-112906193/"},"merchant":{"name":"LARKO-KZ","code":"17629423"},"editable":false,"editedByCustomer":false},{"id":"8a5c60fc926ac2a101926b6f1fd502b9","author":"Айгерим","date":"08.10.2024","orderNumber":"420395113","rating":5,"comment":{"minus":"","plus":"","text":"Пришло вовремя. Есть запах неприятный, но качество очень хорошее. Консультант очень хороший, сразу после заказа написал по ватсапу и держал в курсе всего. Я довольна!"},"feedback":{"positive":0,"voted":false},"product":{"id":"112906193","name":"Кофта LARKO jacket с эффектом сауны для похудения XXXL","categoryCode":"Master - Clothes for slimming","categoryName":"Одежда для похудения","link":"https://kaspi.kz/shop/p/kofta-larko-jacket-s-effektom-sauny-dlja-pohudenija-xxxl-112906193/"},"merchant":{"name":"LARKO-KZ","code":"17629423"},"editable":false,"editedByCustomer":false},{"id":"8a5c1de791f94caf0192076672631d6e","author":"Рустем","date":"19.09.2024","orderNumber":"412008351","rating":5,"comment":{"minus":"","plus":"","text":"Отличное качество, доставка своевременная, продавец внимателен к пожеланиям покупателя."},"feedback":{"positive":0,"voted":false},"product":{"id":"112906193","name":"Кофта LARKO jacket с эффектом сауны для похудения XXXL","categoryCode":"Master - Clothes for slimming","categoryName":"Одежда для похудения","link":"https://kaspi.kz/shop/p/kofta-larko-jacket-s-effektom-sauny-dlja-pohudenija-xxxl-112906193/"},"merchant":{"name":"LARKO-KZ","code":"17629423"},"editable":false,"editedByCustomer":false},{"id":"8a5c623e8e56f358018e66e30ec71ee9","author":"Талгат","date":"22.03.2024","orderNumber":"338222833","rating":5,"comment":{"minus":"","plus":"","text":"Был запах повесил на балконе на 2 дня запах пропал."},"feedback":{"positive":0,"voted":false},"product":{"id":"112906193","name":"Кофта LARKO jacket с эффектом сауны для похудения XXXL","categoryCode":"Master - Clothes for slimming","categoryName":"Одежда для похудения","link":"https://kaspi.kz/shop/p/kofta-larko-jacket-s-effektom-sauny-dlja-pohudenija-xxxl-112906193/"},"merchant":{"name":"LARKO-KZ","code":"17629423"},"editable":false,"editedByCustomer":false}]}