{"data":[{"id":"8a5cd4aa9646d7f5019649691cd70fe1","author":"Жансая","date":"18.04.2025","orderNumber":"531462818","rating":5,"comment":{"minus":"","plus":"","text":"Хороший бандаж. Рекомендую."},"feedback":{"positive":0,"voted":false},"product":{"id":"110801532","name":"LARKO Для беременных бандаж до и послеродовой черный размер M","categoryCode":"Master - Bandages and orthoses","categoryName":"Бандажи и ортезы","link":"https://kaspi.kz/shop/p/larko-dlja-beremennyh-bandazh-do-i-poslerodovoi-chernyi-razmer-m-110801532/"},"merchant":{"name":"LARKO-KZ","code":"17629423"},"editable":false,"editedByCustomer":false},{"id":"8a5cfab59641b769019644192fbc0e60","author":"Бахыткул","date":"17.04.2025","orderNumber":"533577144","rating":5,"comment":{"minus":"","plus":"","text":"Бандаж қатты ұнады. Сапасы жақсы. Бұл бізге бірінші рет емес, алдын синилим алған содан көріп мен заказ бердім. Уақытылы жеткізді. Сиздерге Рахмет."},"feedback":{"positive":0,"voted":false},"product":{"id":"110801532","name":"LARKO Для беременных бандаж до и послеродовой черный размер M","categoryCode":"Master - Bandages and orthoses","categoryName":"Бандажи и ортезы","link":"https://kaspi.kz/shop/p/larko-dlja-beremennyh-bandazh-do-i-poslerodovoi-chernyi-razmer-m-110801532/"},"merchant":{"name":"LARKO-KZ","code":"17629423"},"editable":false,"editedByCustomer":false},{"id":"8a5c5fbf9618f30801961e5bec6b215a","author":"Ардак","date":"10.04.2025","orderNumber":"528554755","rating":5,"comment":{"minus":"","plus":"","text":"Жене купил бандаж. Жена не может нарадоваться. Спасибо большое Компаний Ларко. Всем рекомендую."},"feedback":{"positive":0,"voted":false},"product":{"id":"110801532","name":"LARKO Для беременных бандаж до и послеродовой черный размер M","categoryCode":"Master - Bandages and orthoses","categoryName":"Бандажи и ортезы","link":"https://kaspi.kz/shop/p/larko-dlja-beremennyh-bandazh-do-i-poslerodovoi-chernyi-razmer-m-110801532/"},"merchant":{"name":"LARKO-KZ","code":"17629423"},"editable":false,"editedByCustomer":false},{"id":"8a5cc38595acfcab0195e218245015cd","author":"Гульжан","date":"01.04.2025","orderNumber":"523063604","rating":5,"comment":{"minus":"","plus":"","text":"Бандаж хороший, размер подошёл. Спасибо большое курьер заранее позвонил всё супер на 100%. Рекомендую всем будущим мамочкам."},"feedback":{"positive":0,"voted":false},"galleryImages":[{"id":"523063604-110801532/d4f26263-0346-40e7-b552-e22c31788032.jpeg","small":"https://resources.cdn-kaspi.kz/img/p/r/523063604-110801532/d4f26263-0346-40e7-b552-e22c31788032.jpeg?format=review_small","medium":"https://resources.cdn-kaspi.kz/img/p/r/523063604-110801532/d4f26263-0346-40e7-b552-e22c31788032.jpeg?format=review_medium","large":"https://resources.cdn-kaspi.kz/img/p/r/523063604-110801532/d4f26263-0346-40e7-b552-e22c31788032.jpeg?format=review_large"},{"id":"523063604-110801532/7ea7d5b4-7ae0-4769-bee7-d386fd24c496.jpeg","small":"https://resources.cdn-kaspi.kz/img/p/r/523063604-110801532/7ea7d5b4-7ae0-4769-bee7-d386fd24c496.jpeg?format=review_small","medium":"https://resources.cdn-kaspi.kz/img/p/r/523063604-110801532/7ea7d5b4-7ae0-4769-bee7-d386fd24c496.jpeg?format=review_medium","large":"https://resources.cdn-kaspi.kz/img/p/r/523063604-110801532/7ea7d5b4-7ae0-4769-bee7-d386fd24c496.jpeg?format=review_large"},{"id":"523063604-110801532/aeb51faa-761d-4cbb-bfd8-43f9af82d003.jpeg","small":"https://resources.cdn-kaspi.kz/img/p/r/523063604-110801532/aeb51faa-761d-4cbb-bfd8-43f9af82d003.jpeg?format=review_small","medium":"https://resources.cdn-kaspi.kz/img/p/r/523063604-110801532/aeb51faa-761d-4cbb-bfd8-43f9af82d003.jpeg?format=review_medium","large":"https://resources.cdn-kaspi.kz/img/p/r/523063604-110801532/aeb51faa-761d-4cbb-bfd8-43f9af82d003.jpeg?format=review_large"},{"id":"523063604-110801532/83ade4a4-b28b-410e-8380-e679555fb94e.jpeg","small":"https://resources.cdn-kaspi.kz/img/p/r/523063604-110801532/83ade4a4-b28b-410e-8380-e679555fb94e.jpeg?format=review_small","medium":"https://resources.cdn-kaspi.kz/img/p/r/523063604-110801532/83ade4a4-b28b-410e-8380-e679555fb94e.jpeg?format=review_medium","large":"https://resources.cdn-kaspi.kz/img/p/r/523063604-110801532/83ade4a4-b28b-410e-8380-e679555fb94e.jpeg?format=review_large"}],"product":{"id":"110801532","name":"LARKO Для беременных бандаж до и послеродовой черный размер M","categoryCode":"Master - Bandages and orthoses","categoryName":"Бандажи и ортезы","link":"https://kaspi.kz/shop/p/larko-dlja-beremennyh-bandazh-do-i-poslerodovoi-chernyi-razmer-m-110801532/"},"merchant":{"name":"LARKO-KZ","code":"17629423"},"editable":false,"editedByCustomer":false},{"id":"8a5c6a1595c616b50195dc4c22df677b","author":"Анастасия","date":"28.03.2025","orderNumber":"519358711","rating":5,"comment":{"minus":"","plus":"","text":"Очень удобный, комфортно в нем ходить, поддерживает живот и нет такой нагрузки, не пожалела, что заказала, спасибо большое."},"feedback":{"positive":0,"voted":false},"product":{"id":"110801532","name":"LARKO Для беременных бандаж до и послеродовой черный размер M","categoryCode":"Master - Bandages and orthoses","categoryName":"Бандажи и ортезы","link":"https://kaspi.kz/shop/p/larko-dlja-beremennyh-bandazh-do-i-poslerodovoi-chernyi-razmer-m-110801532/"},"merchant":{"name":"LARKO-KZ","code":"17629423"},"editable":false,"editedByCustomer":false},{"id":"8a5c5ea395c104580195c2c354790942","author":"Азамат","date":"23.03.2025","orderNumber":"519377398","rating":5,"comment":{"minus":"","plus":"","text":"Очень удобный корсет."},"feedback":{"positive":0,"voted":false},"product":{"id":"110801532","name":"LARKO Для беременных бандаж до и послеродовой черный размер M","categoryCode":"Master - Bandages and orthoses","categoryName":"Бандажи и ортезы","link":"https://kaspi.kz/shop/p/larko-dlja-beremennyh-bandazh-do-i-poslerodovoi-chernyi-razmer-m-110801532/"},"merchant":{"name":"LARKO-KZ","code":"17629423"},"editable":false,"editedByCustomer":false},{"id":"8a5c6a1895c1299e0195c205147202e8","author":"Айысхан","date":"23.03.2025","orderNumber":"520079833","rating":5,"comment":{"minus":"","plus":"","text":"Бандаж күшті екен, маған ұнады, доставканы уақытында жеткізіп берді."},"feedback":{"positive":0,"voted":false},"product":{"id":"110801532","name":"LARKO Для беременных бандаж до и послеродовой черный размер M","categoryCode":"Master - Bandages and orthoses","categoryName":"Бандажи и ортезы","link":"https://kaspi.kz/shop/p/larko-dlja-beremennyh-bandazh-do-i-poslerodovoi-chernyi-razmer-m-110801532/"},"merchant":{"name":"LARKO-KZ","code":"17629423"},"editable":false,"editedByCustomer":false},{"id":"8a5c580695acfd8b0195af9678b52358","author":"Рустам","date":"19.03.2025","orderNumber":"516286288","rating":5,"comment":{"minus":"","plus":"","text":"Товар пришел в срок, хорошего качества. Супруге все понравилось и это самое главное!"},"feedback":{"positive":0,"voted":false},"product":{"id":"110801532","name":"LARKO Для беременных бандаж до и послеродовой черный размер M","categoryCode":"Master - Bandages and orthoses","categoryName":"Бандажи и ортезы","link":"https://kaspi.kz/shop/p/larko-dlja-beremennyh-bandazh-do-i-poslerodovoi-chernyi-razmer-m-110801532/"},"merchant":{"name":"LARKO-KZ","code":"17629423"},"editable":false,"editedByCustomer":false},{"id":"8a5c040995454f85019547e34a1711a2","author":"Динмухамед","date":"27.02.2025","orderNumber":"503592464","rating":5,"comment":{"minus":"","plus":"","text":"Нормальный бандаж. Село хорошо, вроде поддерживает хорошо корпус. Спине удобно. Чуть-чуть давит на мочевой пузырь."},"feedback":{"positive":0,"voted":false},"product":{"id":"110801532","name":"LARKO Для беременных бандаж до и послеродовой черный размер M","categoryCode":"Master - Bandages and orthoses","categoryName":"Бандажи и ортезы","link":"https://kaspi.kz/shop/p/larko-dlja-beremennyh-bandazh-do-i-poslerodovoi-chernyi-razmer-m-110801532/"},"merchant":{"name":"LARKO-KZ","code":"17629423"},"editable":false,"editedByCustomer":false},{"id":"8a5c1ddc94deacfe0194ef3fd9435d7a","author":"Айсұлу","date":"10.02.2025","orderNumber":"492119649","rating":4,"comment":{"minus":"","plus":"","text":"Бандаж күшті екен, маған ұнады, размері де тура келді, липучкалары да жақсы ұстайды екен, қатты жабысады, 2-3 рет киып көрдім, бағасы да арзан, денеде жақсы тұрады, қисаймайды, қызартпай."},"feedback":{"positive":0,"voted":false},"product":{"id":"110801532","name":"LARKO Для беременных бандаж до и послеродовой черный размер M","categoryCode":"Master - Bandages and orthoses","categoryName":"Бандажи и ортезы","link":"https://kaspi.kz/shop/p/larko-dlja-beremennyh-bandazh-do-i-poslerodovoi-chernyi-razmer-m-110801532/"},"merchant":{"name":"LARKO-KZ","code":"17629423"},"editable":false,"editedByCustomer":false},{"id":"8a5c51e794dead0f0194e697e65339bc","author":"Эдуард","date":"08.02.2025","orderNumber":"489450155","rating":5,"comment":{"minus":"","plus":"","text":"Моя женщина осталась довольна. Бандаж действительно облегчил поясницу и уменьшил ноющую боль. Крайне рекомендую. Приобретал в магазине LARKO-KZ. Ребята молодцы, хорошо работают."},"feedback":{"positive":0,"voted":false},"product":{"id":"110801532","name":"LARKO Для беременных бандаж до и послеродовой черный размер M","categoryCode":"Master - Bandages and orthoses","categoryName":"Бандажи и ортезы","link":"https://kaspi.kz/shop/p/larko-dlja-beremennyh-bandazh-do-i-poslerodovoi-chernyi-razmer-m-110801532/"},"merchant":{"name":"LARKO-KZ","code":"17629423"},"editable":false,"editedByCustomer":false},{"id":"8a5cee5794cbc26d0194cfaf508a04ff","author":"Багила","date":"04.02.2025","orderNumber":"488690227","rating":5,"comment":{"minus":"","plus":"","text":"Уақытында кешікпей келді. Бандаж качествосы өте жақсы екен."},"feedback":{"positive":0,"voted":false},"product":{"id":"110801532","name":"LARKO Для беременных бандаж до и послеродовой черный размер M","categoryCode":"Master - Bandages and orthoses","categoryName":"Бандажи и ортезы","link":"https://kaspi.kz/shop/p/larko-dlja-beremennyh-bandazh-do-i-poslerodovoi-chernyi-razmer-m-110801532/"},"merchant":{"name":"LARKO-KZ","code":"17629423"},"editable":false,"editedByCustomer":false},{"id":"8a5c85b5946876420194a896a0075a73","author":"Мәди","date":"27.01.2025","orderNumber":"486292044","rating":5,"comment":{"minus":"","plus":"","text":"Отличный вариант, советую."},"feedback":{"positive":0,"voted":false},"product":{"id":"110801532","name":"LARKO Для беременных бандаж до и послеродовой черный размер M","categoryCode":"Master - Bandages and orthoses","categoryName":"Бандажи и ортезы","link":"https://kaspi.kz/shop/p/larko-dlja-beremennyh-bandazh-do-i-poslerodovoi-chernyi-razmer-m-110801532/"},"merchant":{"name":"LARKO-KZ","code":"17629423"},"editable":false,"editedByCustomer":false},{"id":"8a5ceb7a9468769e01949c3ecff14866","author":"Шахнисам","date":"25.01.2025","orderNumber":"485740849","rating":5,"comment":{"minus":"","plus":"","text":"Качество супер! Довольна покупкой!"},"feedback":{"positive":0,"voted":false},"product":{"id":"110801532","name":"LARKO Для беременных бандаж до и послеродовой черный размер M","categoryCode":"Master - Bandages and orthoses","categoryName":"Бандажи и ортезы","link":"https://kaspi.kz/shop/p/larko-dlja-beremennyh-bandazh-do-i-poslerodovoi-chernyi-razmer-m-110801532/"},"merchant":{"name":"LARKO-KZ","code":"17629423"},"editable":false,"editedByCustomer":false},{"id":"8a5cfe329468759301949959a50a48f1","author":"Айдана","date":"24.01.2025","orderNumber":"484423348","rating":5,"comment":{"minus":"","plus":"","text":"Качество хорошее и размер подошел."},"feedback":{"positive":0,"voted":false},"product":{"id":"110801532","name":"LARKO Для беременных бандаж до и послеродовой черный размер M","categoryCode":"Master - Bandages and orthoses","categoryName":"Бандажи и ортезы","link":"https://kaspi.kz/shop/p/larko-dlja-beremennyh-bandazh-do-i-poslerodovoi-chernyi-razmer-m-110801532/"},"merchant":{"name":"LARKO-KZ","code":"17629423"},"editable":false,"editedByCustomer":false},{"id":"8a5c0cd094687584019484831c632f45","author":"Райхан","date":"20.01.2025","orderNumber":"480302345","rating":5,"comment":{"minus":"","plus":"","text":"Бандаж очень удобный, и носить легко, спасибо."},"feedback":{"positive":0,"voted":false},"product":{"id":"110801532","name":"LARKO Для беременных бандаж до и послеродовой черный размер M","categoryCode":"Master - Bandages and orthoses","categoryName":"Бандажи и ортезы","link":"https://kaspi.kz/shop/p/larko-dlja-beremennyh-bandazh-do-i-poslerodovoi-chernyi-razmer-m-110801532/"},"merchant":{"name":"LARKO-KZ","code":"17629423"},"editable":false,"editedByCustomer":false},{"id":"8a5c933b9401967e019464da491501e2","author":"Сунита","date":"14.01.2025","orderNumber":"478764336","rating":5,"comment":{"minus":"","plus":"","text":"Очень советую) Доставили вовремя. Спасибо Каспи Магазину LARKO-kz."},"feedback":{"positive":0,"voted":false},"galleryImages":[{"id":"478764336-110801532/1bce570e-59bb-40ef-aed4-908e6f9a8ecb.jpeg","small":"https://resources.cdn-kaspi.kz/img/p/r/478764336-110801532/1bce570e-59bb-40ef-aed4-908e6f9a8ecb.jpeg?format=review_small","medium":"https://resources.cdn-kaspi.kz/img/p/r/478764336-110801532/1bce570e-59bb-40ef-aed4-908e6f9a8ecb.jpeg?format=review_medium","large":"https://resources.cdn-kaspi.kz/img/p/r/478764336-110801532/1bce570e-59bb-40ef-aed4-908e6f9a8ecb.jpeg?format=review_large"}],"product":{"id":"110801532","name":"LARKO Для беременных бандаж до и послеродовой черный размер M","categoryCode":"Master - Bandages and orthoses","categoryName":"Бандажи и ортезы","link":"https://kaspi.kz/shop/p/larko-dlja-beremennyh-bandazh-do-i-poslerodovoi-chernyi-razmer-m-110801532/"},"merchant":{"name":"LARKO-KZ","code":"17629423"},"editable":false,"editedByCustomer":false},{"id":"8a5c3c289401960e01945c6fecff7583","author":"Әдемі","date":"13.01.2025","orderNumber":"476193245","rating":5,"comment":{"minus":"","plus":"","text":"Очень удобный, размер точно подошел. Прекрасный подарок для прекрасных беременяшек."},"feedback":{"positive":0,"voted":false},"product":{"id":"110801532","name":"LARKO Для беременных бандаж до и послеродовой черный размер M","categoryCode":"Master - Bandages and orthoses","categoryName":"Бандажи и ортезы","link":"https://kaspi.kz/shop/p/larko-dlja-beremennyh-bandazh-do-i-poslerodovoi-chernyi-razmer-m-110801532/"},"merchant":{"name":"LARKO-KZ","code":"17629423"},"editable":false,"editedByCustomer":false},{"id":"8a5c5eaa9366cc420193926173f63b2b","author":"Айшолпан","date":"04.12.2024","orderNumber":"455587613","rating":5,"comment":{"minus":"","plus":"","text":"Качество супер."},"feedback":{"positive":0,"voted":false},"product":{"id":"110801532","name":"LARKO Для беременных бандаж до и послеродовой черный размер M","categoryCode":"Master - Bandages and orthoses","categoryName":"Бандажи и ортезы","link":"https://kaspi.kz/shop/p/larko-dlja-beremennyh-bandazh-do-i-poslerodovoi-chernyi-razmer-m-110801532/"},"merchant":{"name":"LARKO-KZ","code":"17629423"},"editable":false,"editedByCustomer":false},{"id":"8a5cbedf9366cc87019385a858e829dc","author":"Салим","date":"02.12.2024","orderNumber":"452971057","rating":5,"comment":{"minus":"","plus":"","text":"Вчера получили бандаж, размер подошёл, качество норм, спасибо Каспи и магазину LARKO."},"feedback":{"positive":0,"voted":false},"product":{"id":"110801532","name":"LARKO Для беременных бандаж до и послеродовой черный размер M","categoryCode":"Master - Bandages and orthoses","categoryName":"Бандажи и ортезы","link":"https://kaspi.kz/shop/p/larko-dlja-beremennyh-bandazh-do-i-poslerodovoi-chernyi-razmer-m-110801532/"},"merchant":{"name":"LARKO-KZ","code":"17629423"},"editable":false,"editedByCustomer":false},{"id":"8a5c6a329366cb120193746013611708","author":"Ақсауле","date":"29.11.2024","orderNumber":"450696679","rating":5,"comment":{"minus":"","plus":"","text":"Доставили раньше времени, очень принято. Хороший и качественный бандаж."},"feedback":{"positive":0,"voted":false},"product":{"id":"110801532","name":"LARKO Для беременных бандаж до и послеродовой черный размер M","categoryCode":"Master - Bandages and orthoses","categoryName":"Бандажи и ортезы","link":"https://kaspi.kz/shop/p/larko-dlja-beremennyh-bandazh-do-i-poslerodovoi-chernyi-razmer-m-110801532/"},"merchant":{"name":"LARKO-KZ","code":"17629423"},"editable":false,"editedByCustomer":false},{"id":"8a5c3c299366cc340193730e234914bb","author":"Акерке","date":"28.11.2024","orderNumber":"451308894","rating":5,"comment":{"minus":"","plus":"","text":"Маған товар өте қатты ұнады, качество өте жоғары."},"feedback":{"positive":0,"voted":false},"product":{"id":"110801532","name":"LARKO Для беременных бандаж до и послеродовой черный размер M","categoryCode":"Master - Bandages and orthoses","categoryName":"Бандажи и ортезы","link":"https://kaspi.kz/shop/p/larko-dlja-beremennyh-bandazh-do-i-poslerodovoi-chernyi-razmer-m-110801532/"},"merchant":{"name":"LARKO-KZ","code":"17629423"},"editable":false,"editedByCustomer":false},{"id":"8a5ceb69931f0c90019320d0a34f052e","author":"Гүлжан","date":"12.11.2024","orderNumber":"436834694","rating":5,"comment":{"minus":"","plus":"","text":"Өте сапалы бағасына сай. Уақытында кешіктірмей жеткізді. Размеры сәл кішкене болды."},"feedback":{"positive":0,"voted":false},"product":{"id":"110801532","name":"LARKO Для беременных бандаж до и послеродовой черный размер M","categoryCode":"Master - Bandages and orthoses","categoryName":"Бандажи и ортезы","link":"https://kaspi.kz/shop/p/larko-dlja-beremennyh-bandazh-do-i-poslerodovoi-chernyi-razmer-m-110801532/"},"merchant":{"name":"LARKO-KZ","code":"17629423"},"editable":false,"editedByCustomer":false},{"id":"8a5cfe349275086c0192b58d7d7f647a","author":"Айслу","date":"22.10.2024","orderNumber":"428306870","rating":5,"comment":{"minus":"","plus":"","text":"Удобный карает. Взяла размер М, думаю надо было заказать Лку. Как только надела, сразу стало легче животику."},"feedback":{"positive":0,"voted":false},"product":{"id":"110801532","name":"LARKO Для беременных бандаж до и послеродовой черный размер M","categoryCode":"Master - Bandages and orthoses","categoryName":"Бандажи и ортезы","link":"https://kaspi.kz/shop/p/larko-dlja-beremennyh-bandazh-do-i-poslerodovoi-chernyi-razmer-m-110801532/"},"merchant":{"name":"LARKO-KZ","code":"17629423"},"editable":false,"editedByCustomer":false},{"id":"8a5c0411924c48d401925c890e001f41","author":"Жансая","date":"05.10.2024","orderNumber":"419197272","rating":5,"comment":{"minus":"","plus":"","text":"Отличный бандаж, хорошего качества, липучки крепкие, размер подошел. Спасибо магазину Larko."},"feedback":{"positive":0,"voted":false},"product":{"id":"110801532","name":"LARKO Для беременных бандаж до и послеродовой черный размер M","categoryCode":"Master - Bandages and orthoses","categoryName":"Бандажи и ортезы","link":"https://kaspi.kz/shop/p/larko-dlja-beremennyh-bandazh-do-i-poslerodovoi-chernyi-razmer-m-110801532/"},"merchant":{"name":"LARKO-KZ","code":"17629423"},"editable":false,"editedByCustomer":false},{"id":"8a5c60c9924c48ca01925c4106391eb2","author":"Аружан","date":"05.10.2024","orderNumber":"419939674","rating":5,"comment":{"minus":"","plus":"","text":"Быстро доставили товар. Качество отличное, очень удобно носить размер тоже подошел, спасибо за сервис!"},"feedback":{"positive":0,"voted":false},"product":{"id":"110801532","name":"LARKO Для беременных бандаж до и послеродовой черный размер M","categoryCode":"Master - Bandages and orthoses","categoryName":"Бандажи и ортезы","link":"https://kaspi.kz/shop/p/larko-dlja-beremennyh-bandazh-do-i-poslerodovoi-chernyi-razmer-m-110801532/"},"merchant":{"name":"LARKO-KZ","code":"17629423"},"editable":false,"editedByCustomer":false},{"id":"8a5cc3b09236d818019238a1fd39031d","author":"Айгуль","date":"28.09.2024","orderNumber":"418234319","rating":5,"comment":{"minus":"","plus":"","text":"Спасибо за быструю доставку. Девочки берите на размер больше. На свой размер S взяла М. Очень понравился, такое облегчение."},"feedback":{"positive":0,"voted":false},"product":{"id":"110801532","name":"LARKO Для беременных бандаж до и послеродовой черный размер M","categoryCode":"Master - Bandages and orthoses","categoryName":"Бандажи и ортезы","link":"https://kaspi.kz/shop/p/larko-dlja-beremennyh-bandazh-do-i-poslerodovoi-chernyi-razmer-m-110801532/"},"merchant":{"name":"LARKO-KZ","code":"17629423"},"editable":false,"editedByCustomer":false},{"id":"8a5c9dae920df2f501921b170ee61e05","author":"Карлыгаш","date":"22.09.2024","orderNumber":"413734715","rating":5,"comment":{"minus":"","plus":"","text":"Бандаж классный. Качество хорошее. Покупала сестренке. Прям легче стало ей."},"feedback":{"positive":0,"voted":false},"product":{"id":"110801532","name":"LARKO Для беременных бандаж до и послеродовой черный размер M","categoryCode":"Master - Bandages and orthoses","categoryName":"Бандажи и ортезы","link":"https://kaspi.kz/shop/p/larko-dlja-beremennyh-bandazh-do-i-poslerodovoi-chernyi-razmer-m-110801532/"},"merchant":{"name":"LARKO-KZ","code":"17629423"},"editable":false,"editedByCustomer":false},{"id":"8a5ce3e3912ac2c201915f177490528f","author":"Галина","date":"17.08.2024","orderNumber":"395944512","rating":5,"comment":{"minus":"","plus":"","text":"Бандаж очень удобный! Спасибо продавцу! Спасибо курьеру за доставку!"},"feedback":{"positive":0,"voted":false},"product":{"id":"110801532","name":"LARKO Для беременных бандаж до и послеродовой черный размер M","categoryCode":"Master - Bandages and orthoses","categoryName":"Бандажи и ортезы","link":"https://kaspi.kz/shop/p/larko-dlja-beremennyh-bandazh-do-i-poslerodovoi-chernyi-razmer-m-110801532/"},"merchant":{"name":"LARKO-KZ","code":"17629423"},"editable":false,"editedByCustomer":false},{"id":"8a5ca0ae9144bd740191477501370645","author":"Сания","date":"12.08.2024","orderNumber":"393257710","rating":5,"comment":{"minus":"","plus":"","text":"Товар пришел вовремя. Качество хорошее и размер подошёл. Спасибо продавцу."},"feedback":{"positive":0,"voted":false},"product":{"id":"110801532","name":"LARKO Для беременных бандаж до и послеродовой черный размер M","categoryCode":"Master - Bandages and orthoses","categoryName":"Бандажи и ортезы","link":"https://kaspi.kz/shop/p/larko-dlja-beremennyh-bandazh-do-i-poslerodovoi-chernyi-razmer-m-110801532/"},"merchant":{"name":"LARKO-KZ","code":"17629423"},"editable":false,"editedByCustomer":false},{"id":"8a5c529890d891070190ef8f35392b88","author":"Нұрғазы","date":"26.07.2024","orderNumber":"386026675","rating":5,"comment":{"minus":"","plus":"","text":"Отличный бандаж. Жене понравилось."},"feedback":{"positive":0,"voted":false},"product":{"id":"110801532","name":"LARKO Для беременных бандаж до и послеродовой черный размер M","categoryCode":"Master - Bandages and orthoses","categoryName":"Бандажи и ортезы","link":"https://kaspi.kz/shop/p/larko-dlja-beremennyh-bandazh-do-i-poslerodovoi-chernyi-razmer-m-110801532/"},"merchant":{"name":"LARKO-KZ","code":"17629423"},"editable":false,"editedByCustomer":false},{"id":"8a5c07b79080e80d01908218978701f7","author":"Адель","date":"05.07.2024","orderNumber":"378021446","rating":5,"comment":{"minus":"","plus":"","text":"Очень удобный качественный бандаж! Спасибо."},"feedback":{"positive":0,"voted":false},"product":{"id":"110801532","name":"LARKO Для беременных бандаж до и послеродовой черный размер M","categoryCode":"Master - Bandages and orthoses","categoryName":"Бандажи и ортезы","link":"https://kaspi.kz/shop/p/larko-dlja-beremennyh-bandazh-do-i-poslerodovoi-chernyi-razmer-m-110801532/"},"merchant":{"name":"LARKO-KZ","code":"17629423"},"editable":false,"editedByCustomer":false},{"id":"8a5c93119057f7d701905ea4d911095e","author":"Сабинам","date":"28.06.2024","orderNumber":"375724036","rating":5,"comment":{"minus":"","plus":"","text":"Купила и сразу надела, действительно облегчает нагрузку."},"feedback":{"positive":0,"voted":false},"galleryImages":[{"id":"375724036-110801532/84951fd0-246a-4b95-a17d-5dc8b39054f7.jpeg","small":"https://resources.cdn-kaspi.kz/img/p/r/375724036-110801532/84951fd0-246a-4b95-a17d-5dc8b39054f7.jpeg?format=review_small","medium":"https://resources.cdn-kaspi.kz/img/p/r/375724036-110801532/84951fd0-246a-4b95-a17d-5dc8b39054f7.jpeg?format=review_medium","large":"https://resources.cdn-kaspi.kz/img/p/r/375724036-110801532/84951fd0-246a-4b95-a17d-5dc8b39054f7.jpeg?format=review_large"}],"product":{"id":"110801532","name":"LARKO Для беременных бандаж до и послеродовой черный размер M","categoryCode":"Master - Bandages and orthoses","categoryName":"Бандажи и ортезы","link":"https://kaspi.kz/shop/p/larko-dlja-beremennyh-bandazh-do-i-poslerodovoi-chernyi-razmer-m-110801532/"},"merchant":{"name":"LARKO-KZ","code":"17629423"},"editable":false,"editedByCustomer":false},{"id":"8a5c9a818fdc72e2018fde12fdc50697","author":"Айдана","date":"03.06.2024","orderNumber":"362741443","rating":1,"comment":{"minus":"","plus":"","text":"Качество вообще не очень, не стоит своих денег!"},"feedback":{"positive":1,"voted":false},"product":{"id":"110801532","name":"LARKO Для беременных бандаж до и послеродовой черный размер M","categoryCode":"Master - Bandages and orthoses","categoryName":"Бандажи и ортезы","link":"https://kaspi.kz/shop/p/larko-dlja-beremennyh-bandazh-do-i-poslerodovoi-chernyi-razmer-m-110801532/"},"merchant":{"name":"LARKO-KZ","code":"17629423"},"editable":false,"editedByCustomer":false},{"id":"8a5c5a868ecb44ae018f334c3d88044b","author":"Евгения","date":"01.05.2024","orderNumber":"351014512","rating":5,"comment":{"minus":"","plus":"","text":"Бандаж подошёл. Качество хорошее. Спасибо магазину."},"feedback":{"positive":0,"voted":false},"product":{"id":"110801532","name":"LARKO Для беременных бандаж до и послеродовой черный размер M","categoryCode":"Master - Bandages and orthoses","categoryName":"Бандажи и ортезы","link":"https://kaspi.kz/shop/p/larko-dlja-beremennyh-bandazh-do-i-poslerodovoi-chernyi-razmer-m-110801532/"},"merchant":{"name":"LARKO-KZ","code":"17629423"},"editable":false,"editedByCustomer":false},{"id":"8a5c5ea38de9c0af018dee62c4490697","author":"Аружан","date":"28.02.2024","orderNumber":"328168543","rating":5,"comment":{"minus":"","plus":"","text":"Бандаж хороший, качество супер, носила только 1 день, все отлично, удобные."},"feedback":{"positive":0,"voted":false},"product":{"id":"110801532","name":"LARKO Для беременных бандаж до и послеродовой черный размер M","categoryCode":"Master - Bandages and orthoses","categoryName":"Бандажи и ортезы","link":"https://kaspi.kz/shop/p/larko-dlja-beremennyh-bandazh-do-i-poslerodovoi-chernyi-razmer-m-110801532/"},"merchant":{"name":"LARKO-KZ","code":"17629423"},"editable":false,"editedByCustomer":false},{"id":"8a5c65be8dc471fb018de486a90818ef","author":"Макпал","date":"26.02.2024","orderNumber":"314478429","rating":1,"comment":{"minus":"","plus":"","text":"Неудобный совсем. Жёсткий. Не рекомендую."},"feedback":{"positive":1,"voted":false},"product":{"id":"110801532","name":"LARKO Для беременных бандаж до и послеродовой черный размер M","categoryCode":"Master - Bandages and orthoses","categoryName":"Бандажи и ортезы","link":"https://kaspi.kz/shop/p/larko-dlja-beremennyh-bandazh-do-i-poslerodovoi-chernyi-razmer-m-110801532/"},"merchant":{"name":"LARKO-KZ","code":"17629423"},"editable":false,"editedByCustomer":false},{"id":"8a5c93328d3423b9018d35c0d19302d6","author":"Жанерке","date":"23.01.2024","orderNumber":"319184071","rating":5,"comment":{"minus":"","plus":"","text":"Очень довольна покупкой. Товар пришел очень качественный, рекомендую."},"feedback":{"positive":0,"voted":false},"product":{"id":"110801532","name":"LARKO Для беременных бандаж до и послеродовой черный размер M","categoryCode":"Master - Bandages and orthoses","categoryName":"Бандажи и ортезы","link":"https://kaspi.kz/shop/p/larko-dlja-beremennyh-bandazh-do-i-poslerodovoi-chernyi-razmer-m-110801532/"},"merchant":{"name":"LARKO-KZ","code":"17629423"},"editable":false,"editedByCustomer":false},{"id":"8a5c254b8cd76af5018cd911b88f01c8","author":"Айгерим","date":"05.01.2024","orderNumber":"312974920","rating":5,"comment":{"minus":"","plus":"","text":"Хорошее качество. Товар пришел размер в размер. Материал плотный. Рекомендую продавца."},"feedback":{"positive":0,"voted":false},"product":{"id":"110801532","name":"LARKO Для беременных бандаж до и послеродовой черный размер M","categoryCode":"Master - Bandages and orthoses","categoryName":"Бандажи и ортезы","link":"https://kaspi.kz/shop/p/larko-dlja-beremennyh-bandazh-do-i-poslerodovoi-chernyi-razmer-m-110801532/"},"merchant":{"name":"LARKO-KZ","code":"17629423"},"editable":false,"editedByCustomer":false},{"id":"8a5c67c48c51aa69018c5309efc70256","author":"Арыстанбек","date":"10.12.2023","orderNumber":"305766033","rating":5,"comment":{"minus":"","plus":"","text":"Очень хорошего качества, жене понравилось, если у Вас рост выше 165 то лучше берите размер XL."},"feedback":{"positive":4,"voted":false},"product":{"id":"110801532","name":"LARKO Для беременных бандаж до и послеродовой черный размер M","categoryCode":"Master - Bandages and orthoses","categoryName":"Бандажи и ортезы","link":"https://kaspi.kz/shop/p/larko-dlja-beremennyh-bandazh-do-i-poslerodovoi-chernyi-razmer-m-110801532/"},"merchant":{"name":"LARKO-KZ","code":"17629423"},"editable":false,"editedByCustomer":false},{"id":"8a5c6a3f8c23793e018c2ed51a481808","author":"Нұрайым","date":"03.12.2023","orderNumber":"303595903","rating":5,"comment":{"minus":"","plus":"","text":"Отличный бандаж! Доставили быстро."},"feedback":{"positive":0,"voted":false},"product":{"id":"110801532","name":"LARKO Для беременных бандаж до и послеродовой черный размер M","categoryCode":"Master - Bandages and orthoses","categoryName":"Бандажи и ортезы","link":"https://kaspi.kz/shop/p/larko-dlja-beremennyh-bandazh-do-i-poslerodovoi-chernyi-razmer-m-110801532/"},"merchant":{"name":"LARKO-KZ","code":"17629423"},"editable":false,"editedByCustomer":false},{"id":"8a5c5aab8b5fee6d018b67414a6914fb","author":"Kamilla","date":"25.10.2023","orderNumber":"287180618","rating":5,"comment":{"minus":"","plus":"","text":"Бандаж супер! Качество пушка."},"feedback":{"positive":0,"voted":false},"product":{"id":"110801532","name":"LARKO Для беременных бандаж до и послеродовой черный размер M","categoryCode":"Master - Bandages and orthoses","categoryName":"Бандажи и ортезы","link":"https://kaspi.kz/shop/p/larko-dlja-beremennyh-bandazh-do-i-poslerodovoi-chernyi-razmer-m-110801532/"},"merchant":{"name":"LARKO","code":"14901053"},"editable":false,"editedByCustomer":false},{"id":"8a5c2f708b5fef6a018b672bb1bf14a5","author":"Юлтуз","date":"25.10.2023","orderNumber":"287293563","rating":5,"comment":{"minus":"","plus":"","text":"Очень классный бандаж, хорошо помогает, удобно одевать и снимать."},"feedback":{"positive":1,"voted":false},"product":{"id":"110801532","name":"LARKO Для беременных бандаж до и послеродовой черный размер M","categoryCode":"Master - Bandages and orthoses","categoryName":"Бандажи и ортезы","link":"https://kaspi.kz/shop/p/larko-dlja-beremennyh-bandazh-do-i-poslerodovoi-chernyi-razmer-m-110801532/"},"merchant":{"name":"LARKO","code":"14901053"},"editable":false,"editedByCustomer":false},{"id":"8a5c9a848b461d9c018b4d8e79b7160a","author":"Әйгерім","date":"20.10.2023","orderNumber":"284505270","rating":5,"comment":{"minus":"","plus":"","text":"Удобный бандаж. Пришел вовремя. Размер подошел, но можно и на размер больше брать (смотря сколько набрали кг за беременность, думаю не критично, липучки хорошие Хорошо, что можно носить и во время, и после беременности."},"feedback":{"positive":2,"voted":false},"product":{"id":"110801532","name":"LARKO Для беременных бандаж до и послеродовой черный размер M","categoryCode":"Master - Bandages and orthoses","categoryName":"Бандажи и ортезы","link":"https://kaspi.kz/shop/p/larko-dlja-beremennyh-bandazh-do-i-poslerodovoi-chernyi-razmer-m-110801532/"},"merchant":{"name":"LARKO","code":"14901053"},"editable":false,"editedByCustomer":false},{"id":"8a5c9aa38b383a2f018b41e55dc61681","author":"Альмира","date":"18.10.2023","orderNumber":"283029435","rating":5,"comment":{"minus":"","plus":"","text":"Очень хороший бандаж. Удобный и качественный. Липучки хорошо крепятся. Для такого качества цена супер. В других местах намного дороже. Рекомендую!"},"feedback":{"positive":0,"voted":false},"product":{"id":"110801532","name":"LARKO Для беременных бандаж до и послеродовой черный размер M","categoryCode":"Master - Bandages and orthoses","categoryName":"Бандажи и ортезы","link":"https://kaspi.kz/shop/p/larko-dlja-beremennyh-bandazh-do-i-poslerodovoi-chernyi-razmer-m-110801532/"},"merchant":{"name":"LARKO","code":"14901053"},"editable":false,"editedByCustomer":false},{"id":"8a5cdd438a72fe03018a837b9c5916d3","author":"Асель","date":"11.09.2023","orderNumber":"282884092","rating":5,"comment":{"minus":"","plus":"","text":"Очень понравился бандаж, размер положили тот, что заказывала, заказ пришел на 2 дня раньше обещанного, я довольна покупкой, спасибо Магазину Каспи!"},"feedback":{"positive":0,"voted":false},"product":{"id":"110801532","name":"LARKO Для беременных бандаж до и послеродовой черный размер M","categoryCode":"Master - Bandages and orthoses","categoryName":"Бандажи и ортезы","link":"https://kaspi.kz/shop/p/larko-dlja-beremennyh-bandazh-do-i-poslerodovoi-chernyi-razmer-m-110801532/"},"merchant":{"name":"LARKO","code":"14901053"},"editable":false,"editedByCustomer":false},{"id":"8a5c969d8a4ebf8c018a5a60ccd71020","author":"Айдана","date":"07.09.2023","orderNumber":"281869648","rating":5,"comment":{"minus":"","plus":"","text":"Хорошее качество! Быстро привезли, через два часа. Продавец LARKO. Рекомендую!"},"feedback":{"positive":0,"voted":false},"product":{"id":"110801532","name":"LARKO Для беременных бандаж до и послеродовой черный размер M","categoryCode":"Master - Bandages and orthoses","categoryName":"Бандажи и ортезы","link":"https://kaspi.kz/shop/p/larko-dlja-beremennyh-bandazh-do-i-poslerodovoi-chernyi-razmer-m-110801532/"},"merchant":{"name":"LARKO","code":"14901053"},"editable":false,"editedByCustomer":false},{"id":"8a5ce3e9894f41dd01897c6e5fa93d95","author":"Диана","date":"01.08.2023","orderNumber":"270490708","rating":5,"comment":{"minus":"","plus":"","text":"Вчера получила бандаж наконец-то, качество классное, думала будет малое, но нет всё отлично подошло, сразу сделала дома уборку, и поясница вовсе не напрягалась,  за доставку привезли вовремя, теперь хожу дома не снимая, спасибо Вам огромное, мы с малышом в животике очень рады этой покупке."},"feedback":{"positive":6,"voted":false},"product":{"id":"110801532","name":"LARKO Для беременных бандаж до и послеродовой черный размер M","categoryCode":"Master - Bandages and orthoses","categoryName":"Бандажи и ортезы","link":"https://kaspi.kz/shop/p/larko-dlja-beremennyh-bandazh-do-i-poslerodovoi-chernyi-razmer-m-110801532/"},"merchant":null,"editable":false,"editedByCustomer":false}]}