{"data":[{"id":"8a5c02349618f32b019638c0d19315ed","author":"Алтынбек","date":"15.04.2025","orderNumber":"529383440","rating":5,"comment":{"minus":"","plus":"","text":"Товар отличный, пришел на день раньше, даже всем советую!"},"feedback":{"positive":0,"voted":false},"product":{"id":"128860663","name":"LARKO Rollerblack","categoryCode":"Master - Ab rollers","categoryName":"Ролики для пресса","link":"https://kaspi.kz/shop/p/larko-rollerblack-128860663/"},"merchant":{"name":"LARKO-KZ","code":"17629423"},"editable":false,"editedByCustomer":false},{"id":"8a5cb3c89618f3930196252f2ce0490b","author":"Марат","date":"11.04.2025","orderNumber":"528633335","rating":5,"comment":{"minus":"","plus":"","text":"Товар отличный."},"feedback":{"positive":1,"voted":false},"product":{"id":"128860663","name":"LARKO Rollerblack","categoryCode":"Master - Ab rollers","categoryName":"Ролики для пресса","link":"https://kaspi.kz/shop/p/larko-rollerblack-128860663/"},"merchant":{"name":"LARKO-KZ","code":"17629423"},"editable":false,"editedByCustomer":false},{"id":"8a5c30729618f3d20196206e60a5370c","author":"Фарида","date":"10.04.2025","orderNumber":"528966175","rating":5,"comment":{"minus":"","plus":"","text":"Спасибо Каспи, товар доставили вовремя. Этот ролик мне очень понравился. Качество супер и по цене очень доступно. Ставлю 5 баллов."},"feedback":{"positive":0,"voted":false},"galleryImages":[{"id":"528966175-128860663/1a2d0073-23c6-4261-825c-fe3b404cccb3.jpeg","small":"https://resources.cdn-kaspi.kz/img/p/r/528966175-128860663/1a2d0073-23c6-4261-825c-fe3b404cccb3.jpeg?format=review_small","medium":"https://resources.cdn-kaspi.kz/img/p/r/528966175-128860663/1a2d0073-23c6-4261-825c-fe3b404cccb3.jpeg?format=review_medium","large":"https://resources.cdn-kaspi.kz/img/p/r/528966175-128860663/1a2d0073-23c6-4261-825c-fe3b404cccb3.jpeg?format=review_large"},{"id":"528966175-128860663/2bae4eaf-c4c0-47d1-b7d4-31fbd14046f3.jpeg","small":"https://resources.cdn-kaspi.kz/img/p/r/528966175-128860663/2bae4eaf-c4c0-47d1-b7d4-31fbd14046f3.jpeg?format=review_small","medium":"https://resources.cdn-kaspi.kz/img/p/r/528966175-128860663/2bae4eaf-c4c0-47d1-b7d4-31fbd14046f3.jpeg?format=review_medium","large":"https://resources.cdn-kaspi.kz/img/p/r/528966175-128860663/2bae4eaf-c4c0-47d1-b7d4-31fbd14046f3.jpeg?format=review_large"}],"product":{"id":"128860663","name":"LARKO Rollerblack","categoryCode":"Master - Ab rollers","categoryName":"Ролики для пресса","link":"https://kaspi.kz/shop/p/larko-rollerblack-128860663/"},"merchant":{"name":"LARKO-KZ","code":"17629423"},"editable":false,"editedByCustomer":false},{"id":"8a5c583b95ff45d90196006a59df063d","author":"Галымжан","date":"04.04.2025","orderNumber":"517530347","rating":5,"comment":{"minus":"","plus":"","text":"Удобный и качественный. Спасибо Каспи."},"feedback":{"positive":0,"voted":false},"product":{"id":"128860663","name":"LARKO Rollerblack","categoryCode":"Master - Ab rollers","categoryName":"Ролики для пресса","link":"https://kaspi.kz/shop/p/larko-rollerblack-128860663/"},"merchant":{"name":"LARKO-KZ","code":"17629423"},"editable":false,"editedByCustomer":false},{"id":"8a5cbed695fb5ee20195fbb257070327","author":"Мақсат","date":"03.04.2025","orderNumber":"524898187","rating":5,"comment":{"minus":"","plus":"","text":"Жақсы зат екен, уақытылы әкелді енді тек қолдану керек."},"feedback":{"positive":0,"voted":false},"product":{"id":"128860663","name":"LARKO Rollerblack","categoryCode":"Master - Ab rollers","categoryName":"Ролики для пресса","link":"https://kaspi.kz/shop/p/larko-rollerblack-128860663/"},"merchant":{"name":"LARKO-KZ","code":"17629423"},"editable":false,"editedByCustomer":false},{"id":"8a5c621095caf9cc0195e6bddc180220","author":"Мейрамбек","date":"30.03.2025","orderNumber":"522014864","rating":5,"comment":{"minus":"","plus":"","text":"Құрылғы уақтылы келді. Сапасы жақсы екен. Алуға кеңес беремін!."},"feedback":{"positive":0,"voted":false},"product":{"id":"128860663","name":"LARKO Rollerblack","categoryCode":"Master - Ab rollers","categoryName":"Ролики для пресса","link":"https://kaspi.kz/shop/p/larko-rollerblack-128860663/"},"merchant":{"name":"LARKO-KZ","code":"17629423"},"editable":false,"editedByCustomer":false},{"id":"8a5c196b95dabaad0195db8e86cf0217","author":"Берик","date":"28.03.2025","orderNumber":"520142098","rating":5,"comment":{"minus":"","plus":"","text":"Шыныменде өте сапалы мықты товар денсаулыкка пайдалы доставка 3 күнде келди сиздергеде сатып алуды кеңес беремин."},"feedback":{"positive":0,"voted":false},"galleryImages":[{"id":"520142098-128860663/f09fe899-c765-46ac-91ad-34e15d1bdbd0.jpeg","small":"https://resources.cdn-kaspi.kz/img/p/r/520142098-128860663/f09fe899-c765-46ac-91ad-34e15d1bdbd0.jpeg?format=review_small","medium":"https://resources.cdn-kaspi.kz/img/p/r/520142098-128860663/f09fe899-c765-46ac-91ad-34e15d1bdbd0.jpeg?format=review_medium","large":"https://resources.cdn-kaspi.kz/img/p/r/520142098-128860663/f09fe899-c765-46ac-91ad-34e15d1bdbd0.jpeg?format=review_large"},{"id":"520142098-128860663/ecf16d47-6d12-40ce-8335-266b6088ec7a.jpeg","small":"https://resources.cdn-kaspi.kz/img/p/r/520142098-128860663/ecf16d47-6d12-40ce-8335-266b6088ec7a.jpeg?format=review_small","medium":"https://resources.cdn-kaspi.kz/img/p/r/520142098-128860663/ecf16d47-6d12-40ce-8335-266b6088ec7a.jpeg?format=review_medium","large":"https://resources.cdn-kaspi.kz/img/p/r/520142098-128860663/ecf16d47-6d12-40ce-8335-266b6088ec7a.jpeg?format=review_large"},{"id":"520142098-128860663/96d665a1-6c32-44f2-b3b7-f864b2fe10a0.jpeg","small":"https://resources.cdn-kaspi.kz/img/p/r/520142098-128860663/96d665a1-6c32-44f2-b3b7-f864b2fe10a0.jpeg?format=review_small","medium":"https://resources.cdn-kaspi.kz/img/p/r/520142098-128860663/96d665a1-6c32-44f2-b3b7-f864b2fe10a0.jpeg?format=review_medium","large":"https://resources.cdn-kaspi.kz/img/p/r/520142098-128860663/96d665a1-6c32-44f2-b3b7-f864b2fe10a0.jpeg?format=review_large"},{"id":"520142098-128860663/bcfc4ee1-93f5-4697-b53d-b7c66cad3677.jpeg","small":"https://resources.cdn-kaspi.kz/img/p/r/520142098-128860663/bcfc4ee1-93f5-4697-b53d-b7c66cad3677.jpeg?format=review_small","medium":"https://resources.cdn-kaspi.kz/img/p/r/520142098-128860663/bcfc4ee1-93f5-4697-b53d-b7c66cad3677.jpeg?format=review_medium","large":"https://resources.cdn-kaspi.kz/img/p/r/520142098-128860663/bcfc4ee1-93f5-4697-b53d-b7c66cad3677.jpeg?format=review_large"},{"id":"520142098-128860663/323d359f-68b9-4dd8-9b23-0116be047d35.jpeg","small":"https://resources.cdn-kaspi.kz/img/p/r/520142098-128860663/323d359f-68b9-4dd8-9b23-0116be047d35.jpeg?format=review_small","medium":"https://resources.cdn-kaspi.kz/img/p/r/520142098-128860663/323d359f-68b9-4dd8-9b23-0116be047d35.jpeg?format=review_medium","large":"https://resources.cdn-kaspi.kz/img/p/r/520142098-128860663/323d359f-68b9-4dd8-9b23-0116be047d35.jpeg?format=review_large"}],"product":{"id":"128860663","name":"LARKO Rollerblack","categoryCode":"Master - Ab rollers","categoryName":"Ролики для пресса","link":"https://kaspi.kz/shop/p/larko-rollerblack-128860663/"},"merchant":{"name":"LARKO-KZ","code":"17629423"},"editable":false,"editedByCustomer":false},{"id":"8a5ce3db95acfd640195b40394c83a7a","author":"Асхат","date":"20.03.2025","orderNumber":"517323192","rating":5,"comment":{"minus":"","plus":"","text":"Тапсырысым 3 күн ішінде жылдам келді. Сапасы өте жақсы, ұнады,."},"feedback":{"positive":0,"voted":false},"galleryImages":[{"id":"517323192-128860663/cb98fb2c-2933-43d6-a94c-14525c495c43.jpeg","small":"https://resources.cdn-kaspi.kz/img/p/r/517323192-128860663/cb98fb2c-2933-43d6-a94c-14525c495c43.jpeg?format=review_small","medium":"https://resources.cdn-kaspi.kz/img/p/r/517323192-128860663/cb98fb2c-2933-43d6-a94c-14525c495c43.jpeg?format=review_medium","large":"https://resources.cdn-kaspi.kz/img/p/r/517323192-128860663/cb98fb2c-2933-43d6-a94c-14525c495c43.jpeg?format=review_large"}],"product":{"id":"128860663","name":"LARKO Rollerblack","categoryCode":"Master - Ab rollers","categoryName":"Ролики для пресса","link":"https://kaspi.kz/shop/p/larko-rollerblack-128860663/"},"merchant":{"name":"LARKO-KZ","code":"17629423"},"editable":false,"editedByCustomer":false},{"id":"8a5cd49d953675e301955b80e9f73d00","author":"Акзат","date":"03.03.2025","orderNumber":"506192511","rating":5,"comment":{"minus":"","plus":"","text":"Спасибо большое. Кушти и за майку в подарок спасибо. Ұнады қатты рахмет."},"feedback":{"positive":0,"voted":false},"galleryImages":[{"id":"506192511-128860663/849b3330-683e-4334-85ed-775b56f4807e.jpeg","small":"https://resources.cdn-kaspi.kz/img/p/r/506192511-128860663/849b3330-683e-4334-85ed-775b56f4807e.jpeg?format=review_small","medium":"https://resources.cdn-kaspi.kz/img/p/r/506192511-128860663/849b3330-683e-4334-85ed-775b56f4807e.jpeg?format=review_medium","large":"https://resources.cdn-kaspi.kz/img/p/r/506192511-128860663/849b3330-683e-4334-85ed-775b56f4807e.jpeg?format=review_large"},{"id":"506192511-128860663/cfdccdc7-1223-4c07-93bd-6effb2cb93c6.jpeg","small":"https://resources.cdn-kaspi.kz/img/p/r/506192511-128860663/cfdccdc7-1223-4c07-93bd-6effb2cb93c6.jpeg?format=review_small","medium":"https://resources.cdn-kaspi.kz/img/p/r/506192511-128860663/cfdccdc7-1223-4c07-93bd-6effb2cb93c6.jpeg?format=review_medium","large":"https://resources.cdn-kaspi.kz/img/p/r/506192511-128860663/cfdccdc7-1223-4c07-93bd-6effb2cb93c6.jpeg?format=review_large"},{"id":"506192511-128860663/13a9137c-8cf3-4e4a-afd9-24690de5fe03.jpeg","small":"https://resources.cdn-kaspi.kz/img/p/r/506192511-128860663/13a9137c-8cf3-4e4a-afd9-24690de5fe03.jpeg?format=review_small","medium":"https://resources.cdn-kaspi.kz/img/p/r/506192511-128860663/13a9137c-8cf3-4e4a-afd9-24690de5fe03.jpeg?format=review_medium","large":"https://resources.cdn-kaspi.kz/img/p/r/506192511-128860663/13a9137c-8cf3-4e4a-afd9-24690de5fe03.jpeg?format=review_large"},{"id":"506192511-128860663/3b394180-6507-44e4-bd19-4f4e6263f141.jpeg","small":"https://resources.cdn-kaspi.kz/img/p/r/506192511-128860663/3b394180-6507-44e4-bd19-4f4e6263f141.jpeg?format=review_small","medium":"https://resources.cdn-kaspi.kz/img/p/r/506192511-128860663/3b394180-6507-44e4-bd19-4f4e6263f141.jpeg?format=review_medium","large":"https://resources.cdn-kaspi.kz/img/p/r/506192511-128860663/3b394180-6507-44e4-bd19-4f4e6263f141.jpeg?format=review_large"},{"id":"506192511-128860663/93e444b6-d0d6-42bc-b9b8-b3f7bc295e2f.jpeg","small":"https://resources.cdn-kaspi.kz/img/p/r/506192511-128860663/93e444b6-d0d6-42bc-b9b8-b3f7bc295e2f.jpeg?format=review_small","medium":"https://resources.cdn-kaspi.kz/img/p/r/506192511-128860663/93e444b6-d0d6-42bc-b9b8-b3f7bc295e2f.jpeg?format=review_medium","large":"https://resources.cdn-kaspi.kz/img/p/r/506192511-128860663/93e444b6-d0d6-42bc-b9b8-b3f7bc295e2f.jpeg?format=review_large"}],"product":{"id":"128860663","name":"LARKO Rollerblack","categoryCode":"Master - Ab rollers","categoryName":"Ролики для пресса","link":"https://kaspi.kz/shop/p/larko-rollerblack-128860663/"},"merchant":{"name":"LARKO-KZ","code":"17629423"},"editable":false,"editedByCustomer":false},{"id":"8a5cd49d953675e30195518857d0113c","author":"Толкын","date":"01.03.2025","orderNumber":"505028471","rating":5,"comment":{"minus":"","plus":"","text":"Ролик классный, мне понравилось, благодарю."},"feedback":{"positive":0,"voted":false},"product":{"id":"128860663","name":"LARKO Rollerblack","categoryCode":"Master - Ab rollers","categoryName":"Ролики для пресса","link":"https://kaspi.kz/shop/p/larko-rollerblack-128860663/"},"merchant":{"name":"LARKO-KZ","code":"17629423"},"editable":false,"editedByCustomer":false},{"id":"8a5c55509536761901953792616b0b7c","author":"Бекзад","date":"28.02.2025","orderNumber":"500310683","rating":1,"comment":{"minus":"","plus":"","text":"Болмайтын нәрсе екен, пайдасы жоқ."},"feedback":{"positive":0,"voted":false},"product":{"id":"128860663","name":"LARKO Rollerblack","categoryCode":"Master - Ab rollers","categoryName":"Ролики для пресса","link":"https://kaspi.kz/shop/p/larko-rollerblack-128860663/"},"merchant":{"name":"LARKO-KZ","code":"17629423"},"editable":false,"editedByCustomer":false},{"id":"8a5c67ed95210df40195218e94b300ec","author":"Данияр","date":"20.02.2025","orderNumber":"498378839","rating":5,"comment":{"minus":"","plus":"","text":"Всё отлично, супер. Товар соответствует, качество хорошее."},"feedback":{"positive":0,"voted":false},"product":{"id":"128860663","name":"LARKO Rollerblack","categoryCode":"Master - Ab rollers","categoryName":"Ролики для пресса","link":"https://kaspi.kz/shop/p/larko-rollerblack-128860663/"},"merchant":{"name":"LARKO-KZ","code":"17629423"},"editable":false,"editedByCustomer":false},{"id":"8a5ce3e494d5fae00194d78eccdb0415","author":"Манас","date":"06.02.2025","orderNumber":"479513767","rating":5,"comment":{"minus":"","plus":"","text":"Качество 10 баллов."},"feedback":{"positive":0,"voted":false},"product":{"id":"128860663","name":"LARKO Rollerblack","categoryCode":"Master - Ab rollers","categoryName":"Ролики для пресса","link":"https://kaspi.kz/shop/p/larko-rollerblack-128860663/"},"merchant":{"name":"LARKO-KZ","code":"17629423"},"editable":false,"editedByCustomer":false},{"id":"8a5c0a9094ab5d390194b23284c90ce2","author":"Айым","date":"31.01.2025","orderNumber":"487499765","rating":5,"comment":{"minus":"","plus":"","text":"Жақсы тренажер. Тез, уақытында келді."},"feedback":{"positive":0,"voted":false},"product":{"id":"128860663","name":"LARKO Rollerblack","categoryCode":"Master - Ab rollers","categoryName":"Ролики для пресса","link":"https://kaspi.kz/shop/p/larko-rollerblack-128860663/"},"merchant":{"name":"LARKO-KZ","code":"17629423"},"editable":false,"editedByCustomer":false},{"id":"8a5c4ec694ab5c300194bc29600f1d4e","author":"Ажар","date":"31.01.2025","orderNumber":"489132380","rating":5,"comment":{"minus":"","plus":"","text":"Товар классный. Быстро доставили. Спасибо Ларко Магазину."},"feedback":{"positive":1,"voted":false},"product":{"id":"128860663","name":"LARKO Rollerblack","categoryCode":"Master - Ab rollers","categoryName":"Ролики для пресса","link":"https://kaspi.kz/shop/p/larko-rollerblack-128860663/"},"merchant":{"name":"LARKO-KZ","code":"17629423"},"editable":false,"editedByCustomer":false},{"id":"8a5c4ec694ab5c300194b7bc0597178a","author":"Игорь","date":"30.01.2025","orderNumber":"485661910","rating":5,"comment":{"minus":"","plus":"","text":"Шикарный тренажер. Доставили вовремя. Спасибо магазину Larko, уже не в первый раз заказываем товары у них."},"feedback":{"positive":1,"voted":false},"galleryImages":[{"id":"485661910-128860663/99b6438e-5cca-4f2f-86b8-c6eeb6e5bed9.jpeg","small":"https://resources.cdn-kaspi.kz/img/p/r/485661910-128860663/99b6438e-5cca-4f2f-86b8-c6eeb6e5bed9.jpeg?format=review_small","medium":"https://resources.cdn-kaspi.kz/img/p/r/485661910-128860663/99b6438e-5cca-4f2f-86b8-c6eeb6e5bed9.jpeg?format=review_medium","large":"https://resources.cdn-kaspi.kz/img/p/r/485661910-128860663/99b6438e-5cca-4f2f-86b8-c6eeb6e5bed9.jpeg?format=review_large"}],"product":{"id":"128860663","name":"LARKO Rollerblack","categoryCode":"Master - Ab rollers","categoryName":"Ролики для пресса","link":"https://kaspi.kz/shop/p/larko-rollerblack-128860663/"},"merchant":{"name":"LARKO-KZ","code":"17629423"},"editable":false,"editedByCustomer":false},{"id":"8a5c3f0494ab5d750194b33b80c110cc","author":"Мухаммед","date":"29.01.2025","orderNumber":"487057239","rating":5,"comment":{"minus":"","plus":"","text":"Керемет ролик ұнады."},"feedback":{"positive":0,"voted":false},"product":{"id":"128860663","name":"LARKO Rollerblack","categoryCode":"Master - Ab rollers","categoryName":"Ролики для пресса","link":"https://kaspi.kz/shop/p/larko-rollerblack-128860663/"},"merchant":{"name":"LARKO-KZ","code":"17629423"},"editable":false,"editedByCustomer":false},{"id":"8a5c64e3946876990194a7ced4805826","author":"Ақнұр","date":"27.01.2025","orderNumber":"485950589","rating":5,"comment":{"minus":"","plus":"","text":"Тауарым өз уақытында келді, сапасы керемет. Рахмет сіздерге."},"feedback":{"positive":1,"voted":false},"product":{"id":"128860663","name":"LARKO Rollerblack","categoryCode":"Master - Ab rollers","categoryName":"Ролики для пресса","link":"https://kaspi.kz/shop/p/larko-rollerblack-128860663/"},"merchant":{"name":"LARKO-KZ","code":"17629423"},"editable":false,"editedByCustomer":false},{"id":"8a5c1c8a94a399b90194a3b0c8da0018","author":"Хасан","date":"26.01.2025","orderNumber":"484607980","rating":5,"comment":{"minus":"","plus":"","text":"Керемет, өте ұнады, сапасы тамаша.Отбасымыз бен қолданып жатырмыз,жаксы құрылғы екен тренирофка жасауға әсіресе үй жағдайында  залғада барудың қажеті жоқ.Сіздергеде алуға ұсынамын"},"feedback":{"positive":2,"voted":false},"galleryImages":[{"id":"484607980-128860663/b63e75cf-f8aa-4074-93e7-3c9e5b40aad1.jpeg","small":"https://resources.cdn-kaspi.kz/img/p/r/484607980-128860663/b63e75cf-f8aa-4074-93e7-3c9e5b40aad1.jpeg?format=review_small","medium":"https://resources.cdn-kaspi.kz/img/p/r/484607980-128860663/b63e75cf-f8aa-4074-93e7-3c9e5b40aad1.jpeg?format=review_medium","large":"https://resources.cdn-kaspi.kz/img/p/r/484607980-128860663/b63e75cf-f8aa-4074-93e7-3c9e5b40aad1.jpeg?format=review_large"}],"product":{"id":"128860663","name":"LARKO Rollerblack","categoryCode":"Master - Ab rollers","categoryName":"Ролики для пресса","link":"https://kaspi.kz/shop/p/larko-rollerblack-128860663/"},"merchant":{"name":"LARKO-KZ","code":"17629423"},"editable":false,"editedByCustomer":true},{"id":"8a5c11bf946876ad0194a33a93da52c5","author":"Берик","date":"26.01.2025","orderNumber":"484069929","rating":5,"comment":{"minus":"","plus":"","text":"Тренажер классный, нам понравилось, очень полезная вещь, советую."},"feedback":{"positive":0,"voted":false},"galleryImages":[{"id":"484069929-128860663/834af4ea-2cd2-4c98-9c7f-b6a9244a45a9.jpeg","small":"https://resources.cdn-kaspi.kz/img/p/r/484069929-128860663/834af4ea-2cd2-4c98-9c7f-b6a9244a45a9.jpeg?format=review_small","medium":"https://resources.cdn-kaspi.kz/img/p/r/484069929-128860663/834af4ea-2cd2-4c98-9c7f-b6a9244a45a9.jpeg?format=review_medium","large":"https://resources.cdn-kaspi.kz/img/p/r/484069929-128860663/834af4ea-2cd2-4c98-9c7f-b6a9244a45a9.jpeg?format=review_large"}],"product":{"id":"128860663","name":"LARKO Rollerblack","categoryCode":"Master - Ab rollers","categoryName":"Ролики для пресса","link":"https://kaspi.kz/shop/p/larko-rollerblack-128860663/"},"merchant":{"name":"LARKO-KZ","code":"17629423"},"editable":false,"editedByCustomer":false},{"id":"8a5c28f3946875e701947a5d18f3213d","author":"Нуржан","date":"24.01.2025","orderNumber":"479069261","rating":5,"comment":{"minus":"","plus":"","text":"Көп ойланып алып едім. Керемет екен. Жанұямызга ұнады. Магазинге рахмет. Уакытынан ерте келді."},"feedback":{"positive":0,"voted":false},"galleryImages":[{"id":"479069261-128860663/8f249259-df52-4dd8-85c1-f308e8901cb2.jpeg","small":"https://resources.cdn-kaspi.kz/img/p/r/479069261-128860663/8f249259-df52-4dd8-85c1-f308e8901cb2.jpeg?format=review_small","medium":"https://resources.cdn-kaspi.kz/img/p/r/479069261-128860663/8f249259-df52-4dd8-85c1-f308e8901cb2.jpeg?format=review_medium","large":"https://resources.cdn-kaspi.kz/img/p/r/479069261-128860663/8f249259-df52-4dd8-85c1-f308e8901cb2.jpeg?format=review_large"},{"id":"479069261-128860663/25fbba15-9e0d-4717-963a-33418728876e.jpeg","small":"https://resources.cdn-kaspi.kz/img/p/r/479069261-128860663/25fbba15-9e0d-4717-963a-33418728876e.jpeg?format=review_small","medium":"https://resources.cdn-kaspi.kz/img/p/r/479069261-128860663/25fbba15-9e0d-4717-963a-33418728876e.jpeg?format=review_medium","large":"https://resources.cdn-kaspi.kz/img/p/r/479069261-128860663/25fbba15-9e0d-4717-963a-33418728876e.jpeg?format=review_large"},{"id":"479069261-128860663/4a5bc336-ef92-4212-b7e5-422cf4c91eb9.jpeg","small":"https://resources.cdn-kaspi.kz/img/p/r/479069261-128860663/4a5bc336-ef92-4212-b7e5-422cf4c91eb9.jpeg?format=review_small","medium":"https://resources.cdn-kaspi.kz/img/p/r/479069261-128860663/4a5bc336-ef92-4212-b7e5-422cf4c91eb9.jpeg?format=review_medium","large":"https://resources.cdn-kaspi.kz/img/p/r/479069261-128860663/4a5bc336-ef92-4212-b7e5-422cf4c91eb9.jpeg?format=review_large"}],"product":{"id":"128860663","name":"LARKO Rollerblack","categoryCode":"Master - Ab rollers","categoryName":"Ролики для пресса","link":"https://kaspi.kz/shop/p/larko-rollerblack-128860663/"},"merchant":{"name":"LARKO-KZ","code":"17629423"},"editable":false,"editedByCustomer":false},{"id":"8a5c9829946875a1019492aaf5133f86","author":"Светлана","date":"23.01.2025","orderNumber":"483350146","rating":5,"comment":{"minus":"","plus":"","text":"Спасибо магазину за быструю доставку."},"feedback":{"positive":1,"voted":false},"product":{"id":"128860663","name":"LARKO Rollerblack","categoryCode":"Master - Ab rollers","categoryName":"Ролики для пресса","link":"https://kaspi.kz/shop/p/larko-rollerblack-128860663/"},"merchant":{"name":"LARKO-KZ","code":"17629423"},"editable":false,"editedByCustomer":false},{"id":"8a5c4eea94019521019459854a297125","author":"Улугбек","date":"22.01.2025","orderNumber":"478489498","rating":5,"comment":{"minus":"","plus":"","text":"Зор екен."},"feedback":{"positive":0,"voted":false},"galleryImages":[{"id":"478489498-128860663/1a3131b0-be89-4271-8b0f-741c9908cce4.jpeg","small":"https://resources.cdn-kaspi.kz/img/p/r/478489498-128860663/1a3131b0-be89-4271-8b0f-741c9908cce4.jpeg?format=review_small","medium":"https://resources.cdn-kaspi.kz/img/p/r/478489498-128860663/1a3131b0-be89-4271-8b0f-741c9908cce4.jpeg?format=review_medium","large":"https://resources.cdn-kaspi.kz/img/p/r/478489498-128860663/1a3131b0-be89-4271-8b0f-741c9908cce4.jpeg?format=review_large"},{"id":"478489498-128860663/9f768842-42cc-4ce2-a6da-bd8fbc6a7eb2.jpeg","small":"https://resources.cdn-kaspi.kz/img/p/r/478489498-128860663/9f768842-42cc-4ce2-a6da-bd8fbc6a7eb2.jpeg?format=review_small","medium":"https://resources.cdn-kaspi.kz/img/p/r/478489498-128860663/9f768842-42cc-4ce2-a6da-bd8fbc6a7eb2.jpeg?format=review_medium","large":"https://resources.cdn-kaspi.kz/img/p/r/478489498-128860663/9f768842-42cc-4ce2-a6da-bd8fbc6a7eb2.jpeg?format=review_large"},{"id":"478489498-128860663/b4cda955-e532-4f84-8f5d-676b8ac8ea4e.jpeg","small":"https://resources.cdn-kaspi.kz/img/p/r/478489498-128860663/b4cda955-e532-4f84-8f5d-676b8ac8ea4e.jpeg?format=review_small","medium":"https://resources.cdn-kaspi.kz/img/p/r/478489498-128860663/b4cda955-e532-4f84-8f5d-676b8ac8ea4e.jpeg?format=review_medium","large":"https://resources.cdn-kaspi.kz/img/p/r/478489498-128860663/b4cda955-e532-4f84-8f5d-676b8ac8ea4e.jpeg?format=review_large"},{"id":"478489498-128860663/5c73b08a-ad86-48b3-b45b-97a22be60d43.jpeg","small":"https://resources.cdn-kaspi.kz/img/p/r/478489498-128860663/5c73b08a-ad86-48b3-b45b-97a22be60d43.jpeg?format=review_small","medium":"https://resources.cdn-kaspi.kz/img/p/r/478489498-128860663/5c73b08a-ad86-48b3-b45b-97a22be60d43.jpeg?format=review_medium","large":"https://resources.cdn-kaspi.kz/img/p/r/478489498-128860663/5c73b08a-ad86-48b3-b45b-97a22be60d43.jpeg?format=review_large"}],"product":{"id":"128860663","name":"LARKO Rollerblack","categoryCode":"Master - Ab rollers","categoryName":"Ролики для пресса","link":"https://kaspi.kz/shop/p/larko-rollerblack-128860663/"},"merchant":{"name":"LARKO-KZ","code":"17629423"},"editable":false,"editedByCustomer":false},{"id":"8a5c11aa94019602019454d6b0176cd6","author":"Жаксымурат","date":"22.01.2025","orderNumber":"476532692","rating":5,"comment":{"minus":"","plus":"","text":"Жақсы ролик, магазин LARKO kz-ге рақмет, уақытынан 2 күн бұрын келді. Супер, кеңес беремін!"},"feedback":{"positive":0,"voted":false},"galleryImages":[{"id":"476532692-128860663/61b450cb-6427-4b14-8613-f5a74a21ebce.jpeg","small":"https://resources.cdn-kaspi.kz/img/p/r/476532692-128860663/61b450cb-6427-4b14-8613-f5a74a21ebce.jpeg?format=review_small","medium":"https://resources.cdn-kaspi.kz/img/p/r/476532692-128860663/61b450cb-6427-4b14-8613-f5a74a21ebce.jpeg?format=review_medium","large":"https://resources.cdn-kaspi.kz/img/p/r/476532692-128860663/61b450cb-6427-4b14-8613-f5a74a21ebce.jpeg?format=review_large"},{"id":"476532692-128860663/16f01193-3628-4005-98b0-87bb4a98b5b7.jpeg","small":"https://resources.cdn-kaspi.kz/img/p/r/476532692-128860663/16f01193-3628-4005-98b0-87bb4a98b5b7.jpeg?format=review_small","medium":"https://resources.cdn-kaspi.kz/img/p/r/476532692-128860663/16f01193-3628-4005-98b0-87bb4a98b5b7.jpeg?format=review_medium","large":"https://resources.cdn-kaspi.kz/img/p/r/476532692-128860663/16f01193-3628-4005-98b0-87bb4a98b5b7.jpeg?format=review_large"},{"id":"476532692-128860663/17e8c9fa-8d9d-4eb1-b6d7-f0261e58d47f.jpeg","small":"https://resources.cdn-kaspi.kz/img/p/r/476532692-128860663/17e8c9fa-8d9d-4eb1-b6d7-f0261e58d47f.jpeg?format=review_small","medium":"https://resources.cdn-kaspi.kz/img/p/r/476532692-128860663/17e8c9fa-8d9d-4eb1-b6d7-f0261e58d47f.jpeg?format=review_medium","large":"https://resources.cdn-kaspi.kz/img/p/r/476532692-128860663/17e8c9fa-8d9d-4eb1-b6d7-f0261e58d47f.jpeg?format=review_large"},{"id":"476532692-128860663/dd0e9114-e453-42d1-ba87-7730b6c33f4f.jpeg","small":"https://resources.cdn-kaspi.kz/img/p/r/476532692-128860663/dd0e9114-e453-42d1-ba87-7730b6c33f4f.jpeg?format=review_small","medium":"https://resources.cdn-kaspi.kz/img/p/r/476532692-128860663/dd0e9114-e453-42d1-ba87-7730b6c33f4f.jpeg?format=review_medium","large":"https://resources.cdn-kaspi.kz/img/p/r/476532692-128860663/dd0e9114-e453-42d1-ba87-7730b6c33f4f.jpeg?format=review_large"}],"product":{"id":"128860663","name":"LARKO Rollerblack","categoryCode":"Master - Ab rollers","categoryName":"Ролики для пресса","link":"https://kaspi.kz/shop/p/larko-rollerblack-128860663/"},"merchant":{"name":"LARKO-KZ","code":"17629423"},"editable":false,"editedByCustomer":false},{"id":"8a5c1dca9468757b019474d3315d1823","author":"Қабдығали","date":"19.01.2025","orderNumber":"479523275","rating":5,"comment":{"minus":"","plus":"","text":"Өте тамаша керемет сапасы өте жақсы! Ойымдағыдан да тамаша сапамен келді, рахмет."},"feedback":{"positive":0,"voted":false},"galleryImages":[{"id":"479523275-128860663/380e1922-309d-42d5-adce-d4b1b648353b.jpeg","small":"https://resources.cdn-kaspi.kz/img/p/r/479523275-128860663/380e1922-309d-42d5-adce-d4b1b648353b.jpeg?format=review_small","medium":"https://resources.cdn-kaspi.kz/img/p/r/479523275-128860663/380e1922-309d-42d5-adce-d4b1b648353b.jpeg?format=review_medium","large":"https://resources.cdn-kaspi.kz/img/p/r/479523275-128860663/380e1922-309d-42d5-adce-d4b1b648353b.jpeg?format=review_large"}],"product":{"id":"128860663","name":"LARKO Rollerblack","categoryCode":"Master - Ab rollers","categoryName":"Ролики для пресса","link":"https://kaspi.kz/shop/p/larko-rollerblack-128860663/"},"merchant":{"name":"LARKO-KZ","code":"17629423"},"editable":false,"editedByCustomer":false},{"id":"8a5c2555946876600194798afdae1e34","author":"Бекжан","date":"18.01.2025","orderNumber":"479192620","rating":5,"comment":{"minus":"","plus":"","text":"Классный товар, доставили раньше срока, всем понравился, спасибо."},"feedback":{"positive":0,"voted":false},"product":{"id":"128860663","name":"LARKO Rollerblack","categoryCode":"Master - Ab rollers","categoryName":"Ролики для пресса","link":"https://kaspi.kz/shop/p/larko-rollerblack-128860663/"},"merchant":{"name":"LARKO-KZ","code":"17629423"},"editable":false,"editedByCustomer":false},{"id":"8a5cfaa89401952d019413a8c3d92778","author":"Галия","date":"16.01.2025","orderNumber":"471168502","rating":5,"comment":{"minus":"","plus":"","text":"Ролик өте сапалы жасалған, отбасымызбен ұнады, жаттығу жасағанда да қиналмайсың жақсы жасалған. ARKO фирмасына сәттілік жаңа тауарлар күтеміз. Тауарда уақытысынан бұрын келді келді."},"feedback":{"positive":1,"voted":false},"product":{"id":"128860663","name":"LARKO Rollerblack","categoryCode":"Master - Ab rollers","categoryName":"Ролики для пресса","link":"https://kaspi.kz/shop/p/larko-rollerblack-128860663/"},"merchant":{"name":"LARKO-KZ","code":"17629423"},"editable":false,"editedByCustomer":false},{"id":"8a5c7aa09458b0b401945b7e3a6f04fa","author":"Каракат","date":"14.01.2025","orderNumber":"476912971","rating":5,"comment":{"minus":"","plus":"","text":"Супер ролик, красота вообще."},"feedback":{"positive":0,"voted":false},"product":{"id":"128860663","name":"LARKO Rollerblack","categoryCode":"Master - Ab rollers","categoryName":"Ролики для пресса","link":"https://kaspi.kz/shop/p/larko-rollerblack-128860663/"},"merchant":{"name":"LARKO-KZ","code":"17629423"},"editable":false,"editedByCustomer":false},{"id":"8a5c1b6e945daa9201945e99a9cc00f1","author":"Сапарбек","date":"13.01.2025","orderNumber":"477067105","rating":5,"comment":{"minus":"","plus":"","text":"Рахмет! Тез жетті. Ұнады."},"feedback":{"positive":0,"voted":false},"galleryImages":[{"id":"477067105-128860663/a175830e-3308-428b-a0e2-2f115fd35cb8.jpeg","small":"https://resources.cdn-kaspi.kz/img/p/r/477067105-128860663/a175830e-3308-428b-a0e2-2f115fd35cb8.jpeg?format=review_small","medium":"https://resources.cdn-kaspi.kz/img/p/r/477067105-128860663/a175830e-3308-428b-a0e2-2f115fd35cb8.jpeg?format=review_medium","large":"https://resources.cdn-kaspi.kz/img/p/r/477067105-128860663/a175830e-3308-428b-a0e2-2f115fd35cb8.jpeg?format=review_large"},{"id":"477067105-128860663/8df55000-fe1e-40f1-9755-03ae9b4acb07.jpeg","small":"https://resources.cdn-kaspi.kz/img/p/r/477067105-128860663/8df55000-fe1e-40f1-9755-03ae9b4acb07.jpeg?format=review_small","medium":"https://resources.cdn-kaspi.kz/img/p/r/477067105-128860663/8df55000-fe1e-40f1-9755-03ae9b4acb07.jpeg?format=review_medium","large":"https://resources.cdn-kaspi.kz/img/p/r/477067105-128860663/8df55000-fe1e-40f1-9755-03ae9b4acb07.jpeg?format=review_large"},{"id":"477067105-128860663/adc40e0f-2ceb-4709-af4b-7b6c6b15d453.jpeg","small":"https://resources.cdn-kaspi.kz/img/p/r/477067105-128860663/adc40e0f-2ceb-4709-af4b-7b6c6b15d453.jpeg?format=review_small","medium":"https://resources.cdn-kaspi.kz/img/p/r/477067105-128860663/adc40e0f-2ceb-4709-af4b-7b6c6b15d453.jpeg?format=review_medium","large":"https://resources.cdn-kaspi.kz/img/p/r/477067105-128860663/adc40e0f-2ceb-4709-af4b-7b6c6b15d453.jpeg?format=review_large"}],"product":{"id":"128860663","name":"LARKO Rollerblack","categoryCode":"Master - Ab rollers","categoryName":"Ролики для пресса","link":"https://kaspi.kz/shop/p/larko-rollerblack-128860663/"},"merchant":{"name":"LARKO-KZ","code":"17629423"},"editable":false,"editedByCustomer":false},{"id":"8a5cd4a29401971101945d84acda75ab","author":"Малика","date":"13.01.2025","orderNumber":"473640608","rating":5,"comment":{"minus":"","plus":"","text":"Ролик просто супер! Все подходит под описание и главное качественный. Доставили раньше срока."},"feedback":{"positive":0,"voted":false},"product":{"id":"128860663","name":"LARKO Rollerblack","categoryCode":"Master - Ab rollers","categoryName":"Ролики для пресса","link":"https://kaspi.kz/shop/p/larko-rollerblack-128860663/"},"merchant":{"name":"LARKO-KZ","code":"17629423"},"editable":false,"editedByCustomer":false},{"id":"8a5c11aa940196020194567d43fb7094","author":"Раушан","date":"11.01.2025","orderNumber":"476406269","rating":5,"comment":{"minus":"","plus":"","text":"Керемет, бізге ұнады рахмет."},"feedback":{"positive":0,"voted":false},"product":{"id":"128860663","name":"LARKO Rollerblack","categoryCode":"Master - Ab rollers","categoryName":"Ролики для пресса","link":"https://kaspi.kz/shop/p/larko-rollerblack-128860663/"},"merchant":{"name":"LARKO-KZ","code":"17629423"},"editable":false,"editedByCustomer":false},{"id":"8a5c64fa94019571019450c90f046919","author":"Наталья","date":"10.01.2025","orderNumber":"475191265","rating":5,"comment":{"minus":"","plus":"","text":"Тренажер классный, удобный, пресс уже болит, тяжело первое время будет конечно, но я буду стараться и идти к цели. Муж сказал, что на таком тренажере полегче, чем на простом ролике. Есть секундомер, но он мне не нужен с моей физ подготовкой занимаюсь минуту и побольше подходов. Доставили раньше срока в пост автомат."},"feedback":{"positive":0,"voted":false},"galleryImages":[{"id":"475191265-128860663/81ecde31-134a-4e1b-9201-bd800fa55b28.jpeg","small":"https://resources.cdn-kaspi.kz/img/p/r/475191265-128860663/81ecde31-134a-4e1b-9201-bd800fa55b28.jpeg?format=review_small","medium":"https://resources.cdn-kaspi.kz/img/p/r/475191265-128860663/81ecde31-134a-4e1b-9201-bd800fa55b28.jpeg?format=review_medium","large":"https://resources.cdn-kaspi.kz/img/p/r/475191265-128860663/81ecde31-134a-4e1b-9201-bd800fa55b28.jpeg?format=review_large"},{"id":"475191265-128860663/b81f44ec-5a9b-4141-9c88-e41f4ccbc198.jpeg","small":"https://resources.cdn-kaspi.kz/img/p/r/475191265-128860663/b81f44ec-5a9b-4141-9c88-e41f4ccbc198.jpeg?format=review_small","medium":"https://resources.cdn-kaspi.kz/img/p/r/475191265-128860663/b81f44ec-5a9b-4141-9c88-e41f4ccbc198.jpeg?format=review_medium","large":"https://resources.cdn-kaspi.kz/img/p/r/475191265-128860663/b81f44ec-5a9b-4141-9c88-e41f4ccbc198.jpeg?format=review_large"},{"id":"475191265-128860663/e6057f1d-62e4-4c76-9d02-f316c8be26be.jpeg","small":"https://resources.cdn-kaspi.kz/img/p/r/475191265-128860663/e6057f1d-62e4-4c76-9d02-f316c8be26be.jpeg?format=review_small","medium":"https://resources.cdn-kaspi.kz/img/p/r/475191265-128860663/e6057f1d-62e4-4c76-9d02-f316c8be26be.jpeg?format=review_medium","large":"https://resources.cdn-kaspi.kz/img/p/r/475191265-128860663/e6057f1d-62e4-4c76-9d02-f316c8be26be.jpeg?format=review_large"}],"product":{"id":"128860663","name":"LARKO Rollerblack","categoryCode":"Master - Ab rollers","categoryName":"Ролики для пресса","link":"https://kaspi.kz/shop/p/larko-rollerblack-128860663/"},"merchant":{"name":"LARKO-KZ","code":"17629423"},"editable":false,"editedByCustomer":false},{"id":"8a5c02319401952501944ab8a4fc5ff9","author":"Асемгул","date":"09.01.2025","orderNumber":"476648986","rating":5,"comment":{"minus":"","plus":"","text":"Керемет зат екен, бізге ұнады. Күйеуім риза."},"feedback":{"positive":0,"voted":false},"product":{"id":"128860663","name":"LARKO Rollerblack","categoryCode":"Master - Ab rollers","categoryName":"Ролики для пресса","link":"https://kaspi.kz/shop/p/larko-rollerblack-128860663/"},"merchant":{"name":"LARKO-KZ","code":"17629423"},"editable":false,"editedByCustomer":false},{"id":"8a5cc3b093fc49a10193fc8430480085","author":"Абилғози","date":"25.12.2024","orderNumber":"443009673","rating":5,"comment":{"minus":"","plus":"","text":"Товар соответствует описанию, всем советую магазин Larko. Лучший."},"feedback":{"positive":0,"voted":false},"product":{"id":"128860663","name":"LARKO Rollerblack","categoryCode":"Master - Ab rollers","categoryName":"Ролики для пресса","link":"https://kaspi.kz/shop/p/larko-rollerblack-128860663/"},"merchant":{"name":"LARKO-KZ","code":"17629423"},"editable":false,"editedByCustomer":false},{"id":"8a5cd53593c87bdf0193cb28250d063d","author":"Майша","date":"18.12.2024","orderNumber":"457083587","rating":5,"comment":{"minus":"","plus":"","text":"Здравствуйте! Да тренажёр очень удобный, мне понравилось. Спасибо вам!"},"feedback":{"positive":0,"voted":false},"product":{"id":"128860663","name":"LARKO Rollerblack","categoryCode":"Master - Ab rollers","categoryName":"Ролики для пресса","link":"https://kaspi.kz/shop/p/larko-rollerblack-128860663/"},"merchant":{"name":"LARKO-KZ","code":"17629423"},"editable":false,"editedByCustomer":false},{"id":"8a5c7aaa93d7ae110193d88df5fd00e2","author":"Эльмира","date":"18.12.2024","orderNumber":"458775980","rating":5,"comment":{"minus":"","plus":"","text":"Я недавно купила, мне очень понравилось, по сравнению с другими мини тренажерами легло заниматься и удобно в домашних условиях, много места не занимает. Здравствуйте."},"feedback":{"positive":0,"voted":false},"galleryImages":[{"id":"458775980-128860663/10fb7a15-8fed-4a07-838d-35c173dd006a.jpeg","small":"https://resources.cdn-kaspi.kz/img/p/r/458775980-128860663/10fb7a15-8fed-4a07-838d-35c173dd006a.jpeg?format=review_small","medium":"https://resources.cdn-kaspi.kz/img/p/r/458775980-128860663/10fb7a15-8fed-4a07-838d-35c173dd006a.jpeg?format=review_medium","large":"https://resources.cdn-kaspi.kz/img/p/r/458775980-128860663/10fb7a15-8fed-4a07-838d-35c173dd006a.jpeg?format=review_large"},{"id":"458775980-128860663/75466aca-f8ae-4374-bff4-4b9700ed3c6c.jpeg","small":"https://resources.cdn-kaspi.kz/img/p/r/458775980-128860663/75466aca-f8ae-4374-bff4-4b9700ed3c6c.jpeg?format=review_small","medium":"https://resources.cdn-kaspi.kz/img/p/r/458775980-128860663/75466aca-f8ae-4374-bff4-4b9700ed3c6c.jpeg?format=review_medium","large":"https://resources.cdn-kaspi.kz/img/p/r/458775980-128860663/75466aca-f8ae-4374-bff4-4b9700ed3c6c.jpeg?format=review_large"},{"id":"458775980-128860663/33aa8dcf-d6a9-4518-a4f6-a4b952a4e648.jpeg","small":"https://resources.cdn-kaspi.kz/img/p/r/458775980-128860663/33aa8dcf-d6a9-4518-a4f6-a4b952a4e648.jpeg?format=review_small","medium":"https://resources.cdn-kaspi.kz/img/p/r/458775980-128860663/33aa8dcf-d6a9-4518-a4f6-a4b952a4e648.jpeg?format=review_medium","large":"https://resources.cdn-kaspi.kz/img/p/r/458775980-128860663/33aa8dcf-d6a9-4518-a4f6-a4b952a4e648.jpeg?format=review_large"}],"product":{"id":"128860663","name":"LARKO Rollerblack","categoryCode":"Master - Ab rollers","categoryName":"Ролики для пресса","link":"https://kaspi.kz/shop/p/larko-rollerblack-128860663/"},"merchant":{"name":"LARKO-KZ","code":"17629423"},"editable":false,"editedByCustomer":false},{"id":"8a5ccd739395560a0193c98ad687526a","author":"Жолдас-Хайыр","date":"15.12.2024","orderNumber":"461405540","rating":5,"comment":{"minus":"","plus":"","text":"Все супер, доставили раньше аж на 2 дня."},"feedback":{"positive":0,"voted":false},"product":{"id":"128860663","name":"LARKO Rollerblack","categoryCode":"Master - Ab rollers","categoryName":"Ролики для пресса","link":"https://kaspi.kz/shop/p/larko-rollerblack-128860663/"},"merchant":{"name":"LARKO-KZ","code":"17629423"},"editable":false,"editedByCustomer":false},{"id":"8a5ceb58939556400193b148e9c93045","author":"Ажар","date":"10.12.2024","orderNumber":"458064346","rating":5,"comment":{"minus":"","plus":"","text":"Хочу сказать большое спасибо продавцу LARKO за своевременную доставку. Ролик отличного качества, всем рекомендую."},"feedback":{"positive":0,"voted":false},"product":{"id":"128860663","name":"LARKO Rollerblack","categoryCode":"Master - Ab rollers","categoryName":"Ролики для пресса","link":"https://kaspi.kz/shop/p/larko-rollerblack-128860663/"},"merchant":{"name":"LARKO-KZ","code":"17629423"},"editable":false,"editedByCustomer":false},{"id":"8a5c255c9347bd6d01934fd726630eef","author":"Атабек","date":"21.11.2024","orderNumber":"439586493","rating":5,"comment":{"minus":"","plus":"","text":"Өте жақсы, немереме ұнады."},"feedback":{"positive":0,"voted":false},"product":{"id":"128860663","name":"LARKO Rollerblack","categoryCode":"Master - Ab rollers","categoryName":"Ролики для пресса","link":"https://kaspi.kz/shop/p/larko-rollerblack-128860663/"},"merchant":{"name":"LARKO-KZ","code":"17629423"},"editable":false,"editedByCustomer":false},{"id":"8a5c44b3931f0ff0019345bcd4c53a59","author":"Айгерим","date":"19.11.2024","orderNumber":"441690843","rating":5,"comment":{"minus":"","plus":"","text":"Тренажер өте ыңғайлы. Керемет. Маған ұнады. Ларко магазиніне үлкен рахмет, жылдам доставка үшін."},"feedback":{"positive":1,"voted":false},"product":{"id":"128860663","name":"LARKO Rollerblack","categoryCode":"Master - Ab rollers","categoryName":"Ролики для пресса","link":"https://kaspi.kz/shop/p/larko-rollerblack-128860663/"},"merchant":{"name":"LARKO-KZ","code":"17629423"},"editable":false,"editedByCustomer":false},{"id":"8a5c5abe931f0df4019325d9c0530e04","author":"Bunyodbek","date":"13.11.2024","orderNumber":"439820691","rating":5,"comment":{"minus":"","plus":"","text":"Тауар сапасы жоғары ризамын Рахмет."},"feedback":{"positive":0,"voted":false},"product":{"id":"128860663","name":"LARKO Rollerblack","categoryCode":"Master - Ab rollers","categoryName":"Ролики для пресса","link":"https://kaspi.kz/shop/p/larko-rollerblack-128860663/"},"merchant":{"name":"LARKO-KZ","code":"17629423"},"editable":false,"editedByCustomer":false},{"id":"8a5c623b931f0f45019325a0203c0c70","author":"Гулнур","date":"13.11.2024","orderNumber":"441807346","rating":5,"comment":{"minus":"","plus":"","text":"Күшті, ұнады."},"feedback":{"positive":0,"voted":false},"galleryImages":[{"id":"441807346-128860663/e21da157-d401-4333-82df-4f5257081103.jpeg","small":"https://resources.cdn-kaspi.kz/img/p/r/441807346-128860663/e21da157-d401-4333-82df-4f5257081103.jpeg?format=review_small","medium":"https://resources.cdn-kaspi.kz/img/p/r/441807346-128860663/e21da157-d401-4333-82df-4f5257081103.jpeg?format=review_medium","large":"https://resources.cdn-kaspi.kz/img/p/r/441807346-128860663/e21da157-d401-4333-82df-4f5257081103.jpeg?format=review_large"}],"product":{"id":"128860663","name":"LARKO Rollerblack","categoryCode":"Master - Ab rollers","categoryName":"Ролики для пресса","link":"https://kaspi.kz/shop/p/larko-rollerblack-128860663/"},"merchant":{"name":"LARKO-KZ","code":"17629423"},"editable":false,"editedByCustomer":false},{"id":"8a5cb3ca92f556ca0192f7337f3f0463","author":"Мирхамид","date":"04.11.2024","orderNumber":"428930700","rating":5,"comment":{"minus":"","plus":"","text":"Өте керемет зат. Рахмет."},"feedback":{"positive":0,"voted":false},"product":{"id":"128860663","name":"LARKO Rollerblack","categoryCode":"Master - Ab rollers","categoryName":"Ролики для пресса","link":"https://kaspi.kz/shop/p/larko-rollerblack-128860663/"},"merchant":{"name":"LARKO-KZ","code":"17629423"},"editable":false,"editedByCustomer":false},{"id":"8a5c932f92d6e4e00192d8454598056d","author":"Бактыгуль","date":"29.10.2024","orderNumber":"429957994","rating":5,"comment":{"minus":"","plus":"","text":"Роликовый тренажер кешке келді. Өте жақсы екен. Ұнады. Рахмет Каспи."},"feedback":{"positive":0,"voted":false},"product":{"id":"128860663","name":"LARKO Rollerblack","categoryCode":"Master - Ab rollers","categoryName":"Ролики для пресса","link":"https://kaspi.kz/shop/p/larko-rollerblack-128860663/"},"merchant":{"name":"LARKO-KZ","code":"17629423"},"editable":false,"editedByCustomer":false},{"id":"8a5cc3ad92a84db90192a9ab175a0294","author":"Бахытжан","date":"20.10.2024","orderNumber":"427733291","rating":5,"comment":{"minus":"","plus":"","text":"Товар жақсы екен, маған ұнады."},"feedback":{"positive":1,"voted":false},"product":{"id":"128860663","name":"LARKO Rollerblack","categoryCode":"Master - Ab rollers","categoryName":"Ролики для пресса","link":"https://kaspi.kz/shop/p/larko-rollerblack-128860663/"},"merchant":{"name":"LARKO-KZ","code":"17629423"},"editable":false,"editedByCustomer":false}]}