{"data":[{"id":"8a5c5fbf9618f30801965c6f02b12636","author":"Абыл","date":"22.04.2025","orderNumber":"533685756","rating":5,"comment":{"minus":"","plus":"","text":"Өте жақсы зат екен. Гипстан кейін пайдалануға жақсы екен, салмақ түсірбейді балдақ ұстап керегі жоқ."},"feedback":{"positive":0,"voted":false},"product":{"id":"124116028","name":"LARKO orthosisleft бандаж на голеностопный сустав черный, белый, синий размер S","categoryCode":"Master - Bandages and orthoses","categoryName":"Бандажи и ортезы","link":"https://kaspi.kz/shop/p/larko-orthosisleft-bandazh-na-golenostopnyi-sustav-chernyi-belyi-sinii-razmer-s-124116028/"},"merchant":{"name":"LARKO-KZ","code":"17629423"},"editable":false,"editedByCustomer":false},{"id":"8a5cba5a95acfcd60195d2ce8bb54e84","author":"Гульбадан","date":"26.03.2025","orderNumber":"520237453","rating":5,"comment":{"minus":"","plus":"","text":"Очень классная вещь. Легкая, удобная. Мы сразу сняли гипс и одели. Спасибо. Все рекомендую."},"feedback":{"positive":0,"voted":false},"product":{"id":"124116028","name":"LARKO orthosisleft бандаж на голеностопный сустав черный, белый, синий размер S","categoryCode":"Master - Bandages and orthoses","categoryName":"Бандажи и ортезы","link":"https://kaspi.kz/shop/p/larko-orthosisleft-bandazh-na-golenostopnyi-sustav-chernyi-belyi-sinii-razmer-s-124116028/"},"merchant":{"name":"LARKO-KZ","code":"17629423"},"editable":false,"editedByCustomer":false},{"id":"8a5c3f0f94deaec401950946cd456105","author":"Кабулжан","date":"15.02.2025","orderNumber":"493354856","rating":5,"comment":{"minus":"","plus":"","text":"Спасибо большое, одели на ногу, легко, удобно."},"feedback":{"positive":0,"voted":false},"product":{"id":"124116028","name":"LARKO orthosisleft бандаж на голеностопный сустав черный, белый, синий размер S","categoryCode":"Master - Bandages and orthoses","categoryName":"Бандажи и ортезы","link":"https://kaspi.kz/shop/p/larko-orthosisleft-bandazh-na-golenostopnyi-sustav-chernyi-belyi-sinii-razmer-s-124116028/"},"merchant":{"name":"LARKO-KZ","code":"17629423"},"editable":false,"editedByCustomer":false},{"id":"8a5c809694ab5d0d0194c120ec5223f9","author":"Лариса","date":"01.02.2025","orderNumber":"487781767","rating":5,"comment":{"minus":"","plus":"","text":"Хочу сказать тем, кто боится или сомневается, это самый лучший гипс, который можно было придумать. Мне делали три операции, если бы сразу носила 3 года, не лечила бы ногу."},"feedback":{"positive":0,"voted":false},"galleryImages":[{"id":"487781767-124116028/fa4fdfc6-b824-426c-ac00-3996079e8b38.jpeg","small":"https://resources.cdn-kaspi.kz/img/p/r/487781767-124116028/fa4fdfc6-b824-426c-ac00-3996079e8b38.jpeg?format=review_small","medium":"https://resources.cdn-kaspi.kz/img/p/r/487781767-124116028/fa4fdfc6-b824-426c-ac00-3996079e8b38.jpeg?format=review_medium","large":"https://resources.cdn-kaspi.kz/img/p/r/487781767-124116028/fa4fdfc6-b824-426c-ac00-3996079e8b38.jpeg?format=review_large"}],"product":{"id":"124116028","name":"LARKO orthosisleft бандаж на голеностопный сустав черный, белый, синий размер S","categoryCode":"Master - Bandages and orthoses","categoryName":"Бандажи и ортезы","link":"https://kaspi.kz/shop/p/larko-orthosisleft-bandazh-na-golenostopnyi-sustav-chernyi-belyi-sinii-razmer-s-124116028/"},"merchant":{"name":"LARKO-KZ","code":"17629423"},"editable":false,"editedByCustomer":false},{"id":"8a5c3c2694ab5c480194b50a1c3e1177","author":"Гүлбану","date":"30.01.2025","orderNumber":"486929129","rating":5,"comment":{"minus":"","plus":"","text":"Нам понравилось. Замена гипса. Доча радуется ей 12 лет."},"feedback":{"positive":0,"voted":false},"galleryImages":[{"id":"486929129-124116028/bc93f3ab-0999-4647-8d19-46f79dcfd7be.jpeg","small":"https://resources.cdn-kaspi.kz/img/p/r/486929129-124116028/bc93f3ab-0999-4647-8d19-46f79dcfd7be.jpeg?format=review_small","medium":"https://resources.cdn-kaspi.kz/img/p/r/486929129-124116028/bc93f3ab-0999-4647-8d19-46f79dcfd7be.jpeg?format=review_medium","large":"https://resources.cdn-kaspi.kz/img/p/r/486929129-124116028/bc93f3ab-0999-4647-8d19-46f79dcfd7be.jpeg?format=review_large"}],"product":{"id":"124116028","name":"LARKO orthosisleft бандаж на голеностопный сустав черный, белый, синий размер S","categoryCode":"Master - Bandages and orthoses","categoryName":"Бандажи и ортезы","link":"https://kaspi.kz/shop/p/larko-orthosisleft-bandazh-na-golenostopnyi-sustav-chernyi-belyi-sinii-razmer-s-124116028/"},"merchant":{"name":"LARKO-KZ","code":"17629423"},"editable":false,"editedByCustomer":false},{"id":"8a5c60e99401954d0194175158a32b69","author":"Александра","date":"30.12.2024","orderNumber":"469377302","rating":5,"comment":{"minus":"","plus":"","text":"Хорошая замена гипса, лёгкий. Очень удобные липучки."},"feedback":{"positive":0,"voted":false},"product":{"id":"124116028","name":"LARKO orthosisleft бандаж на голеностопный сустав черный, белый, синий размер S","categoryCode":"Master - Bandages and orthoses","categoryName":"Бандажи и ортезы","link":"https://kaspi.kz/shop/p/larko-orthosisleft-bandazh-na-golenostopnyi-sustav-chernyi-belyi-sinii-razmer-s-124116028/"},"merchant":{"name":"LARKO-KZ","code":"17629423"},"editable":false,"editedByCustomer":false},{"id":"8a5ceb69931f0c900193475756b83bc9","author":"Акмарал","date":"20.11.2024","orderNumber":"431843051","rating":5,"comment":{"minus":"","plus":"","text":"Өте ыңғайлы сапалы. Уақытынан бұрын келді. Сіздерге үлкен рахмет."},"feedback":{"positive":0,"voted":false},"product":{"id":"124116028","name":"LARKO orthosisleft бандаж на голеностопный сустав черный, белый, синий размер S","categoryCode":"Master - Bandages and orthoses","categoryName":"Бандажи и ортезы","link":"https://kaspi.kz/shop/p/larko-orthosisleft-bandazh-na-golenostopnyi-sustav-chernyi-belyi-sinii-razmer-s-124116028/"},"merchant":{"name":"LARKO-KZ","code":"17629423"},"editable":false,"editedByCustomer":false},{"id":"8a5cee55931f0dca01933f2750ab30ae","author":"Дархан","date":"18.11.2024","orderNumber":"434288811","rating":5,"comment":{"minus":"","plus":"","text":"Прекрасное приспособление, отличная замена гипсу."},"feedback":{"positive":0,"voted":false},"product":{"id":"124116028","name":"LARKO orthosisleft бандаж на голеностопный сустав черный, белый, синий размер S","categoryCode":"Master - Bandages and orthoses","categoryName":"Бандажи и ортезы","link":"https://kaspi.kz/shop/p/larko-orthosisleft-bandazh-na-golenostopnyi-sustav-chernyi-belyi-sinii-razmer-s-124116028/"},"merchant":{"name":"LARKO-KZ","code":"17629423"},"editable":false,"editedByCustomer":false},{"id":"8a5c1cbb92fbee1f01930582b8690f65","author":"Виктория","date":"07.11.2024","orderNumber":"438299717","rating":5,"comment":{"minus":"","plus":"","text":"Получила ушиб голеностопа. Наложили гипс. Но с ним так неудобно было. Натирал гипс и тяжёлый очень. Заказала данный бандаж. Очень удобный. Фиксирует ногу. Лёгкий. Спасибо Каспи и продавцу. Доставили экспресс доставкой быстрее, чем заявлено. Берегите себя. Не болейте."},"feedback":{"positive":0,"voted":false},"galleryImages":[{"id":"438299717-124116028/73c5c4fc-1d5c-4fab-bda9-fe14db4afc49.jpeg","small":"https://resources.cdn-kaspi.kz/img/p/r/438299717-124116028/73c5c4fc-1d5c-4fab-bda9-fe14db4afc49.jpeg?format=review_small","medium":"https://resources.cdn-kaspi.kz/img/p/r/438299717-124116028/73c5c4fc-1d5c-4fab-bda9-fe14db4afc49.jpeg?format=review_medium","large":"https://resources.cdn-kaspi.kz/img/p/r/438299717-124116028/73c5c4fc-1d5c-4fab-bda9-fe14db4afc49.jpeg?format=review_large"},{"id":"438299717-124116028/6d196d15-97a2-4f17-a911-e316e6a3017a.jpeg","small":"https://resources.cdn-kaspi.kz/img/p/r/438299717-124116028/6d196d15-97a2-4f17-a911-e316e6a3017a.jpeg?format=review_small","medium":"https://resources.cdn-kaspi.kz/img/p/r/438299717-124116028/6d196d15-97a2-4f17-a911-e316e6a3017a.jpeg?format=review_medium","large":"https://resources.cdn-kaspi.kz/img/p/r/438299717-124116028/6d196d15-97a2-4f17-a911-e316e6a3017a.jpeg?format=review_large"},{"id":"438299717-124116028/c1be67b7-d0bf-43e2-94e7-a32b9854f318.jpeg","small":"https://resources.cdn-kaspi.kz/img/p/r/438299717-124116028/c1be67b7-d0bf-43e2-94e7-a32b9854f318.jpeg?format=review_small","medium":"https://resources.cdn-kaspi.kz/img/p/r/438299717-124116028/c1be67b7-d0bf-43e2-94e7-a32b9854f318.jpeg?format=review_medium","large":"https://resources.cdn-kaspi.kz/img/p/r/438299717-124116028/c1be67b7-d0bf-43e2-94e7-a32b9854f318.jpeg?format=review_large"}],"product":{"id":"124116028","name":"LARKO orthosisleft бандаж на голеностопный сустав черный, белый, синий размер S","categoryCode":"Master - Bandages and orthoses","categoryName":"Бандажи и ортезы","link":"https://kaspi.kz/shop/p/larko-orthosisleft-bandazh-na-golenostopnyi-sustav-chernyi-belyi-sinii-razmer-s-124116028/"},"merchant":{"name":"LARKO-KZ","code":"17629423"},"editable":false,"editedByCustomer":false}]}