{"data":[{"id":"8a5c255c939556140193e912a05200e1","author":"Батиржан","date":"21.12.2024","orderNumber":"463849321","rating":5,"comment":{"minus":"","plus":"","text":"Отличный товар, спасибо ребята."},"feedback":{"positive":0,"voted":false},"product":{"id":"131180533","name":"Костюм LARKO Bluecostume L","categoryCode":"Master - Clothes for slimming","categoryName":"Одежда для похудения","link":"https://kaspi.kz/shop/p/kostjum-larko-bluecostume-l-131180533/"},"merchant":{"name":"LARKO-KZ","code":"17629423"},"editable":false,"editedByCustomer":false}]}