{"data":[{"id":"8a5cadc29618f2fa019661f97acc3bc5","author":"Алтынай","date":"23.04.2025","orderNumber":"534337649","rating":5,"comment":{"minus":"","plus":"","text":"Спасибо большое, очень удобный и легче стало."},"feedback":{"positive":0,"voted":false},"product":{"id":"132890306","name":"LARKO pregnant бандаж до и послеродовой, послеоперационный черный размер XL","categoryCode":"Master - Bandages and orthoses","categoryName":"Бандажи и ортезы","link":"https://kaspi.kz/shop/p/larko-pregnant-bandazh-do-i-poslerodovoi-posleoperatsionnyi-chernyi-razmer-xl-132890306/"},"merchant":{"name":"LARKO-KZ","code":"17629423"},"editable":false,"editedByCustomer":false},{"id":"8a5c30729618f3d2019630c4c832783b","author":"Шахризада","date":"14.04.2025","orderNumber":"528674019","rating":5,"comment":{"minus":"","plus":"","text":"Операциядан шыққан едім, нағыз керек нәрсе екен, көңілім толды."},"feedback":{"positive":0,"voted":false},"product":{"id":"132890306","name":"LARKO pregnant бандаж до и послеродовой, послеоперационный черный размер XL","categoryCode":"Master - Bandages and orthoses","categoryName":"Бандажи и ортезы","link":"https://kaspi.kz/shop/p/larko-pregnant-bandazh-do-i-poslerodovoi-posleoperatsionnyi-chernyi-razmer-xl-132890306/"},"merchant":{"name":"LARKO-KZ","code":"17629423"},"editable":false,"editedByCustomer":false},{"id":"8a5ce3db95acfd640195ebc28742412b","author":"Бактыгул","date":"31.03.2025","orderNumber":"521903550","rating":5,"comment":{"minus":"","plus":"","text":"Классно, все подошло, так хорошо держится. Все отлично."},"feedback":{"positive":0,"voted":false},"product":{"id":"132890306","name":"LARKO pregnant бандаж до и послеродовой, послеоперационный черный размер XL","categoryCode":"Master - Bandages and orthoses","categoryName":"Бандажи и ортезы","link":"https://kaspi.kz/shop/p/larko-pregnant-bandazh-do-i-poslerodovoi-posleoperatsionnyi-chernyi-razmer-xl-132890306/"},"merchant":{"name":"LARKO-KZ","code":"17629423"},"editable":false,"editedByCustomer":false},{"id":"8a5c2224952129320195278be88b232e","author":"Лидия","date":"21.02.2025","orderNumber":"500939549","rating":5,"comment":{"minus":"","plus":"","text":"Отличный бандаж."},"feedback":{"positive":0,"voted":false},"product":{"id":"132890306","name":"LARKO pregnant бандаж до и послеродовой, послеоперационный черный размер XL","categoryCode":"Master - Bandages and orthoses","categoryName":"Бандажи и ортезы","link":"https://kaspi.kz/shop/p/larko-pregnant-bandazh-do-i-poslerodovoi-posleoperatsionnyi-chernyi-razmer-xl-132890306/"},"merchant":{"name":"LARKO-KZ","code":"17629423"},"editable":false,"editedByCustomer":false}]}