{"data":[{"id":"8a5c1cad9618f31201961aff2239164f","author":"Александр","date":"09.04.2025","orderNumber":"526726677","rating":5,"comment":{"minus":"","plus":"","text":"Хороший пояс. Размер подошел. Размер подошел. Размер подошел. Размер подошел"},"feedback":{"positive":0,"voted":false},"product":{"id":"131990933","name":"LARKO poisuni2 унисекс черный L-XL","categoryCode":"Master - Orthopedic corsets","categoryName":"Ортопедические корсеты","link":"https://kaspi.kz/shop/p/larko-poisuni2-uniseks-chernyi-l-xl-131990933/"},"merchant":{"name":"LARKO-KZ","code":"17629423"},"editable":false,"editedByCustomer":false},{"id":"8a5c621095caf9cc0195ec6ccc6b21e9","author":"Елена","date":"31.03.2025","orderNumber":"521383175","rating":3,"comment":{"minus":"","plus":"","text":"Размер большеват и неплотно прилегает к спине."},"feedback":{"positive":1,"voted":false},"product":{"id":"131990933","name":"LARKO poisuni2 унисекс черный L-XL","categoryCode":"Master - Orthopedic corsets","categoryName":"Ортопедические корсеты","link":"https://kaspi.kz/shop/p/larko-poisuni2-uniseks-chernyi-l-xl-131990933/"},"merchant":{"name":"LARKO-KZ","code":"17629423"},"editable":false,"editedByCustomer":false},{"id":"8a5c6a1595c616b50195d3a8338f46d6","author":"Галымжан","date":"26.03.2025","orderNumber":"521008423","rating":5,"comment":{"minus":"","plus":"","text":"Товар соответствует описанию, доставили раньше срока на день, качество супер, покупкой доволен и с размером не прогадал! Поставщику LARKO большой рахмет!"},"feedback":{"positive":0,"voted":false},"galleryImages":[{"id":"521008423-131990933/c4416093-b4f4-498a-a048-adc55713d07b.jpeg","small":"https://resources.cdn-kaspi.kz/img/p/r/521008423-131990933/c4416093-b4f4-498a-a048-adc55713d07b.jpeg?format=review_small","medium":"https://resources.cdn-kaspi.kz/img/p/r/521008423-131990933/c4416093-b4f4-498a-a048-adc55713d07b.jpeg?format=review_medium","large":"https://resources.cdn-kaspi.kz/img/p/r/521008423-131990933/c4416093-b4f4-498a-a048-adc55713d07b.jpeg?format=review_large"}],"product":{"id":"131990933","name":"LARKO poisuni2 унисекс черный L-XL","categoryCode":"Master - Orthopedic corsets","categoryName":"Ортопедические корсеты","link":"https://kaspi.kz/shop/p/larko-poisuni2-uniseks-chernyi-l-xl-131990933/"},"merchant":{"name":"LARKO-KZ","code":"17629423"},"editable":false,"editedByCustomer":false},{"id":"8a5c67e59590f35d0195a89cf01a0049","author":"Эдуард","date":"18.03.2025","orderNumber":"513679018","rating":4,"comment":{"minus":"","plus":"","text":"Доставка вовремя. Сам пояс хороший, держит спину."},"feedback":{"positive":0,"voted":false},"product":{"id":"131990933","name":"LARKO poisuni2 унисекс черный L-XL","categoryCode":"Master - Orthopedic corsets","categoryName":"Ортопедические корсеты","link":"https://kaspi.kz/shop/p/larko-poisuni2-uniseks-chernyi-l-xl-131990933/"},"merchant":{"name":"LARKO-KZ","code":"17629423"},"editable":false,"editedByCustomer":false},{"id":"8a5cf30594fcff7b01950e85bfe75802","author":"Сандугаш","date":"16.02.2025","orderNumber":"496684181","rating":5,"comment":{"minus":"","plus":"","text":"Хорошо держит, качество отличное."},"feedback":{"positive":0,"voted":false},"product":{"id":"131990933","name":"LARKO poisuni2 унисекс черный L-XL","categoryCode":"Master - Orthopedic corsets","categoryName":"Ортопедические корсеты","link":"https://kaspi.kz/shop/p/larko-poisuni2-uniseks-chernyi-l-xl-131990933/"},"merchant":{"name":"LARKO-KZ","code":"17629423"},"editable":false,"editedByCustomer":false}]}