{"data":[{"id":"8a5c0a92953676ea01955b5190483c10","author":"Асем","date":"03.03.2025","orderNumber":"505290604","rating":5,"comment":{"minus":"","plus":"","text":"Заказом очень довольна, очень удобно, размер в размер идет, доставили в указанный срок, хорошо утягивает живот, потоотделение отличное, рекомендую желающим подтянуться к лету и вообще."},"feedback":{"positive":1,"voted":false},"product":{"id":"122040818","name":"Пояс LARKO premiumsaunacorset XXL","categoryCode":"Master - Clothes for slimming","categoryName":"Одежда для похудения","link":"https://kaspi.kz/shop/p/pojas-larko-premiumsaunacorset-xxl-122040818/"},"merchant":{"name":"LARKO-KZ","code":"17629423"},"editable":false,"editedByCustomer":false}]}