{"data":[{"id":"8a5cfab59641b76901965dc08e5b72e0","author":"Карина","date":"22.04.2025","orderNumber":"534328960","rating":5,"comment":{"minus":"","plus":"","text":"Отличная, вместительная и красивая сумка, спасибо за товар."},"feedback":{"positive":0,"voted":false},"product":{"id":"132469278","name":"Сумка LARKO bagpink 25 л розовый","categoryCode":"Master - Sport duffels","categoryName":"Спортивные сумки и чехлы","link":"https://kaspi.kz/shop/p/sumka-larko-bagpink-25-l-rozovyi-132469278/"},"merchant":{"name":"LARKO-KZ","code":"17629423"},"editable":false,"editedByCustomer":false},{"id":"8a5c5db5963cc0dd0196579a4a456ad7","author":"Камила","date":"21.04.2025","orderNumber":"535833370","rating":5,"comment":{"minus":"","plus":"","text":"Цвет отличный, размер внушительный, все помещается хорошо, материал на ощупь очень приятный! В общем сумка 10/10!"},"feedback":{"positive":0,"voted":false},"galleryImages":[{"id":"535833370-132469278/7374482d-cf6e-48f2-99ad-da0788ab41a3.jpeg","small":"https://resources.cdn-kaspi.kz/img/p/r/535833370-132469278/7374482d-cf6e-48f2-99ad-da0788ab41a3.jpeg?format=review_small","medium":"https://resources.cdn-kaspi.kz/img/p/r/535833370-132469278/7374482d-cf6e-48f2-99ad-da0788ab41a3.jpeg?format=review_medium","large":"https://resources.cdn-kaspi.kz/img/p/r/535833370-132469278/7374482d-cf6e-48f2-99ad-da0788ab41a3.jpeg?format=review_large"},{"id":"535833370-132469278/b774a46c-629a-4dff-9abd-1c4b5ce1c12a.jpeg","small":"https://resources.cdn-kaspi.kz/img/p/r/535833370-132469278/b774a46c-629a-4dff-9abd-1c4b5ce1c12a.jpeg?format=review_small","medium":"https://resources.cdn-kaspi.kz/img/p/r/535833370-132469278/b774a46c-629a-4dff-9abd-1c4b5ce1c12a.jpeg?format=review_medium","large":"https://resources.cdn-kaspi.kz/img/p/r/535833370-132469278/b774a46c-629a-4dff-9abd-1c4b5ce1c12a.jpeg?format=review_large"},{"id":"535833370-132469278/6b6add44-244f-4efc-94a6-01b2be5bb90c.jpeg","small":"https://resources.cdn-kaspi.kz/img/p/r/535833370-132469278/6b6add44-244f-4efc-94a6-01b2be5bb90c.jpeg?format=review_small","medium":"https://resources.cdn-kaspi.kz/img/p/r/535833370-132469278/6b6add44-244f-4efc-94a6-01b2be5bb90c.jpeg?format=review_medium","large":"https://resources.cdn-kaspi.kz/img/p/r/535833370-132469278/6b6add44-244f-4efc-94a6-01b2be5bb90c.jpeg?format=review_large"},{"id":"535833370-132469278/b15b8ece-a27b-479b-8440-f4d22d5df1c2.jpeg","small":"https://resources.cdn-kaspi.kz/img/p/r/535833370-132469278/b15b8ece-a27b-479b-8440-f4d22d5df1c2.jpeg?format=review_small","medium":"https://resources.cdn-kaspi.kz/img/p/r/535833370-132469278/b15b8ece-a27b-479b-8440-f4d22d5df1c2.jpeg?format=review_medium","large":"https://resources.cdn-kaspi.kz/img/p/r/535833370-132469278/b15b8ece-a27b-479b-8440-f4d22d5df1c2.jpeg?format=review_large"},{"id":"535833370-132469278/438a9292-4f0a-4149-9ee5-753206ca251b.jpeg","small":"https://resources.cdn-kaspi.kz/img/p/r/535833370-132469278/438a9292-4f0a-4149-9ee5-753206ca251b.jpeg?format=review_small","medium":"https://resources.cdn-kaspi.kz/img/p/r/535833370-132469278/438a9292-4f0a-4149-9ee5-753206ca251b.jpeg?format=review_medium","large":"https://resources.cdn-kaspi.kz/img/p/r/535833370-132469278/438a9292-4f0a-4149-9ee5-753206ca251b.jpeg?format=review_large"}],"product":{"id":"132469278","name":"Сумка LARKO bagpink 25 л розовый","categoryCode":"Master - Sport duffels","categoryName":"Спортивные сумки и чехлы","link":"https://kaspi.kz/shop/p/sumka-larko-bagpink-25-l-rozovyi-132469278/"},"merchant":{"name":"LARKO-KZ","code":"17629423"},"editable":false,"editedByCustomer":false},{"id":"8a5cb3c89618f3930196463d18ff50fb","author":"Олеся","date":"18.04.2025","orderNumber":"533211761","rating":5,"comment":{"minus":"","plus":"","text":"Сумка просто огонь. Швы ровные, замки хорошо работают, подклад целый. Сумка вместительная, для спорта самое то."},"feedback":{"positive":0,"voted":false},"product":{"id":"132469278","name":"Сумка LARKO bagpink 25 л розовый","categoryCode":"Master - Sport duffels","categoryName":"Спортивные сумки и чехлы","link":"https://kaspi.kz/shop/p/sumka-larko-bagpink-25-l-rozovyi-132469278/"},"merchant":{"name":"LARKO-KZ","code":"17629423"},"editable":false,"editedByCustomer":false},{"id":"8a5c02349618f32b01964583717c4fab","author":"Ксения","date":"18.04.2025","orderNumber":"533030064","rating":5,"comment":{"minus":"","plus":"","text":"Сумка пришла вовремя. Материал очень приятный. Очень понравился цвет сумки, не яркий, ни темный такого пудрового цвета. Очень вместительная имеется ремешок. Заказом довольна, рекомендую."},"feedback":{"positive":0,"voted":false},"product":{"id":"132469278","name":"Сумка LARKO bagpink 25 л розовый","categoryCode":"Master - Sport duffels","categoryName":"Спортивные сумки и чехлы","link":"https://kaspi.kz/shop/p/sumka-larko-bagpink-25-l-rozovyi-132469278/"},"merchant":{"name":"LARKO-KZ","code":"17629423"},"editable":false,"editedByCustomer":false},{"id":"8a5c30729618f3d2019643f58ce64943","author":"Алиса","date":"17.04.2025","orderNumber":"534454474","rating":5,"comment":{"minus":"","plus":"","text":"Не думала, что за такую цену, можно найти отличную спортивную сумку! Рекомендую LARKO-KZ."},"feedback":{"positive":0,"voted":false},"galleryImages":[{"id":"534454474-132469278/afb99d3d-945a-48ac-ac3e-f43b7435a2dc.jpeg","small":"https://resources.cdn-kaspi.kz/img/p/r/534454474-132469278/afb99d3d-945a-48ac-ac3e-f43b7435a2dc.jpeg?format=review_small","medium":"https://resources.cdn-kaspi.kz/img/p/r/534454474-132469278/afb99d3d-945a-48ac-ac3e-f43b7435a2dc.jpeg?format=review_medium","large":"https://resources.cdn-kaspi.kz/img/p/r/534454474-132469278/afb99d3d-945a-48ac-ac3e-f43b7435a2dc.jpeg?format=review_large"},{"id":"534454474-132469278/a437085c-d337-44e4-8600-a20621bf42c8.jpeg","small":"https://resources.cdn-kaspi.kz/img/p/r/534454474-132469278/a437085c-d337-44e4-8600-a20621bf42c8.jpeg?format=review_small","medium":"https://resources.cdn-kaspi.kz/img/p/r/534454474-132469278/a437085c-d337-44e4-8600-a20621bf42c8.jpeg?format=review_medium","large":"https://resources.cdn-kaspi.kz/img/p/r/534454474-132469278/a437085c-d337-44e4-8600-a20621bf42c8.jpeg?format=review_large"}],"product":{"id":"132469278","name":"Сумка LARKO bagpink 25 л розовый","categoryCode":"Master - Sport duffels","categoryName":"Спортивные сумки и чехлы","link":"https://kaspi.kz/shop/p/sumka-larko-bagpink-25-l-rozovyi-132469278/"},"merchant":{"name":"LARKO-KZ","code":"17629423"},"editable":false,"editedByCustomer":false},{"id":"8a5c1cad9618f31201962e1c40ca6828","author":"Жәмиля","date":"13.04.2025","orderNumber":"530695511","rating":5,"comment":{"minus":"","plus":"","text":"Сумка очень красивая. Удобная, самое главное компактная. Самое то для фитнеса. За такую цену не ожидала такое качество. Спасибо продавцу за такую красоту!"},"feedback":{"positive":0,"voted":false},"galleryImages":[{"id":"530695511-132469278/e50903fc-201a-4fd0-85a9-fdcdf3b1f23e.jpeg","small":"https://resources.cdn-kaspi.kz/img/p/r/530695511-132469278/e50903fc-201a-4fd0-85a9-fdcdf3b1f23e.jpeg?format=review_small","medium":"https://resources.cdn-kaspi.kz/img/p/r/530695511-132469278/e50903fc-201a-4fd0-85a9-fdcdf3b1f23e.jpeg?format=review_medium","large":"https://resources.cdn-kaspi.kz/img/p/r/530695511-132469278/e50903fc-201a-4fd0-85a9-fdcdf3b1f23e.jpeg?format=review_large"}],"product":{"id":"132469278","name":"Сумка LARKO bagpink 25 л розовый","categoryCode":"Master - Sport duffels","categoryName":"Спортивные сумки и чехлы","link":"https://kaspi.kz/shop/p/sumka-larko-bagpink-25-l-rozovyi-132469278/"},"merchant":{"name":"LARKO-KZ","code":"17629423"},"editable":false,"editedByCustomer":false},{"id":"8a5c3c3896280d6d019629f2c8d1090a","author":"Гульмира","date":"12.04.2025","orderNumber":"529854330","rating":5,"comment":{"minus":"","plus":"","text":"Сумка классная, вместительная, лёгкая, хорошо прошитая, ткань плотная. Рекомендую! Спасибо Каспи за доставку!"},"feedback":{"positive":0,"voted":false},"galleryImages":[{"id":"529854330-132469278/00981fb3-08ab-4b98-a552-15fd5846efbb.jpeg","small":"https://resources.cdn-kaspi.kz/img/p/r/529854330-132469278/00981fb3-08ab-4b98-a552-15fd5846efbb.jpeg?format=review_small","medium":"https://resources.cdn-kaspi.kz/img/p/r/529854330-132469278/00981fb3-08ab-4b98-a552-15fd5846efbb.jpeg?format=review_medium","large":"https://resources.cdn-kaspi.kz/img/p/r/529854330-132469278/00981fb3-08ab-4b98-a552-15fd5846efbb.jpeg?format=review_large"},{"id":"529854330-132469278/629f5799-2562-41cf-9070-a85b02131250.jpeg","small":"https://resources.cdn-kaspi.kz/img/p/r/529854330-132469278/629f5799-2562-41cf-9070-a85b02131250.jpeg?format=review_small","medium":"https://resources.cdn-kaspi.kz/img/p/r/529854330-132469278/629f5799-2562-41cf-9070-a85b02131250.jpeg?format=review_medium","large":"https://resources.cdn-kaspi.kz/img/p/r/529854330-132469278/629f5799-2562-41cf-9070-a85b02131250.jpeg?format=review_large"}],"product":{"id":"132469278","name":"Сумка LARKO bagpink 25 л розовый","categoryCode":"Master - Sport duffels","categoryName":"Спортивные сумки и чехлы","link":"https://kaspi.kz/shop/p/sumka-larko-bagpink-25-l-rozovyi-132469278/"},"merchant":{"name":"LARKO-KZ","code":"17629423"},"editable":false,"editedByCustomer":false},{"id":"8a5cadc29618f2fa01961b28f15c182e","author":"Шолпан","date":"10.04.2025","orderNumber":"529554388","rating":5,"comment":{"minus":"","plus":"","text":"Получила свой заказ, сумка просто шикарная, взяла для тренировки, очень вместительная, есть отсек для обуви и для мокрой одежды, что очень удобно после тренировки. Однозначно советую."},"feedback":{"positive":0,"voted":false},"galleryImages":[{"id":"529554388-132469278/4a1cc87b-e716-489a-baeb-b4fb62613651.jpeg","small":"https://resources.cdn-kaspi.kz/img/p/r/529554388-132469278/4a1cc87b-e716-489a-baeb-b4fb62613651.jpeg?format=review_small","medium":"https://resources.cdn-kaspi.kz/img/p/r/529554388-132469278/4a1cc87b-e716-489a-baeb-b4fb62613651.jpeg?format=review_medium","large":"https://resources.cdn-kaspi.kz/img/p/r/529554388-132469278/4a1cc87b-e716-489a-baeb-b4fb62613651.jpeg?format=review_large"},{"id":"529554388-132469278/88266cef-4290-4f2a-9af9-2d2ae8d737d2.jpeg","small":"https://resources.cdn-kaspi.kz/img/p/r/529554388-132469278/88266cef-4290-4f2a-9af9-2d2ae8d737d2.jpeg?format=review_small","medium":"https://resources.cdn-kaspi.kz/img/p/r/529554388-132469278/88266cef-4290-4f2a-9af9-2d2ae8d737d2.jpeg?format=review_medium","large":"https://resources.cdn-kaspi.kz/img/p/r/529554388-132469278/88266cef-4290-4f2a-9af9-2d2ae8d737d2.jpeg?format=review_large"},{"id":"529554388-132469278/3af6b7d7-93f6-4929-b46d-0bb8b7a703d6.jpeg","small":"https://resources.cdn-kaspi.kz/img/p/r/529554388-132469278/3af6b7d7-93f6-4929-b46d-0bb8b7a703d6.jpeg?format=review_small","medium":"https://resources.cdn-kaspi.kz/img/p/r/529554388-132469278/3af6b7d7-93f6-4929-b46d-0bb8b7a703d6.jpeg?format=review_medium","large":"https://resources.cdn-kaspi.kz/img/p/r/529554388-132469278/3af6b7d7-93f6-4929-b46d-0bb8b7a703d6.jpeg?format=review_large"}],"product":{"id":"132469278","name":"Сумка LARKO bagpink 25 л розовый","categoryCode":"Master - Sport duffels","categoryName":"Спортивные сумки и чехлы","link":"https://kaspi.kz/shop/p/sumka-larko-bagpink-25-l-rozovyi-132469278/"},"merchant":{"name":"LARKO-KZ","code":"17629423"},"editable":false,"editedByCustomer":false},{"id":"8a5ccd76961e316501961e3aac77001c","author":"Гульзира","date":"10.04.2025","orderNumber":"529126181","rating":5,"comment":{"minus":"","plus":"","text":"Сумка супер классного качество, супер вместительная, цвет шикарный, спасибо продавцу, курьер вежливый быстро доставил, всем советую."},"feedback":{"positive":0,"voted":false},"galleryImages":[{"id":"529126181-132469278/db54d25d-bd7f-49e6-9b16-9ecca1b54a62.jpeg","small":"https://resources.cdn-kaspi.kz/img/p/r/529126181-132469278/db54d25d-bd7f-49e6-9b16-9ecca1b54a62.jpeg?format=review_small","medium":"https://resources.cdn-kaspi.kz/img/p/r/529126181-132469278/db54d25d-bd7f-49e6-9b16-9ecca1b54a62.jpeg?format=review_medium","large":"https://resources.cdn-kaspi.kz/img/p/r/529126181-132469278/db54d25d-bd7f-49e6-9b16-9ecca1b54a62.jpeg?format=review_large"}],"product":{"id":"132469278","name":"Сумка LARKO bagpink 25 л розовый","categoryCode":"Master - Sport duffels","categoryName":"Спортивные сумки и чехлы","link":"https://kaspi.kz/shop/p/sumka-larko-bagpink-25-l-rozovyi-132469278/"},"merchant":{"name":"LARKO-KZ","code":"17629423"},"editable":false,"editedByCustomer":false},{"id":"8a5c119295f5262c01960ed9c77c6f4d","author":"Мадина","date":"07.04.2025","orderNumber":"527085075","rating":5,"comment":{"minus":"","plus":"","text":"Сумка хорошего качества, небольшая вместительная, рекомендую."},"feedback":{"positive":0,"voted":false},"product":{"id":"132469278","name":"Сумка LARKO bagpink 25 л розовый","categoryCode":"Master - Sport duffels","categoryName":"Спортивные сумки и чехлы","link":"https://kaspi.kz/shop/p/sumka-larko-bagpink-25-l-rozovyi-132469278/"},"merchant":{"name":"LARKO-KZ","code":"17629423"},"editable":false,"editedByCustomer":false},{"id":"8a5c251a95f52636019600919ebb3bb5","author":"Камила","date":"04.04.2025","orderNumber":"524237029","rating":5,"comment":{"minus":"","plus":"","text":"Очень удобная и вместительная сумка. Материал прочный, молнии крепкие. Есть отдельный карман для обуви, очень удобно, чтобы не пачкать остальные вещи. Ремень регулируется, можно носить и на плече, и в руках. Выглядит стильно, подойдёт как для спортзала, так и для коротких поездок. Полностью довольна покупкой!"},"feedback":{"positive":0,"voted":false},"galleryImages":[{"id":"524237029-132469278/5bd611eb-1114-4e8a-b35b-d4ca4786f078.jpeg","small":"https://resources.cdn-kaspi.kz/img/p/r/524237029-132469278/5bd611eb-1114-4e8a-b35b-d4ca4786f078.jpeg?format=review_small","medium":"https://resources.cdn-kaspi.kz/img/p/r/524237029-132469278/5bd611eb-1114-4e8a-b35b-d4ca4786f078.jpeg?format=review_medium","large":"https://resources.cdn-kaspi.kz/img/p/r/524237029-132469278/5bd611eb-1114-4e8a-b35b-d4ca4786f078.jpeg?format=review_large"}],"product":{"id":"132469278","name":"Сумка LARKO bagpink 25 л розовый","categoryCode":"Master - Sport duffels","categoryName":"Спортивные сумки и чехлы","link":"https://kaspi.kz/shop/p/sumka-larko-bagpink-25-l-rozovyi-132469278/"},"merchant":{"name":"LARKO-KZ","code":"17629423"},"editable":false,"editedByCustomer":false},{"id":"8a5c67fe954f9af601955ae94f5b311c","author":"Әсел","date":"03.03.2025","orderNumber":"503925264","rating":5,"comment":{"minus":"","plus":"","text":"Благодарю за быструю доставку. Здравствуйте. Качество супер. Как я хотела компактный и вместительный."},"feedback":{"positive":0,"voted":false},"galleryImages":[{"id":"503925264-132469278/46b9bd7f-5d92-4e64-b68f-1b6e9819f388.jpeg","small":"https://resources.cdn-kaspi.kz/img/p/r/503925264-132469278/46b9bd7f-5d92-4e64-b68f-1b6e9819f388.jpeg?format=review_small","medium":"https://resources.cdn-kaspi.kz/img/p/r/503925264-132469278/46b9bd7f-5d92-4e64-b68f-1b6e9819f388.jpeg?format=review_medium","large":"https://resources.cdn-kaspi.kz/img/p/r/503925264-132469278/46b9bd7f-5d92-4e64-b68f-1b6e9819f388.jpeg?format=review_large"},{"id":"503925264-132469278/755bac82-3874-4b74-8cdd-d9aec6152661.jpeg","small":"https://resources.cdn-kaspi.kz/img/p/r/503925264-132469278/755bac82-3874-4b74-8cdd-d9aec6152661.jpeg?format=review_small","medium":"https://resources.cdn-kaspi.kz/img/p/r/503925264-132469278/755bac82-3874-4b74-8cdd-d9aec6152661.jpeg?format=review_medium","large":"https://resources.cdn-kaspi.kz/img/p/r/503925264-132469278/755bac82-3874-4b74-8cdd-d9aec6152661.jpeg?format=review_large"},{"id":"503925264-132469278/beaa1c6b-060c-478c-be75-be197b408416.jpeg","small":"https://resources.cdn-kaspi.kz/img/p/r/503925264-132469278/beaa1c6b-060c-478c-be75-be197b408416.jpeg?format=review_small","medium":"https://resources.cdn-kaspi.kz/img/p/r/503925264-132469278/beaa1c6b-060c-478c-be75-be197b408416.jpeg?format=review_medium","large":"https://resources.cdn-kaspi.kz/img/p/r/503925264-132469278/beaa1c6b-060c-478c-be75-be197b408416.jpeg?format=review_large"}],"product":{"id":"132469278","name":"Сумка LARKO bagpink 25 л розовый","categoryCode":"Master - Sport duffels","categoryName":"Спортивные сумки и чехлы","link":"https://kaspi.kz/shop/p/sumka-larko-bagpink-25-l-rozovyi-132469278/"},"merchant":{"name":"LARKO-KZ","code":"17629423"},"editable":false,"editedByCustomer":false},{"id":"8a5c0a92953676ea0195469240b25b24","author":"Жадыра","date":"27.02.2025","orderNumber":"500991972","rating":5,"comment":{"minus":"","plus":"","text":"Хорошая сумка."},"feedback":{"positive":0,"voted":false},"galleryImages":[{"id":"500991972-132469278/d7cb0273-a559-4337-8990-fe573147459e.jpeg","small":"https://resources.cdn-kaspi.kz/img/p/r/500991972-132469278/d7cb0273-a559-4337-8990-fe573147459e.jpeg?format=review_small","medium":"https://resources.cdn-kaspi.kz/img/p/r/500991972-132469278/d7cb0273-a559-4337-8990-fe573147459e.jpeg?format=review_medium","large":"https://resources.cdn-kaspi.kz/img/p/r/500991972-132469278/d7cb0273-a559-4337-8990-fe573147459e.jpeg?format=review_large"}],"product":{"id":"132469278","name":"Сумка LARKO bagpink 25 л розовый","categoryCode":"Master - Sport duffels","categoryName":"Спортивные сумки и чехлы","link":"https://kaspi.kz/shop/p/sumka-larko-bagpink-25-l-rozovyi-132469278/"},"merchant":{"name":"LARKO-KZ","code":"17629423"},"editable":false,"editedByCustomer":false},{"id":"8a5cb9d395176f400195224472e03ecf","author":"Арай","date":"20.02.2025","orderNumber":"499662291","rating":5,"comment":{"minus":"","plus":"","text":"Размер прям что надо! Не маленький и не большой. Обувь и вода, таблетница, это все что я беру с собой, для меня идеально."},"feedback":{"positive":0,"voted":false},"galleryImages":[{"id":"499662291-132469278/34e35cb5-9ef1-4837-9e79-84a413e0cbd6.jpeg","small":"https://resources.cdn-kaspi.kz/img/p/r/499662291-132469278/34e35cb5-9ef1-4837-9e79-84a413e0cbd6.jpeg?format=review_small","medium":"https://resources.cdn-kaspi.kz/img/p/r/499662291-132469278/34e35cb5-9ef1-4837-9e79-84a413e0cbd6.jpeg?format=review_medium","large":"https://resources.cdn-kaspi.kz/img/p/r/499662291-132469278/34e35cb5-9ef1-4837-9e79-84a413e0cbd6.jpeg?format=review_large"},{"id":"499662291-132469278/120e9e28-a992-498d-aa57-10c8dab4360d.jpeg","small":"https://resources.cdn-kaspi.kz/img/p/r/499662291-132469278/120e9e28-a992-498d-aa57-10c8dab4360d.jpeg?format=review_small","medium":"https://resources.cdn-kaspi.kz/img/p/r/499662291-132469278/120e9e28-a992-498d-aa57-10c8dab4360d.jpeg?format=review_medium","large":"https://resources.cdn-kaspi.kz/img/p/r/499662291-132469278/120e9e28-a992-498d-aa57-10c8dab4360d.jpeg?format=review_large"},{"id":"499662291-132469278/c36fea5e-0263-492c-b0f1-0a80b26eee89.jpeg","small":"https://resources.cdn-kaspi.kz/img/p/r/499662291-132469278/c36fea5e-0263-492c-b0f1-0a80b26eee89.jpeg?format=review_small","medium":"https://resources.cdn-kaspi.kz/img/p/r/499662291-132469278/c36fea5e-0263-492c-b0f1-0a80b26eee89.jpeg?format=review_medium","large":"https://resources.cdn-kaspi.kz/img/p/r/499662291-132469278/c36fea5e-0263-492c-b0f1-0a80b26eee89.jpeg?format=review_large"}],"product":{"id":"132469278","name":"Сумка LARKO bagpink 25 л розовый","categoryCode":"Master - Sport duffels","categoryName":"Спортивные сумки и чехлы","link":"https://kaspi.kz/shop/p/sumka-larko-bagpink-25-l-rozovyi-132469278/"},"merchant":{"name":"LARKO-KZ","code":"17629423"},"editable":false,"editedByCustomer":true},{"id":"8a5c197094f7b0d50194ff9cbbe22b29","author":"Замира","date":"13.02.2025","orderNumber":"493941124","rating":5,"comment":{"minus":"","plus":"","text":"Сумка красивая. Удобная. Качество такое себе, в принципе соответствует цене."},"feedback":{"positive":0,"voted":false},"product":{"id":"132469278","name":"Сумка LARKO bagpink 25 л розовый","categoryCode":"Master - Sport duffels","categoryName":"Спортивные сумки и чехлы","link":"https://kaspi.kz/shop/p/sumka-larko-bagpink-25-l-rozovyi-132469278/"},"merchant":{"name":"LARKO-KZ","code":"17629423"},"editable":false,"editedByCustomer":false},{"id":"8a5c51e794dead0f0194ff6a045633df","author":"Назерке","date":"13.02.2025","orderNumber":"494824801","rating":1,"comment":{"minus":"","plus":"","text":"Ну конечно цена качество. Но надеялась, что качество будет лучше. Обувь еле помещается. Отделение для мокрых вещей очень маленькое, можно только нижнее белье положить."},"feedback":{"positive":0,"voted":false},"product":{"id":"132469278","name":"Сумка LARKO bagpink 25 л розовый","categoryCode":"Master - Sport duffels","categoryName":"Спортивные сумки и чехлы","link":"https://kaspi.kz/shop/p/sumka-larko-bagpink-25-l-rozovyi-132469278/"},"merchant":{"name":"LARKO-KZ","code":"17629423"},"editable":false,"editedByCustomer":false},{"id":"8a5c1ddc94deacfe0194f67312aa09f2","author":"Жансая","date":"12.02.2025","orderNumber":"491491132","rating":5,"comment":{"minus":"","plus":"","text":"Огонь, советую."},"feedback":{"positive":0,"voted":false},"product":{"id":"132469278","name":"Сумка LARKO bagpink 25 л розовый","categoryCode":"Master - Sport duffels","categoryName":"Спортивные сумки и чехлы","link":"https://kaspi.kz/shop/p/sumka-larko-bagpink-25-l-rozovyi-132469278/"},"merchant":{"name":"LARKO-KZ","code":"17629423"},"editable":false,"editedByCustomer":false},{"id":"8a5cee7494d9bbc40194dbbed69805c9","author":"Каламкас","date":"06.02.2025","orderNumber":"489789071","rating":5,"comment":{"minus":"","plus":"","text":"Сумка очень удобная, для спортзала."},"feedback":{"positive":0,"voted":false},"product":{"id":"132469278","name":"Сумка LARKO bagpink 25 л розовый","categoryCode":"Master - Sport duffels","categoryName":"Спортивные сумки и чехлы","link":"https://kaspi.kz/shop/p/sumka-larko-bagpink-25-l-rozovyi-132469278/"},"merchant":{"name":"LARKO-KZ","code":"17629423"},"editable":false,"editedByCustomer":false},{"id":"8a5cfa9394ab5d680194c1d098ac2590","author":"Арайлым","date":"01.02.2025","orderNumber":"489505697","rating":5,"comment":{"minus":"","plus":"","text":"Отличная сумка для тренировки."},"feedback":{"positive":0,"voted":false},"product":{"id":"132469278","name":"Сумка LARKO bagpink 25 л розовый","categoryCode":"Master - Sport duffels","categoryName":"Спортивные сумки и чехлы","link":"https://kaspi.kz/shop/p/sumka-larko-bagpink-25-l-rozovyi-132469278/"},"merchant":{"name":"LARKO-KZ","code":"17629423"},"editable":false,"editedByCustomer":false},{"id":"8a5c920194ab5c310194bd00704d2052","author":"Асель","date":"31.01.2025","orderNumber":"486955461","rating":5,"comment":{"minus":"","plus":"","text":"Классная сумка, вместительная. Прям на тренировку то самое."},"feedback":{"positive":0,"voted":false},"product":{"id":"132469278","name":"Сумка LARKO bagpink 25 л розовый","categoryCode":"Master - Sport duffels","categoryName":"Спортивные сумки и чехлы","link":"https://kaspi.kz/shop/p/sumka-larko-bagpink-25-l-rozovyi-132469278/"},"merchant":{"name":"LARKO-KZ","code":"17629423"},"editable":false,"editedByCustomer":false},{"id":"8a5c78259401969f0194505fa32d661e","author":"Жанар","date":"10.01.2025","orderNumber":"476118594","rating":5,"comment":{"minus":"","plus":"","text":"Магазин Larkо огромное спасибо. Быстро доставили, раньше указанного срока. Отличная сумка, качество супер. Супер цена."},"feedback":{"positive":0,"voted":false},"product":{"id":"132469278","name":"Сумка LARKO bagpink 25 л розовый","categoryCode":"Master - Sport duffels","categoryName":"Спортивные сумки и чехлы","link":"https://kaspi.kz/shop/p/sumka-larko-bagpink-25-l-rozovyi-132469278/"},"merchant":{"name":"LARKO-KZ","code":"17629423"},"editable":false,"editedByCustomer":false},{"id":"8a5c933b9401967e0194213f6d9b362b","author":"Камиля","date":"01.01.2025","orderNumber":"472754445","rating":5,"comment":{"minus":"","plus":"","text":"Сумка отличная. Брала в подарок. Оказалась больше чем ожидала, но маме нравится и это главное. Доставили вовремя."},"feedback":{"positive":0,"voted":false},"product":{"id":"132469278","name":"Сумка LARKO bagpink 25 л розовый","categoryCode":"Master - Sport duffels","categoryName":"Спортивные сумки и чехлы","link":"https://kaspi.kz/shop/p/sumka-larko-bagpink-25-l-rozovyi-132469278/"},"merchant":{"name":"LARKO-KZ","code":"17629423"},"editable":false,"editedByCustomer":false}]}