{"data":[{"id":"8a5c5a82963235bc01965ccb86082e5c","author":"Карина","date":"22.04.2025","orderNumber":"522766585","rating":5,"comment":{"minus":"","plus":"","text":"Для беременных в самый раз, качество шикарное."},"feedback":{"positive":0,"voted":false},"product":{"id":"122020622","name":"LARKO br1 черный 46-48","categoryCode":"Master - Maternity bras","categoryName":"Бюстгальтеры для беременных","link":"https://kaspi.kz/shop/p/larko-br1-chernyi-46-48-122020622/"},"merchant":{"name":"LARKO-KZ","code":"17629423"},"editable":false,"editedByCustomer":false},{"id":"8a5c983a95f526340195ff433e7a343a","author":"Айнур","date":"04.04.2025","orderNumber":"525607181","rating":4,"comment":{"minus":"","plus":"","text":"Бюстгальтер самый то. Но качество не так уж хорошо, поэтому поставила 4 звездочка. Я аллергик, поэтому мне не подошло. А так хорошая бюстгальтер."},"feedback":{"positive":0,"voted":false},"product":{"id":"122020622","name":"LARKO br1 черный 46-48","categoryCode":"Master - Maternity bras","categoryName":"Бюстгальтеры для беременных","link":"https://kaspi.kz/shop/p/larko-br1-chernyi-46-48-122020622/"},"merchant":{"name":"LARKO-KZ","code":"17629423"},"editable":false,"editedByCustomer":false},{"id":"8a5cf78494967d0a0194a89e22a016d8","author":"Айжан","date":"27.01.2025","orderNumber":"486870857","rating":5,"comment":{"minus":"","plus":"","text":"Сапасы жақсы."},"feedback":{"positive":0,"voted":false},"product":{"id":"122020622","name":"LARKO br1 черный 46-48","categoryCode":"Master - Maternity bras","categoryName":"Бюстгальтеры для беременных","link":"https://kaspi.kz/shop/p/larko-br1-chernyi-46-48-122020622/"},"merchant":{"name":"LARKO-KZ","code":"17629423"},"editable":false,"editedByCustomer":false},{"id":"8a5c5dac94a0caa70194a1eebbaf013e","author":"Әлия","date":"26.01.2025","orderNumber":"485970080","rating":5,"comment":{"minus":"","plus":"","text":"Очень удобный, можно спать спокойно. Застежки для кормления очень качественные."},"feedback":{"positive":0,"voted":false},"product":{"id":"122020622","name":"LARKO br1 черный 46-48","categoryCode":"Master - Maternity bras","categoryName":"Бюстгальтеры для беременных","link":"https://kaspi.kz/shop/p/larko-br1-chernyi-46-48-122020622/"},"merchant":{"name":"LARKO-KZ","code":"17629423"},"editable":false,"editedByCustomer":false},{"id":"8a5cd5ae9401967401944a3eb9e05eed","author":"Дана","date":"09.01.2025","orderNumber":"470629831","rating":5,"comment":{"minus":"","plus":"","text":"Классный, до этого брала, в пыльно розовом цвете, удобный, мягкий, ничего не давит не натирает, очень комфортный. Спасибо."},"feedback":{"positive":0,"voted":false},"galleryImages":[{"id":"470629831-122020622/4043269a-a222-4607-9949-435768338469.jpeg","small":"https://resources.cdn-kaspi.kz/img/p/r/470629831-122020622/4043269a-a222-4607-9949-435768338469.jpeg?format=review_small","medium":"https://resources.cdn-kaspi.kz/img/p/r/470629831-122020622/4043269a-a222-4607-9949-435768338469.jpeg?format=review_medium","large":"https://resources.cdn-kaspi.kz/img/p/r/470629831-122020622/4043269a-a222-4607-9949-435768338469.jpeg?format=review_large"},{"id":"470629831-122020622/978b754e-edad-4101-84b1-322024ab047a.jpeg","small":"https://resources.cdn-kaspi.kz/img/p/r/470629831-122020622/978b754e-edad-4101-84b1-322024ab047a.jpeg?format=review_small","medium":"https://resources.cdn-kaspi.kz/img/p/r/470629831-122020622/978b754e-edad-4101-84b1-322024ab047a.jpeg?format=review_medium","large":"https://resources.cdn-kaspi.kz/img/p/r/470629831-122020622/978b754e-edad-4101-84b1-322024ab047a.jpeg?format=review_large"},{"id":"470629831-122020622/9a9aa134-a3a8-4976-b5a1-768ae6ab3e79.jpeg","small":"https://resources.cdn-kaspi.kz/img/p/r/470629831-122020622/9a9aa134-a3a8-4976-b5a1-768ae6ab3e79.jpeg?format=review_small","medium":"https://resources.cdn-kaspi.kz/img/p/r/470629831-122020622/9a9aa134-a3a8-4976-b5a1-768ae6ab3e79.jpeg?format=review_medium","large":"https://resources.cdn-kaspi.kz/img/p/r/470629831-122020622/9a9aa134-a3a8-4976-b5a1-768ae6ab3e79.jpeg?format=review_large"}],"product":{"id":"122020622","name":"LARKO br1 черный 46-48","categoryCode":"Master - Maternity bras","categoryName":"Бюстгальтеры для беременных","link":"https://kaspi.kz/shop/p/larko-br1-chernyi-46-48-122020622/"},"merchant":{"name":"LARKO-KZ","code":"17629423"},"editable":false,"editedByCustomer":false},{"id":"8a5c85a3939a80c00193a1af10da0e5f","author":"Жазира","date":"07.12.2024","orderNumber":"455793880","rating":5,"comment":{"minus":"","plus":"","text":"Сапасы жақсы, маған ұнады, өте."},"feedback":{"positive":0,"voted":false},"product":{"id":"122020622","name":"LARKO br1 черный 46-48","categoryCode":"Master - Maternity bras","categoryName":"Бюстгальтеры для беременных","link":"https://kaspi.kz/shop/p/larko-br1-chernyi-46-48-122020622/"},"merchant":{"name":"LARKO-KZ","code":"17629423"},"editable":false,"editedByCustomer":false},{"id":"8a5cee55931f0dca01934083be5433d8","author":"Жанар","date":"18.11.2024","orderNumber":"445545768","rating":5,"comment":{"minus":"","plus":"","text":"Заказала во второй раз, качество топ! Магазин Larko помогли с размером. Доставка до двери, спасибо!"},"feedback":{"positive":0,"voted":false},"product":{"id":"122020622","name":"LARKO br1 черный 46-48","categoryCode":"Master - Maternity bras","categoryName":"Бюстгальтеры для беременных","link":"https://kaspi.kz/shop/p/larko-br1-chernyi-46-48-122020622/"},"merchant":{"name":"LARKO-KZ","code":"17629423"},"editable":false,"editedByCustomer":false},{"id":"8a5cc07f931f0d2201933092c5911d3d","author":"Алмагүл","date":"15.11.2024","orderNumber":"442529991","rating":5,"comment":{"minus":"","plus":"","text":"Маған ұнады көп рахмет."},"feedback":{"positive":0,"voted":false},"product":{"id":"122020622","name":"LARKO br1 черный 46-48","categoryCode":"Master - Maternity bras","categoryName":"Бюстгальтеры для беременных","link":"https://kaspi.kz/shop/p/larko-br1-chernyi-46-48-122020622/"},"merchant":{"name":"LARKO-KZ","code":"17629423"},"editable":false,"editedByCustomer":false},{"id":"8a5c0411931f0f37019321fc4c100711","author":"Мария","date":"15.11.2024","orderNumber":"443077702","rating":5,"comment":{"minus":"","plus":"","text":"Отличное качество, удобный."},"feedback":{"positive":1,"voted":false},"galleryImages":[{"id":"443077702-122020622/1fac73df-5c1d-4a35-9ceb-2aa865121e5a.jpeg","small":"https://resources.cdn-kaspi.kz/img/p/r/443077702-122020622/1fac73df-5c1d-4a35-9ceb-2aa865121e5a.jpeg?format=review_small","medium":"https://resources.cdn-kaspi.kz/img/p/r/443077702-122020622/1fac73df-5c1d-4a35-9ceb-2aa865121e5a.jpeg?format=review_medium","large":"https://resources.cdn-kaspi.kz/img/p/r/443077702-122020622/1fac73df-5c1d-4a35-9ceb-2aa865121e5a.jpeg?format=review_large"}],"product":{"id":"122020622","name":"LARKO br1 черный 46-48","categoryCode":"Master - Maternity bras","categoryName":"Бюстгальтеры для беременных","link":"https://kaspi.kz/shop/p/larko-br1-chernyi-46-48-122020622/"},"merchant":{"name":"LARKO-KZ","code":"17629423"},"editable":false,"editedByCustomer":false},{"id":"8a5c2f7e931f0e8e01932b5aee6e167c","author":"Жансая","date":"14.11.2024","orderNumber":"438916442","rating":5,"comment":{"minus":"","plus":"","text":"Очень комфортное белье. На теле не чувствуется совсем. Советую всем беременным и кормящим."},"feedback":{"positive":0,"voted":false},"product":{"id":"122020622","name":"LARKO br1 черный 46-48","categoryCode":"Master - Maternity bras","categoryName":"Бюстгальтеры для беременных","link":"https://kaspi.kz/shop/p/larko-br1-chernyi-46-48-122020622/"},"merchant":{"name":"LARKO-KZ","code":"17629423"},"editable":false,"editedByCustomer":false},{"id":"8a5c9aa192bc9d710192be5058a302ec","author":"Аяжан","date":"27.10.2024","orderNumber":"425357640","rating":5,"comment":{"minus":"","plus":"","text":"Топ отличного качества, несколько раз стирала в стиральной машинке в мешочке для белья, форму не потерял, катышек нет. Магазин рекомендую, спасибо продавцу, после оформления заказа написал на вотсап, проконсультировал насчет размера, по рекомендации взяла на размер больше, подошел отлично. Доставили в срок. Покупкой довольна."},"feedback":{"positive":0,"voted":false},"galleryImages":[{"id":"425357640-122020622/30f7405e-6b24-4847-a12e-5ce38919b3ff.jpeg","small":"https://resources.cdn-kaspi.kz/img/p/r/425357640-122020622/30f7405e-6b24-4847-a12e-5ce38919b3ff.jpeg?format=review_small","medium":"https://resources.cdn-kaspi.kz/img/p/r/425357640-122020622/30f7405e-6b24-4847-a12e-5ce38919b3ff.jpeg?format=review_medium","large":"https://resources.cdn-kaspi.kz/img/p/r/425357640-122020622/30f7405e-6b24-4847-a12e-5ce38919b3ff.jpeg?format=review_large"},{"id":"425357640-122020622/123c2dc3-d0a6-429f-80e5-af94052f9fcc.jpeg","small":"https://resources.cdn-kaspi.kz/img/p/r/425357640-122020622/123c2dc3-d0a6-429f-80e5-af94052f9fcc.jpeg?format=review_small","medium":"https://resources.cdn-kaspi.kz/img/p/r/425357640-122020622/123c2dc3-d0a6-429f-80e5-af94052f9fcc.jpeg?format=review_medium","large":"https://resources.cdn-kaspi.kz/img/p/r/425357640-122020622/123c2dc3-d0a6-429f-80e5-af94052f9fcc.jpeg?format=review_large"},{"id":"425357640-122020622/546d6220-fdd4-4119-bea1-4ee9c8b407f3.jpeg","small":"https://resources.cdn-kaspi.kz/img/p/r/425357640-122020622/546d6220-fdd4-4119-bea1-4ee9c8b407f3.jpeg?format=review_small","medium":"https://resources.cdn-kaspi.kz/img/p/r/425357640-122020622/546d6220-fdd4-4119-bea1-4ee9c8b407f3.jpeg?format=review_medium","large":"https://resources.cdn-kaspi.kz/img/p/r/425357640-122020622/546d6220-fdd4-4119-bea1-4ee9c8b407f3.jpeg?format=review_large"}],"product":{"id":"122020622","name":"LARKO br1 черный 46-48","categoryCode":"Master - Maternity bras","categoryName":"Бюстгальтеры для беременных","link":"https://kaspi.kz/shop/p/larko-br1-chernyi-46-48-122020622/"},"merchant":{"name":"LARKO-KZ","code":"17629423"},"editable":false,"editedByCustomer":true},{"id":"8a5ca09492b25a740192b4e259b10507","author":"Алтынай","date":"22.10.2024","orderNumber":"427849265","rating":5,"comment":{"minus":"","plus":"","text":"Өте жақсы осы моделка ұнайды өзіме."},"feedback":{"positive":0,"voted":false},"product":{"id":"122020622","name":"LARKO br1 черный 46-48","categoryCode":"Master - Maternity bras","categoryName":"Бюстгальтеры для беременных","link":"https://kaspi.kz/shop/p/larko-br1-chernyi-46-48-122020622/"},"merchant":{"name":"LARKO-KZ","code":"17629423"},"editable":false,"editedByCustomer":false},{"id":"8a5c0a8a91f949d801920bfe4d432643","author":"Әйгерім","date":"20.09.2024","orderNumber":"409166354","rating":5,"comment":{"minus":"","plus":"","text":"Качество хорошее, но маленький размер заказала."},"feedback":{"positive":0,"voted":false},"product":{"id":"122020622","name":"LARKO br1 черный 46-48","categoryCode":"Master - Maternity bras","categoryName":"Бюстгальтеры для беременных","link":"https://kaspi.kz/shop/p/larko-br1-chernyi-46-48-122020622/"},"merchant":{"name":"LARKO-KZ","code":"17629423"},"editable":false,"editedByCustomer":false}]}