{"data":[{"id":"8a5c1cad9618f31201965de5dc9c3229","author":"Зубайра","date":"22.04.2025","orderNumber":"535535823","rating":5,"comment":{"minus":"","plus":"","text":"Все как в описании, хорошо поддерживает руку, дышащий материал, доставили вовремя."},"feedback":{"positive":0,"voted":false},"product":{"id":"130085572","name":"LARKO бандаж dezo2w универсальный","categoryCode":"Master - Brachioclavicular region","categoryName":"Плечевоключичный отдел","link":"https://kaspi.kz/shop/p/larko-bandazh-dezo2w-universal-nyi-130085572/"},"merchant":{"name":"LARKO-KZ","code":"17629423"},"editable":false,"editedByCustomer":false},{"id":"8a5c30729618f3d2019624ac8d6545ae","author":"Раушан","date":"11.04.2025","orderNumber":"529133536","rating":5,"comment":{"minus":"","plus":"","text":"Удобно конечно, широкий пояс пока не буду носить и так держится."},"feedback":{"positive":0,"voted":false},"galleryImages":[{"id":"529133536-130085572/3cc290fa-79c3-42ca-9965-4be4120e4442.jpeg","small":"https://resources.cdn-kaspi.kz/img/p/r/529133536-130085572/3cc290fa-79c3-42ca-9965-4be4120e4442.jpeg?format=review_small","medium":"https://resources.cdn-kaspi.kz/img/p/r/529133536-130085572/3cc290fa-79c3-42ca-9965-4be4120e4442.jpeg?format=review_medium","large":"https://resources.cdn-kaspi.kz/img/p/r/529133536-130085572/3cc290fa-79c3-42ca-9965-4be4120e4442.jpeg?format=review_large"},{"id":"529133536-130085572/cfa0e79f-f88e-4509-8400-c4b5507b04b8.jpeg","small":"https://resources.cdn-kaspi.kz/img/p/r/529133536-130085572/cfa0e79f-f88e-4509-8400-c4b5507b04b8.jpeg?format=review_small","medium":"https://resources.cdn-kaspi.kz/img/p/r/529133536-130085572/cfa0e79f-f88e-4509-8400-c4b5507b04b8.jpeg?format=review_medium","large":"https://resources.cdn-kaspi.kz/img/p/r/529133536-130085572/cfa0e79f-f88e-4509-8400-c4b5507b04b8.jpeg?format=review_large"},{"id":"529133536-130085572/6d1a9ed2-c341-48c3-a812-0513220eee93.jpeg","small":"https://resources.cdn-kaspi.kz/img/p/r/529133536-130085572/6d1a9ed2-c341-48c3-a812-0513220eee93.jpeg?format=review_small","medium":"https://resources.cdn-kaspi.kz/img/p/r/529133536-130085572/6d1a9ed2-c341-48c3-a812-0513220eee93.jpeg?format=review_medium","large":"https://resources.cdn-kaspi.kz/img/p/r/529133536-130085572/6d1a9ed2-c341-48c3-a812-0513220eee93.jpeg?format=review_large"},{"id":"529133536-130085572/0dcde52e-fc86-4b20-ba21-1a02f1085a24.jpeg","small":"https://resources.cdn-kaspi.kz/img/p/r/529133536-130085572/0dcde52e-fc86-4b20-ba21-1a02f1085a24.jpeg?format=review_small","medium":"https://resources.cdn-kaspi.kz/img/p/r/529133536-130085572/0dcde52e-fc86-4b20-ba21-1a02f1085a24.jpeg?format=review_medium","large":"https://resources.cdn-kaspi.kz/img/p/r/529133536-130085572/0dcde52e-fc86-4b20-ba21-1a02f1085a24.jpeg?format=review_large"}],"product":{"id":"130085572","name":"LARKO бандаж dezo2w универсальный","categoryCode":"Master - Brachioclavicular region","categoryName":"Плечевоключичный отдел","link":"https://kaspi.kz/shop/p/larko-bandazh-dezo2w-universal-nyi-130085572/"},"merchant":{"name":"LARKO-KZ","code":"17629423"},"editable":false,"editedByCustomer":false},{"id":"8a5cb3c89618f39301962022550d3256","author":"Жанболат","date":"10.04.2025","orderNumber":"528655734","rating":5,"comment":{"minus":"","plus":"","text":"Качественный материал дышащий, всё понравилось. Рахмет за качественный товар."},"feedback":{"positive":0,"voted":false},"galleryImages":[{"id":"528655734-130085572/4b7fd8c1-c862-4fe4-8be9-022b84244d92.jpeg","small":"https://resources.cdn-kaspi.kz/img/p/r/528655734-130085572/4b7fd8c1-c862-4fe4-8be9-022b84244d92.jpeg?format=review_small","medium":"https://resources.cdn-kaspi.kz/img/p/r/528655734-130085572/4b7fd8c1-c862-4fe4-8be9-022b84244d92.jpeg?format=review_medium","large":"https://resources.cdn-kaspi.kz/img/p/r/528655734-130085572/4b7fd8c1-c862-4fe4-8be9-022b84244d92.jpeg?format=review_large"}],"product":{"id":"130085572","name":"LARKO бандаж dezo2w универсальный","categoryCode":"Master - Brachioclavicular region","categoryName":"Плечевоключичный отдел","link":"https://kaspi.kz/shop/p/larko-bandazh-dezo2w-universal-nyi-130085572/"},"merchant":{"name":"LARKO-KZ","code":"17629423"},"editable":false,"editedByCustomer":false},{"id":"8a5c1cad9618f31201961f2c10132805","author":"Ербол","date":"10.04.2025","orderNumber":"529031571","rating":5,"comment":{"minus":"","plus":"","text":"Тауар уақытылы келді. Сапалы, ыңғайлы, бағасы қолжтеімді, үлкен кісіге де, балаға да қолдануға ыңғайлы екен."},"feedback":{"positive":0,"voted":false},"product":{"id":"130085572","name":"LARKO бандаж dezo2w универсальный","categoryCode":"Master - Brachioclavicular region","categoryName":"Плечевоключичный отдел","link":"https://kaspi.kz/shop/p/larko-bandazh-dezo2w-universal-nyi-130085572/"},"merchant":{"name":"LARKO-KZ","code":"17629423"},"editable":false,"editedByCustomer":false},{"id":"8a5c30729618f3d201961b172e09174b","author":"Назира","date":"09.04.2025","orderNumber":"530062321","rating":5,"comment":{"minus":"","plus":"","text":"Очень быстро даже за 2 часа доставили, дышащий материал. Врач нам рекомендовал другой фирмы, она очень дорогой и нашли по Каспи описание, все также одинаковые, а цена даже лучше и решили, заказали, получили, благодарю за Каспи."},"feedback":{"positive":0,"voted":false},"galleryImages":[{"id":"530062321-130085572/cddbf773-f203-4d25-b37d-5a4218ba07ae.jpeg","small":"https://resources.cdn-kaspi.kz/img/p/r/530062321-130085572/cddbf773-f203-4d25-b37d-5a4218ba07ae.jpeg?format=review_small","medium":"https://resources.cdn-kaspi.kz/img/p/r/530062321-130085572/cddbf773-f203-4d25-b37d-5a4218ba07ae.jpeg?format=review_medium","large":"https://resources.cdn-kaspi.kz/img/p/r/530062321-130085572/cddbf773-f203-4d25-b37d-5a4218ba07ae.jpeg?format=review_large"}],"product":{"id":"130085572","name":"LARKO бандаж dezo2w универсальный","categoryCode":"Master - Brachioclavicular region","categoryName":"Плечевоключичный отдел","link":"https://kaspi.kz/shop/p/larko-bandazh-dezo2w-universal-nyi-130085572/"},"merchant":{"name":"LARKO-KZ","code":"17629423"},"editable":false,"editedByCustomer":true},{"id":"8a5cf33195acfd0d0195dd8d266504b6","author":"Радик","date":"28.03.2025","orderNumber":"521250083","rating":5,"comment":{"minus":"","plus":"","text":"Удобен в использовании, мягкий материал. Не натирает."},"feedback":{"positive":0,"voted":false},"product":{"id":"130085572","name":"LARKO бандаж dezo2w универсальный","categoryCode":"Master - Brachioclavicular region","categoryName":"Плечевоключичный отдел","link":"https://kaspi.kz/shop/p/larko-bandazh-dezo2w-universal-nyi-130085572/"},"merchant":{"name":"LARKO-KZ","code":"17629423"},"editable":false,"editedByCustomer":false},{"id":"8a5cf33195acfd0d0195ce2e00353bee","author":"Жандос","date":"25.03.2025","orderNumber":"520534014","rating":5,"comment":{"minus":"","plus":"","text":"Бандаж отличного качества. Отлично фиксирует руку. Взял отцу вывих плечи, хорошо фиксирует. За эти деньги бандаж. Рекомендую!"},"feedback":{"positive":1,"voted":false},"galleryImages":[{"id":"520534014-130085572/ec8234e9-43b4-4d12-9875-e9284a0115d3.jpeg","small":"https://resources.cdn-kaspi.kz/img/p/r/520534014-130085572/ec8234e9-43b4-4d12-9875-e9284a0115d3.jpeg?format=review_small","medium":"https://resources.cdn-kaspi.kz/img/p/r/520534014-130085572/ec8234e9-43b4-4d12-9875-e9284a0115d3.jpeg?format=review_medium","large":"https://resources.cdn-kaspi.kz/img/p/r/520534014-130085572/ec8234e9-43b4-4d12-9875-e9284a0115d3.jpeg?format=review_large"},{"id":"520534014-130085572/919bdf39-3eca-4743-8421-d9c91c3bf128.jpeg","small":"https://resources.cdn-kaspi.kz/img/p/r/520534014-130085572/919bdf39-3eca-4743-8421-d9c91c3bf128.jpeg?format=review_small","medium":"https://resources.cdn-kaspi.kz/img/p/r/520534014-130085572/919bdf39-3eca-4743-8421-d9c91c3bf128.jpeg?format=review_medium","large":"https://resources.cdn-kaspi.kz/img/p/r/520534014-130085572/919bdf39-3eca-4743-8421-d9c91c3bf128.jpeg?format=review_large"},{"id":"520534014-130085572/e297879c-5798-4cf2-bee8-a124bc991836.jpeg","small":"https://resources.cdn-kaspi.kz/img/p/r/520534014-130085572/e297879c-5798-4cf2-bee8-a124bc991836.jpeg?format=review_small","medium":"https://resources.cdn-kaspi.kz/img/p/r/520534014-130085572/e297879c-5798-4cf2-bee8-a124bc991836.jpeg?format=review_medium","large":"https://resources.cdn-kaspi.kz/img/p/r/520534014-130085572/e297879c-5798-4cf2-bee8-a124bc991836.jpeg?format=review_large"}],"product":{"id":"130085572","name":"LARKO бандаж dezo2w универсальный","categoryCode":"Master - Brachioclavicular region","categoryName":"Плечевоключичный отдел","link":"https://kaspi.kz/shop/p/larko-bandazh-dezo2w-universal-nyi-130085572/"},"merchant":{"name":"LARKO-KZ","code":"17629423"},"editable":false,"editedByCustomer":false},{"id":"8a5c622d95c6044a0195c6edc3c70237","author":"Сергей","date":"24.03.2025","orderNumber":"519897926","rating":5,"comment":{"minus":"","plus":"","text":"Лямки оказывается на липучках."},"feedback":{"positive":0,"voted":false},"product":{"id":"130085572","name":"LARKO бандаж dezo2w универсальный","categoryCode":"Master - Brachioclavicular region","categoryName":"Плечевоключичный отдел","link":"https://kaspi.kz/shop/p/larko-bandazh-dezo2w-universal-nyi-130085572/"},"merchant":{"name":"LARKO-KZ","code":"17629423"},"editable":false,"editedByCustomer":true},{"id":"8a5cd4929588cdce01958aee21a51705","author":"Григорий","date":"12.03.2025","orderNumber":"511758840","rating":5,"comment":{"minus":"","plus":"","text":"Прекрасный бандаж."},"feedback":{"positive":0,"voted":false},"product":{"id":"130085572","name":"LARKO бандаж dezo2w универсальный","categoryCode":"Master - Brachioclavicular region","categoryName":"Плечевоключичный отдел","link":"https://kaspi.kz/shop/p/larko-bandazh-dezo2w-universal-nyi-130085572/"},"merchant":{"name":"LARKO-KZ","code":"17629423"},"editable":false,"editedByCustomer":false},{"id":"8a5c07b69582eb90019585ec01901713","author":"Ольга","date":"11.03.2025","orderNumber":"510231126","rating":5,"comment":{"minus":"","plus":"","text":"Спасибо LARKO-KZ, бандаж подошел идеально, мягкий, нигде не давит. Хорошо держит."},"feedback":{"positive":0,"voted":false},"product":{"id":"130085572","name":"LARKO бандаж dezo2w универсальный","categoryCode":"Master - Brachioclavicular region","categoryName":"Плечевоключичный отдел","link":"https://kaspi.kz/shop/p/larko-bandazh-dezo2w-universal-nyi-130085572/"},"merchant":{"name":"LARKO-KZ","code":"17629423"},"editable":false,"editedByCustomer":false},{"id":"8a5cd49d953675e3019547794ad764a4","author":"Наталья","date":"27.02.2025","orderNumber":"490787114","rating":5,"comment":{"minus":"","plus":"","text":"Удобный бандаж, но на 54 размер маловат. Он до 50 размера будет идеально подходить."},"feedback":{"positive":1,"voted":false},"product":{"id":"130085572","name":"LARKO бандаж dezo2w универсальный","categoryCode":"Master - Brachioclavicular region","categoryName":"Плечевоключичный отдел","link":"https://kaspi.kz/shop/p/larko-bandazh-dezo2w-universal-nyi-130085572/"},"merchant":{"name":"LARKO-KZ","code":"17629423"},"editable":false,"editedByCustomer":false},{"id":"8a5c582f94f2d71d0194f520f6380e22","author":"Карлагаш","date":"11.02.2025","orderNumber":"492073366","rating":5,"comment":{"minus":"","plus":"","text":"Сломала плечо. Месяц ходила в гипсе. Сейчас одели бандаж. Он мне понравился! Размер реально универсальный. Бандаж на липучках. Удобный. Гигроскопичный, с отверстиями, благодаря которым кожа дышит. Я довольна. И по цене приемлемо. Спасибо продавцу! Вовремя доставили. Товар соответствует описанию."},"feedback":{"positive":1,"voted":false},"product":{"id":"130085572","name":"LARKO бандаж dezo2w универсальный","categoryCode":"Master - Brachioclavicular region","categoryName":"Плечевоключичный отдел","link":"https://kaspi.kz/shop/p/larko-bandazh-dezo2w-universal-nyi-130085572/"},"merchant":{"name":"LARKO-KZ","code":"17629423"},"editable":false,"editedByCustomer":false},{"id":"8a5cba7d94e8df060194ebcb49201602","author":"Айжулдыз","date":"09.02.2025","orderNumber":"492318891","rating":5,"comment":{"minus":"","plus":"","text":"Бәрі жақсы, сапалы ұнады."},"feedback":{"positive":0,"voted":false},"product":{"id":"130085572","name":"LARKO бандаж dezo2w универсальный","categoryCode":"Master - Brachioclavicular region","categoryName":"Плечевоключичный отдел","link":"https://kaspi.kz/shop/p/larko-bandazh-dezo2w-universal-nyi-130085572/"},"merchant":{"name":"LARKO-KZ","code":"17629423"},"editable":false,"editedByCustomer":false},{"id":"8a5c808394cbc3830194d15ff24b09a3","author":"Чечяк","date":"04.02.2025","orderNumber":"489537225","rating":5,"comment":{"minus":"","plus":"","text":"Спасибо, LARKO-KZ удобная и мягкая."},"feedback":{"positive":0,"voted":false},"galleryImages":[{"id":"489537225-130085572/25d2338e-57c0-4ca8-a70e-637bf47e74c9.jpeg","small":"https://resources.cdn-kaspi.kz/img/p/r/489537225-130085572/25d2338e-57c0-4ca8-a70e-637bf47e74c9.jpeg?format=review_small","medium":"https://resources.cdn-kaspi.kz/img/p/r/489537225-130085572/25d2338e-57c0-4ca8-a70e-637bf47e74c9.jpeg?format=review_medium","large":"https://resources.cdn-kaspi.kz/img/p/r/489537225-130085572/25d2338e-57c0-4ca8-a70e-637bf47e74c9.jpeg?format=review_large"}],"product":{"id":"130085572","name":"LARKO бандаж dezo2w универсальный","categoryCode":"Master - Brachioclavicular region","categoryName":"Плечевоключичный отдел","link":"https://kaspi.kz/shop/p/larko-bandazh-dezo2w-universal-nyi-130085572/"},"merchant":{"name":"LARKO-KZ","code":"17629423"},"editable":false,"editedByCustomer":false},{"id":"8a5c253894ab5c230194caaaa8e32f8f","author":"Жулдыз","date":"03.02.2025","orderNumber":"488655093","rating":5,"comment":{"minus":"","plus":"","text":"Спасибо за быструю доставку, товар отличный, рекомендую."},"feedback":{"positive":0,"voted":false},"product":{"id":"130085572","name":"LARKO бандаж dezo2w универсальный","categoryCode":"Master - Brachioclavicular region","categoryName":"Плечевоключичный отдел","link":"https://kaspi.kz/shop/p/larko-bandazh-dezo2w-universal-nyi-130085572/"},"merchant":{"name":"LARKO-KZ","code":"17629423"},"editable":false,"editedByCustomer":false},{"id":"8a5c042b94ab5d750194b25c095a0dd3","author":"Алтынай","date":"29.01.2025","orderNumber":"485938800","rating":5,"comment":{"minus":"","plus":"","text":"Бандаж понравился. Шея отдыхает. Рука фиксируется. Хочу добавить что доставка очень быстрая."},"feedback":{"positive":0,"voted":false},"product":{"id":"130085572","name":"LARKO бандаж dezo2w универсальный","categoryCode":"Master - Brachioclavicular region","categoryName":"Плечевоключичный отдел","link":"https://kaspi.kz/shop/p/larko-bandazh-dezo2w-universal-nyi-130085572/"},"merchant":{"name":"LARKO-KZ","code":"17629423"},"editable":false,"editedByCustomer":true},{"id":"8a5c44a0946875c80194a6944a835528","author":"Дарья","date":"27.01.2025","orderNumber":"483478944","rating":5,"comment":{"minus":"","plus":"","text":"Очень понравился. Удобный, хорошо держит отлично руку."},"feedback":{"positive":0,"voted":false},"product":{"id":"130085572","name":"LARKO бандаж dezo2w универсальный","categoryCode":"Master - Brachioclavicular region","categoryName":"Плечевоключичный отдел","link":"https://kaspi.kz/shop/p/larko-bandazh-dezo2w-universal-nyi-130085572/"},"merchant":{"name":"LARKO-KZ","code":"17629423"},"editable":false,"editedByCustomer":false},{"id":"8a5cc38d94a0c0640194a1ace7b800c6","author":"Кунимкыз","date":"26.01.2025","orderNumber":"483933346","rating":5,"comment":{"minus":"","plus":"","text":"Мне понравилась бандаж, спасибо за бандаж."},"feedback":{"positive":0,"voted":false},"product":{"id":"130085572","name":"LARKO бандаж dezo2w универсальный","categoryCode":"Master - Brachioclavicular region","categoryName":"Плечевоключичный отдел","link":"https://kaspi.kz/shop/p/larko-bandazh-dezo2w-universal-nyi-130085572/"},"merchant":{"name":"LARKO-KZ","code":"17629423"},"editable":false,"editedByCustomer":false},{"id":"8a5c70d5946875ab01947ec847922645","author":"Гүлім","date":"19.01.2025","orderNumber":"482855453","rating":5,"comment":{"minus":"","plus":"","text":"Жеткізу уақытылы, сапасы керемет."},"feedback":{"positive":0,"voted":false},"product":{"id":"130085572","name":"LARKO бандаж dezo2w универсальный","categoryCode":"Master - Brachioclavicular region","categoryName":"Плечевоключичный отдел","link":"https://kaspi.kz/shop/p/larko-bandazh-dezo2w-universal-nyi-130085572/"},"merchant":{"name":"LARKO-KZ","code":"17629423"},"editable":false,"editedByCustomer":false},{"id":"8a5c0415946875a601947a26dfdb2079","author":"Роза","date":"18.01.2025","orderNumber":"479436944","rating":5,"comment":{"minus":"","plus":"","text":"Отличный бандаж. Лёгкий, удобный в применении."},"feedback":{"positive":1,"voted":false},"product":{"id":"130085572","name":"LARKO бандаж dezo2w универсальный","categoryCode":"Master - Brachioclavicular region","categoryName":"Плечевоключичный отдел","link":"https://kaspi.kz/shop/p/larko-bandazh-dezo2w-universal-nyi-130085572/"},"merchant":{"name":"LARKO-KZ","code":"17629423"},"editable":false,"editedByCustomer":false},{"id":"8a5ca09c94687676019475b5eca41927","author":"Тогжан","date":"18.01.2025","orderNumber":"481130957","rating":5,"comment":{"minus":"","plus":"","text":"Бандаж очень легкий и удобный, и по цене отличный."},"feedback":{"positive":0,"voted":false},"product":{"id":"130085572","name":"LARKO бандаж dezo2w универсальный","categoryCode":"Master - Brachioclavicular region","categoryName":"Плечевоключичный отдел","link":"https://kaspi.kz/shop/p/larko-bandazh-dezo2w-universal-nyi-130085572/"},"merchant":{"name":"LARKO-KZ","code":"17629423"},"editable":false,"editedByCustomer":false},{"id":"8a5c9a87945daaa501945e72dcd3009b","author":"Гульбахар","date":"13.01.2025","orderNumber":"477703603","rating":5,"comment":{"minus":"","plus":"","text":"Отличный бандаж."},"feedback":{"positive":0,"voted":false},"galleryImages":[{"id":"477703603-130085572/98e7cbcc-701c-47dc-a79b-9c983a27f539.jpeg","small":"https://resources.cdn-kaspi.kz/img/p/r/477703603-130085572/98e7cbcc-701c-47dc-a79b-9c983a27f539.jpeg?format=review_small","medium":"https://resources.cdn-kaspi.kz/img/p/r/477703603-130085572/98e7cbcc-701c-47dc-a79b-9c983a27f539.jpeg?format=review_medium","large":"https://resources.cdn-kaspi.kz/img/p/r/477703603-130085572/98e7cbcc-701c-47dc-a79b-9c983a27f539.jpeg?format=review_large"}],"product":{"id":"130085572","name":"LARKO бандаж dezo2w универсальный","categoryCode":"Master - Brachioclavicular region","categoryName":"Плечевоключичный отдел","link":"https://kaspi.kz/shop/p/larko-bandazh-dezo2w-universal-nyi-130085572/"},"merchant":{"name":"LARKO-KZ","code":"17629423"},"editable":false,"editedByCustomer":false},{"id":"8a5ceb58939556400193bfe0836544a9","author":"Бекнур","date":"13.12.2024","orderNumber":"461150520","rating":5,"comment":{"minus":"","plus":"","text":"Очень хорошие, удобно носить, советую всем."},"feedback":{"positive":0,"voted":false},"product":{"id":"130085572","name":"LARKO бандаж dezo2w универсальный","categoryCode":"Master - Brachioclavicular region","categoryName":"Плечевоключичный отдел","link":"https://kaspi.kz/shop/p/larko-bandazh-dezo2w-universal-nyi-130085572/"},"merchant":{"name":"LARKO-KZ","code":"17629423"},"editable":false,"editedByCustomer":false},{"id":"8a5cb9dd939a867b0193a7284e281861","author":"Зульфия","date":"08.12.2024","orderNumber":"457315996","rating":5,"comment":{"minus":"","plus":"","text":"Спасибо магазину LARKO-KZ! Доставили точно в срок, покупкой довольна, брала бандаж на лучезапястный сустав, всё великолепно! Рекомендую магазин LARKO-KZ."},"feedback":{"positive":0,"voted":false},"galleryImages":[{"id":"457315996-130085572/96d57019-a5b1-49b1-82e6-de05a3713d82.jpeg","small":"https://resources.cdn-kaspi.kz/img/p/r/457315996-130085572/96d57019-a5b1-49b1-82e6-de05a3713d82.jpeg?format=review_small","medium":"https://resources.cdn-kaspi.kz/img/p/r/457315996-130085572/96d57019-a5b1-49b1-82e6-de05a3713d82.jpeg?format=review_medium","large":"https://resources.cdn-kaspi.kz/img/p/r/457315996-130085572/96d57019-a5b1-49b1-82e6-de05a3713d82.jpeg?format=review_large"}],"product":{"id":"130085572","name":"LARKO бандаж dezo2w универсальный","categoryCode":"Master - Brachioclavicular region","categoryName":"Плечевоключичный отдел","link":"https://kaspi.kz/shop/p/larko-bandazh-dezo2w-universal-nyi-130085572/"},"merchant":{"name":"LARKO-KZ","code":"17629423"},"editable":false,"editedByCustomer":false}]}