{"data":[{"id":"8a5cadc29618f2fa01963ecf1cb333d4","author":"Эльмира","date":"16.04.2025","orderNumber":"532227984","rating":5,"comment":{"minus":"","plus":"","text":"Заказала мужу, у него в последнее время очень болела спина, так как сидящая работа. Ему понравилось, носим второй день, товар по качеству хороший, про результат пока ничего не могу сказать, но уже улучшения чувствует."},"feedback":{"positive":0,"voted":false},"product":{"id":"112138303","name":"LARKO на грудопоясничный отдел Корректор осанки posture черный M","categoryCode":"Master - Posture correctors","categoryName":"Корректоры осанки","link":"https://kaspi.kz/shop/p/larko-na-grudopojasnichnyi-otdel-korrektor-osanki-posture-chernyi-m-112138303/"},"merchant":{"name":"LARKO-KZ","code":"17629423"},"editable":false,"editedByCustomer":false},{"id":"8a5c405695d51bda0195d691dd2b03bd","author":"Даулеткельды","date":"27.03.2025","orderNumber":"513871540","rating":5,"comment":{"minus":"","plus":"","text":"Отличный корректор, получил вовремя, дочке понравилась носит под одеждой, говорит удобно незаметно под одеждой. Рахмет большое."},"feedback":{"positive":0,"voted":false},"product":{"id":"112138303","name":"LARKO на грудопоясничный отдел Корректор осанки posture черный M","categoryCode":"Master - Posture correctors","categoryName":"Корректоры осанки","link":"https://kaspi.kz/shop/p/larko-na-grudopojasnichnyi-otdel-korrektor-osanki-posture-chernyi-m-112138303/"},"merchant":{"name":"LARKO-KZ","code":"17629423"},"editable":false,"editedByCustomer":false},{"id":"8a5c580695acfd8b0195d665cc585a6c","author":"Фатима","date":"27.03.2025","orderNumber":"508905288","rating":5,"comment":{"minus":"","plus":"","text":"Спасибо большое, очень понравилась."},"feedback":{"positive":0,"voted":false},"product":{"id":"112138303","name":"LARKO на грудопоясничный отдел Корректор осанки posture черный M","categoryCode":"Master - Posture correctors","categoryName":"Корректоры осанки","link":"https://kaspi.kz/shop/p/larko-na-grudopojasnichnyi-otdel-korrektor-osanki-posture-chernyi-m-112138303/"},"merchant":{"name":"LARKO-KZ","code":"17629423"},"editable":false,"editedByCustomer":false},{"id":"8a5ce3db95acfd640195c896828c1f20","author":"Яна","date":"24.03.2025","orderNumber":"518427197","rating":5,"comment":{"minus":"","plus":"","text":"Очень классный."},"feedback":{"positive":0,"voted":false},"product":{"id":"112138303","name":"LARKO на грудопоясничный отдел Корректор осанки posture черный M","categoryCode":"Master - Posture correctors","categoryName":"Корректоры осанки","link":"https://kaspi.kz/shop/p/larko-na-grudopojasnichnyi-otdel-korrektor-osanki-posture-chernyi-m-112138303/"},"merchant":{"name":"LARKO-KZ","code":"17629423"},"editable":false,"editedByCustomer":false},{"id":"8a5ce3cd95451b4201955c439a506dd7","author":"Перизат","date":"03.03.2025","orderNumber":"506698145","rating":5,"comment":{"minus":"","plus":"","text":"Я получил свой товар. Доставка пришла удивительно рано. Товаром доволен. Хорошо выполняет свою работу. Спасибо за ваше обслуживание!"},"feedback":{"positive":0,"voted":false},"product":{"id":"112138303","name":"LARKO на грудопоясничный отдел Корректор осанки posture черный M","categoryCode":"Master - Posture correctors","categoryName":"Корректоры осанки","link":"https://kaspi.kz/shop/p/larko-na-grudopojasnichnyi-otdel-korrektor-osanki-posture-chernyi-m-112138303/"},"merchant":{"name":"LARKO-KZ","code":"17629423"},"editable":false,"editedByCustomer":false},{"id":"8a5cf15394ab5c200194caa969c730d4","author":"Назерке","date":"03.02.2025","orderNumber":"490635456","rating":5,"comment":{"minus":"","plus":"","text":"Очень хороший корректор, сегодня купила, мне понравилось."},"feedback":{"positive":0,"voted":false},"product":{"id":"112138303","name":"LARKO на грудопоясничный отдел Корректор осанки posture черный M","categoryCode":"Master - Posture correctors","categoryName":"Корректоры осанки","link":"https://kaspi.kz/shop/p/larko-na-grudopojasnichnyi-otdel-korrektor-osanki-posture-chernyi-m-112138303/"},"merchant":{"name":"LARKO-KZ","code":"17629423"},"editable":false,"editedByCustomer":false},{"id":"8a5c9c5694c725220194c72a9f230008","author":"Олег","date":"02.02.2025","orderNumber":"488816186","rating":5,"comment":{"minus":"","plus":"","text":"Просто супер. Жена довольна, спина прямая, удобно носить."},"feedback":{"positive":0,"voted":false},"product":{"id":"112138303","name":"LARKO на грудопоясничный отдел Корректор осанки posture черный M","categoryCode":"Master - Posture correctors","categoryName":"Корректоры осанки","link":"https://kaspi.kz/shop/p/larko-na-grudopojasnichnyi-otdel-korrektor-osanki-posture-chernyi-m-112138303/"},"merchant":{"name":"LARKO-KZ","code":"17629423"},"editable":false,"editedByCustomer":false},{"id":"8a5cc39294a5b6690194a75fb42b0220","author":"Мадина","date":"27.01.2025","orderNumber":"483902572","rating":4,"comment":{"minus":"","plus":"","text":"Удобный. После 4-х часов ношения заметила, что осанка держится без корректора ровно, прошли боли в пояснице. Пока ношу один день, результат неплохой, дальше посмотрим. Размер в размер идёт, у меня размер м отлично подошёл."},"feedback":{"positive":0,"voted":false},"galleryImages":[{"id":"483902572-112138303/25198c09-57af-4073-b17f-0d1050d680ad.jpeg","small":"https://resources.cdn-kaspi.kz/img/p/r/483902572-112138303/25198c09-57af-4073-b17f-0d1050d680ad.jpeg?format=review_small","medium":"https://resources.cdn-kaspi.kz/img/p/r/483902572-112138303/25198c09-57af-4073-b17f-0d1050d680ad.jpeg?format=review_medium","large":"https://resources.cdn-kaspi.kz/img/p/r/483902572-112138303/25198c09-57af-4073-b17f-0d1050d680ad.jpeg?format=review_large"},{"id":"483902572-112138303/baae2d6c-01be-4096-9bd1-2b300a941ec9.jpeg","small":"https://resources.cdn-kaspi.kz/img/p/r/483902572-112138303/baae2d6c-01be-4096-9bd1-2b300a941ec9.jpeg?format=review_small","medium":"https://resources.cdn-kaspi.kz/img/p/r/483902572-112138303/baae2d6c-01be-4096-9bd1-2b300a941ec9.jpeg?format=review_medium","large":"https://resources.cdn-kaspi.kz/img/p/r/483902572-112138303/baae2d6c-01be-4096-9bd1-2b300a941ec9.jpeg?format=review_large"}],"product":{"id":"112138303","name":"LARKO на грудопоясничный отдел Корректор осанки posture черный M","categoryCode":"Master - Posture correctors","categoryName":"Корректоры осанки","link":"https://kaspi.kz/shop/p/larko-na-grudopojasnichnyi-otdel-korrektor-osanki-posture-chernyi-m-112138303/"},"merchant":{"name":"LARKO-KZ","code":"17629423"},"editable":false,"editedByCustomer":false},{"id":"8a5c85b59468764201948e0b0ae03ada","author":"Мария","date":"22.01.2025","orderNumber":"484016313","rating":5,"comment":{"minus":"","plus":"","text":"Хороший удобный корсет. Соответствует описанию и картинкам. Хорошие консультанты, доставили быстро. "},"feedback":{"positive":0,"voted":false},"product":{"id":"112138303","name":"LARKO на грудопоясничный отдел Корректор осанки posture черный M","categoryCode":"Master - Posture correctors","categoryName":"Корректоры осанки","link":"https://kaspi.kz/shop/p/larko-na-grudopojasnichnyi-otdel-korrektor-osanki-posture-chernyi-m-112138303/"},"merchant":{"name":"LARKO-KZ","code":"17629423"},"editable":false,"editedByCustomer":true},{"id":"8a5c1dca9468757b019481df39512a0a","author":"Медет","date":"20.01.2025","orderNumber":"480155153","rating":5,"comment":{"minus":"","plus":"","text":"Хороший корректор осанки, хорошо упакован."},"feedback":{"positive":0,"voted":false},"product":{"id":"112138303","name":"LARKO на грудопоясничный отдел Корректор осанки posture черный M","categoryCode":"Master - Posture correctors","categoryName":"Корректоры осанки","link":"https://kaspi.kz/shop/p/larko-na-grudopojasnichnyi-otdel-korrektor-osanki-posture-chernyi-m-112138303/"},"merchant":{"name":"LARKO-KZ","code":"17629423"},"editable":false,"editedByCustomer":false},{"id":"8a5cfa849468769a01947e7a3cc32534","author":"Айшагул","date":"19.01.2025","orderNumber":"479359279","rating":5,"comment":{"minus":"","plus":"","text":"Хороший корректор осанки. Удобный, регулируется по фигуре."},"feedback":{"positive":0,"voted":false},"galleryImages":[{"id":"479359279-112138303/bc6efd04-463e-4e15-b1be-ccd23adb7724.jpeg","small":"https://resources.cdn-kaspi.kz/img/p/r/479359279-112138303/bc6efd04-463e-4e15-b1be-ccd23adb7724.jpeg?format=review_small","medium":"https://resources.cdn-kaspi.kz/img/p/r/479359279-112138303/bc6efd04-463e-4e15-b1be-ccd23adb7724.jpeg?format=review_medium","large":"https://resources.cdn-kaspi.kz/img/p/r/479359279-112138303/bc6efd04-463e-4e15-b1be-ccd23adb7724.jpeg?format=review_large"},{"id":"479359279-112138303/cca89bc3-32e9-4b03-a680-8dfd0354ca05.jpeg","small":"https://resources.cdn-kaspi.kz/img/p/r/479359279-112138303/cca89bc3-32e9-4b03-a680-8dfd0354ca05.jpeg?format=review_small","medium":"https://resources.cdn-kaspi.kz/img/p/r/479359279-112138303/cca89bc3-32e9-4b03-a680-8dfd0354ca05.jpeg?format=review_medium","large":"https://resources.cdn-kaspi.kz/img/p/r/479359279-112138303/cca89bc3-32e9-4b03-a680-8dfd0354ca05.jpeg?format=review_large"}],"product":{"id":"112138303","name":"LARKO на грудопоясничный отдел Корректор осанки posture черный M","categoryCode":"Master - Posture correctors","categoryName":"Корректоры осанки","link":"https://kaspi.kz/shop/p/larko-na-grudopojasnichnyi-otdel-korrektor-osanki-posture-chernyi-m-112138303/"},"merchant":{"name":"LARKO-KZ","code":"17629423"},"editable":false,"editedByCustomer":false},{"id":"8a5c51fd946875a6019479c5fb841e6e","author":"Алина","date":"18.01.2025","orderNumber":"480691933","rating":5,"comment":{"minus":"","plus":"","text":"Спасибо большое магазину LARKO-KZ. Товар качественный, хорошо упакован!"},"feedback":{"positive":0,"voted":false},"product":{"id":"112138303","name":"LARKO на грудопоясничный отдел Корректор осанки posture черный M","categoryCode":"Master - Posture correctors","categoryName":"Корректоры осанки","link":"https://kaspi.kz/shop/p/larko-na-grudopojasnichnyi-otdel-korrektor-osanki-posture-chernyi-m-112138303/"},"merchant":{"name":"LARKO-KZ","code":"17629423"},"editable":false,"editedByCustomer":false},{"id":"8a5c22249468770c01946afe131f078a","author":"Айнель","date":"15.01.2025","orderNumber":"479299074","rating":5,"comment":{"minus":"","plus":"","text":"Корректор очень хороший, мне понравился и подходит."},"feedback":{"positive":0,"voted":false},"product":{"id":"112138303","name":"LARKO на грудопоясничный отдел Корректор осанки posture черный M","categoryCode":"Master - Posture correctors","categoryName":"Корректоры осанки","link":"https://kaspi.kz/shop/p/larko-na-grudopojasnichnyi-otdel-korrektor-osanki-posture-chernyi-m-112138303/"},"merchant":{"name":"LARKO-KZ","code":"17629423"},"editable":false,"editedByCustomer":true},{"id":"8a5c809f9401954401940e31c5b51ea3","author":"Жанерке","date":"28.12.2024","orderNumber":"471635503","rating":5,"comment":{"minus":"","plus":"","text":"Өте жақсы, ұнады қатты качество топ."},"feedback":{"positive":0,"voted":false},"product":{"id":"112138303","name":"LARKO на грудопоясничный отдел Корректор осанки posture черный M","categoryCode":"Master - Posture correctors","categoryName":"Корректоры осанки","link":"https://kaspi.kz/shop/p/larko-na-grudopojasnichnyi-otdel-korrektor-osanki-posture-chernyi-m-112138303/"},"merchant":{"name":"LARKO-KZ","code":"17629423"},"editable":false,"editedByCustomer":false},{"id":"8a5c67ef93be17600193c09f4e13059d","author":"Іңкәр","date":"13.12.2024","orderNumber":"461978604","rating":5,"comment":{"minus":"","plus":"","text":"Материалы приятные, не давят и не натирают. Очень удобно, что можно регулировать ремни, корректор легко подстраивается под фигуру. Он почти незаметен под одеждой, что позволяет носить его в течение дня, даже на работе. Хочу отдельно отметить работу продавца. Очень вежливый и профессиональный подход, оперативно отвечал на все вопросы. Заказ прибыл даже раньше срока, а курьер был вежливым и пунктуальным. Весь процесс доставки оставил только положительные впечатления. Если у вас сидячий образ жизни или проблемы с осанкой, однозначно советую попробовать. Полезная вещь для здоровья и комфорта."},"feedback":{"positive":0,"voted":false},"product":{"id":"112138303","name":"LARKO на грудопоясничный отдел Корректор осанки posture черный M","categoryCode":"Master - Posture correctors","categoryName":"Корректоры осанки","link":"https://kaspi.kz/shop/p/larko-na-grudopojasnichnyi-otdel-korrektor-osanki-posture-chernyi-m-112138303/"},"merchant":{"name":"LARKO-KZ","code":"17629423"},"editable":false,"editedByCustomer":false},{"id":"8a5c0c369366cacd01938b8e95ed3081","author":"Мадина","date":"03.12.2024","orderNumber":"455227765","rating":5,"comment":{"minus":"","plus":"","text":"Получила товар. Очень хорошего качества."},"feedback":{"positive":0,"voted":false},"product":{"id":"112138303","name":"LARKO на грудопоясничный отдел Корректор осанки posture черный M","categoryCode":"Master - Posture correctors","categoryName":"Корректоры осанки","link":"https://kaspi.kz/shop/p/larko-na-grudopojasnichnyi-otdel-korrektor-osanki-posture-chernyi-m-112138303/"},"merchant":{"name":"LARKO-KZ","code":"17629423"},"editable":false,"editedByCustomer":false},{"id":"8a5c1c8b9366cad7019366e526620019","author":"Сәнім","date":"26.11.2024","orderNumber":"448721885","rating":5,"comment":{"minus":"","plus":"","text":"Отличный корсет!"},"feedback":{"positive":0,"voted":false},"product":{"id":"112138303","name":"LARKO на грудопоясничный отдел Корректор осанки posture черный M","categoryCode":"Master - Posture correctors","categoryName":"Корректоры осанки","link":"https://kaspi.kz/shop/p/larko-na-grudopojasnichnyi-otdel-korrektor-osanki-posture-chernyi-m-112138303/"},"merchant":{"name":"LARKO-KZ","code":"17629423"},"editable":false,"editedByCustomer":false},{"id":"8a5cee36931f0d9f01932a80fdf2145c","author":"Дилноза","date":"14.11.2024","orderNumber":"440552745","rating":5,"comment":{"minus":"","plus":"","text":"Размер брада м. Хорошо подошёл. Очень удобный и комфортно. Спина стала прямой. Спасибо за быструю доставку."},"feedback":{"positive":0,"voted":false},"product":{"id":"112138303","name":"LARKO на грудопоясничный отдел Корректор осанки posture черный M","categoryCode":"Master - Posture correctors","categoryName":"Корректоры осанки","link":"https://kaspi.kz/shop/p/larko-na-grudopojasnichnyi-otdel-korrektor-osanki-posture-chernyi-m-112138303/"},"merchant":{"name":"LARKO-KZ","code":"17629423"},"editable":false,"editedByCustomer":false},{"id":"8a5c0ab492fbecdf019316b78b34226e","author":"Айгуль","date":"10.11.2024","orderNumber":"438457322","rating":5,"comment":{"minus":"","plus":"","text":"Качество хорошее, понравилось."},"feedback":{"positive":0,"voted":false},"product":{"id":"112138303","name":"LARKO на грудопоясничный отдел Корректор осанки posture черный M","categoryCode":"Master - Posture correctors","categoryName":"Корректоры осанки","link":"https://kaspi.kz/shop/p/larko-na-grudopojasnichnyi-otdel-korrektor-osanki-posture-chernyi-m-112138303/"},"merchant":{"name":"LARKO-KZ","code":"17629423"},"editable":false,"editedByCustomer":false},{"id":"8a5c11a292fbed670193152a9c281fc9","author":"Айым","date":"10.11.2024","orderNumber":"438407510","rating":5,"comment":{"minus":"","plus":"","text":"Товар очень качественный, удобный, соответствует описанию. Мне очень понравилась."},"feedback":{"positive":0,"voted":false},"product":{"id":"112138303","name":"LARKO на грудопоясничный отдел Корректор осанки posture черный M","categoryCode":"Master - Posture correctors","categoryName":"Корректоры осанки","link":"https://kaspi.kz/shop/p/larko-na-grudopojasnichnyi-otdel-korrektor-osanki-posture-chernyi-m-112138303/"},"merchant":{"name":"LARKO-KZ","code":"17629423"},"editable":false,"editedByCustomer":false},{"id":"8a5ce3fe92b75b2a0192d353d40423cb","author":"Сая","date":"28.10.2024","orderNumber":"433364336","rating":5,"comment":{"minus":"","plus":"","text":"Спасибо большое, очень понравилась."},"feedback":{"positive":0,"voted":false},"product":{"id":"112138303","name":"LARKO на грудопоясничный отдел Корректор осанки posture черный M","categoryCode":"Master - Posture correctors","categoryName":"Корректоры осанки","link":"https://kaspi.kz/shop/p/larko-na-grudopojasnichnyi-otdel-korrektor-osanki-posture-chernyi-m-112138303/"},"merchant":{"name":"LARKO-KZ","code":"17629423"},"editable":false,"editedByCustomer":false},{"id":"8a5cf7ac920df4ae019224d229062f56","author":"Нургуль","date":"24.09.2024","orderNumber":"391398007","rating":5,"comment":{"minus":"","plus":"","text":"Все супер, помогает."},"feedback":{"positive":0,"voted":false},"product":{"id":"112138303","name":"LARKO на грудопоясничный отдел Корректор осанки posture черный M","categoryCode":"Master - Posture correctors","categoryName":"Корректоры осанки","link":"https://kaspi.kz/shop/p/larko-na-grudopojasnichnyi-otdel-korrektor-osanki-posture-chernyi-m-112138303/"},"merchant":{"name":"LARKO-KZ","code":"17629423"},"editable":false,"editedByCustomer":false},{"id":"8a5c5a8292222a44019223a04a87032d","author":"Виктор","date":"24.09.2024","orderNumber":"375888261","rating":5,"comment":{"minus":"","plus":"","text":"Помогает очень хорошо."},"feedback":{"positive":0,"voted":false},"product":{"id":"112138303","name":"LARKO на грудопоясничный отдел Корректор осанки posture черный M","categoryCode":"Master - Posture correctors","categoryName":"Корректоры осанки","link":"https://kaspi.kz/shop/p/larko-na-grudopojasnichnyi-otdel-korrektor-osanki-posture-chernyi-m-112138303/"},"merchant":{"name":"LARKO-KZ","code":"17629423"},"editable":false,"editedByCustomer":false},{"id":"8a5cbefd91f94bb90191fb4a0fdc0831","author":"Евгений","date":"17.09.2024","orderNumber":"411183590","rating":5,"comment":{"minus":"","plus":"","text":"Товар хороший, качественный, действительно чувствуется, что корсет держит спину ровно, многие пишут о том что липучки слабые хотя как по мне липучки держится достаточно хорошо, но ремешки сильно давят на желудок, может быть я прогадал с размером."},"feedback":{"positive":0,"voted":false},"galleryImages":[{"id":"411183590-112138303/8fda6686-3d8b-4195-9eaf-5104c8acb030.jpeg","small":"https://resources.cdn-kaspi.kz/img/p/r/411183590-112138303/8fda6686-3d8b-4195-9eaf-5104c8acb030.jpeg?format=review_small","medium":"https://resources.cdn-kaspi.kz/img/p/r/411183590-112138303/8fda6686-3d8b-4195-9eaf-5104c8acb030.jpeg?format=review_medium","large":"https://resources.cdn-kaspi.kz/img/p/r/411183590-112138303/8fda6686-3d8b-4195-9eaf-5104c8acb030.jpeg?format=review_large"}],"product":{"id":"112138303","name":"LARKO на грудопоясничный отдел Корректор осанки posture черный M","categoryCode":"Master - Posture correctors","categoryName":"Корректоры осанки","link":"https://kaspi.kz/shop/p/larko-na-grudopojasnichnyi-otdel-korrektor-osanki-posture-chernyi-m-112138303/"},"merchant":{"name":"LARKO-KZ","code":"17629423"},"editable":false,"editedByCustomer":false},{"id":"8a5c736d917375ea0191b77b357a6982","author":"Еркинбек","date":"04.09.2024","orderNumber":"397120265","rating":5,"comment":{"minus":"","plus":"","text":"Тауар уақытымен келді, сапасы өте жоғары, өзіме ұнады, барлықтарыңызға кеңес беремін.  ARKO-KZ рақмет."},"feedback":{"positive":0,"voted":false},"product":{"id":"112138303","name":"LARKO на грудопоясничный отдел Корректор осанки posture черный M","categoryCode":"Master - Posture correctors","categoryName":"Корректоры осанки","link":"https://kaspi.kz/shop/p/larko-na-grudopojasnichnyi-otdel-korrektor-osanki-posture-chernyi-m-112138303/"},"merchant":{"name":"LARKO-KZ","code":"17629423"},"editable":false,"editedByCustomer":false},{"id":"8a5c5d9e9173787f0191b7bc90a66949","author":"Парасат","date":"03.09.2024","orderNumber":"375697615","rating":4,"comment":{"minus":"","plus":"","text":"Пользуся недавно, но результат заметен."},"feedback":{"positive":0,"voted":false},"product":{"id":"112138303","name":"LARKO на грудопоясничный отдел Корректор осанки posture черный M","categoryCode":"Master - Posture correctors","categoryName":"Корректоры осанки","link":"https://kaspi.kz/shop/p/larko-na-grudopojasnichnyi-otdel-korrektor-osanki-posture-chernyi-m-112138303/"},"merchant":{"name":"LARKO-KZ","code":"17629423"},"editable":false,"editedByCustomer":false},{"id":"8a5c85a691b5d3e00191b798f93d02ca","author":"Асет","date":"03.09.2024","orderNumber":"400275369","rating":5,"comment":{"minus":"","plus":"","text":"Отличный корректор со своими функциями справиться хорошо."},"feedback":{"positive":0,"voted":false},"product":{"id":"112138303","name":"LARKO на грудопоясничный отдел Корректор осанки posture черный M","categoryCode":"Master - Posture correctors","categoryName":"Корректоры осанки","link":"https://kaspi.kz/shop/p/larko-na-grudopojasnichnyi-otdel-korrektor-osanki-posture-chernyi-m-112138303/"},"merchant":{"name":"LARKO-KZ","code":"17629423"},"editable":false,"editedByCustomer":false},{"id":"8a5cee4191b5b7f40191b776f51402ce","author":"Аружан","date":"03.09.2024","orderNumber":"386888921","rating":5,"comment":{"minus":"","plus":"","text":"Очень хороший корректор для осанки, мне очень понравился 10/10 за месяц уже вижу результат, я заказала у магазина Larko очень вежливый консультанты."},"feedback":{"positive":0,"voted":false},"product":{"id":"112138303","name":"LARKO на грудопоясничный отдел Корректор осанки posture черный M","categoryCode":"Master - Posture correctors","categoryName":"Корректоры осанки","link":"https://kaspi.kz/shop/p/larko-na-grudopojasnichnyi-otdel-korrektor-osanki-posture-chernyi-m-112138303/"},"merchant":{"name":"LARKO-KZ","code":"17629423"},"editable":false,"editedByCustomer":false},{"id":"8a5c5eaf91b6017a0191b774eefe0271","author":"Аселай","date":"03.09.2024","orderNumber":"383454723","rating":5,"comment":{"minus":"","plus":"","text":"Просто топ, каждый день нашу удобно и очень полезно спасибо магазин LARKO-KZ."},"feedback":{"positive":0,"voted":false},"product":{"id":"112138303","name":"LARKO на грудопоясничный отдел Корректор осанки posture черный M","categoryCode":"Master - Posture correctors","categoryName":"Корректоры осанки","link":"https://kaspi.kz/shop/p/larko-na-grudopojasnichnyi-otdel-korrektor-osanki-posture-chernyi-m-112138303/"},"merchant":{"name":"LARKO-KZ","code":"17629423"},"editable":false,"editedByCustomer":false},{"id":"8a5c2c2991b5b9120191b6e78eea0175","author":"Оксана","date":"03.09.2024","orderNumber":"373233620","rating":5,"comment":{"minus":"","plus":"","text":"Товар пришел вовремя, очень хороший пояс, помогает хорошо, спина перестает в нем болеть."},"feedback":{"positive":0,"voted":false},"product":{"id":"112138303","name":"LARKO на грудопоясничный отдел Корректор осанки posture черный M","categoryCode":"Master - Posture correctors","categoryName":"Корректоры осанки","link":"https://kaspi.kz/shop/p/larko-na-grudopojasnichnyi-otdel-korrektor-osanki-posture-chernyi-m-112138303/"},"merchant":{"name":"LARKO-KZ","code":"17629423"},"editable":false,"editedByCustomer":false},{"id":"8a5c5abc91b601800191b689cbd50096","author":"Дастан","date":"03.09.2024","orderNumber":"390679886","rating":5,"comment":{"minus":"","plus":"","text":"Довольна покупкой. Удобный и прочный корсет."},"feedback":{"positive":0,"voted":false},"product":{"id":"112138303","name":"LARKO на грудопоясничный отдел Корректор осанки posture черный M","categoryCode":"Master - Posture correctors","categoryName":"Корректоры осанки","link":"https://kaspi.kz/shop/p/larko-na-grudopojasnichnyi-otdel-korrektor-osanki-posture-chernyi-m-112138303/"},"merchant":{"name":"LARKO-KZ","code":"17629423"},"editable":false,"editedByCustomer":false},{"id":"8a5c2f76917377200191b680fe7766c7","author":"Темирлан","date":"03.09.2024","orderNumber":"365720016","rating":5,"comment":{"minus":"","plus":"","text":"Хороший корсет."},"feedback":{"positive":0,"voted":false},"product":{"id":"112138303","name":"LARKO на грудопоясничный отдел Корректор осанки posture черный M","categoryCode":"Master - Posture correctors","categoryName":"Корректоры осанки","link":"https://kaspi.kz/shop/p/larko-na-grudopojasnichnyi-otdel-korrektor-osanki-posture-chernyi-m-112138303/"},"merchant":{"name":"LARKO-KZ","code":"17629423"},"editable":false,"editedByCustomer":false},{"id":"8a5c67d990d88f3e0190eae9e45a25fb","author":"Нұрай","date":"25.07.2024","orderNumber":"386384247","rating":5,"comment":{"minus":"","plus":"","text":"Өте керемет корсет. Уақытынан тез келді рахмет көп көп, өзіме шап шақ болфп тұр."},"feedback":{"positive":0,"voted":false},"product":{"id":"112138303","name":"LARKO на грудопоясничный отдел Корректор осанки posture черный M","categoryCode":"Master - Posture correctors","categoryName":"Корректоры осанки","link":"https://kaspi.kz/shop/p/larko-na-grudopojasnichnyi-otdel-korrektor-osanki-posture-chernyi-m-112138303/"},"merchant":{"name":"LARKO-KZ","code":"17629423"},"editable":false,"editedByCustomer":false},{"id":"8a5cd4969057f57701906f409b931d68","author":"Гулбара","date":"01.07.2024","orderNumber":"359699699","rating":3,"comment":{"minus":"","plus":"","text":"Көмектеспеді."},"feedback":{"positive":0,"voted":false},"product":{"id":"112138303","name":"LARKO на грудопоясничный отдел Корректор осанки posture черный M","categoryCode":"Master - Posture correctors","categoryName":"Корректоры осанки","link":"https://kaspi.kz/shop/p/larko-na-grudopojasnichnyi-otdel-korrektor-osanki-posture-chernyi-m-112138303/"},"merchant":{"name":"LARKO-KZ","code":"17629423"},"editable":false,"editedByCustomer":false},{"id":"8a5c5ab99057f61201906d98b47a1a0e","author":"Валентина","date":"01.07.2024","orderNumber":"374895026","rating":4,"comment":{"minus":"","plus":"","text":"Липучки слабые."},"feedback":{"positive":1,"voted":false},"product":{"id":"112138303","name":"LARKO на грудопоясничный отдел Корректор осанки posture черный M","categoryCode":"Master - Posture correctors","categoryName":"Корректоры осанки","link":"https://kaspi.kz/shop/p/larko-na-grudopojasnichnyi-otdel-korrektor-osanki-posture-chernyi-m-112138303/"},"merchant":{"name":"LARKO-KZ","code":"17629423"},"editable":false,"editedByCustomer":false},{"id":"8a5cfe288febc801018ff1a80de70de8","author":"Сымбат","date":"07.06.2024","orderNumber":"352019457","rating":4,"comment":{"minus":"","plus":"","text":"Жақсы."},"feedback":{"positive":1,"voted":false},"product":{"id":"112138303","name":"LARKO на грудопоясничный отдел Корректор осанки posture черный M","categoryCode":"Master - Posture correctors","categoryName":"Корректоры осанки","link":"https://kaspi.kz/shop/p/larko-na-grudopojasnichnyi-otdel-korrektor-osanki-posture-chernyi-m-112138303/"},"merchant":{"name":"LARKO-KZ","code":"17629423"},"editable":false,"editedByCustomer":false},{"id":"8a5cf3298f75e330018f9f87ca7b44b8","author":"Ақмарал","date":"22.05.2024","orderNumber":"351687392","rating":3,"comment":{"minus":"","plus":"","text":"Иықты қажап жібереді."},"feedback":{"positive":2,"voted":false},"product":{"id":"112138303","name":"LARKO на грудопоясничный отдел Корректор осанки posture черный M","categoryCode":"Master - Posture correctors","categoryName":"Корректоры осанки","link":"https://kaspi.kz/shop/p/larko-na-grudopojasnichnyi-otdel-korrektor-osanki-posture-chernyi-m-112138303/"},"merchant":{"name":"LARKO-KZ","code":"17629423"},"editable":false,"editedByCustomer":false},{"id":"8a5c5a868ecb44ae018f4e2f9fb61fee","author":"Дарига","date":"06.05.2024","orderNumber":"354119020","rating":4,"comment":{"minus":"","plus":"","text":"Заказывала размер М, но оказался немного больше. Липучки держат слабовато. Но в целом неплохо."},"feedback":{"positive":4,"voted":false},"product":{"id":"112138303","name":"LARKO на грудопоясничный отдел Корректор осанки posture черный M","categoryCode":"Master - Posture correctors","categoryName":"Корректоры осанки","link":"https://kaspi.kz/shop/p/larko-na-grudopojasnichnyi-otdel-korrektor-osanki-posture-chernyi-m-112138303/"},"merchant":{"name":"LARKO-KZ","code":"17629423"},"editable":false,"editedByCustomer":false},{"id":"8a5c5d958e7f9051018e9487397e26da","author":"Анель","date":"31.03.2024","orderNumber":"341925692","rating":4,"comment":{"minus":"","plus":"","text":"Все хорошо, корректор осанки очень помогает. Работа у меня сидячая и хочешь не хочешь по любому начинаешь сутулиться. Но большой минус, магазин Larko очень безответственный. Заказ сделала в 12:59, экспресс доставка за 3 часа. Должны были передать товар курьеру до 13:59, по итогу передали только ближе к 16:40. Трубку не брали никаким образом, на ватсап не отвечали. Оставалось только ждать."},"feedback":{"positive":14,"voted":false},"product":{"id":"112138303","name":"LARKO на грудопоясничный отдел Корректор осанки posture черный M","categoryCode":"Master - Posture correctors","categoryName":"Корректоры осанки","link":"https://kaspi.kz/shop/p/larko-na-grudopojasnichnyi-otdel-korrektor-osanki-posture-chernyi-m-112138303/"},"merchant":{"name":"LARKO-KZ","code":"17629423"},"editable":false,"editedByCustomer":false},{"id":"8a5c85ad8e7f9270018e869ba0bf0fa2","author":"Думан","date":"29.03.2024","orderNumber":"340173673","rating":5,"comment":{"minus":"","plus":"","text":"Держит крепко."},"feedback":{"positive":1,"voted":false},"galleryImages":[{"id":"340173673-112138303/c6b5ab04-ea3f-4c59-8511-5a08a48f49fd.jpeg","small":"https://resources.cdn-kaspi.kz/img/p/r/340173673-112138303/c6b5ab04-ea3f-4c59-8511-5a08a48f49fd.jpeg?format=review_small","medium":"https://resources.cdn-kaspi.kz/img/p/r/340173673-112138303/c6b5ab04-ea3f-4c59-8511-5a08a48f49fd.jpeg?format=review_medium","large":"https://resources.cdn-kaspi.kz/img/p/r/340173673-112138303/c6b5ab04-ea3f-4c59-8511-5a08a48f49fd.jpeg?format=review_large"},{"id":"340173673-112138303/41308449-6135-46ee-a977-15319ef11821.jpeg","small":"https://resources.cdn-kaspi.kz/img/p/r/340173673-112138303/41308449-6135-46ee-a977-15319ef11821.jpeg?format=review_small","medium":"https://resources.cdn-kaspi.kz/img/p/r/340173673-112138303/41308449-6135-46ee-a977-15319ef11821.jpeg?format=review_medium","large":"https://resources.cdn-kaspi.kz/img/p/r/340173673-112138303/41308449-6135-46ee-a977-15319ef11821.jpeg?format=review_large"}],"product":{"id":"112138303","name":"LARKO на грудопоясничный отдел Корректор осанки posture черный M","categoryCode":"Master - Posture correctors","categoryName":"Корректоры осанки","link":"https://kaspi.kz/shop/p/larko-na-grudopojasnichnyi-otdel-korrektor-osanki-posture-chernyi-m-112138303/"},"merchant":{"name":"LARKO-KZ","code":"17629423"},"editable":false,"editedByCustomer":false},{"id":"8a5c782e8e56f417018e7c4ce5003cc9","author":"Анна","date":"27.03.2024","orderNumber":"338974474","rating":5,"comment":{"minus":"","plus":"","text":"Корсет отлично держит осанку. Избавляет от болей в спине."},"feedback":{"positive":2,"voted":false},"product":{"id":"112138303","name":"LARKO на грудопоясничный отдел Корректор осанки posture черный M","categoryCode":"Master - Posture correctors","categoryName":"Корректоры осанки","link":"https://kaspi.kz/shop/p/larko-na-grudopojasnichnyi-otdel-korrektor-osanki-posture-chernyi-m-112138303/"},"merchant":{"name":"LARKO-KZ","code":"17629423"},"editable":false,"editedByCustomer":false},{"id":"8a5cfa838e603c1b018e60ab77720176","author":"Шамсиддин","date":"21.03.2024","orderNumber":"338487259","rating":4,"comment":{"minus":"","plus":"","text":"Хороший товар, нравился."},"feedback":{"positive":2,"voted":false},"product":{"id":"112138303","name":"LARKO на грудопоясничный отдел Корректор осанки posture черный M","categoryCode":"Master - Posture correctors","categoryName":"Корректоры осанки","link":"https://kaspi.kz/shop/p/larko-na-grudopojasnichnyi-otdel-korrektor-osanki-posture-chernyi-m-112138303/"},"merchant":{"name":"LARKO-KZ","code":"17629423"},"editable":false,"editedByCustomer":false}]}