{"data":[{"id":"8a5c02349618f32b01961b6f47ca1b0d","author":"Ибрагим","date":"09.04.2025","orderNumber":"527825097","rating":5,"comment":{"minus":"","plus":"","text":"Товар супер, заказал два раза, советую всем."},"feedback":{"positive":0,"voted":false},"product":{"id":"108498908","name":"Майка LARKO Мужская майка с эффектом сауны XXXXL, 5XL","categoryCode":"Master - Clothes for slimming","categoryName":"Одежда для похудения","link":"https://kaspi.kz/shop/p/maika-larko-muzhskaja-maika-s-effektom-sauny-xxxxl-5xl-108498908/"},"merchant":{"name":"LARKO-KZ","code":"17629423"},"editable":false,"editedByCustomer":false},{"id":"8a5cf14e95d559c30195d80afbde1049","author":"Марина","date":"27.03.2025","orderNumber":"520371762","rating":5,"comment":{"minus":"","plus":"","text":"Майка отличная, подошла идеально, главное легкая и удобная."},"feedback":{"positive":0,"voted":false},"product":{"id":"108498908","name":"Майка LARKO Мужская майка с эффектом сауны XXXXL, 5XL","categoryCode":"Master - Clothes for slimming","categoryName":"Одежда для похудения","link":"https://kaspi.kz/shop/p/maika-larko-muzhskaja-maika-s-effektom-sauny-xxxxl-5xl-108498908/"},"merchant":{"name":"LARKO-KZ","code":"17629423"},"editable":false,"editedByCustomer":false},{"id":"8a5c580695acfd8b0195c80da5a91aa9","author":"Владимир","date":"24.03.2025","orderNumber":"518329660","rating":5,"comment":{"minus":"","plus":"","text":"Спасибо, всё подошло."},"feedback":{"positive":0,"voted":false},"product":{"id":"108498908","name":"Майка LARKO Мужская майка с эффектом сауны XXXXL, 5XL","categoryCode":"Master - Clothes for slimming","categoryName":"Одежда для похудения","link":"https://kaspi.kz/shop/p/maika-larko-muzhskaja-maika-s-effektom-sauny-xxxxl-5xl-108498908/"},"merchant":{"name":"LARKO-KZ","code":"17629423"},"editable":false,"editedByCustomer":false},{"id":"8a5cd49d953675e3019552a633971b6b","author":"Канат","date":"01.03.2025","orderNumber":"502281311","rating":5,"comment":{"minus":"","plus":"","text":"Доставили в срок, качество товара хорошее, размер подошел, покупкой доволен. Рекомендую."},"feedback":{"positive":0,"voted":false},"product":{"id":"108498908","name":"Майка LARKO Мужская майка с эффектом сауны XXXXL, 5XL","categoryCode":"Master - Clothes for slimming","categoryName":"Одежда для похудения","link":"https://kaspi.kz/shop/p/maika-larko-muzhskaja-maika-s-effektom-sauny-xxxxl-5xl-108498908/"},"merchant":{"name":"LARKO-KZ","code":"17629423"},"editable":false,"editedByCustomer":false},{"id":"8a5c44bc95262ddb01952c6a8f111f3d","author":"Нурлан","date":"22.02.2025","orderNumber":"501170080","rating":5,"comment":{"minus":"","plus":"","text":"Большое спасибо. Пришли раньше. Майка и пояс. Боялся, что не налезу. Налез. Всё уже потеет."},"feedback":{"positive":0,"voted":false},"product":{"id":"108498908","name":"Майка LARKO Мужская майка с эффектом сауны XXXXL, 5XL","categoryCode":"Master - Clothes for slimming","categoryName":"Одежда для похудения","link":"https://kaspi.kz/shop/p/maika-larko-muzhskaja-maika-s-effektom-sauny-xxxxl-5xl-108498908/"},"merchant":{"name":"LARKO-KZ","code":"17629423"},"editable":false,"editedByCustomer":false},{"id":"8a5c809694ab5d0d0194bdf63ba3219d","author":"Дәулет","date":"01.02.2025","orderNumber":"488504049","rating":5,"comment":{"minus":"","plus":"","text":"Майка хорошая. Размер подошёл. Спасибо магазину и курьеру за доставку."},"feedback":{"positive":0,"voted":false},"product":{"id":"108498908","name":"Майка LARKO Мужская майка с эффектом сауны XXXXL, 5XL","categoryCode":"Master - Clothes for slimming","categoryName":"Одежда для похудения","link":"https://kaspi.kz/shop/p/maika-larko-muzhskaja-maika-s-effektom-sauny-xxxxl-5xl-108498908/"},"merchant":{"name":"LARKO-KZ","code":"17629423"},"editable":false,"editedByCustomer":false},{"id":"8a5c306b946876ee01948d4fcdfc3920","author":"Азиз","date":"22.01.2025","orderNumber":"483548990","rating":5,"comment":{"minus":"","plus":"","text":"Отличная майка, подошла всё супер, спасибо большое продавцу LARKO-KZ."},"feedback":{"positive":0,"voted":false},"product":{"id":"108498908","name":"Майка LARKO Мужская майка с эффектом сауны XXXXL, 5XL","categoryCode":"Master - Clothes for slimming","categoryName":"Одежда для похудения","link":"https://kaspi.kz/shop/p/maika-larko-muzhskaja-maika-s-effektom-sauny-xxxxl-5xl-108498908/"},"merchant":{"name":"LARKO-KZ","code":"17629423"},"editable":false,"editedByCustomer":false},{"id":"8a5c25559468766001946fcc9f2f0fac","author":"Жасулан","date":"16.01.2025","orderNumber":"479873054","rating":5,"comment":{"minus":"","plus":"","text":"Майка отличная, подошел идеально, спасибо Каспи и магазину larko-kz, советую к покупке."},"feedback":{"positive":0,"voted":false},"product":{"id":"108498908","name":"Майка LARKO Мужская майка с эффектом сауны XXXXL, 5XL","categoryCode":"Master - Clothes for slimming","categoryName":"Одежда для похудения","link":"https://kaspi.kz/shop/p/maika-larko-muzhskaja-maika-s-effektom-sauny-xxxxl-5xl-108498908/"},"merchant":{"name":"LARKO-KZ","code":"17629423"},"editable":false,"editedByCustomer":false},{"id":"8a5c3fa4920df498019214583e820ff1","author":"Гулбаршын","date":"21.09.2024","orderNumber":"411940792","rating":5,"comment":{"minus":"","plus":"","text":"Качественный товар, мы рады, привезли раньше срока, в общем спасибо огромное."},"feedback":{"positive":0,"voted":false},"product":{"id":"108498908","name":"Майка LARKO Мужская майка с эффектом сауны XXXXL, 5XL","categoryCode":"Master - Clothes for slimming","categoryName":"Одежда для похудения","link":"https://kaspi.kz/shop/p/maika-larko-muzhskaja-maika-s-effektom-sauny-xxxxl-5xl-108498908/"},"merchant":{"name":"LARKO-KZ","code":"17629423"},"editable":false,"editedByCustomer":false},{"id":"8a5c37119057f5a00190870ce2dd3d34","author":"Ойбек","date":"06.07.2024","orderNumber":"370550067","rating":5,"comment":{"minus":"","plus":"","text":"Хорошее качество, товар пришел размер в размер, материал хороший, плотный, рекомендую продавца."},"feedback":{"positive":0,"voted":false},"product":{"id":"108498908","name":"Майка LARKO Мужская майка с эффектом сауны XXXXL, 5XL","categoryCode":"Master - Clothes for slimming","categoryName":"Одежда для похудения","link":"https://kaspi.kz/shop/p/maika-larko-muzhskaja-maika-s-effektom-sauny-xxxxl-5xl-108498908/"},"merchant":{"name":"LARKO-KZ","code":"17629423"},"editable":false,"editedByCustomer":false},{"id":"8a5c9db68b853053018b8654eae00499","author":"Ақбөпе","date":"02.11.2023","orderNumber":"292770271","rating":5,"comment":{"minus":"","plus":"","text":"Качество очень хорошее. Быстрая доставка. Товар получил раньше срока. Рекомендую всем."},"feedback":{"positive":0,"voted":false},"product":{"id":"108498908","name":"Майка LARKO Мужская майка с эффектом сауны XXXXL, 5XL","categoryCode":"Master - Clothes for slimming","categoryName":"Одежда для похудения","link":"https://kaspi.kz/shop/p/maika-larko-muzhskaja-maika-s-effektom-sauny-xxxxl-5xl-108498908/"},"merchant":{"name":"LARKO-KZ","code":"17629423"},"editable":false,"editedByCustomer":false},{"id":"8a5c0c2e8b5feceb018b707e796728ae","author":"Азамат","date":"27.10.2023","orderNumber":"293524458","rating":5,"comment":{"minus":"","plus":"","text":"Товар получил, на 54р подошёл, полный рабочий, отличный весогон, удобный."},"feedback":{"positive":0,"voted":false},"galleryImages":[{"id":"293524458-108498908/306803bc-90f9-4b2a-8337-20015daeb4ae.jpg","small":"https://resources.cdn-kaspi.kz/img/p/r/293524458-108498908/306803bc-90f9-4b2a-8337-20015daeb4ae.jpg?format=review_small","medium":"https://resources.cdn-kaspi.kz/img/p/r/293524458-108498908/306803bc-90f9-4b2a-8337-20015daeb4ae.jpg?format=review_medium","large":"https://resources.cdn-kaspi.kz/img/p/r/293524458-108498908/306803bc-90f9-4b2a-8337-20015daeb4ae.jpg?format=review_large"}],"product":{"id":"108498908","name":"Майка LARKO Мужская майка с эффектом сауны XXXXL, 5XL","categoryCode":"Master - Clothes for slimming","categoryName":"Одежда для похудения","link":"https://kaspi.kz/shop/p/maika-larko-muzhskaja-maika-s-effektom-sauny-xxxxl-5xl-108498908/"},"merchant":{"name":"LARKO-KZ","code":"17629423"},"editable":false,"editedByCustomer":false},{"id":"8a5c25478b461b7e018b4c762c7d114c","author":"Жангельды","date":"20.10.2023","orderNumber":"283271273","rating":5,"comment":{"minus":"","plus":"","text":"Отличный заказ, соответствует действительности."},"feedback":{"positive":0,"voted":false},"product":{"id":"108498908","name":"Майка LARKO Мужская майка с эффектом сауны XXXXL, 5XL","categoryCode":"Master - Clothes for slimming","categoryName":"Одежда для похудения","link":"https://kaspi.kz/shop/p/maika-larko-muzhskaja-maika-s-effektom-sauny-xxxxl-5xl-108498908/"},"merchant":{"name":"LARKO","code":"14901053"},"editable":false,"editedByCustomer":false},{"id":"8a5c307e8b383996018b38611c6c00b3","author":"Нурлан","date":"19.10.2023","orderNumber":"290028958","rating":5,"comment":{"minus":"","plus":"","text":"Очень эффективно. Заказал ещё одну."},"feedback":{"positive":0,"voted":false},"product":{"id":"108498908","name":"Майка LARKO Мужская майка с эффектом сауны XXXXL, 5XL","categoryCode":"Master - Clothes for slimming","categoryName":"Одежда для похудения","link":"https://kaspi.kz/shop/p/maika-larko-muzhskaja-maika-s-effektom-sauny-xxxxl-5xl-108498908/"},"merchant":{"name":"LARKO","code":"14901053"},"editable":false,"editedByCustomer":false},{"id":"8a5c822d8afe1fd5018b003d4f6208ea","author":"Айдар","date":"05.10.2023","orderNumber":"288351767","rating":5,"comment":{"minus":"","plus":"","text":"Размер подошёл! Майка действительно работает, пока надевал вспотел."},"feedback":{"positive":1,"voted":false},"product":{"id":"108498908","name":"Майка LARKO Мужская майка с эффектом сауны XXXXL, 5XL","categoryCode":"Master - Clothes for slimming","categoryName":"Одежда для похудения","link":"https://kaspi.kz/shop/p/maika-larko-muzhskaja-maika-s-effektom-sauny-xxxxl-5xl-108498908/"},"merchant":{"name":"LARKO","code":"14901053"},"editable":false,"editedByCustomer":false},{"id":"8a5c985c8abc4958018aca415719126a","author":"Айслу","date":"27.09.2023","orderNumber":"285513913","rating":5,"comment":{"minus":"","plus":"","text":"Прям размер в размер подошёл. Спасибо!"},"feedback":{"positive":0,"voted":false},"product":{"id":"108498908","name":"Майка LARKO Мужская майка с эффектом сауны XXXXL, 5XL","categoryCode":"Master - Clothes for slimming","categoryName":"Одежда для похудения","link":"https://kaspi.kz/shop/p/maika-larko-muzhskaja-maika-s-effektom-sauny-xxxxl-5xl-108498908/"},"merchant":{"name":"LARKO","code":"14901053"},"editable":false,"editedByCustomer":false},{"id":"8a5c252e8ab0aafd018ab72240190b1e","author":"Татьяна","date":"21.09.2023","orderNumber":"284878796","rating":4,"comment":{"minus":"","plus":"","text":"Отличное качество. Быстрая доставка. Рекомендую продавца."},"feedback":{"positive":0,"voted":false},"product":{"id":"108498908","name":"Майка LARKO Мужская майка с эффектом сауны XXXXL, 5XL","categoryCode":"Master - Clothes for slimming","categoryName":"Одежда для похудения","link":"https://kaspi.kz/shop/p/maika-larko-muzhskaja-maika-s-effektom-sauny-xxxxl-5xl-108498908/"},"merchant":{"name":"LARKO","code":"14901053"},"editable":false,"editedByCustomer":false},{"id":"8a5ccd438a68b1b0018a6ac39b4d051f","author":"Амуджан","date":"13.09.2023","orderNumber":"271762630","rating":5,"comment":{"minus":"","plus":"","text":"Очень понравилась, через месяц сразу эффект был, спасибо, и курьер быстро доставил. "},"feedback":{"positive":1,"voted":false},"product":{"id":"108498908","name":"Майка LARKO Мужская майка с эффектом сауны XXXXL, 5XL","categoryCode":"Master - Clothes for slimming","categoryName":"Одежда для похудения","link":"https://kaspi.kz/shop/p/maika-larko-muzhskaja-maika-s-effektom-sauny-xxxxl-5xl-108498908/"},"merchant":{"name":"LARKO","code":"14901053"},"editable":false,"editedByCustomer":false},{"id":"8a5c735388adae3d018910f816220e70","author":"Ұлықбек","date":"05.07.2023","orderNumber":"263972879","rating":5,"comment":{"minus":"","plus":"Сапасы жақсы. ","text":"Уақытынан бұрын келді."},"feedback":{"positive":1,"voted":false},"product":{"id":"108498908","name":"Майка LARKO Мужская майка с эффектом сауны XXXXL, 5XL","categoryCode":"Master - Clothes for slimming","categoryName":"Одежда для похудения","link":"https://kaspi.kz/shop/p/maika-larko-muzhskaja-maika-s-effektom-sauny-xxxxl-5xl-108498908/"},"merchant":null,"editable":false,"editedByCustomer":false},{"id":"8a5cfe328874f945018895a8dc6368b6","author":"Диас","date":"15.06.2023","orderNumber":"259112446","rating":5,"comment":{"minus":"","plus":"Отлично подошло! Качество супер! Эффект сауны обеспечен! Советую!","text":"Доставили быстро, даже преждевременно."},"feedback":{"positive":4,"voted":false},"product":{"id":"108498908","name":"Майка LARKO Мужская майка с эффектом сауны XXXXL, 5XL","categoryCode":"Master - Clothes for slimming","categoryName":"Одежда для похудения","link":"https://kaspi.kz/shop/p/maika-larko-muzhskaja-maika-s-effektom-sauny-xxxxl-5xl-108498908/"},"merchant":null,"editable":false,"editedByCustomer":false},{"id":"8a5ccd558874f7750188aa3c01b22703","author":"Айгерим","date":"11.06.2023","orderNumber":"262795696","rating":5,"comment":{"minus":"","plus":"Очень классная майка оправдало  своё рекомендую всем","text":""},"feedback":{"positive":2,"voted":false},"product":{"id":"108498908","name":"Майка LARKO Мужская майка с эффектом сауны XXXXL, 5XL","categoryCode":"Master - Clothes for slimming","categoryName":"Одежда для похудения","link":"https://kaspi.kz/shop/p/maika-larko-muzhskaja-maika-s-effektom-sauny-xxxxl-5xl-108498908/"},"merchant":null,"editable":false,"editedByCustomer":false},{"id":"8a5c7373885098a9018850fe80600096","author":"Куаныш","date":"02.06.2023","orderNumber":"257757927","rating":5,"comment":{"minus":"","plus":"Соответствует заявленным параметрам.","text":""},"feedback":{"positive":2,"voted":false},"product":{"id":"108498908","name":"Майка LARKO Мужская майка с эффектом сауны XXXXL, 5XL","categoryCode":"Master - Clothes for slimming","categoryName":"Одежда для похудения","link":"https://kaspi.kz/shop/p/maika-larko-muzhskaja-maika-s-effektom-sauny-xxxxl-5xl-108498908/"},"merchant":null,"editable":false,"editedByCustomer":false},{"id":"8a5c11a18846479f01884e6bc0cf0dba","author":"Вадим","date":"02.06.2023","orderNumber":"260091482","rating":5,"comment":{"minus":"","plus":"Качество хорошее. Быстрая доставка. Товар получил раньше срока.","text":"На 54 размер села идеально."},"feedback":{"positive":2,"voted":false},"galleryImages":[{"id":"260091482-108498908/9e06edec-497d-4349-afd4-1821205281e0.jpg","small":"https://resources.cdn-kaspi.kz/img/p/r/260091482-108498908/9e06edec-497d-4349-afd4-1821205281e0.jpg?format=review_small","medium":"https://resources.cdn-kaspi.kz/img/p/r/260091482-108498908/9e06edec-497d-4349-afd4-1821205281e0.jpg?format=review_medium","large":"https://resources.cdn-kaspi.kz/img/p/r/260091482-108498908/9e06edec-497d-4349-afd4-1821205281e0.jpg?format=review_large"},{"id":"260091482-108498908/d5621fdb-0b22-45ae-b66c-98882d5ace89.jpg","small":"https://resources.cdn-kaspi.kz/img/p/r/260091482-108498908/d5621fdb-0b22-45ae-b66c-98882d5ace89.jpg?format=review_small","medium":"https://resources.cdn-kaspi.kz/img/p/r/260091482-108498908/d5621fdb-0b22-45ae-b66c-98882d5ace89.jpg?format=review_medium","large":"https://resources.cdn-kaspi.kz/img/p/r/260091482-108498908/d5621fdb-0b22-45ae-b66c-98882d5ace89.jpg?format=review_large"}],"product":{"id":"108498908","name":"Майка LARKO Мужская майка с эффектом сауны XXXXL, 5XL","categoryCode":"Master - Clothes for slimming","categoryName":"Одежда для похудения","link":"https://kaspi.kz/shop/p/maika-larko-muzhskaja-maika-s-effektom-sauny-xxxxl-5xl-108498908/"},"merchant":null,"editable":false,"editedByCustomer":false},{"id":"8a5c5ab887bee22301880e8ff39b2e97","author":"Эльмира","date":"12.05.2023","orderNumber":"258091524","rating":5,"comment":{"minus":"","plus":"Товар раньше срока получила, качество супер.","text":""},"feedback":{"positive":1,"voted":false},"product":{"id":"108498908","name":"Майка LARKO Мужская майка с эффектом сауны XXXXL, 5XL","categoryCode":"Master - Clothes for slimming","categoryName":"Одежда для похудения","link":"https://kaspi.kz/shop/p/maika-larko-muzhskaja-maika-s-effektom-sauny-xxxxl-5xl-108498908/"},"merchant":null,"editable":false,"editedByCustomer":false},{"id":"8a5c5ab887bee2230187f1c5435f6402","author":"Бисенгали","date":"06.05.2023","orderNumber":"257230926","rating":5,"comment":{"minus":"","plus":"Отлично смотрится.","text":"Классный."},"feedback":{"positive":1,"voted":false},"product":{"id":"108498908","name":"Майка LARKO Мужская майка с эффектом сауны XXXXL, 5XL","categoryCode":"Master - Clothes for slimming","categoryName":"Одежда для похудения","link":"https://kaspi.kz/shop/p/maika-larko-muzhskaja-maika-s-effektom-sauny-xxxxl-5xl-108498908/"},"merchant":null,"editable":false,"editedByCustomer":false},{"id":"8a5c5ab887bee2230187f172f5655ed7","author":"Шахида","date":"06.05.2023","orderNumber":"256684917","rating":5,"comment":{"minus":"","plus":"","text":"Отличная майка. На размер XXl село отлично. Быстрая доставка."},"feedback":{"positive":3,"voted":false},"product":{"id":"108498908","name":"Майка LARKO Мужская майка с эффектом сауны XXXXL, 5XL","categoryCode":"Master - Clothes for slimming","categoryName":"Одежда для похудения","link":"https://kaspi.kz/shop/p/maika-larko-muzhskaja-maika-s-effektom-sauny-xxxxl-5xl-108498908/"},"merchant":null,"editable":false,"editedByCustomer":false},{"id":"8a5c5ab887bee2230187dac26b684288","author":"Жасулан","date":"02.05.2023","orderNumber":"255965940","rating":5,"comment":{"minus":"Заказ бергенде 4-5хл беріңдер, а то болмай қалады, маломерка размер.","plus":"","text":"Доставка жақсы, молодец курьерлер. Доставка тез, рахмет! Майканы әлі залда кимедім."},"feedback":{"positive":2,"voted":false},"product":{"id":"108498908","name":"Майка LARKO Мужская майка с эффектом сауны XXXXL, 5XL","categoryCode":"Master - Clothes for slimming","categoryName":"Одежда для похудения","link":"https://kaspi.kz/shop/p/maika-larko-muzhskaja-maika-s-effektom-sauny-xxxxl-5xl-108498908/"},"merchant":null,"editable":false,"editedByCustomer":false},{"id":"8a5c3f2e865b252c018668cf57f42a06","author":"Наталья","date":"19.02.2023","orderNumber":"242222951","rating":5,"comment":{"minus":"","plus":"Классный эффект.","text":""},"feedback":{"positive":2,"voted":false},"product":{"id":"108498908","name":"Майка LARKO Мужская майка с эффектом сауны XXXXL, 5XL","categoryCode":"Master - Clothes for slimming","categoryName":"Одежда для похудения","link":"https://kaspi.kz/shop/p/maika-larko-muzhskaja-maika-s-effektom-sauny-xxxxl-5xl-108498908/"},"merchant":null,"editable":false,"editedByCustomer":false}]}