{"data":[{"id":"8a5c5fbf9618f3080196622ae3cb3e9b","author":"Алмажан","date":"23.04.2025","orderNumber":"536865802","rating":5,"comment":{"minus":"","plus":"","text":"Овощерезка соответствует описанию, будем дальше тестировать."},"feedback":{"positive":0,"voted":false},"product":{"id":"136423812","name":"LARKO + овощерезка MeatMaster 800 черный, серый","categoryCode":"Master - Meat grinders","categoryName":"Мясорубки","link":"https://kaspi.kz/shop/p/larko-ovoscherezka-meatmaster-800-chernyi-seryi-136423812/"},"merchant":{"name":"LARKO-KZ","code":"17629423"},"editable":false,"editedByCustomer":false},{"id":"8a5c02349618f32b019661dcabc13abe","author":"Жанат","date":"23.04.2025","orderNumber":"537503893","rating":5,"comment":{"minus":"","plus":"","text":"Хорошая мясорубка, помощник в кухне."},"feedback":{"positive":0,"voted":false},"product":{"id":"136423812","name":"LARKO + овощерезка MeatMaster 800 черный, серый","categoryCode":"Master - Meat grinders","categoryName":"Мясорубки","link":"https://kaspi.kz/shop/p/larko-ovoscherezka-meatmaster-800-chernyi-seryi-136423812/"},"merchant":{"name":"LARKO-KZ","code":"17629423"},"editable":false,"editedByCustomer":false},{"id":"8a5cb3c89618f393019661bfa9523c03","author":"Ермек","date":"23.04.2025","orderNumber":"536905070","rating":5,"comment":{"minus":"","plus":"","text":"Отличная мясорубка, мощная, быстрая и простая в использовании. Легко справляется с любым мясом, не шумит сильно и просто разбирается для мытья. Покупкой доволен, рекомендую!"},"feedback":{"positive":0,"voted":false},"product":{"id":"136423812","name":"LARKO + овощерезка MeatMaster 800 черный, серый","categoryCode":"Master - Meat grinders","categoryName":"Мясорубки","link":"https://kaspi.kz/shop/p/larko-ovoscherezka-meatmaster-800-chernyi-seryi-136423812/"},"merchant":{"name":"LARKO-KZ","code":"17629423"},"editable":false,"editedByCustomer":false},{"id":"8a5c5a82963235bc019661af6309411b","author":"Думан","date":"23.04.2025","orderNumber":"536920252","rating":5,"comment":{"minus":"","plus":"","text":"Бағасына сай, жақсы жұмыс істеп тұр."},"feedback":{"positive":0,"voted":false},"product":{"id":"136423812","name":"LARKO + овощерезка MeatMaster 800 черный, серый","categoryCode":"Master - Meat grinders","categoryName":"Мясорубки","link":"https://kaspi.kz/shop/p/larko-ovoscherezka-meatmaster-800-chernyi-seryi-136423812/"},"merchant":{"name":"LARKO-KZ","code":"17629423"},"editable":false,"editedByCustomer":false},{"id":"8a5cadc29618f2fa01965cff73d02841","author":"Асемай","date":"22.04.2025","orderNumber":"536880986","rating":5,"comment":{"minus":"","plus":"","text":"Классная мясорубка, больше не нужно покапать фарш."},"feedback":{"positive":0,"voted":false},"product":{"id":"136423812","name":"LARKO + овощерезка MeatMaster 800 черный, серый","categoryCode":"Master - Meat grinders","categoryName":"Мясорубки","link":"https://kaspi.kz/shop/p/larko-ovoscherezka-meatmaster-800-chernyi-seryi-136423812/"},"merchant":{"name":"LARKO-KZ","code":"17629423"},"editable":false,"editedByCustomer":false},{"id":"8a5cfab59641b76901965cafc3956a77","author":"Гульмира","date":"22.04.2025","orderNumber":"536945964","rating":5,"comment":{"minus":"","plus":"","text":"Покупала для себя мясорубку шикарная, мне очень понравилась, нож острый, овощерезка суперская, советую, я довольна покупкой."},"feedback":{"positive":1,"voted":false},"product":{"id":"136423812","name":"LARKO + овощерезка MeatMaster 800 черный, серый","categoryCode":"Master - Meat grinders","categoryName":"Мясорубки","link":"https://kaspi.kz/shop/p/larko-ovoscherezka-meatmaster-800-chernyi-seryi-136423812/"},"merchant":{"name":"LARKO-KZ","code":"17629423"},"editable":false,"editedByCustomer":false},{"id":"8a5c1cad9618f31201965ca38320287c","author":"Зарина","date":"22.04.2025","orderNumber":"536843158","rating":5,"comment":{"minus":"","plus":"","text":"Мясорубка-овощерезка 2 в 1 просто находка лезвия острые, насадки меняются легко, очищать и мыть не затруднительно. Доставка была своевременно, хорошо упакованным. Подарю такой же маме. К покупке рекомендую."},"feedback":{"positive":0,"voted":false},"product":{"id":"136423812","name":"LARKO + овощерезка MeatMaster 800 черный, серый","categoryCode":"Master - Meat grinders","categoryName":"Мясорубки","link":"https://kaspi.kz/shop/p/larko-ovoscherezka-meatmaster-800-chernyi-seryi-136423812/"},"merchant":{"name":"LARKO-KZ","code":"17629423"},"editable":false,"editedByCustomer":false},{"id":"8a5c1cad9618f31201963dd92d442d7d","author":"Аида","date":"16.04.2025","orderNumber":"532866098","rating":5,"comment":{"minus":"","plus":"","text":"Мясорубкой довольна, цена и качество соответствует. Довольна покупкой, спасибо магазину за оперативную доставку, все на высшем уровне."},"feedback":{"positive":0,"voted":false},"product":{"id":"136423812","name":"LARKO + овощерезка MeatMaster 800 черный, серый","categoryCode":"Master - Meat grinders","categoryName":"Мясорубки","link":"https://kaspi.kz/shop/p/larko-ovoscherezka-meatmaster-800-chernyi-seryi-136423812/"},"merchant":{"name":"LARKO-KZ","code":"17629423"},"editable":false,"editedByCustomer":false},{"id":"8a5c1cad9618f31201963d0c0c5b29f1","author":"Руслан","date":"16.04.2025","orderNumber":"532953849","rating":5,"comment":{"minus":"","plus":"","text":"Очень хорошая мясорубка, советую все покупать. Цена и качество соответствуют. Покупкой очень доволен, 10 из 10."},"feedback":{"positive":0,"voted":false},"product":{"id":"136423812","name":"LARKO + овощерезка MeatMaster 800 черный, серый","categoryCode":"Master - Meat grinders","categoryName":"Мясорубки","link":"https://kaspi.kz/shop/p/larko-ovoscherezka-meatmaster-800-chernyi-seryi-136423812/"},"merchant":{"name":"LARKO-KZ","code":"17629423"},"editable":false,"editedByCustomer":false},{"id":"8a5c5a82963235bc01963cac09fe2d92","author":"Асель","date":"16.04.2025","orderNumber":"532872203","rating":5,"comment":{"minus":"","plus":"","text":"Хорошая мясорубка. Со своей задачей справляется. Не первый раз заказываю у этого продавца, всегда чётко и доставка вовремя."},"feedback":{"positive":0,"voted":false},"product":{"id":"136423812","name":"LARKO + овощерезка MeatMaster 800 черный, серый","categoryCode":"Master - Meat grinders","categoryName":"Мясорубки","link":"https://kaspi.kz/shop/p/larko-ovoscherezka-meatmaster-800-chernyi-seryi-136423812/"},"merchant":{"name":"LARKO-KZ","code":"17629423"},"editable":false,"editedByCustomer":false}]}