{"data":[{"id":"8a5cfab59641b7690196522082eb4022","author":"Мадина","date":"20.04.2025","orderNumber":"535770711","rating":5,"comment":{"minus":"","plus":"","text":"Бандаж нам очень понравился, удобный, стильный, не жмут и цена очень низкая и доставили раньше срока, спасибо большое продавцу и Каспи."},"feedback":{"positive":0,"voted":false},"product":{"id":"116233132","name":"LARKO Бандаж лучезапястный Фиксатор кисти руки 19-21,5 см бандаж на лучезапястный сустав черный размер универсальный","categoryCode":"Master - Bandages and orthoses","categoryName":"Бандажи и ортезы","link":"https://kaspi.kz/shop/p/larko-bandazh-luchezapjastnyi-fiksator-kisti-ruki-19-21-5-sm-bandazh-na-luchezapjastnyi-sustav-chernyi-razmer-universal-nyi-116233132/"},"merchant":{"name":"LARKO-KZ","code":"17629423"},"editable":false,"editedByCustomer":false},{"id":"8a5c30729618f3d2019643dbff0f4826","author":"Маргарита","date":"17.04.2025","orderNumber":"534067449","rating":5,"comment":{"minus":"","plus":"","text":"Очень удобный, нашла то, что надо. Спасибо продавцу. Доставка супер быстрая."},"feedback":{"positive":0,"voted":false},"galleryImages":[{"id":"534067449-116233132/f0278497-b85e-4771-a9e3-d0c229597b65.jpeg","small":"https://resources.cdn-kaspi.kz/img/p/r/534067449-116233132/f0278497-b85e-4771-a9e3-d0c229597b65.jpeg?format=review_small","medium":"https://resources.cdn-kaspi.kz/img/p/r/534067449-116233132/f0278497-b85e-4771-a9e3-d0c229597b65.jpeg?format=review_medium","large":"https://resources.cdn-kaspi.kz/img/p/r/534067449-116233132/f0278497-b85e-4771-a9e3-d0c229597b65.jpeg?format=review_large"},{"id":"534067449-116233132/db8621aa-1846-4f48-8ad7-ec4ba0e18e33.jpeg","small":"https://resources.cdn-kaspi.kz/img/p/r/534067449-116233132/db8621aa-1846-4f48-8ad7-ec4ba0e18e33.jpeg?format=review_small","medium":"https://resources.cdn-kaspi.kz/img/p/r/534067449-116233132/db8621aa-1846-4f48-8ad7-ec4ba0e18e33.jpeg?format=review_medium","large":"https://resources.cdn-kaspi.kz/img/p/r/534067449-116233132/db8621aa-1846-4f48-8ad7-ec4ba0e18e33.jpeg?format=review_large"}],"product":{"id":"116233132","name":"LARKO Бандаж лучезапястный Фиксатор кисти руки 19-21,5 см бандаж на лучезапястный сустав черный размер универсальный","categoryCode":"Master - Bandages and orthoses","categoryName":"Бандажи и ортезы","link":"https://kaspi.kz/shop/p/larko-bandazh-luchezapjastnyi-fiksator-kisti-ruki-19-21-5-sm-bandazh-na-luchezapjastnyi-sustav-chernyi-razmer-universal-nyi-116233132/"},"merchant":{"name":"LARKO-KZ","code":"17629423"},"editable":false,"editedByCustomer":false},{"id":"8a5cb3c89618f39301963ab3196b260f","author":"Марина","date":"15.04.2025","orderNumber":"530351897","rating":5,"comment":{"minus":"","plus":"","text":"Очень понравился и цена хорошая. Спасибо магазин LARKO."},"feedback":{"positive":0,"voted":false},"product":{"id":"116233132","name":"LARKO Бандаж лучезапястный Фиксатор кисти руки 19-21,5 см бандаж на лучезапястный сустав черный размер универсальный","categoryCode":"Master - Bandages and orthoses","categoryName":"Бандажи и ортезы","link":"https://kaspi.kz/shop/p/larko-bandazh-luchezapjastnyi-fiksator-kisti-ruki-19-21-5-sm-bandazh-na-luchezapjastnyi-sustav-chernyi-razmer-universal-nyi-116233132/"},"merchant":{"name":"LARKO-KZ","code":"17629423"},"editable":false,"editedByCustomer":false},{"id":"8a5c8202963240e40196347197300d86","author":"Нұрсұлу","date":"14.04.2025","orderNumber":"532333792","rating":5,"comment":{"minus":"","plus":"","text":"Отличная цена, быстро пришел, хорошо держится."},"feedback":{"positive":0,"voted":false},"product":{"id":"116233132","name":"LARKO Бандаж лучезапястный Фиксатор кисти руки 19-21,5 см бандаж на лучезапястный сустав черный размер универсальный","categoryCode":"Master - Bandages and orthoses","categoryName":"Бандажи и ортезы","link":"https://kaspi.kz/shop/p/larko-bandazh-luchezapjastnyi-fiksator-kisti-ruki-19-21-5-sm-bandazh-na-luchezapjastnyi-sustav-chernyi-razmer-universal-nyi-116233132/"},"merchant":{"name":"LARKO-KZ","code":"17629423"},"editable":false,"editedByCustomer":false},{"id":"8a5c1df096325a38019633ee92bc08f6","author":"Гулнар","date":"14.04.2025","orderNumber":"530669843","rating":5,"comment":{"minus":"","plus":"","text":"Товар пришёл вовремя. Спасибо продавцу и Каспи."},"feedback":{"positive":0,"voted":false},"product":{"id":"116233132","name":"LARKO Бандаж лучезапястный Фиксатор кисти руки 19-21,5 см бандаж на лучезапястный сустав черный размер универсальный","categoryCode":"Master - Bandages and orthoses","categoryName":"Бандажи и ортезы","link":"https://kaspi.kz/shop/p/larko-bandazh-luchezapjastnyi-fiksator-kisti-ruki-19-21-5-sm-bandazh-na-luchezapjastnyi-sustav-chernyi-razmer-universal-nyi-116233132/"},"merchant":{"name":"LARKO-KZ","code":"17629423"},"editable":false,"editedByCustomer":false},{"id":"8a5c1cad9618f31201962fd08929760d","author":"Айгерім","date":"13.04.2025","orderNumber":"530428782","rating":5,"comment":{"minus":"","plus":"","text":"Бандаж күшті келді. Размер дәл келді."},"feedback":{"positive":0,"voted":false},"product":{"id":"116233132","name":"LARKO Бандаж лучезапястный Фиксатор кисти руки 19-21,5 см бандаж на лучезапястный сустав черный размер универсальный","categoryCode":"Master - Bandages and orthoses","categoryName":"Бандажи и ортезы","link":"https://kaspi.kz/shop/p/larko-bandazh-luchezapjastnyi-fiksator-kisti-ruki-19-21-5-sm-bandazh-na-luchezapjastnyi-sustav-chernyi-razmer-universal-nyi-116233132/"},"merchant":{"name":"LARKO-KZ","code":"17629423"},"editable":false,"editedByCustomer":false},{"id":"8a5c1de8962413ca019624bfbe8004a9","author":"Виталий","date":"11.04.2025","orderNumber":"528840748","rating":5,"comment":{"minus":"","plus":"","text":"Отличный фиксатор. Взял после перелома."},"feedback":{"positive":0,"voted":false},"product":{"id":"116233132","name":"LARKO Бандаж лучезапястный Фиксатор кисти руки 19-21,5 см бандаж на лучезапястный сустав черный размер универсальный","categoryCode":"Master - Bandages and orthoses","categoryName":"Бандажи и ортезы","link":"https://kaspi.kz/shop/p/larko-bandazh-luchezapjastnyi-fiksator-kisti-ruki-19-21-5-sm-bandazh-na-luchezapjastnyi-sustav-chernyi-razmer-universal-nyi-116233132/"},"merchant":{"name":"LARKO-KZ","code":"17629423"},"editable":false,"editedByCustomer":false},{"id":"8a5c02349618f32b0196248625d24450","author":"Талгат","date":"11.04.2025","orderNumber":"530978644","rating":5,"comment":{"minus":"","plus":"","text":"Хорошее качество, но немного великоват. Утягивающая лента наоборот немного узковата."},"feedback":{"positive":0,"voted":false},"product":{"id":"116233132","name":"LARKO Бандаж лучезапястный Фиксатор кисти руки 19-21,5 см бандаж на лучезапястный сустав черный размер универсальный","categoryCode":"Master - Bandages and orthoses","categoryName":"Бандажи и ортезы","link":"https://kaspi.kz/shop/p/larko-bandazh-luchezapjastnyi-fiksator-kisti-ruki-19-21-5-sm-bandazh-na-luchezapjastnyi-sustav-chernyi-razmer-universal-nyi-116233132/"},"merchant":{"name":"LARKO-KZ","code":"17629423"},"editable":false,"editedByCustomer":false},{"id":"8a5c02349618f32b01961a2419ac0aea","author":"Дана","date":"09.04.2025","orderNumber":"529389501","rating":5,"comment":{"minus":"","plus":"","text":"Бандаж хорошего качества. Отлично фиксирует кисть. Спасибо за оперативность!"},"feedback":{"positive":0,"voted":false},"galleryImages":[{"id":"529389501-116233132/bb077b50-b6d9-4662-9849-413fd0465a12.jpeg","small":"https://resources.cdn-kaspi.kz/img/p/r/529389501-116233132/bb077b50-b6d9-4662-9849-413fd0465a12.jpeg?format=review_small","medium":"https://resources.cdn-kaspi.kz/img/p/r/529389501-116233132/bb077b50-b6d9-4662-9849-413fd0465a12.jpeg?format=review_medium","large":"https://resources.cdn-kaspi.kz/img/p/r/529389501-116233132/bb077b50-b6d9-4662-9849-413fd0465a12.jpeg?format=review_large"}],"product":{"id":"116233132","name":"LARKO Бандаж лучезапястный Фиксатор кисти руки 19-21,5 см бандаж на лучезапястный сустав черный размер универсальный","categoryCode":"Master - Bandages and orthoses","categoryName":"Бандажи и ортезы","link":"https://kaspi.kz/shop/p/larko-bandazh-luchezapjastnyi-fiksator-kisti-ruki-19-21-5-sm-bandazh-na-luchezapjastnyi-sustav-chernyi-razmer-universal-nyi-116233132/"},"merchant":{"name":"LARKO-KZ","code":"17629423"},"editable":false,"editedByCustomer":false},{"id":"8a5c119295f5262c0196107cbe137b95","author":"Еркен","date":"07.04.2025","orderNumber":"526327908","rating":5,"comment":{"minus":"","plus":"","text":"Отличный бандаж, рекомендую."},"feedback":{"positive":0,"voted":false},"galleryImages":[{"id":"526327908-116233132/ab8e77fe-11bd-463e-966a-c447de5b933c.jpeg","small":"https://resources.cdn-kaspi.kz/img/p/r/526327908-116233132/ab8e77fe-11bd-463e-966a-c447de5b933c.jpeg?format=review_small","medium":"https://resources.cdn-kaspi.kz/img/p/r/526327908-116233132/ab8e77fe-11bd-463e-966a-c447de5b933c.jpeg?format=review_medium","large":"https://resources.cdn-kaspi.kz/img/p/r/526327908-116233132/ab8e77fe-11bd-463e-966a-c447de5b933c.jpeg?format=review_large"}],"product":{"id":"116233132","name":"LARKO Бандаж лучезапястный Фиксатор кисти руки 19-21,5 см бандаж на лучезапястный сустав черный размер универсальный","categoryCode":"Master - Bandages and orthoses","categoryName":"Бандажи и ортезы","link":"https://kaspi.kz/shop/p/larko-bandazh-luchezapjastnyi-fiksator-kisti-ruki-19-21-5-sm-bandazh-na-luchezapjastnyi-sustav-chernyi-razmer-universal-nyi-116233132/"},"merchant":{"name":"LARKO-KZ","code":"17629423"},"editable":false,"editedByCustomer":false},{"id":"8a5c820c960e3e0f01960fa5f0830622","author":"Гульвира","date":"07.04.2025","orderNumber":"526196604","rating":5,"comment":{"minus":"","plus":"","text":"Отличный бандаж, сыну понравился, удобный в общем то, что нужно было, спасибо большое за доставку и качественный товар."},"feedback":{"positive":0,"voted":false},"galleryImages":[{"id":"526196604-116233132/ea96648f-27c8-419f-a3da-86664e16ff93.jpeg","small":"https://resources.cdn-kaspi.kz/img/p/r/526196604-116233132/ea96648f-27c8-419f-a3da-86664e16ff93.jpeg?format=review_small","medium":"https://resources.cdn-kaspi.kz/img/p/r/526196604-116233132/ea96648f-27c8-419f-a3da-86664e16ff93.jpeg?format=review_medium","large":"https://resources.cdn-kaspi.kz/img/p/r/526196604-116233132/ea96648f-27c8-419f-a3da-86664e16ff93.jpeg?format=review_large"}],"product":{"id":"116233132","name":"LARKO Бандаж лучезапястный Фиксатор кисти руки 19-21,5 см бандаж на лучезапястный сустав черный размер универсальный","categoryCode":"Master - Bandages and orthoses","categoryName":"Бандажи и ортезы","link":"https://kaspi.kz/shop/p/larko-bandazh-luchezapjastnyi-fiksator-kisti-ruki-19-21-5-sm-bandazh-na-luchezapjastnyi-sustav-chernyi-razmer-universal-nyi-116233132/"},"merchant":{"name":"LARKO-KZ","code":"17629423"},"editable":false,"editedByCustomer":false},{"id":"8a5c8201960532e30196066a8147090b","author":"Мухтар","date":"05.04.2025","orderNumber":"525629369","rating":5,"comment":{"minus":"","plus":"","text":"Отличный бандаж регулируется и держит там где нужно, рекомендую! Спасибо продавцу LARKO-KZ за отличный товар!"},"feedback":{"positive":0,"voted":false},"galleryImages":[{"id":"525629369-116233132/41e7d65e-13c0-4244-852e-d113d1ebec47.jpeg","small":"https://resources.cdn-kaspi.kz/img/p/r/525629369-116233132/41e7d65e-13c0-4244-852e-d113d1ebec47.jpeg?format=review_small","medium":"https://resources.cdn-kaspi.kz/img/p/r/525629369-116233132/41e7d65e-13c0-4244-852e-d113d1ebec47.jpeg?format=review_medium","large":"https://resources.cdn-kaspi.kz/img/p/r/525629369-116233132/41e7d65e-13c0-4244-852e-d113d1ebec47.jpeg?format=review_large"}],"product":{"id":"116233132","name":"LARKO Бандаж лучезапястный Фиксатор кисти руки 19-21,5 см бандаж на лучезапястный сустав черный размер универсальный","categoryCode":"Master - Bandages and orthoses","categoryName":"Бандажи и ортезы","link":"https://kaspi.kz/shop/p/larko-bandazh-luchezapjastnyi-fiksator-kisti-ruki-19-21-5-sm-bandazh-na-luchezapjastnyi-sustav-chernyi-razmer-universal-nyi-116233132/"},"merchant":{"name":"LARKO-KZ","code":"17629423"},"editable":false,"editedByCustomer":false},{"id":"8a5c251a95f526360196063c18a052ef","author":"Зухра","date":"05.04.2025","orderNumber":"524808787","rating":4,"comment":{"minus":"","plus":"","text":"Очень удобно после гипса, качество супер, спасибо большое."},"feedback":{"positive":0,"voted":false},"galleryImages":[{"id":"524808787-116233132/8546549c-7544-44fa-84c7-fe6a177c0fdd.jpeg","small":"https://resources.cdn-kaspi.kz/img/p/r/524808787-116233132/8546549c-7544-44fa-84c7-fe6a177c0fdd.jpeg?format=review_small","medium":"https://resources.cdn-kaspi.kz/img/p/r/524808787-116233132/8546549c-7544-44fa-84c7-fe6a177c0fdd.jpeg?format=review_medium","large":"https://resources.cdn-kaspi.kz/img/p/r/524808787-116233132/8546549c-7544-44fa-84c7-fe6a177c0fdd.jpeg?format=review_large"},{"id":"524808787-116233132/22adc839-5123-4f2b-af0e-77d625dd921e.jpeg","small":"https://resources.cdn-kaspi.kz/img/p/r/524808787-116233132/22adc839-5123-4f2b-af0e-77d625dd921e.jpeg?format=review_small","medium":"https://resources.cdn-kaspi.kz/img/p/r/524808787-116233132/22adc839-5123-4f2b-af0e-77d625dd921e.jpeg?format=review_medium","large":"https://resources.cdn-kaspi.kz/img/p/r/524808787-116233132/22adc839-5123-4f2b-af0e-77d625dd921e.jpeg?format=review_large"}],"product":{"id":"116233132","name":"LARKO Бандаж лучезапястный Фиксатор кисти руки 19-21,5 см бандаж на лучезапястный сустав черный размер универсальный","categoryCode":"Master - Bandages and orthoses","categoryName":"Бандажи и ортезы","link":"https://kaspi.kz/shop/p/larko-bandazh-luchezapjastnyi-fiksator-kisti-ruki-19-21-5-sm-bandazh-na-luchezapjastnyi-sustav-chernyi-razmer-universal-nyi-116233132/"},"merchant":{"name":"LARKO-KZ","code":"17629423"},"editable":false,"editedByCustomer":false},{"id":"8a5c983a95f52634019605e4dd4a5081","author":"Бақдәулет","date":"05.04.2025","orderNumber":"525774195","rating":4,"comment":{"minus":"","plus":"","text":"Товар размером больше. Но в целом хорош."},"feedback":{"positive":1,"voted":false},"product":{"id":"116233132","name":"LARKO Бандаж лучезапястный Фиксатор кисти руки 19-21,5 см бандаж на лучезапястный сустав черный размер универсальный","categoryCode":"Master - Bandages and orthoses","categoryName":"Бандажи и ортезы","link":"https://kaspi.kz/shop/p/larko-bandazh-luchezapjastnyi-fiksator-kisti-ruki-19-21-5-sm-bandazh-na-luchezapjastnyi-sustav-chernyi-razmer-universal-nyi-116233132/"},"merchant":{"name":"LARKO-KZ","code":"17629423"},"editable":false,"editedByCustomer":false},{"id":"8a5ce3db95acfd640195e8d0fe1f3718","author":"Павел","date":"31.03.2025","orderNumber":"522631685","rating":5,"comment":{"minus":"","plus":"","text":"Бондаж классный. Дочери очень понравился."},"feedback":{"positive":0,"voted":false},"product":{"id":"116233132","name":"LARKO Бандаж лучезапястный Фиксатор кисти руки 19-21,5 см бандаж на лучезапястный сустав черный размер универсальный","categoryCode":"Master - Bandages and orthoses","categoryName":"Бандажи и ортезы","link":"https://kaspi.kz/shop/p/larko-bandazh-luchezapjastnyi-fiksator-kisti-ruki-19-21-5-sm-bandazh-na-luchezapjastnyi-sustav-chernyi-razmer-universal-nyi-116233132/"},"merchant":{"name":"LARKO-KZ","code":"17629423"},"editable":false,"editedByCustomer":false},{"id":"8a5c405695d51bda0195e1a884723b05","author":"Абзал","date":"29.03.2025","orderNumber":"520971428","rating":5,"comment":{"minus":"","plus":"","text":"Немного большой, висит возле области ладони."},"feedback":{"positive":0,"voted":false},"galleryImages":[{"id":"520971428-116233132/bab705a1-5fcc-41bd-811f-d13680bf96aa.jpeg","small":"https://resources.cdn-kaspi.kz/img/p/r/520971428-116233132/bab705a1-5fcc-41bd-811f-d13680bf96aa.jpeg?format=review_small","medium":"https://resources.cdn-kaspi.kz/img/p/r/520971428-116233132/bab705a1-5fcc-41bd-811f-d13680bf96aa.jpeg?format=review_medium","large":"https://resources.cdn-kaspi.kz/img/p/r/520971428-116233132/bab705a1-5fcc-41bd-811f-d13680bf96aa.jpeg?format=review_large"}],"product":{"id":"116233132","name":"LARKO Бандаж лучезапястный Фиксатор кисти руки 19-21,5 см бандаж на лучезапястный сустав черный размер универсальный","categoryCode":"Master - Bandages and orthoses","categoryName":"Бандажи и ортезы","link":"https://kaspi.kz/shop/p/larko-bandazh-luchezapjastnyi-fiksator-kisti-ruki-19-21-5-sm-bandazh-na-luchezapjastnyi-sustav-chernyi-razmer-universal-nyi-116233132/"},"merchant":{"name":"LARKO-KZ","code":"17629423"},"editable":false,"editedByCustomer":false},{"id":"8a5c621095caf9cc0195cc28167f02ae","author":"Бекзат","date":"25.03.2025","orderNumber":"519469528","rating":5,"comment":{"minus":"","plus":"","text":"Все как на фото, комфортно сидит, материал плотный хороший, продавец LARKO-KZ."},"feedback":{"positive":0,"voted":false},"galleryImages":[{"id":"519469528-116233132/2aaf4ef0-2ca9-46cd-b934-27f5c626bac1.jpeg","small":"https://resources.cdn-kaspi.kz/img/p/r/519469528-116233132/2aaf4ef0-2ca9-46cd-b934-27f5c626bac1.jpeg?format=review_small","medium":"https://resources.cdn-kaspi.kz/img/p/r/519469528-116233132/2aaf4ef0-2ca9-46cd-b934-27f5c626bac1.jpeg?format=review_medium","large":"https://resources.cdn-kaspi.kz/img/p/r/519469528-116233132/2aaf4ef0-2ca9-46cd-b934-27f5c626bac1.jpeg?format=review_large"},{"id":"519469528-116233132/fc5a8972-64c1-4a86-b796-c3e6cf48dbc4.jpeg","small":"https://resources.cdn-kaspi.kz/img/p/r/519469528-116233132/fc5a8972-64c1-4a86-b796-c3e6cf48dbc4.jpeg?format=review_small","medium":"https://resources.cdn-kaspi.kz/img/p/r/519469528-116233132/fc5a8972-64c1-4a86-b796-c3e6cf48dbc4.jpeg?format=review_medium","large":"https://resources.cdn-kaspi.kz/img/p/r/519469528-116233132/fc5a8972-64c1-4a86-b796-c3e6cf48dbc4.jpeg?format=review_large"},{"id":"519469528-116233132/3b26cc88-bc47-437b-b37f-338af209582e.jpeg","small":"https://resources.cdn-kaspi.kz/img/p/r/519469528-116233132/3b26cc88-bc47-437b-b37f-338af209582e.jpeg?format=review_small","medium":"https://resources.cdn-kaspi.kz/img/p/r/519469528-116233132/3b26cc88-bc47-437b-b37f-338af209582e.jpeg?format=review_medium","large":"https://resources.cdn-kaspi.kz/img/p/r/519469528-116233132/3b26cc88-bc47-437b-b37f-338af209582e.jpeg?format=review_large"}],"product":{"id":"116233132","name":"LARKO Бандаж лучезапястный Фиксатор кисти руки 19-21,5 см бандаж на лучезапястный сустав черный размер универсальный","categoryCode":"Master - Bandages and orthoses","categoryName":"Бандажи и ортезы","link":"https://kaspi.kz/shop/p/larko-bandazh-luchezapjastnyi-fiksator-kisti-ruki-19-21-5-sm-bandazh-na-luchezapjastnyi-sustav-chernyi-razmer-universal-nyi-116233132/"},"merchant":{"name":"LARKO-KZ","code":"17629423"},"editable":false,"editedByCustomer":false},{"id":"8a5cf33195acfd0d0195c843decf1b9d","author":"Павел","date":"24.03.2025","orderNumber":"519078923","rating":5,"comment":{"minus":"","plus":"","text":"Товар очень хороший."},"feedback":{"positive":0,"voted":false},"product":{"id":"116233132","name":"LARKO Бандаж лучезапястный Фиксатор кисти руки 19-21,5 см бандаж на лучезапястный сустав черный размер универсальный","categoryCode":"Master - Bandages and orthoses","categoryName":"Бандажи и ортезы","link":"https://kaspi.kz/shop/p/larko-bandazh-luchezapjastnyi-fiksator-kisti-ruki-19-21-5-sm-bandazh-na-luchezapjastnyi-sustav-chernyi-razmer-universal-nyi-116233132/"},"merchant":{"name":"LARKO-KZ","code":"17629423"},"editable":false,"editedByCustomer":false},{"id":"8a5c580695acfd8b0195c72390b91328","author":"Екатерина","date":"24.03.2025","orderNumber":"515372532","rating":2,"comment":{"minus":"","plus":"","text":"Не подошёл, размер далеко не универсальный, хотя рука 19 см, почему не пишите что на худую женскую руку большой! Зря только деньги потратила."},"feedback":{"positive":2,"voted":false},"product":{"id":"116233132","name":"LARKO Бандаж лучезапястный Фиксатор кисти руки 19-21,5 см бандаж на лучезапястный сустав черный размер универсальный","categoryCode":"Master - Bandages and orthoses","categoryName":"Бандажи и ортезы","link":"https://kaspi.kz/shop/p/larko-bandazh-luchezapjastnyi-fiksator-kisti-ruki-19-21-5-sm-bandazh-na-luchezapjastnyi-sustav-chernyi-razmer-universal-nyi-116233132/"},"merchant":{"name":"LARKO-KZ","code":"17629423"},"editable":false,"editedByCustomer":false},{"id":"8a5cba5a95acfcd60195b389405433f0","author":"Татьяна","date":"20.03.2025","orderNumber":"517182545","rating":5,"comment":{"minus":"","plus":"","text":"Заказывала бандаж на руку, спасибо, пришел в назначенный срок. Бандаж точно по размеру сделан очень аккуратно и качественно. Советую."},"feedback":{"positive":0,"voted":false},"product":{"id":"116233132","name":"LARKO Бандаж лучезапястный Фиксатор кисти руки 19-21,5 см бандаж на лучезапястный сустав черный размер универсальный","categoryCode":"Master - Bandages and orthoses","categoryName":"Бандажи и ортезы","link":"https://kaspi.kz/shop/p/larko-bandazh-luchezapjastnyi-fiksator-kisti-ruki-19-21-5-sm-bandazh-na-luchezapjastnyi-sustav-chernyi-razmer-universal-nyi-116233132/"},"merchant":{"name":"LARKO-KZ","code":"17629423"},"editable":false,"editedByCustomer":false},{"id":"8a5c0416954a43db019551c260e4237a","author":"Нұрасыл","date":"01.03.2025","orderNumber":"506270307","rating":5,"comment":{"minus":"","plus":"","text":"Покупал для мамы. Очень удобная и практичная. Отдельно спасибо за быструю доставку. Всем советую."},"feedback":{"positive":0,"voted":false},"product":{"id":"116233132","name":"LARKO Бандаж лучезапястный Фиксатор кисти руки 19-21,5 см бандаж на лучезапястный сустав черный размер универсальный","categoryCode":"Master - Bandages and orthoses","categoryName":"Бандажи и ортезы","link":"https://kaspi.kz/shop/p/larko-bandazh-luchezapjastnyi-fiksator-kisti-ruki-19-21-5-sm-bandazh-na-luchezapjastnyi-sustav-chernyi-razmer-universal-nyi-116233132/"},"merchant":{"name":"LARKO-KZ","code":"17629423"},"editable":false,"editedByCustomer":false},{"id":"8a5c55509536761901953896e0e11d1c","author":"Жулдызхан","date":"25.02.2025","orderNumber":"501129827","rating":5,"comment":{"minus":"","plus":"","text":"Удобные, очень аккуратные."},"feedback":{"positive":0,"voted":false},"product":{"id":"116233132","name":"LARKO Бандаж лучезапястный Фиксатор кисти руки 19-21,5 см бандаж на лучезапястный сустав черный размер универсальный","categoryCode":"Master - Bandages and orthoses","categoryName":"Бандажи и ортезы","link":"https://kaspi.kz/shop/p/larko-bandazh-luchezapjastnyi-fiksator-kisti-ruki-19-21-5-sm-bandazh-na-luchezapjastnyi-sustav-chernyi-razmer-universal-nyi-116233132/"},"merchant":{"name":"LARKO-KZ","code":"17629423"},"editable":false,"editedByCustomer":false},{"id":"8a5cfa9394ab5d680194caff6f672fc4","author":"Альфия","date":"03.02.2025","orderNumber":"490004054","rating":5,"comment":{"minus":"","plus":"","text":"Бандаж размері дәл келді, качество супер, өте ыңғайлы."},"feedback":{"positive":0,"voted":false},"product":{"id":"116233132","name":"LARKO Бандаж лучезапястный Фиксатор кисти руки 19-21,5 см бандаж на лучезапястный сустав черный размер универсальный","categoryCode":"Master - Bandages and orthoses","categoryName":"Бандажи и ортезы","link":"https://kaspi.kz/shop/p/larko-bandazh-luchezapjastnyi-fiksator-kisti-ruki-19-21-5-sm-bandazh-na-luchezapjastnyi-sustav-chernyi-razmer-universal-nyi-116233132/"},"merchant":{"name":"LARKO-KZ","code":"17629423"},"editable":false,"editedByCustomer":false},{"id":"8a5cd25a94ab5c3d0194ac3303ce0148","author":"Марина","date":"28.01.2025","orderNumber":"482960555","rating":5,"comment":{"minus":"","plus":"","text":"Всем огромное огромное спасибо за товар."},"feedback":{"positive":0,"voted":false},"product":{"id":"116233132","name":"LARKO Бандаж лучезапястный Фиксатор кисти руки 19-21,5 см бандаж на лучезапястный сустав черный размер универсальный","categoryCode":"Master - Bandages and orthoses","categoryName":"Бандажи и ортезы","link":"https://kaspi.kz/shop/p/larko-bandazh-luchezapjastnyi-fiksator-kisti-ruki-19-21-5-sm-bandazh-na-luchezapjastnyi-sustav-chernyi-razmer-universal-nyi-116233132/"},"merchant":{"name":"LARKO-KZ","code":"17629423"},"editable":false,"editedByCustomer":false},{"id":"8a5cfe329468759301949317280940b1","author":"Гульжан","date":"23.01.2025","orderNumber":"482084853","rating":5,"comment":{"minus":"","plus":"","text":"Керемет баклажан екен! Қатты ұнады! Ыңғайлы екен!."},"feedback":{"positive":1,"voted":false},"product":{"id":"116233132","name":"LARKO Бандаж лучезапястный Фиксатор кисти руки 19-21,5 см бандаж на лучезапястный сустав черный размер универсальный","categoryCode":"Master - Bandages and orthoses","categoryName":"Бандажи и ортезы","link":"https://kaspi.kz/shop/p/larko-bandazh-luchezapjastnyi-fiksator-kisti-ruki-19-21-5-sm-bandazh-na-luchezapjastnyi-sustav-chernyi-razmer-universal-nyi-116233132/"},"merchant":{"name":"LARKO-KZ","code":"17629423"},"editable":false,"editedByCustomer":false},{"id":"8a5c0cd09468758401948e4ddda13af3","author":"Айдос","date":"22.01.2025","orderNumber":"481955994","rating":5,"comment":{"minus":"","plus":"","text":"Бандаж хороший. Удобная лента фиксации на липучке. Цвет не броский. Советую к покупке."},"feedback":{"positive":0,"voted":false},"product":{"id":"116233132","name":"LARKO Бандаж лучезапястный Фиксатор кисти руки 19-21,5 см бандаж на лучезапястный сустав черный размер универсальный","categoryCode":"Master - Bandages and orthoses","categoryName":"Бандажи и ортезы","link":"https://kaspi.kz/shop/p/larko-bandazh-luchezapjastnyi-fiksator-kisti-ruki-19-21-5-sm-bandazh-na-luchezapjastnyi-sustav-chernyi-razmer-universal-nyi-116233132/"},"merchant":{"name":"LARKO-KZ","code":"17629423"},"editable":false,"editedByCustomer":false},{"id":"8a5c0cd094687584019484d4b7452fd0","author":"Александра","date":"20.01.2025","orderNumber":"482121415","rating":5,"comment":{"minus":"","plus":"","text":"Жалко, не подошёл по размеру. Большой оказался."},"feedback":{"positive":0,"voted":false},"product":{"id":"116233132","name":"LARKO Бандаж лучезапястный Фиксатор кисти руки 19-21,5 см бандаж на лучезапястный сустав черный размер универсальный","categoryCode":"Master - Bandages and orthoses","categoryName":"Бандажи и ортезы","link":"https://kaspi.kz/shop/p/larko-bandazh-luchezapjastnyi-fiksator-kisti-ruki-19-21-5-sm-bandazh-na-luchezapjastnyi-sustav-chernyi-razmer-universal-nyi-116233132/"},"merchant":{"name":"LARKO-KZ","code":"17629423"},"editable":false,"editedByCustomer":false},{"id":"8a5c3fb29467e5710194687219b7004a","author":"Калыбек","date":"15.01.2025","orderNumber":"478909923","rating":5,"comment":{"minus":"","plus":"","text":"Керемет качествосы күшті, алуға кеңес беремін, тез жеткізіп берді."},"feedback":{"positive":0,"voted":false},"product":{"id":"116233132","name":"LARKO Бандаж лучезапястный Фиксатор кисти руки 19-21,5 см бандаж на лучезапястный сустав черный размер универсальный","categoryCode":"Master - Bandages and orthoses","categoryName":"Бандажи и ортезы","link":"https://kaspi.kz/shop/p/larko-bandazh-luchezapjastnyi-fiksator-kisti-ruki-19-21-5-sm-bandazh-na-luchezapjastnyi-sustav-chernyi-razmer-universal-nyi-116233132/"},"merchant":{"name":"LARKO-KZ","code":"17629423"},"editable":false,"editedByCustomer":false},{"id":"8a5c02319401952501944a9b9b315fbc","author":"Тыным","date":"13.01.2025","orderNumber":"476060748","rating":5,"comment":{"minus":"","plus":"","text":"Коп рахмет, бандаж кушти, уакытынан бурын акеп берди."},"feedback":{"positive":0,"voted":false},"product":{"id":"116233132","name":"LARKO Бандаж лучезапястный Фиксатор кисти руки 19-21,5 см бандаж на лучезапястный сустав черный размер универсальный","categoryCode":"Master - Bandages and orthoses","categoryName":"Бандажи и ортезы","link":"https://kaspi.kz/shop/p/larko-bandazh-luchezapjastnyi-fiksator-kisti-ruki-19-21-5-sm-bandazh-na-luchezapjastnyi-sustav-chernyi-razmer-universal-nyi-116233132/"},"merchant":{"name":"LARKO-KZ","code":"17629423"},"editable":false,"editedByCustomer":false},{"id":"8a5c4eea9401952101942dc8be4f4512","author":"Рауан","date":"04.01.2025","orderNumber":"470825837","rating":5,"comment":{"minus":"","plus":"","text":"Качество хорошее, немного великоват по размеру, доставка супер магазин Larko рекомендую, написали уточнили размер, отправили в тот же день. Немного великоват по размеру."},"feedback":{"positive":0,"voted":false},"product":{"id":"116233132","name":"LARKO Бандаж лучезапястный Фиксатор кисти руки 19-21,5 см бандаж на лучезапястный сустав черный размер универсальный","categoryCode":"Master - Bandages and orthoses","categoryName":"Бандажи и ортезы","link":"https://kaspi.kz/shop/p/larko-bandazh-luchezapjastnyi-fiksator-kisti-ruki-19-21-5-sm-bandazh-na-luchezapjastnyi-sustav-chernyi-razmer-universal-nyi-116233132/"},"merchant":{"name":"LARKO-KZ","code":"17629423"},"editable":false,"editedByCustomer":false},{"id":"8a5c78259401969f019407112a6b0ba0","author":"Николай","date":"27.12.2024","orderNumber":"465772561","rating":5,"comment":{"minus":"","plus":"","text":"Хороший бандаж."},"feedback":{"positive":0,"voted":false},"galleryImages":[{"id":"465772561-116233132/e693affb-e1c7-4f98-98a6-94c9840b2157.jpeg","small":"https://resources.cdn-kaspi.kz/img/p/r/465772561-116233132/e693affb-e1c7-4f98-98a6-94c9840b2157.jpeg?format=review_small","medium":"https://resources.cdn-kaspi.kz/img/p/r/465772561-116233132/e693affb-e1c7-4f98-98a6-94c9840b2157.jpeg?format=review_medium","large":"https://resources.cdn-kaspi.kz/img/p/r/465772561-116233132/e693affb-e1c7-4f98-98a6-94c9840b2157.jpeg?format=review_large"}],"product":{"id":"116233132","name":"LARKO Бандаж лучезапястный Фиксатор кисти руки 19-21,5 см бандаж на лучезапястный сустав черный размер универсальный","categoryCode":"Master - Bandages and orthoses","categoryName":"Бандажи и ортезы","link":"https://kaspi.kz/shop/p/larko-bandazh-luchezapjastnyi-fiksator-kisti-ruki-19-21-5-sm-bandazh-na-luchezapjastnyi-sustav-chernyi-razmer-universal-nyi-116233132/"},"merchant":{"name":"LARKO-KZ","code":"17629423"},"editable":false,"editedByCustomer":false},{"id":"8a5c4ed9939557590193f91fc6901797","author":"Аслан","date":"24.12.2024","orderNumber":"467504473","rating":5,"comment":{"minus":"","plus":"","text":"Спасибо продавцу, пришёл раньше срока, за недорогую сумму товар хороший. Минус, что не подошёл размер, оказался большим."},"feedback":{"positive":0,"voted":false},"product":{"id":"116233132","name":"LARKO Бандаж лучезапястный Фиксатор кисти руки 19-21,5 см бандаж на лучезапястный сустав черный размер универсальный","categoryCode":"Master - Bandages and orthoses","categoryName":"Бандажи и ортезы","link":"https://kaspi.kz/shop/p/larko-bandazh-luchezapjastnyi-fiksator-kisti-ruki-19-21-5-sm-bandazh-na-luchezapjastnyi-sustav-chernyi-razmer-universal-nyi-116233132/"},"merchant":{"name":"LARKO-KZ","code":"17629423"},"editable":false,"editedByCustomer":false},{"id":"8a5cc06b939557940193e9224fab0144","author":"Айша","date":"21.12.2024","orderNumber":"463859328","rating":5,"comment":{"minus":"","plus":"","text":"Очень понравился бандаж. Подошел идеально. Раньше брали такой же бежевый в специализированном магазине в 10 раз дороже, а этот точно такой же и темный цвет намного практичнее 10/10. Будем брать ещё, спасибо продавцу."},"feedback":{"positive":2,"voted":false},"product":{"id":"116233132","name":"LARKO Бандаж лучезапястный Фиксатор кисти руки 19-21,5 см бандаж на лучезапястный сустав черный размер универсальный","categoryCode":"Master - Bandages and orthoses","categoryName":"Бандажи и ортезы","link":"https://kaspi.kz/shop/p/larko-bandazh-luchezapjastnyi-fiksator-kisti-ruki-19-21-5-sm-bandazh-na-luchezapjastnyi-sustav-chernyi-razmer-universal-nyi-116233132/"},"merchant":{"name":"LARKO-KZ","code":"17629423"},"editable":false,"editedByCustomer":false},{"id":"8a5cfe09939556420193bf14fa4a42ad","author":"Айнаш","date":"13.12.2024","orderNumber":"458650088","rating":4,"comment":{"minus":"","plus":"","text":"По размеру не подошли большие пришлось ушивать, поэтому 4-е звезды."},"feedback":{"positive":0,"voted":false},"product":{"id":"116233132","name":"LARKO Бандаж лучезапястный Фиксатор кисти руки 19-21,5 см бандаж на лучезапястный сустав черный размер универсальный","categoryCode":"Master - Bandages and orthoses","categoryName":"Бандажи и ортезы","link":"https://kaspi.kz/shop/p/larko-bandazh-luchezapjastnyi-fiksator-kisti-ruki-19-21-5-sm-bandazh-na-luchezapjastnyi-sustav-chernyi-razmer-universal-nyi-116233132/"},"merchant":{"name":"LARKO-KZ","code":"17629423"},"editable":false,"editedByCustomer":false},{"id":"8a5c3712939557730193b628cd8a36a9","author":"Алсу","date":"11.12.2024","orderNumber":"456400049","rating":5,"comment":{"minus":"","plus":"","text":"Добрый вечер. Спасибо, очень удобный. Облегчил боль."},"feedback":{"positive":0,"voted":false},"product":{"id":"116233132","name":"LARKO Бандаж лучезапястный Фиксатор кисти руки 19-21,5 см бандаж на лучезапястный сустав черный размер универсальный","categoryCode":"Master - Bandages and orthoses","categoryName":"Бандажи и ортезы","link":"https://kaspi.kz/shop/p/larko-bandazh-luchezapjastnyi-fiksator-kisti-ruki-19-21-5-sm-bandazh-na-luchezapjastnyi-sustav-chernyi-razmer-universal-nyi-116233132/"},"merchant":{"name":"LARKO-KZ","code":"17629423"},"editable":false,"editedByCustomer":false},{"id":"8a5c0a8d939556510193afc068762c4b","author":"Меруерт","date":"10.12.2024","orderNumber":"455694969","rating":5,"comment":{"minus":"","plus":"","text":"Получили заказ. Заказ прибыл раньше срока. Очень удобный и по цене приемлемый, чем в аптеке."},"feedback":{"positive":0,"voted":false},"product":{"id":"116233132","name":"LARKO Бандаж лучезапястный Фиксатор кисти руки 19-21,5 см бандаж на лучезапястный сустав черный размер универсальный","categoryCode":"Master - Bandages and orthoses","categoryName":"Бандажи и ортезы","link":"https://kaspi.kz/shop/p/larko-bandazh-luchezapjastnyi-fiksator-kisti-ruki-19-21-5-sm-bandazh-na-luchezapjastnyi-sustav-chernyi-razmer-universal-nyi-116233132/"},"merchant":{"name":"LARKO-KZ","code":"17629423"},"editable":false,"editedByCustomer":false},{"id":"8a5c6228939556c00193abe6d6ee26c3","author":"Гиёсжон","date":"09.12.2024","orderNumber":"457120037","rating":5,"comment":{"minus":"","plus":"","text":"Качество отличное! Рекомендую."},"feedback":{"positive":0,"voted":false},"product":{"id":"116233132","name":"LARKO Бандаж лучезапястный Фиксатор кисти руки 19-21,5 см бандаж на лучезапястный сустав черный размер универсальный","categoryCode":"Master - Bandages and orthoses","categoryName":"Бандажи и ортезы","link":"https://kaspi.kz/shop/p/larko-bandazh-luchezapjastnyi-fiksator-kisti-ruki-19-21-5-sm-bandazh-na-luchezapjastnyi-sustav-chernyi-razmer-universal-nyi-116233132/"},"merchant":{"name":"LARKO-KZ","code":"17629423"},"editable":false,"editedByCustomer":false},{"id":"8a5c6228939556c001939b9bb0f40b50","author":"Софья","date":"06.12.2024","orderNumber":"455811589","rating":3,"comment":{"minus":"","plus":"","text":"Размер вообще не подходит, хотя у меня рука в обхвате 20 см."},"feedback":{"positive":0,"voted":false},"galleryImages":[{"id":"455811589-116233132/de8037f7-f3e7-471a-9739-b33e8e83e8aa.jpeg","small":"https://resources.cdn-kaspi.kz/img/p/r/455811589-116233132/de8037f7-f3e7-471a-9739-b33e8e83e8aa.jpeg?format=review_small","medium":"https://resources.cdn-kaspi.kz/img/p/r/455811589-116233132/de8037f7-f3e7-471a-9739-b33e8e83e8aa.jpeg?format=review_medium","large":"https://resources.cdn-kaspi.kz/img/p/r/455811589-116233132/de8037f7-f3e7-471a-9739-b33e8e83e8aa.jpeg?format=review_large"},{"id":"455811589-116233132/1a0a9724-f67f-4976-ad35-d09690d7e468.jpeg","small":"https://resources.cdn-kaspi.kz/img/p/r/455811589-116233132/1a0a9724-f67f-4976-ad35-d09690d7e468.jpeg?format=review_small","medium":"https://resources.cdn-kaspi.kz/img/p/r/455811589-116233132/1a0a9724-f67f-4976-ad35-d09690d7e468.jpeg?format=review_medium","large":"https://resources.cdn-kaspi.kz/img/p/r/455811589-116233132/1a0a9724-f67f-4976-ad35-d09690d7e468.jpeg?format=review_large"}],"product":{"id":"116233132","name":"LARKO Бандаж лучезапястный Фиксатор кисти руки 19-21,5 см бандаж на лучезапястный сустав черный размер универсальный","categoryCode":"Master - Bandages and orthoses","categoryName":"Бандажи и ортезы","link":"https://kaspi.kz/shop/p/larko-bandazh-luchezapjastnyi-fiksator-kisti-ruki-19-21-5-sm-bandazh-na-luchezapjastnyi-sustav-chernyi-razmer-universal-nyi-116233132/"},"merchant":{"name":"LARKO-KZ","code":"17629423"},"editable":false,"editedByCustomer":false},{"id":"8a5c9abb9366cb4d0193880d36132df0","author":"Елена","date":"02.12.2024","orderNumber":"455006911","rating":1,"comment":{"minus":"","plus":"","text":"Огромный размер, пишите универсальный значит должен подходить всем, на женскую руку вообще не подходит."},"feedback":{"positive":1,"voted":false},"product":{"id":"116233132","name":"LARKO Бандаж лучезапястный Фиксатор кисти руки 19-21,5 см бандаж на лучезапястный сустав черный размер универсальный","categoryCode":"Master - Bandages and orthoses","categoryName":"Бандажи и ортезы","link":"https://kaspi.kz/shop/p/larko-bandazh-luchezapjastnyi-fiksator-kisti-ruki-19-21-5-sm-bandazh-na-luchezapjastnyi-sustav-chernyi-razmer-universal-nyi-116233132/"},"merchant":{"name":"LARKO-KZ","code":"17629423"},"editable":false,"editedByCustomer":false},{"id":"8a5c3f879366cbe801937dcfc9ae22db","author":"Әсила","date":"02.12.2024","orderNumber":"451891446","rating":5,"comment":{"minus":"","plus":"","text":"Доставка быстрая, липучка прочная. Материал хороший. Спасибо большое."},"feedback":{"positive":0,"voted":false},"galleryImages":[{"id":"451891446-116233132/0baf4ea8-429f-42cf-b07f-fbb4c02270ec.jpeg","small":"https://resources.cdn-kaspi.kz/img/p/r/451891446-116233132/0baf4ea8-429f-42cf-b07f-fbb4c02270ec.jpeg?format=review_small","medium":"https://resources.cdn-kaspi.kz/img/p/r/451891446-116233132/0baf4ea8-429f-42cf-b07f-fbb4c02270ec.jpeg?format=review_medium","large":"https://resources.cdn-kaspi.kz/img/p/r/451891446-116233132/0baf4ea8-429f-42cf-b07f-fbb4c02270ec.jpeg?format=review_large"},{"id":"451891446-116233132/aec18599-e74b-4805-9285-49729f3f112a.jpeg","small":"https://resources.cdn-kaspi.kz/img/p/r/451891446-116233132/aec18599-e74b-4805-9285-49729f3f112a.jpeg?format=review_small","medium":"https://resources.cdn-kaspi.kz/img/p/r/451891446-116233132/aec18599-e74b-4805-9285-49729f3f112a.jpeg?format=review_medium","large":"https://resources.cdn-kaspi.kz/img/p/r/451891446-116233132/aec18599-e74b-4805-9285-49729f3f112a.jpeg?format=review_large"},{"id":"451891446-116233132/dddd9ce4-fe87-40c3-beb5-87257b92bac6.jpeg","small":"https://resources.cdn-kaspi.kz/img/p/r/451891446-116233132/dddd9ce4-fe87-40c3-beb5-87257b92bac6.jpeg?format=review_small","medium":"https://resources.cdn-kaspi.kz/img/p/r/451891446-116233132/dddd9ce4-fe87-40c3-beb5-87257b92bac6.jpeg?format=review_medium","large":"https://resources.cdn-kaspi.kz/img/p/r/451891446-116233132/dddd9ce4-fe87-40c3-beb5-87257b92bac6.jpeg?format=review_large"}],"product":{"id":"116233132","name":"LARKO Бандаж лучезапястный Фиксатор кисти руки 19-21,5 см бандаж на лучезапястный сустав черный размер универсальный","categoryCode":"Master - Bandages and orthoses","categoryName":"Бандажи и ортезы","link":"https://kaspi.kz/shop/p/larko-bandazh-luchezapjastnyi-fiksator-kisti-ruki-19-21-5-sm-bandazh-na-luchezapjastnyi-sustav-chernyi-razmer-universal-nyi-116233132/"},"merchant":{"name":"LARKO-KZ","code":"17629423"},"editable":false,"editedByCustomer":false},{"id":"8a5c70d2937b632201937cb6fecb023d","author":"Зайра","date":"30.11.2024","orderNumber":"451753073","rating":5,"comment":{"minus":"","plus":"","text":"Көп рахмет, күшті."},"feedback":{"positive":0,"voted":false},"galleryImages":[{"id":"451753073-116233132/3886459b-737e-4b32-ae1a-aca8e38397ed.jpeg","small":"https://resources.cdn-kaspi.kz/img/p/r/451753073-116233132/3886459b-737e-4b32-ae1a-aca8e38397ed.jpeg?format=review_small","medium":"https://resources.cdn-kaspi.kz/img/p/r/451753073-116233132/3886459b-737e-4b32-ae1a-aca8e38397ed.jpeg?format=review_medium","large":"https://resources.cdn-kaspi.kz/img/p/r/451753073-116233132/3886459b-737e-4b32-ae1a-aca8e38397ed.jpeg?format=review_large"}],"product":{"id":"116233132","name":"LARKO Бандаж лучезапястный Фиксатор кисти руки 19-21,5 см бандаж на лучезапястный сустав черный размер универсальный","categoryCode":"Master - Bandages and orthoses","categoryName":"Бандажи и ортезы","link":"https://kaspi.kz/shop/p/larko-bandazh-luchezapjastnyi-fiksator-kisti-ruki-19-21-5-sm-bandazh-na-luchezapjastnyi-sustav-chernyi-razmer-universal-nyi-116233132/"},"merchant":{"name":"LARKO-KZ","code":"17629423"},"editable":false,"editedByCustomer":false},{"id":"8a5c1b78936184cd019362316f3a0104","author":"Маргарита","date":"25.11.2024","orderNumber":"447284820","rating":5,"comment":{"minus":"","plus":"","text":"Мне очень понравился бондарь на руку."},"feedback":{"positive":0,"voted":false},"galleryImages":[{"id":"447284820-116233132/3d5dead8-3015-4a6c-ba48-c8fccae70bb0.jpeg","small":"https://resources.cdn-kaspi.kz/img/p/r/447284820-116233132/3d5dead8-3015-4a6c-ba48-c8fccae70bb0.jpeg?format=review_small","medium":"https://resources.cdn-kaspi.kz/img/p/r/447284820-116233132/3d5dead8-3015-4a6c-ba48-c8fccae70bb0.jpeg?format=review_medium","large":"https://resources.cdn-kaspi.kz/img/p/r/447284820-116233132/3d5dead8-3015-4a6c-ba48-c8fccae70bb0.jpeg?format=review_large"},{"id":"447284820-116233132/49bf7888-bbf9-487e-98c0-ef6ff604d14d.jpeg","small":"https://resources.cdn-kaspi.kz/img/p/r/447284820-116233132/49bf7888-bbf9-487e-98c0-ef6ff604d14d.jpeg?format=review_small","medium":"https://resources.cdn-kaspi.kz/img/p/r/447284820-116233132/49bf7888-bbf9-487e-98c0-ef6ff604d14d.jpeg?format=review_medium","large":"https://resources.cdn-kaspi.kz/img/p/r/447284820-116233132/49bf7888-bbf9-487e-98c0-ef6ff604d14d.jpeg?format=review_large"},{"id":"447284820-116233132/c314b2f1-1df8-4860-91b5-c7f4d32ae0b3.jpeg","small":"https://resources.cdn-kaspi.kz/img/p/r/447284820-116233132/c314b2f1-1df8-4860-91b5-c7f4d32ae0b3.jpeg?format=review_small","medium":"https://resources.cdn-kaspi.kz/img/p/r/447284820-116233132/c314b2f1-1df8-4860-91b5-c7f4d32ae0b3.jpeg?format=review_medium","large":"https://resources.cdn-kaspi.kz/img/p/r/447284820-116233132/c314b2f1-1df8-4860-91b5-c7f4d32ae0b3.jpeg?format=review_large"},{"id":"447284820-116233132/4b3b9759-0163-41fc-a345-289f534b4fce.jpeg","small":"https://resources.cdn-kaspi.kz/img/p/r/447284820-116233132/4b3b9759-0163-41fc-a345-289f534b4fce.jpeg?format=review_small","medium":"https://resources.cdn-kaspi.kz/img/p/r/447284820-116233132/4b3b9759-0163-41fc-a345-289f534b4fce.jpeg?format=review_medium","large":"https://resources.cdn-kaspi.kz/img/p/r/447284820-116233132/4b3b9759-0163-41fc-a345-289f534b4fce.jpeg?format=review_large"},{"id":"447284820-116233132/be067fa8-73a6-4ce7-ae44-75ebe52fce1a.jpeg","small":"https://resources.cdn-kaspi.kz/img/p/r/447284820-116233132/be067fa8-73a6-4ce7-ae44-75ebe52fce1a.jpeg?format=review_small","medium":"https://resources.cdn-kaspi.kz/img/p/r/447284820-116233132/be067fa8-73a6-4ce7-ae44-75ebe52fce1a.jpeg?format=review_medium","large":"https://resources.cdn-kaspi.kz/img/p/r/447284820-116233132/be067fa8-73a6-4ce7-ae44-75ebe52fce1a.jpeg?format=review_large"}],"product":{"id":"116233132","name":"LARKO Бандаж лучезапястный Фиксатор кисти руки 19-21,5 см бандаж на лучезапястный сустав черный размер универсальный","categoryCode":"Master - Bandages and orthoses","categoryName":"Бандажи и ортезы","link":"https://kaspi.kz/shop/p/larko-bandazh-luchezapjastnyi-fiksator-kisti-ruki-19-21-5-sm-bandazh-na-luchezapjastnyi-sustav-chernyi-razmer-universal-nyi-116233132/"},"merchant":{"name":"LARKO-KZ","code":"17629423"},"editable":false,"editedByCustomer":false},{"id":"8a5c51de9347bdd901935f0ecc752273","author":"Юлдуз","date":"24.11.2024","orderNumber":"450029357","rating":5,"comment":{"minus":"","plus":"","text":"Отличный бандаж, на руку отлично село, советую всем."},"feedback":{"positive":0,"voted":false},"product":{"id":"116233132","name":"LARKO Бандаж лучезапястный Фиксатор кисти руки 19-21,5 см бандаж на лучезапястный сустав черный размер универсальный","categoryCode":"Master - Bandages and orthoses","categoryName":"Бандажи и ортезы","link":"https://kaspi.kz/shop/p/larko-bandazh-luchezapjastnyi-fiksator-kisti-ruki-19-21-5-sm-bandazh-na-luchezapjastnyi-sustav-chernyi-razmer-universal-nyi-116233132/"},"merchant":{"name":"LARKO-KZ","code":"17629423"},"editable":false,"editedByCustomer":false},{"id":"8a5cf7a29347bf38019352e6beba123e","author":"Юнус","date":"22.11.2024","orderNumber":"448701672","rating":5,"comment":{"minus":"","plus":"","text":"Отличный товар, точно нужно было. Доставка очень быстрая, доставили раньше указанного времени."},"feedback":{"positive":0,"voted":false},"galleryImages":[{"id":"448701672-116233132/9112e035-42b1-42c6-a86b-54d6f2a78d34.jpeg","small":"https://resources.cdn-kaspi.kz/img/p/r/448701672-116233132/9112e035-42b1-42c6-a86b-54d6f2a78d34.jpeg?format=review_small","medium":"https://resources.cdn-kaspi.kz/img/p/r/448701672-116233132/9112e035-42b1-42c6-a86b-54d6f2a78d34.jpeg?format=review_medium","large":"https://resources.cdn-kaspi.kz/img/p/r/448701672-116233132/9112e035-42b1-42c6-a86b-54d6f2a78d34.jpeg?format=review_large"}],"product":{"id":"116233132","name":"LARKO Бандаж лучезапястный Фиксатор кисти руки 19-21,5 см бандаж на лучезапястный сустав черный размер универсальный","categoryCode":"Master - Bandages and orthoses","categoryName":"Бандажи и ортезы","link":"https://kaspi.kz/shop/p/larko-bandazh-luchezapjastnyi-fiksator-kisti-ruki-19-21-5-sm-bandazh-na-luchezapjastnyi-sustav-chernyi-razmer-universal-nyi-116233132/"},"merchant":{"name":"LARKO-KZ","code":"17629423"},"editable":false,"editedByCustomer":false},{"id":"8a5c54bd931f0d57019335f5fb7c2494","author":"Динара","date":"16.11.2024","orderNumber":"444401854","rating":5,"comment":{"minus":"","plus":"","text":"Спасибо огромное за такое спасение! Материал просто класс! Давно искала, так как сильные боли в запястье, спасибочки."},"feedback":{"positive":0,"voted":false},"galleryImages":[{"id":"444401854-116233132/5038b012-e85d-4baa-85f3-c6b6f5644002.jpeg","small":"https://resources.cdn-kaspi.kz/img/p/r/444401854-116233132/5038b012-e85d-4baa-85f3-c6b6f5644002.jpeg?format=review_small","medium":"https://resources.cdn-kaspi.kz/img/p/r/444401854-116233132/5038b012-e85d-4baa-85f3-c6b6f5644002.jpeg?format=review_medium","large":"https://resources.cdn-kaspi.kz/img/p/r/444401854-116233132/5038b012-e85d-4baa-85f3-c6b6f5644002.jpeg?format=review_large"},{"id":"444401854-116233132/cf9a5c0b-23df-4794-bdcf-67e3b672d557.jpeg","small":"https://resources.cdn-kaspi.kz/img/p/r/444401854-116233132/cf9a5c0b-23df-4794-bdcf-67e3b672d557.jpeg?format=review_small","medium":"https://resources.cdn-kaspi.kz/img/p/r/444401854-116233132/cf9a5c0b-23df-4794-bdcf-67e3b672d557.jpeg?format=review_medium","large":"https://resources.cdn-kaspi.kz/img/p/r/444401854-116233132/cf9a5c0b-23df-4794-bdcf-67e3b672d557.jpeg?format=review_large"}],"product":{"id":"116233132","name":"LARKO Бандаж лучезапястный Фиксатор кисти руки 19-21,5 см бандаж на лучезапястный сустав черный размер универсальный","categoryCode":"Master - Bandages and orthoses","categoryName":"Бандажи и ортезы","link":"https://kaspi.kz/shop/p/larko-bandazh-luchezapjastnyi-fiksator-kisti-ruki-19-21-5-sm-bandazh-na-luchezapjastnyi-sustav-chernyi-razmer-universal-nyi-116233132/"},"merchant":{"name":"LARKO-KZ","code":"17629423"},"editable":false,"editedByCustomer":false},{"id":"8a5c580c931f0dc6019326ad4c470fcd","author":"Айдана","date":"13.11.2024","orderNumber":"439485412","rating":5,"comment":{"minus":"","plus":"","text":"Очень хороший бандаж, все подошло, спасибо магазину за обратную связь, очень приятно!"},"feedback":{"positive":0,"voted":false},"galleryImages":[{"id":"439485412-116233132/85be4b9a-44e0-4fee-a758-11be40c91dd6.jpeg","small":"https://resources.cdn-kaspi.kz/img/p/r/439485412-116233132/85be4b9a-44e0-4fee-a758-11be40c91dd6.jpeg?format=review_small","medium":"https://resources.cdn-kaspi.kz/img/p/r/439485412-116233132/85be4b9a-44e0-4fee-a758-11be40c91dd6.jpeg?format=review_medium","large":"https://resources.cdn-kaspi.kz/img/p/r/439485412-116233132/85be4b9a-44e0-4fee-a758-11be40c91dd6.jpeg?format=review_large"},{"id":"439485412-116233132/7fd0c4f0-d9bb-4583-a813-be74ad93c185.jpeg","small":"https://resources.cdn-kaspi.kz/img/p/r/439485412-116233132/7fd0c4f0-d9bb-4583-a813-be74ad93c185.jpeg?format=review_small","medium":"https://resources.cdn-kaspi.kz/img/p/r/439485412-116233132/7fd0c4f0-d9bb-4583-a813-be74ad93c185.jpeg?format=review_medium","large":"https://resources.cdn-kaspi.kz/img/p/r/439485412-116233132/7fd0c4f0-d9bb-4583-a813-be74ad93c185.jpeg?format=review_large"},{"id":"439485412-116233132/c162ef46-755d-4354-b4f9-c316138cecf2.jpeg","small":"https://resources.cdn-kaspi.kz/img/p/r/439485412-116233132/c162ef46-755d-4354-b4f9-c316138cecf2.jpeg?format=review_small","medium":"https://resources.cdn-kaspi.kz/img/p/r/439485412-116233132/c162ef46-755d-4354-b4f9-c316138cecf2.jpeg?format=review_medium","large":"https://resources.cdn-kaspi.kz/img/p/r/439485412-116233132/c162ef46-755d-4354-b4f9-c316138cecf2.jpeg?format=review_large"},{"id":"439485412-116233132/144ada7f-e4a5-434d-93ad-0cfac4f7c551.jpeg","small":"https://resources.cdn-kaspi.kz/img/p/r/439485412-116233132/144ada7f-e4a5-434d-93ad-0cfac4f7c551.jpeg?format=review_small","medium":"https://resources.cdn-kaspi.kz/img/p/r/439485412-116233132/144ada7f-e4a5-434d-93ad-0cfac4f7c551.jpeg?format=review_medium","large":"https://resources.cdn-kaspi.kz/img/p/r/439485412-116233132/144ada7f-e4a5-434d-93ad-0cfac4f7c551.jpeg?format=review_large"}],"product":{"id":"116233132","name":"LARKO Бандаж лучезапястный Фиксатор кисти руки 19-21,5 см бандаж на лучезапястный сустав черный размер универсальный","categoryCode":"Master - Bandages and orthoses","categoryName":"Бандажи и ортезы","link":"https://kaspi.kz/shop/p/larko-bandazh-luchezapjastnyi-fiksator-kisti-ruki-19-21-5-sm-bandazh-na-luchezapjastnyi-sustav-chernyi-razmer-universal-nyi-116233132/"},"merchant":{"name":"LARKO-KZ","code":"17629423"},"editable":false,"editedByCustomer":false},{"id":"8a5c2f7e931f0e8e0193264f683f0e7f","author":"Айна","date":"13.11.2024","orderNumber":"444101981","rating":5,"comment":{"minus":"","plus":"","text":"Очень хороший бандаж, спасибо за быструю доставку."},"feedback":{"positive":0,"voted":false},"galleryImages":[{"id":"444101981-116233132/1a7c44cb-4a20-440b-93f5-4fe7b2dc39dd.jpeg","small":"https://resources.cdn-kaspi.kz/img/p/r/444101981-116233132/1a7c44cb-4a20-440b-93f5-4fe7b2dc39dd.jpeg?format=review_small","medium":"https://resources.cdn-kaspi.kz/img/p/r/444101981-116233132/1a7c44cb-4a20-440b-93f5-4fe7b2dc39dd.jpeg?format=review_medium","large":"https://resources.cdn-kaspi.kz/img/p/r/444101981-116233132/1a7c44cb-4a20-440b-93f5-4fe7b2dc39dd.jpeg?format=review_large"}],"product":{"id":"116233132","name":"LARKO Бандаж лучезапястный Фиксатор кисти руки 19-21,5 см бандаж на лучезапястный сустав черный размер универсальный","categoryCode":"Master - Bandages and orthoses","categoryName":"Бандажи и ортезы","link":"https://kaspi.kz/shop/p/larko-bandazh-luchezapjastnyi-fiksator-kisti-ruki-19-21-5-sm-bandazh-na-luchezapjastnyi-sustav-chernyi-razmer-universal-nyi-116233132/"},"merchant":{"name":"LARKO-KZ","code":"17629423"},"editable":false,"editedByCustomer":false},{"id":"8a5c5579931f0fe7019323de71420807","author":"Елена","date":"13.11.2024","orderNumber":"439337111","rating":5,"comment":{"minus":"","plus":"","text":"Отличный бандаж, советую. Доставили вовремя, спасибо."},"feedback":{"positive":0,"voted":false},"product":{"id":"116233132","name":"LARKO Бандаж лучезапястный Фиксатор кисти руки 19-21,5 см бандаж на лучезапястный сустав черный размер универсальный","categoryCode":"Master - Bandages and orthoses","categoryName":"Бандажи и ортезы","link":"https://kaspi.kz/shop/p/larko-bandazh-luchezapjastnyi-fiksator-kisti-ruki-19-21-5-sm-bandazh-na-luchezapjastnyi-sustav-chernyi-razmer-universal-nyi-116233132/"},"merchant":{"name":"LARKO-KZ","code":"17629423"},"editable":false,"editedByCustomer":false},{"id":"8a5c3f1c92d6e56a0192d79e9e2502ba","author":"Алтынайым","date":"29.10.2024","orderNumber":"432474601","rating":5,"comment":{"minus":"","plus":"","text":"Спасибо большое, бандаж."},"feedback":{"positive":0,"voted":false},"product":{"id":"116233132","name":"LARKO Бандаж лучезапястный Фиксатор кисти руки 19-21,5 см бандаж на лучезапястный сустав черный размер универсальный","categoryCode":"Master - Bandages and orthoses","categoryName":"Бандажи и ортезы","link":"https://kaspi.kz/shop/p/larko-bandazh-luchezapjastnyi-fiksator-kisti-ruki-19-21-5-sm-bandazh-na-luchezapjastnyi-sustav-chernyi-razmer-universal-nyi-116233132/"},"merchant":{"name":"LARKO-KZ","code":"17629423"},"editable":false,"editedByCustomer":false},{"id":"8a5c30af92989b9d01929a277c7b02e7","author":"Константин","date":"17.10.2024","orderNumber":"428045467","rating":5,"comment":{"minus":"","plus":"","text":"Благодарю за быструю доставку, фиксатор немного великоват, но отлично подходит при растяжении кисти. Ткань дышит, подойдет для обеих рук."},"feedback":{"positive":0,"voted":false},"product":{"id":"116233132","name":"LARKO Бандаж лучезапястный Фиксатор кисти руки 19-21,5 см бандаж на лучезапястный сустав черный размер универсальный","categoryCode":"Master - Bandages and orthoses","categoryName":"Бандажи и ортезы","link":"https://kaspi.kz/shop/p/larko-bandazh-luchezapjastnyi-fiksator-kisti-ruki-19-21-5-sm-bandazh-na-luchezapjastnyi-sustav-chernyi-razmer-universal-nyi-116233132/"},"merchant":{"name":"LARKO-KZ","code":"17629423"},"editable":false,"editedByCustomer":false},{"id":"8a5c7aab928e245c01928e82e3720060","author":"Ян","date":"15.10.2024","orderNumber":"425132922","rating":1,"comment":{"minus":"","plus":"","text":"Большого размера на огромную руку, болтается на руке, хотя это бандаж он должен крепко примыкать к руке."},"feedback":{"positive":0,"voted":false},"galleryImages":[{"id":"425132922-116233132/b39af540-c31a-4413-94fe-458223bcc618.jpeg","small":"https://resources.cdn-kaspi.kz/img/p/r/425132922-116233132/b39af540-c31a-4413-94fe-458223bcc618.jpeg?format=review_small","medium":"https://resources.cdn-kaspi.kz/img/p/r/425132922-116233132/b39af540-c31a-4413-94fe-458223bcc618.jpeg?format=review_medium","large":"https://resources.cdn-kaspi.kz/img/p/r/425132922-116233132/b39af540-c31a-4413-94fe-458223bcc618.jpeg?format=review_large"},{"id":"425132922-116233132/017399ad-2262-4813-be06-fd7440f4bd12.jpeg","small":"https://resources.cdn-kaspi.kz/img/p/r/425132922-116233132/017399ad-2262-4813-be06-fd7440f4bd12.jpeg?format=review_small","medium":"https://resources.cdn-kaspi.kz/img/p/r/425132922-116233132/017399ad-2262-4813-be06-fd7440f4bd12.jpeg?format=review_medium","large":"https://resources.cdn-kaspi.kz/img/p/r/425132922-116233132/017399ad-2262-4813-be06-fd7440f4bd12.jpeg?format=review_large"},{"id":"425132922-116233132/d8ac3b11-bec2-4eb8-b03b-983721bb4d00.jpeg","small":"https://resources.cdn-kaspi.kz/img/p/r/425132922-116233132/d8ac3b11-bec2-4eb8-b03b-983721bb4d00.jpeg?format=review_small","medium":"https://resources.cdn-kaspi.kz/img/p/r/425132922-116233132/d8ac3b11-bec2-4eb8-b03b-983721bb4d00.jpeg?format=review_medium","large":"https://resources.cdn-kaspi.kz/img/p/r/425132922-116233132/d8ac3b11-bec2-4eb8-b03b-983721bb4d00.jpeg?format=review_large"},{"id":"425132922-116233132/8b640db9-4759-43fc-99cd-c526746f23f4.jpeg","small":"https://resources.cdn-kaspi.kz/img/p/r/425132922-116233132/8b640db9-4759-43fc-99cd-c526746f23f4.jpeg?format=review_small","medium":"https://resources.cdn-kaspi.kz/img/p/r/425132922-116233132/8b640db9-4759-43fc-99cd-c526746f23f4.jpeg?format=review_medium","large":"https://resources.cdn-kaspi.kz/img/p/r/425132922-116233132/8b640db9-4759-43fc-99cd-c526746f23f4.jpeg?format=review_large"},{"id":"425132922-116233132/e675a93f-3106-4db7-bf9c-06ab0e5d38d2.jpeg","small":"https://resources.cdn-kaspi.kz/img/p/r/425132922-116233132/e675a93f-3106-4db7-bf9c-06ab0e5d38d2.jpeg?format=review_small","medium":"https://resources.cdn-kaspi.kz/img/p/r/425132922-116233132/e675a93f-3106-4db7-bf9c-06ab0e5d38d2.jpeg?format=review_medium","large":"https://resources.cdn-kaspi.kz/img/p/r/425132922-116233132/e675a93f-3106-4db7-bf9c-06ab0e5d38d2.jpeg?format=review_large"}],"product":{"id":"116233132","name":"LARKO Бандаж лучезапястный Фиксатор кисти руки 19-21,5 см бандаж на лучезапястный сустав черный размер универсальный","categoryCode":"Master - Bandages and orthoses","categoryName":"Бандажи и ортезы","link":"https://kaspi.kz/shop/p/larko-bandazh-luchezapjastnyi-fiksator-kisti-ruki-19-21-5-sm-bandazh-na-luchezapjastnyi-sustav-chernyi-razmer-universal-nyi-116233132/"},"merchant":{"name":"LARKO-KZ","code":"17629423"},"editable":false,"editedByCustomer":false},{"id":"8a5c5eb492750a3e01927591b1a70245","author":"Яна","date":"10.10.2024","orderNumber":"424041246","rating":5,"comment":{"minus":"","plus":"","text":"По размеру парню впритык идеально подошло, теперь может более уверенно двигать рукой после падения. Спасибо за быструю доставку."},"feedback":{"positive":0,"voted":false},"product":{"id":"116233132","name":"LARKO Бандаж лучезапястный Фиксатор кисти руки 19-21,5 см бандаж на лучезапястный сустав черный размер универсальный","categoryCode":"Master - Bandages and orthoses","categoryName":"Бандажи и ортезы","link":"https://kaspi.kz/shop/p/larko-bandazh-luchezapjastnyi-fiksator-kisti-ruki-19-21-5-sm-bandazh-na-luchezapjastnyi-sustav-chernyi-razmer-universal-nyi-116233132/"},"merchant":{"name":"LARKO-KZ","code":"17629423"},"editable":false,"editedByCustomer":false},{"id":"8a5c0a8a91f949d80192041d755b16bf","author":"Анастасия","date":"18.09.2024","orderNumber":"413167659","rating":5,"comment":{"minus":"","plus":"","text":"Очень большой размер, на женскую руку не подходит."},"feedback":{"positive":1,"voted":false},"product":{"id":"116233132","name":"LARKO Бандаж лучезапястный Фиксатор кисти руки 19-21,5 см бандаж на лучезапястный сустав черный размер универсальный","categoryCode":"Master - Bandages and orthoses","categoryName":"Бандажи и ортезы","link":"https://kaspi.kz/shop/p/larko-bandazh-luchezapjastnyi-fiksator-kisti-ruki-19-21-5-sm-bandazh-na-luchezapjastnyi-sustav-chernyi-razmer-universal-nyi-116233132/"},"merchant":{"name":"LARKO-KZ","code":"17629423"},"editable":false,"editedByCustomer":false},{"id":"8a5c1de791f94caf0191fb68e2f9089a","author":"Ахмет","date":"16.09.2024","orderNumber":"410734083","rating":5,"comment":{"minus":"","plus":"","text":"Размер М маме хорошо подошел. Ранее брали другой фирмы, но кисть и большой палец побаливал. Этот продукт ей понравился, решили заказать на правую руку тоже, на всякий случай."},"feedback":{"positive":0,"voted":false},"product":{"id":"116233132","name":"LARKO Бандаж лучезапястный Фиксатор кисти руки 19-21,5 см бандаж на лучезапястный сустав черный размер универсальный","categoryCode":"Master - Bandages and orthoses","categoryName":"Бандажи и ортезы","link":"https://kaspi.kz/shop/p/larko-bandazh-luchezapjastnyi-fiksator-kisti-ruki-19-21-5-sm-bandazh-na-luchezapjastnyi-sustav-chernyi-razmer-universal-nyi-116233132/"},"merchant":{"name":"LARKO-KZ","code":"17629423"},"editable":false,"editedByCustomer":false},{"id":"8a5c9c48917375b00191f46fffac3349","author":"Мария","date":"15.09.2024","orderNumber":"409200232","rating":5,"comment":{"minus":"","plus":"","text":"Немного не подошло, рука после перелома."},"feedback":{"positive":0,"voted":false},"galleryImages":[{"id":"409200232-116233132/ffb931b2-a853-491e-bc94-0c828be88a54.jpeg","small":"https://resources.cdn-kaspi.kz/img/p/r/409200232-116233132/ffb931b2-a853-491e-bc94-0c828be88a54.jpeg?format=review_small","medium":"https://resources.cdn-kaspi.kz/img/p/r/409200232-116233132/ffb931b2-a853-491e-bc94-0c828be88a54.jpeg?format=review_medium","large":"https://resources.cdn-kaspi.kz/img/p/r/409200232-116233132/ffb931b2-a853-491e-bc94-0c828be88a54.jpeg?format=review_large"}],"product":{"id":"116233132","name":"LARKO Бандаж лучезапястный Фиксатор кисти руки 19-21,5 см бандаж на лучезапястный сустав черный размер универсальный","categoryCode":"Master - Bandages and orthoses","categoryName":"Бандажи и ортезы","link":"https://kaspi.kz/shop/p/larko-bandazh-luchezapjastnyi-fiksator-kisti-ruki-19-21-5-sm-bandazh-na-luchezapjastnyi-sustav-chernyi-razmer-universal-nyi-116233132/"},"merchant":{"name":"LARKO-KZ","code":"17629423"},"editable":false,"editedByCustomer":false},{"id":"8a5c621d917377df0191c62547c17b7c","author":"Дарья","date":"06.09.2024","orderNumber":"407646277","rating":5,"comment":{"minus":"","plus":"","text":"Качество товара хорошее. Но размер идёт стандартный и на обычную руку девушки слишком велик. За быструю доставку большое спасибо."},"feedback":{"positive":0,"voted":false},"galleryImages":[{"id":"407646277-116233132/16164b2f-9a74-4599-a245-c59ae6892693.jpeg","small":"https://resources.cdn-kaspi.kz/img/p/r/407646277-116233132/16164b2f-9a74-4599-a245-c59ae6892693.jpeg?format=review_small","medium":"https://resources.cdn-kaspi.kz/img/p/r/407646277-116233132/16164b2f-9a74-4599-a245-c59ae6892693.jpeg?format=review_medium","large":"https://resources.cdn-kaspi.kz/img/p/r/407646277-116233132/16164b2f-9a74-4599-a245-c59ae6892693.jpeg?format=review_large"},{"id":"407646277-116233132/412e34f6-cde2-475a-ba89-8054e4e778ea.jpeg","small":"https://resources.cdn-kaspi.kz/img/p/r/407646277-116233132/412e34f6-cde2-475a-ba89-8054e4e778ea.jpeg?format=review_small","medium":"https://resources.cdn-kaspi.kz/img/p/r/407646277-116233132/412e34f6-cde2-475a-ba89-8054e4e778ea.jpeg?format=review_medium","large":"https://resources.cdn-kaspi.kz/img/p/r/407646277-116233132/412e34f6-cde2-475a-ba89-8054e4e778ea.jpeg?format=review_large"},{"id":"407646277-116233132/ae220c24-d608-4a0d-955e-7662d3812cd3.jpeg","small":"https://resources.cdn-kaspi.kz/img/p/r/407646277-116233132/ae220c24-d608-4a0d-955e-7662d3812cd3.jpeg?format=review_small","medium":"https://resources.cdn-kaspi.kz/img/p/r/407646277-116233132/ae220c24-d608-4a0d-955e-7662d3812cd3.jpeg?format=review_medium","large":"https://resources.cdn-kaspi.kz/img/p/r/407646277-116233132/ae220c24-d608-4a0d-955e-7662d3812cd3.jpeg?format=review_large"},{"id":"407646277-116233132/a04a8c2b-b687-44e1-aa17-7d15a974f4c9.jpeg","small":"https://resources.cdn-kaspi.kz/img/p/r/407646277-116233132/a04a8c2b-b687-44e1-aa17-7d15a974f4c9.jpeg?format=review_small","medium":"https://resources.cdn-kaspi.kz/img/p/r/407646277-116233132/a04a8c2b-b687-44e1-aa17-7d15a974f4c9.jpeg?format=review_medium","large":"https://resources.cdn-kaspi.kz/img/p/r/407646277-116233132/a04a8c2b-b687-44e1-aa17-7d15a974f4c9.jpeg?format=review_large"}],"product":{"id":"116233132","name":"LARKO Бандаж лучезапястный Фиксатор кисти руки 19-21,5 см бандаж на лучезапястный сустав черный размер универсальный","categoryCode":"Master - Bandages and orthoses","categoryName":"Бандажи и ортезы","link":"https://kaspi.kz/shop/p/larko-bandazh-luchezapjastnyi-fiksator-kisti-ruki-19-21-5-sm-bandazh-na-luchezapjastnyi-sustav-chernyi-razmer-universal-nyi-116233132/"},"merchant":{"name":"LARKO-KZ","code":"17629423"},"editable":false,"editedByCustomer":false},{"id":"8a5c9a8891737707019182dfa0e71f62","author":"Гульбагирам","date":"24.08.2024","orderNumber":"397726265","rating":5,"comment":{"minus":"","plus":"","text":"Бандаж компактный, хорошо регулируется ширина. Рекомендую."},"feedback":{"positive":0,"voted":false},"product":{"id":"116233132","name":"LARKO Бандаж лучезапястный Фиксатор кисти руки 19-21,5 см бандаж на лучезапястный сустав черный размер универсальный","categoryCode":"Master - Bandages and orthoses","categoryName":"Бандажи и ортезы","link":"https://kaspi.kz/shop/p/larko-bandazh-luchezapjastnyi-fiksator-kisti-ruki-19-21-5-sm-bandazh-na-luchezapjastnyi-sustav-chernyi-razmer-universal-nyi-116233132/"},"merchant":{"name":"LARKO-KZ","code":"17629423"},"editable":false,"editedByCustomer":false},{"id":"8a5c448f912ac26f01916fcece126c69","author":"Таншолпан","date":"21.08.2024","orderNumber":"399253747","rating":5,"comment":{"minus":"","plus":"","text":"Заказывала маме. Понравилось, говорит очень удобный."},"feedback":{"positive":0,"voted":false},"galleryImages":[{"id":"399253747-116233132/4c4955b0-5c53-4cca-b2d8-bb2dbf48d730.jpeg","small":"https://resources.cdn-kaspi.kz/img/p/r/399253747-116233132/4c4955b0-5c53-4cca-b2d8-bb2dbf48d730.jpeg?format=review_small","medium":"https://resources.cdn-kaspi.kz/img/p/r/399253747-116233132/4c4955b0-5c53-4cca-b2d8-bb2dbf48d730.jpeg?format=review_medium","large":"https://resources.cdn-kaspi.kz/img/p/r/399253747-116233132/4c4955b0-5c53-4cca-b2d8-bb2dbf48d730.jpeg?format=review_large"}],"product":{"id":"116233132","name":"LARKO Бандаж лучезапястный Фиксатор кисти руки 19-21,5 см бандаж на лучезапястный сустав черный размер универсальный","categoryCode":"Master - Bandages and orthoses","categoryName":"Бандажи и ортезы","link":"https://kaspi.kz/shop/p/larko-bandazh-luchezapjastnyi-fiksator-kisti-ruki-19-21-5-sm-bandazh-na-luchezapjastnyi-sustav-chernyi-razmer-universal-nyi-116233132/"},"merchant":{"name":"LARKO-KZ","code":"17629423"},"editable":false,"editedByCustomer":false},{"id":"8a5cee6e90d8900b0190df3358a80f27","author":"Вера","date":"23.07.2024","orderNumber":"383305897","rating":5,"comment":{"minus":"","plus":"","text":"Хорошая вещь."},"feedback":{"positive":0,"voted":false},"product":{"id":"116233132","name":"LARKO Бандаж лучезапястный Фиксатор кисти руки 19-21,5 см бандаж на лучезапястный сустав черный размер универсальный","categoryCode":"Master - Bandages and orthoses","categoryName":"Бандажи и ортезы","link":"https://kaspi.kz/shop/p/larko-bandazh-luchezapjastnyi-fiksator-kisti-ruki-19-21-5-sm-bandazh-na-luchezapjastnyi-sustav-chernyi-razmer-universal-nyi-116233132/"},"merchant":{"name":"LARKO-KZ","code":"17629423"},"editable":false,"editedByCustomer":false},{"id":"8a5c197690b49bbb0190b4a713750005","author":"Наталья","date":"15.07.2024","orderNumber":"379933502","rating":5,"comment":{"minus":"","plus":"","text":"Товар пришел на день раньше. Материал плотный, швы ровные. Спасибо продавцу."},"feedback":{"positive":0,"voted":false},"product":{"id":"116233132","name":"LARKO Бандаж лучезапястный Фиксатор кисти руки 19-21,5 см бандаж на лучезапястный сустав черный размер универсальный","categoryCode":"Master - Bandages and orthoses","categoryName":"Бандажи и ортезы","link":"https://kaspi.kz/shop/p/larko-bandazh-luchezapjastnyi-fiksator-kisti-ruki-19-21-5-sm-bandazh-na-luchezapjastnyi-sustav-chernyi-razmer-universal-nyi-116233132/"},"merchant":{"name":"LARKO-KZ","code":"17629423"},"editable":false,"editedByCustomer":false},{"id":"8a5c65909057f59d01906ac444f01773","author":"Бекмағамбет","date":"01.07.2024","orderNumber":"375739881","rating":5,"comment":{"minus":"","plus":"","text":"Качественный товар. Рекомендую, после травмы руки хорошо держит. Рекомендую продавца LARKO."},"feedback":{"positive":0,"voted":false},"product":{"id":"116233132","name":"LARKO Бандаж лучезапястный Фиксатор кисти руки 19-21,5 см бандаж на лучезапястный сустав черный размер универсальный","categoryCode":"Master - Bandages and orthoses","categoryName":"Бандажи и ортезы","link":"https://kaspi.kz/shop/p/larko-bandazh-luchezapjastnyi-fiksator-kisti-ruki-19-21-5-sm-bandazh-na-luchezapjastnyi-sustav-chernyi-razmer-universal-nyi-116233132/"},"merchant":{"name":"LARKO-KZ","code":"17629423"},"editable":false,"editedByCustomer":false},{"id":"8a5cc06d90058b0e0190365a649a5229","author":"Гульмира","date":"20.06.2024","orderNumber":"370326098","rating":5,"comment":{"minus":"","plus":"","text":"Пришел быстро, сразу одела подошло хорошо, после перелома руки самое то для этого и взяла."},"feedback":{"positive":1,"voted":false},"galleryImages":[{"id":"370326098-116233132/04cd5875-161d-4fcf-9e98-ade934622fb9.jpeg","small":"https://resources.cdn-kaspi.kz/img/p/r/370326098-116233132/04cd5875-161d-4fcf-9e98-ade934622fb9.jpeg?format=review_small","medium":"https://resources.cdn-kaspi.kz/img/p/r/370326098-116233132/04cd5875-161d-4fcf-9e98-ade934622fb9.jpeg?format=review_medium","large":"https://resources.cdn-kaspi.kz/img/p/r/370326098-116233132/04cd5875-161d-4fcf-9e98-ade934622fb9.jpeg?format=review_large"}],"product":{"id":"116233132","name":"LARKO Бандаж лучезапястный Фиксатор кисти руки 19-21,5 см бандаж на лучезапястный сустав черный размер универсальный","categoryCode":"Master - Bandages and orthoses","categoryName":"Бандажи и ортезы","link":"https://kaspi.kz/shop/p/larko-bandazh-luchezapjastnyi-fiksator-kisti-ruki-19-21-5-sm-bandazh-na-luchezapjastnyi-sustav-chernyi-razmer-universal-nyi-116233132/"},"merchant":{"name":"LARKO-KZ","code":"17629423"},"editable":false,"editedByCustomer":false},{"id":"8a5cf7928edfbdec018f498a6c427737","author":"Ксения","date":"05.05.2024","orderNumber":"344861730","rating":4,"comment":{"minus":"","plus":"","text":"Немного великоват, даже на мужскую руку, качество хорошее."},"feedback":{"positive":3,"voted":false},"product":{"id":"116233132","name":"LARKO Бандаж лучезапястный Фиксатор кисти руки 19-21,5 см бандаж на лучезапястный сустав черный размер универсальный","categoryCode":"Master - Bandages and orthoses","categoryName":"Бандажи и ортезы","link":"https://kaspi.kz/shop/p/larko-bandazh-luchezapjastnyi-fiksator-kisti-ruki-19-21-5-sm-bandazh-na-luchezapjastnyi-sustav-chernyi-razmer-universal-nyi-116233132/"},"merchant":{"name":"LARKO-KZ","code":"17629423"},"editable":false,"editedByCustomer":false},{"id":"8a5c2c1e8f1873a6018f1ade4d4e03dd","author":"Лариса","date":"26.04.2024","orderNumber":"349238291","rating":5,"comment":{"minus":"","plus":"","text":"Фиксирует отлично, удобно в ней даже работать. Доставили раньше времени, за что огромное спасибо."},"feedback":{"positive":0,"voted":false},"galleryImages":[{"id":"349238291-116233132/6401d2c3-e3fa-4c76-84ab-737b2ff6e0bb.jpeg","small":"https://resources.cdn-kaspi.kz/img/p/r/349238291-116233132/6401d2c3-e3fa-4c76-84ab-737b2ff6e0bb.jpeg?format=review_small","medium":"https://resources.cdn-kaspi.kz/img/p/r/349238291-116233132/6401d2c3-e3fa-4c76-84ab-737b2ff6e0bb.jpeg?format=review_medium","large":"https://resources.cdn-kaspi.kz/img/p/r/349238291-116233132/6401d2c3-e3fa-4c76-84ab-737b2ff6e0bb.jpeg?format=review_large"}],"product":{"id":"116233132","name":"LARKO Бандаж лучезапястный Фиксатор кисти руки 19-21,5 см бандаж на лучезапястный сустав черный размер универсальный","categoryCode":"Master - Bandages and orthoses","categoryName":"Бандажи и ортезы","link":"https://kaspi.kz/shop/p/larko-bandazh-luchezapjastnyi-fiksator-kisti-ruki-19-21-5-sm-bandazh-na-luchezapjastnyi-sustav-chernyi-razmer-universal-nyi-116233132/"},"merchant":{"name":"LARKO-KZ","code":"17629423"},"editable":false,"editedByCustomer":false},{"id":"8a5c9aaf8ea25519018eb39446942190","author":"Дмитрий","date":"06.04.2024","orderNumber":"342482380","rating":4,"comment":{"minus":"","plus":"","text":"Большеват. Качество ткани и исполнение норм."},"feedback":{"positive":0,"voted":false},"product":{"id":"116233132","name":"LARKO Бандаж лучезапястный Фиксатор кисти руки 19-21,5 см бандаж на лучезапястный сустав черный размер универсальный","categoryCode":"Master - Bandages and orthoses","categoryName":"Бандажи и ортезы","link":"https://kaspi.kz/shop/p/larko-bandazh-luchezapjastnyi-fiksator-kisti-ruki-19-21-5-sm-bandazh-na-luchezapjastnyi-sustav-chernyi-razmer-universal-nyi-116233132/"},"merchant":{"name":"LARKO-KZ","code":"17629423"},"editable":false,"editedByCustomer":false},{"id":"8a5c9aaf8ea25519018eae9bd6071997","author":"Михаил","date":"05.04.2024","orderNumber":"343530067","rating":3,"comment":{"minus":"","plus":"","text":"Натирает сильно открытые области."},"feedback":{"positive":0,"voted":false},"product":{"id":"116233132","name":"LARKO Бандаж лучезапястный Фиксатор кисти руки 19-21,5 см бандаж на лучезапястный сустав черный размер универсальный","categoryCode":"Master - Bandages and orthoses","categoryName":"Бандажи и ортезы","link":"https://kaspi.kz/shop/p/larko-bandazh-luchezapjastnyi-fiksator-kisti-ruki-19-21-5-sm-bandazh-na-luchezapjastnyi-sustav-chernyi-razmer-universal-nyi-116233132/"},"merchant":{"name":"LARKO-KZ","code":"17629423"},"editable":false,"editedByCustomer":false},{"id":"8a5c7abb8ea25422018ea79d25d30a45","author":"Светлана","date":"04.04.2024","orderNumber":"342491730","rating":5,"comment":{"minus":"","plus":"","text":"Бандаж очень удобный, плотный, хорошо фиксирует руку."},"feedback":{"positive":0,"voted":false},"product":{"id":"116233132","name":"LARKO Бандаж лучезапястный Фиксатор кисти руки 19-21,5 см бандаж на лучезапястный сустав черный размер универсальный","categoryCode":"Master - Bandages and orthoses","categoryName":"Бандажи и ортезы","link":"https://kaspi.kz/shop/p/larko-bandazh-luchezapjastnyi-fiksator-kisti-ruki-19-21-5-sm-bandazh-na-luchezapjastnyi-sustav-chernyi-razmer-universal-nyi-116233132/"},"merchant":{"name":"LARKO-KZ","code":"17629423"},"editable":false,"editedByCustomer":false},{"id":"8a5c11888e7f91c7018e8e2d9ec51af5","author":"Айнур","date":"30.03.2024","orderNumber":"336142004","rating":4,"comment":{"minus":"","plus":"","text":"Размер не подошел, и качество не очень."},"feedback":{"positive":0,"voted":false},"product":{"id":"116233132","name":"LARKO Бандаж лучезапястный Фиксатор кисти руки 19-21,5 см бандаж на лучезапястный сустав черный размер универсальный","categoryCode":"Master - Bandages and orthoses","categoryName":"Бандажи и ортезы","link":"https://kaspi.kz/shop/p/larko-bandazh-luchezapjastnyi-fiksator-kisti-ruki-19-21-5-sm-bandazh-na-luchezapjastnyi-sustav-chernyi-razmer-universal-nyi-116233132/"},"merchant":{"name":"LARKO-KZ","code":"17629423"},"editable":false,"editedByCustomer":false},{"id":"8a5c554d8e56f360018e6f06bfa2292a","author":"Виктор","date":"26.03.2024","orderNumber":"338287494","rating":5,"comment":{"minus":"","plus":"","text":"Хороший товар. Соответствует описанию. В аптеке похожий стоит 11000 тенге."},"feedback":{"positive":0,"voted":false},"product":{"id":"116233132","name":"LARKO Бандаж лучезапястный Фиксатор кисти руки 19-21,5 см бандаж на лучезапястный сустав черный размер универсальный","categoryCode":"Master - Bandages and orthoses","categoryName":"Бандажи и ортезы","link":"https://kaspi.kz/shop/p/larko-bandazh-luchezapjastnyi-fiksator-kisti-ruki-19-21-5-sm-bandazh-na-luchezapjastnyi-sustav-chernyi-razmer-universal-nyi-116233132/"},"merchant":{"name":"LARKO-KZ","code":"17629423"},"editable":false,"editedByCustomer":false},{"id":"8a5c782e8e56f417018e7aa3e23039c9","author":"Марина","date":"26.03.2024","orderNumber":"339138096","rating":4,"comment":{"minus":"","plus":"","text":"Бандаж широковат со стороны пальцев. Пришлось немного ушить. Претензий к качеству нет, хорошо фиксирует запястье, не маркий. Меня полностью устраивает."},"feedback":{"positive":0,"voted":false},"product":{"id":"116233132","name":"LARKO Бандаж лучезапястный Фиксатор кисти руки 19-21,5 см бандаж на лучезапястный сустав черный размер универсальный","categoryCode":"Master - Bandages and orthoses","categoryName":"Бандажи и ортезы","link":"https://kaspi.kz/shop/p/larko-bandazh-luchezapjastnyi-fiksator-kisti-ruki-19-21-5-sm-bandazh-na-luchezapjastnyi-sustav-chernyi-razmer-universal-nyi-116233132/"},"merchant":{"name":"LARKO-KZ","code":"17629423"},"editable":false,"editedByCustomer":false},{"id":"8a5c2c378d398b6d018da514613a0cf3","author":"Ирина","date":"14.02.2024","orderNumber":"325075603","rating":5,"comment":{"minus":"","plus":"","text":"Бандаж очень удобный. Хорошо фиксируется на кисти. Ткань плотная. Рекомендую."},"feedback":{"positive":0,"voted":false},"product":{"id":"116233132","name":"LARKO Бандаж лучезапястный Фиксатор кисти руки 19-21,5 см бандаж на лучезапястный сустав черный размер универсальный","categoryCode":"Master - Bandages and orthoses","categoryName":"Бандажи и ортезы","link":"https://kaspi.kz/shop/p/larko-bandazh-luchezapjastnyi-fiksator-kisti-ruki-19-21-5-sm-bandazh-na-luchezapjastnyi-sustav-chernyi-razmer-universal-nyi-116233132/"},"merchant":{"name":"LARKO-KZ","code":"17629423"},"editable":false,"editedByCustomer":false},{"id":"8a5cd52c8da018eb018da2f3c1610536","author":"Дархан","date":"13.02.2024","orderNumber":"322641558","rating":5,"comment":{"minus":"","plus":"","text":"Очень удобный бандаж! Одеваю по верх гипса, чтобы гипса не видно было! Качество и цена."},"feedback":{"positive":1,"voted":false},"product":{"id":"116233132","name":"LARKO Бандаж лучезапястный Фиксатор кисти руки 19-21,5 см бандаж на лучезапястный сустав черный размер универсальный","categoryCode":"Master - Bandages and orthoses","categoryName":"Бандажи и ортезы","link":"https://kaspi.kz/shop/p/larko-bandazh-luchezapjastnyi-fiksator-kisti-ruki-19-21-5-sm-bandazh-na-luchezapjastnyi-sustav-chernyi-razmer-universal-nyi-116233132/"},"merchant":{"name":"LARKO-KZ","code":"17629423"},"editable":false,"editedByCustomer":false}]}