{"data":[{"id":"8a5cadc29618f2fa01965de537d82fb5","author":"Нұрмұқасан","date":"22.04.2025","orderNumber":"534918348","rating":5,"comment":{"minus":"","plus":"","text":"Хороший брелок, советую."},"feedback":{"positive":0,"voted":false},"product":{"id":"131500573","name":"Мультитул брелок туристический","categoryCode":"Master - Multitools","categoryName":"Мультитулы","link":"https://kaspi.kz/shop/p/mul-titul-brelok-turisticheskii-131500573/"},"merchant":{"name":"LARKO-KZ","code":"17629423"},"editable":false,"editedByCustomer":false},{"id":"8a5c1cad9618f312019657979eea13cb","author":"Асылбек","date":"21.04.2025","orderNumber":"533481613","rating":5,"comment":{"minus":"","plus":"","text":"Хорошая вещь."},"feedback":{"positive":0,"voted":false},"product":{"id":"131500573","name":"Мультитул брелок туристический","categoryCode":"Master - Multitools","categoryName":"Мультитулы","link":"https://kaspi.kz/shop/p/mul-titul-brelok-turisticheskii-131500573/"},"merchant":{"name":"LARKO-KZ","code":"17629423"},"editable":false,"editedByCustomer":false},{"id":"8a5c30729618f3d201962074d5073748","author":"Вячеслав","date":"10.04.2025","orderNumber":"526514909","rating":5,"comment":{"minus":"","plus":"","text":"Очень удобная и качественная штучка, на работе незаменимая вещь."},"feedback":{"positive":0,"voted":false},"galleryImages":[{"id":"526514909-131500573/a3c71492-05ae-4c87-99fa-7c672fcc46b4.jpeg","small":"https://resources.cdn-kaspi.kz/img/p/r/526514909-131500573/a3c71492-05ae-4c87-99fa-7c672fcc46b4.jpeg?format=review_small","medium":"https://resources.cdn-kaspi.kz/img/p/r/526514909-131500573/a3c71492-05ae-4c87-99fa-7c672fcc46b4.jpeg?format=review_medium","large":"https://resources.cdn-kaspi.kz/img/p/r/526514909-131500573/a3c71492-05ae-4c87-99fa-7c672fcc46b4.jpeg?format=review_large"},{"id":"526514909-131500573/c1e15a17-e663-4aa7-b268-ae82e34cb71d.jpeg","small":"https://resources.cdn-kaspi.kz/img/p/r/526514909-131500573/c1e15a17-e663-4aa7-b268-ae82e34cb71d.jpeg?format=review_small","medium":"https://resources.cdn-kaspi.kz/img/p/r/526514909-131500573/c1e15a17-e663-4aa7-b268-ae82e34cb71d.jpeg?format=review_medium","large":"https://resources.cdn-kaspi.kz/img/p/r/526514909-131500573/c1e15a17-e663-4aa7-b268-ae82e34cb71d.jpeg?format=review_large"},{"id":"526514909-131500573/bbc17ad7-79a5-466d-b925-4ead31870e78.jpeg","small":"https://resources.cdn-kaspi.kz/img/p/r/526514909-131500573/bbc17ad7-79a5-466d-b925-4ead31870e78.jpeg?format=review_small","medium":"https://resources.cdn-kaspi.kz/img/p/r/526514909-131500573/bbc17ad7-79a5-466d-b925-4ead31870e78.jpeg?format=review_medium","large":"https://resources.cdn-kaspi.kz/img/p/r/526514909-131500573/bbc17ad7-79a5-466d-b925-4ead31870e78.jpeg?format=review_large"}],"product":{"id":"131500573","name":"Мультитул брелок туристический","categoryCode":"Master - Multitools","categoryName":"Мультитулы","link":"https://kaspi.kz/shop/p/mul-titul-brelok-turisticheskii-131500573/"},"merchant":{"name":"LARKO-KZ","code":"17629423"},"editable":false,"editedByCustomer":false},{"id":"8a5c9dbc95acfdf50195e7e152533237","author":"Евгений","date":"30.03.2025","orderNumber":"521173496","rating":5,"comment":{"minus":"","plus":"","text":"Практичный, эргономичный, оригинальный! Маленький минус - лезвие не заточено. А так прекрасный подарок!"},"feedback":{"positive":0,"voted":false},"product":{"id":"131500573","name":"Мультитул брелок туристический","categoryCode":"Master - Multitools","categoryName":"Мультитулы","link":"https://kaspi.kz/shop/p/mul-titul-brelok-turisticheskii-131500573/"},"merchant":{"name":"LARKO-KZ","code":"17629423"},"editable":false,"editedByCustomer":false},{"id":"8a5c5808956c829c01957f9adf085d86","author":"Елена","date":"10.03.2025","orderNumber":"510518375","rating":5,"comment":{"minus":"","plus":"","text":"Очень классный брелок, мужу понравился. Удобен в применении. Легко открыть коробки, раскрутить телефон, муж занимается ремонтом телефонов, в общем советую к покупке."},"feedback":{"positive":0,"voted":false},"product":{"id":"131500573","name":"Мультитул брелок туристический","categoryCode":"Master - Multitools","categoryName":"Мультитулы","link":"https://kaspi.kz/shop/p/mul-titul-brelok-turisticheskii-131500573/"},"merchant":{"name":"LARKO-KZ","code":"17629423"},"editable":false,"editedByCustomer":false},{"id":"8a5cee4895790bd601957adc185f0bca","author":"Александр","date":"09.03.2025","orderNumber":"509775718","rating":4,"comment":{"minus":"","plus":"","text":"Слишком маленькие отвёртки поэтому четвёрка, а так режет и отвёртки работают."},"feedback":{"positive":0,"voted":false},"product":{"id":"131500573","name":"Мультитул брелок туристический","categoryCode":"Master - Multitools","categoryName":"Мультитулы","link":"https://kaspi.kz/shop/p/mul-titul-brelok-turisticheskii-131500573/"},"merchant":{"name":"LARKO-KZ","code":"17629423"},"editable":false,"editedByCustomer":false},{"id":"8a5c0a92953676ea0195605b91715409","author":"Дмитрий","date":"04.03.2025","orderNumber":"506865902","rating":5,"comment":{"minus":"","plus":"","text":"Шикарный мультитул."},"feedback":{"positive":0,"voted":false},"product":{"id":"131500573","name":"Мультитул брелок туристический","categoryCode":"Master - Multitools","categoryName":"Мультитулы","link":"https://kaspi.kz/shop/p/mul-titul-brelok-turisticheskii-131500573/"},"merchant":{"name":"LARKO-KZ","code":"17629423"},"editable":false,"editedByCustomer":false},{"id":"8a5c5d89953676fe019537eb71821132","author":"Талгат","date":"24.02.2025","orderNumber":"502422504","rating":5,"comment":{"minus":"","plus":"","text":"Классный мультитул!"},"feedback":{"positive":0,"voted":false},"product":{"id":"131500573","name":"Мультитул брелок туристический","categoryCode":"Master - Multitools","categoryName":"Мультитулы","link":"https://kaspi.kz/shop/p/mul-titul-brelok-turisticheskii-131500573/"},"merchant":{"name":"LARKO-KZ","code":"17629423"},"editable":false,"editedByCustomer":false},{"id":"8a5cb9d394dead9601950056099a3c2f","author":"Азамат","date":"13.02.2025","orderNumber":"488428581","rating":4,"comment":{"minus":"","plus":"","text":"За такую цену отлично, минус только что магнит выпал который биты должен держать, а так все прикольно."},"feedback":{"positive":0,"voted":false},"product":{"id":"131500573","name":"Мультитул брелок туристический","categoryCode":"Master - Multitools","categoryName":"Мультитулы","link":"https://kaspi.kz/shop/p/mul-titul-brelok-turisticheskii-131500573/"},"merchant":{"name":"LARKO-KZ","code":"17629423"},"editable":false,"editedByCustomer":false},{"id":"8a5c52bb94d9bbab0194dac668e701f8","author":"Марат","date":"06.02.2025","orderNumber":"488985182","rating":3,"comment":{"minus":"","plus":"","text":"Насадки очень маленькие, как будто для микрочастей каких-то предназначены."},"feedback":{"positive":0,"voted":false},"product":{"id":"131500573","name":"Мультитул брелок туристический","categoryCode":"Master - Multitools","categoryName":"Мультитулы","link":"https://kaspi.kz/shop/p/mul-titul-brelok-turisticheskii-131500573/"},"merchant":{"name":"LARKO-KZ","code":"17629423"},"editable":false,"editedByCustomer":false},{"id":"8a5ccd6594cbc26b0194d46e1eb00d60","author":"Жасурбек","date":"05.02.2025","orderNumber":"488411121","rating":5,"comment":{"minus":"","plus":"","text":"Очень удобная вещь."},"feedback":{"positive":0,"voted":false},"galleryImages":[{"id":"488411121-131500573/23e3c524-4bac-4646-851f-e68261a6075d.jpeg","small":"https://resources.cdn-kaspi.kz/img/p/r/488411121-131500573/23e3c524-4bac-4646-851f-e68261a6075d.jpeg?format=review_small","medium":"https://resources.cdn-kaspi.kz/img/p/r/488411121-131500573/23e3c524-4bac-4646-851f-e68261a6075d.jpeg?format=review_medium","large":"https://resources.cdn-kaspi.kz/img/p/r/488411121-131500573/23e3c524-4bac-4646-851f-e68261a6075d.jpeg?format=review_large"},{"id":"488411121-131500573/e05bf368-8d6c-42ab-a683-5ae09caa6cfc.jpeg","small":"https://resources.cdn-kaspi.kz/img/p/r/488411121-131500573/e05bf368-8d6c-42ab-a683-5ae09caa6cfc.jpeg?format=review_small","medium":"https://resources.cdn-kaspi.kz/img/p/r/488411121-131500573/e05bf368-8d6c-42ab-a683-5ae09caa6cfc.jpeg?format=review_medium","large":"https://resources.cdn-kaspi.kz/img/p/r/488411121-131500573/e05bf368-8d6c-42ab-a683-5ae09caa6cfc.jpeg?format=review_large"}],"product":{"id":"131500573","name":"Мультитул брелок туристический","categoryCode":"Master - Multitools","categoryName":"Мультитулы","link":"https://kaspi.kz/shop/p/mul-titul-brelok-turisticheskii-131500573/"},"merchant":{"name":"LARKO-KZ","code":"17629423"},"editable":false,"editedByCustomer":false},{"id":"8a5c1c8a94c140310194c18e118b00cf","author":"Юлия","date":"01.02.2025","orderNumber":"487575153","rating":5,"comment":{"minus":"","plus":"","text":"Купила себе, так как компактный и выглядит необычно. Иногда нет под рукой мелкой отвёртки, использовала палочку, теперь у меня есть целый набор отвёрток."},"feedback":{"positive":0,"voted":false},"galleryImages":[{"id":"487575153-131500573/73aba51f-9c83-45ce-9b64-bc2748feb9e7.jpeg","small":"https://resources.cdn-kaspi.kz/img/p/r/487575153-131500573/73aba51f-9c83-45ce-9b64-bc2748feb9e7.jpeg?format=review_small","medium":"https://resources.cdn-kaspi.kz/img/p/r/487575153-131500573/73aba51f-9c83-45ce-9b64-bc2748feb9e7.jpeg?format=review_medium","large":"https://resources.cdn-kaspi.kz/img/p/r/487575153-131500573/73aba51f-9c83-45ce-9b64-bc2748feb9e7.jpeg?format=review_large"},{"id":"487575153-131500573/ae4ad597-9d6c-4509-b871-702f4c011605.jpeg","small":"https://resources.cdn-kaspi.kz/img/p/r/487575153-131500573/ae4ad597-9d6c-4509-b871-702f4c011605.jpeg?format=review_small","medium":"https://resources.cdn-kaspi.kz/img/p/r/487575153-131500573/ae4ad597-9d6c-4509-b871-702f4c011605.jpeg?format=review_medium","large":"https://resources.cdn-kaspi.kz/img/p/r/487575153-131500573/ae4ad597-9d6c-4509-b871-702f4c011605.jpeg?format=review_large"},{"id":"487575153-131500573/cbbf1814-71d3-4782-b5f1-797fe9faed8c.jpeg","small":"https://resources.cdn-kaspi.kz/img/p/r/487575153-131500573/cbbf1814-71d3-4782-b5f1-797fe9faed8c.jpeg?format=review_small","medium":"https://resources.cdn-kaspi.kz/img/p/r/487575153-131500573/cbbf1814-71d3-4782-b5f1-797fe9faed8c.jpeg?format=review_medium","large":"https://resources.cdn-kaspi.kz/img/p/r/487575153-131500573/cbbf1814-71d3-4782-b5f1-797fe9faed8c.jpeg?format=review_large"}],"product":{"id":"131500573","name":"Мультитул брелок туристический","categoryCode":"Master - Multitools","categoryName":"Мультитулы","link":"https://kaspi.kz/shop/p/mul-titul-brelok-turisticheskii-131500573/"},"merchant":{"name":"LARKO-KZ","code":"17629423"},"editable":false,"editedByCustomer":false},{"id":"8a5cba4994ab5c940194b1998b5b0ad1","author":"Зарина","date":"29.01.2025","orderNumber":"486581146","rating":5,"comment":{"minus":"","plus":"","text":"Здравствуйте. Мультитуп классный. Закажу еще. Очень удобный. Буду носить в сумочке. Купила мужу, он часто в предзаках, а вещь компактная и нужная. Что-то по мелочи в самый раз починить, подкрутить. Как брелок тоже супер. И качество хорошее. Магазин вовремя все отправил, даже раньше срока все пришло."},"feedback":{"positive":0,"voted":false},"galleryImages":[{"id":"486581146-131500573/a3044a8b-d09b-4052-8eaf-9283945921e7.jpeg","small":"https://resources.cdn-kaspi.kz/img/p/r/486581146-131500573/a3044a8b-d09b-4052-8eaf-9283945921e7.jpeg?format=review_small","medium":"https://resources.cdn-kaspi.kz/img/p/r/486581146-131500573/a3044a8b-d09b-4052-8eaf-9283945921e7.jpeg?format=review_medium","large":"https://resources.cdn-kaspi.kz/img/p/r/486581146-131500573/a3044a8b-d09b-4052-8eaf-9283945921e7.jpeg?format=review_large"},{"id":"486581146-131500573/2c52e5d9-21ca-4d46-b402-d47ad9cc39c1.jpeg","small":"https://resources.cdn-kaspi.kz/img/p/r/486581146-131500573/2c52e5d9-21ca-4d46-b402-d47ad9cc39c1.jpeg?format=review_small","medium":"https://resources.cdn-kaspi.kz/img/p/r/486581146-131500573/2c52e5d9-21ca-4d46-b402-d47ad9cc39c1.jpeg?format=review_medium","large":"https://resources.cdn-kaspi.kz/img/p/r/486581146-131500573/2c52e5d9-21ca-4d46-b402-d47ad9cc39c1.jpeg?format=review_large"},{"id":"486581146-131500573/0c4634e2-3bd5-43f6-a4a4-840f15e37c4b.jpeg","small":"https://resources.cdn-kaspi.kz/img/p/r/486581146-131500573/0c4634e2-3bd5-43f6-a4a4-840f15e37c4b.jpeg?format=review_small","medium":"https://resources.cdn-kaspi.kz/img/p/r/486581146-131500573/0c4634e2-3bd5-43f6-a4a4-840f15e37c4b.jpeg?format=review_medium","large":"https://resources.cdn-kaspi.kz/img/p/r/486581146-131500573/0c4634e2-3bd5-43f6-a4a4-840f15e37c4b.jpeg?format=review_large"},{"id":"486581146-131500573/c6062866-530b-4c6a-8606-01d83b431853.jpeg","small":"https://resources.cdn-kaspi.kz/img/p/r/486581146-131500573/c6062866-530b-4c6a-8606-01d83b431853.jpeg?format=review_small","medium":"https://resources.cdn-kaspi.kz/img/p/r/486581146-131500573/c6062866-530b-4c6a-8606-01d83b431853.jpeg?format=review_medium","large":"https://resources.cdn-kaspi.kz/img/p/r/486581146-131500573/c6062866-530b-4c6a-8606-01d83b431853.jpeg?format=review_large"}],"product":{"id":"131500573","name":"Мультитул брелок туристический","categoryCode":"Master - Multitools","categoryName":"Мультитулы","link":"https://kaspi.kz/shop/p/mul-titul-brelok-turisticheskii-131500573/"},"merchant":{"name":"LARKO-KZ","code":"17629423"},"editable":false,"editedByCustomer":false},{"id":"8a5cba4994ab5c940194b1482f9f09cf","author":"Ерлан","date":"29.01.2025","orderNumber":"485616810","rating":5,"comment":{"minus":"","plus":"","text":"Заказ понравился, за свои деньги норм."},"feedback":{"positive":0,"voted":false},"galleryImages":[{"id":"485616810-131500573/edb480ec-b7d9-4db4-b206-2c315cc829bd.jpeg","small":"https://resources.cdn-kaspi.kz/img/p/r/485616810-131500573/edb480ec-b7d9-4db4-b206-2c315cc829bd.jpeg?format=review_small","medium":"https://resources.cdn-kaspi.kz/img/p/r/485616810-131500573/edb480ec-b7d9-4db4-b206-2c315cc829bd.jpeg?format=review_medium","large":"https://resources.cdn-kaspi.kz/img/p/r/485616810-131500573/edb480ec-b7d9-4db4-b206-2c315cc829bd.jpeg?format=review_large"}],"product":{"id":"131500573","name":"Мультитул брелок туристический","categoryCode":"Master - Multitools","categoryName":"Мультитулы","link":"https://kaspi.kz/shop/p/mul-titul-brelok-turisticheskii-131500573/"},"merchant":{"name":"LARKO-KZ","code":"17629423"},"editable":false,"editedByCustomer":false}]}