{"data":[{"id":"8a5cbee895f70f310195f72bbca101ab","author":"Бекжан","date":"02.04.2025","orderNumber":"525836313","rating":5,"comment":{"minus":"","plus":"","text":"Очень удобный и под размер."},"feedback":{"positive":0,"voted":false},"product":{"id":"121551401","name":"Пояс LARKO Пояс мужской с эффектом сауны XL","categoryCode":"Master - Clothes for slimming","categoryName":"Одежда для похудения","link":"https://kaspi.kz/shop/p/pojas-larko-pojas-muzhskoi-s-effektom-sauny-xl-121551401/"},"merchant":{"name":"LARKO-KZ","code":"17629423"},"editable":false,"editedByCustomer":false},{"id":"8a5cc38595acfcab0195bd37b959638c","author":"Ербол","date":"22.03.2025","orderNumber":"516238442","rating":3,"comment":{"minus":"","plus":"","text":"Неге то что ожидал."},"feedback":{"positive":1,"voted":false},"product":{"id":"121551401","name":"Пояс LARKO Пояс мужской с эффектом сауны XL","categoryCode":"Master - Clothes for slimming","categoryName":"Одежда для похудения","link":"https://kaspi.kz/shop/p/pojas-larko-pojas-muzhskoi-s-effektom-sauny-xl-121551401/"},"merchant":{"name":"LARKO-KZ","code":"17629423"},"editable":false,"editedByCustomer":false},{"id":"8a5ce80e946875d0019493297e5e4072","author":"Виктор","date":"23.01.2025","orderNumber":"483664274","rating":5,"comment":{"minus":"","plus":"","text":"Пояс LARKO доставили вовремя, размер совпадает, теперь проверю его в деле, на тринеровках, спасибо."},"feedback":{"positive":0,"voted":false},"product":{"id":"121551401","name":"Пояс LARKO Пояс мужской с эффектом сауны XL","categoryCode":"Master - Clothes for slimming","categoryName":"Одежда для похудения","link":"https://kaspi.kz/shop/p/pojas-larko-pojas-muzhskoi-s-effektom-sauny-xl-121551401/"},"merchant":{"name":"LARKO-KZ","code":"17629423"},"editable":false,"editedByCustomer":false},{"id":"8a5c5a85946875880194759e0a6d1939","author":"Жалгас","date":"17.01.2025","orderNumber":"480539997","rating":4,"comment":{"minus":"","plus":"","text":"Размер подошел. Качество хорошее. Нужна длительная тренировка для наилучшего результата."},"feedback":{"positive":0,"voted":false},"product":{"id":"121551401","name":"Пояс LARKO Пояс мужской с эффектом сауны XL","categoryCode":"Master - Clothes for slimming","categoryName":"Одежда для похудения","link":"https://kaspi.kz/shop/p/pojas-larko-pojas-muzhskoi-s-effektom-sauny-xl-121551401/"},"merchant":{"name":"LARKO-KZ","code":"17629423"},"editable":false,"editedByCustomer":false},{"id":"8a5cee5f940196d20194644673017ffa","author":"Ануар","date":"14.01.2025","orderNumber":"475147685","rating":5,"comment":{"minus":"","plus":"","text":"Хороший пояс, все понравилось, качество."},"feedback":{"positive":0,"voted":false},"product":{"id":"121551401","name":"Пояс LARKO Пояс мужской с эффектом сауны XL","categoryCode":"Master - Clothes for slimming","categoryName":"Одежда для похудения","link":"https://kaspi.kz/shop/p/pojas-larko-pojas-muzhskoi-s-effektom-sauny-xl-121551401/"},"merchant":{"name":"LARKO-KZ","code":"17629423"},"editable":false,"editedByCustomer":false},{"id":"8a5c64dd939557210193f302abb80de5","author":"Азамат","date":"23.12.2024","orderNumber":"457832328","rating":5,"comment":{"minus":"","plus":"","text":"Классный пояс."},"feedback":{"positive":0,"voted":false},"product":{"id":"121551401","name":"Пояс LARKO Пояс мужской с эффектом сауны XL","categoryCode":"Master - Clothes for slimming","categoryName":"Одежда для похудения","link":"https://kaspi.kz/shop/p/pojas-larko-pojas-muzhskoi-s-effektom-sauny-xl-121551401/"},"merchant":{"name":"LARKO-KZ","code":"17629423"},"editable":false,"editedByCustomer":false},{"id":"8a5c62129300df64019306b669520878","author":"Аян","date":"07.11.2024","orderNumber":"436438797","rating":5,"comment":{"minus":"","plus":"","text":"Хороший и качественный пояс. Просто хожу по дому и потею."},"feedback":{"positive":0,"voted":false},"product":{"id":"121551401","name":"Пояс LARKO Пояс мужской с эффектом сауны XL","categoryCode":"Master - Clothes for slimming","categoryName":"Одежда для похудения","link":"https://kaspi.kz/shop/p/pojas-larko-pojas-muzhskoi-s-effektom-sauny-xl-121551401/"},"merchant":{"name":"LARKO-KZ","code":"17629423"},"editable":false,"editedByCustomer":false},{"id":"8a5c60dc92fbed5c019301565b380b71","author":"Мади","date":"06.11.2024","orderNumber":"436568911","rating":5,"comment":{"minus":"","plus":"","text":"Дәл уақытында жеткізді, керемет."},"feedback":{"positive":0,"voted":false},"product":{"id":"121551401","name":"Пояс LARKO Пояс мужской с эффектом сауны XL","categoryCode":"Master - Clothes for slimming","categoryName":"Одежда для похудения","link":"https://kaspi.kz/shop/p/pojas-larko-pojas-muzhskoi-s-effektom-sauny-xl-121551401/"},"merchant":{"name":"LARKO-KZ","code":"17629423"},"editable":false,"editedByCustomer":false},{"id":"8a5c548992fbed8c0192fcbce395034b","author":"Алтынбек","date":"05.11.2024","orderNumber":"434777661","rating":5,"comment":{"minus":"","plus":"","text":"Реально не хуже других, рад покупке и еще дешева."},"feedback":{"positive":0,"voted":false},"product":{"id":"121551401","name":"Пояс LARKO Пояс мужской с эффектом сауны XL","categoryCode":"Master - Clothes for slimming","categoryName":"Одежда для похудения","link":"https://kaspi.kz/shop/p/pojas-larko-pojas-muzhskoi-s-effektom-sauny-xl-121551401/"},"merchant":{"name":"LARKO-KZ","code":"17629423"},"editable":false,"editedByCustomer":false},{"id":"8a5c9a9392d6e5950192d841c25a0550","author":"Сергей","date":"29.10.2024","orderNumber":"432281875","rating":5,"comment":{"minus":"","plus":"","text":"По размеру подошёл, тепло даёт, спасибо продавцу, материал полиэстер."},"feedback":{"positive":0,"voted":false},"galleryImages":[{"id":"432281875-121551401/8f3645ae-16c9-4367-ba73-9fc0d1c8a2be.jpeg","small":"https://resources.cdn-kaspi.kz/img/p/r/432281875-121551401/8f3645ae-16c9-4367-ba73-9fc0d1c8a2be.jpeg?format=review_small","medium":"https://resources.cdn-kaspi.kz/img/p/r/432281875-121551401/8f3645ae-16c9-4367-ba73-9fc0d1c8a2be.jpeg?format=review_medium","large":"https://resources.cdn-kaspi.kz/img/p/r/432281875-121551401/8f3645ae-16c9-4367-ba73-9fc0d1c8a2be.jpeg?format=review_large"}],"product":{"id":"121551401","name":"Пояс LARKO Пояс мужской с эффектом сауны XL","categoryCode":"Master - Clothes for slimming","categoryName":"Одежда для похудения","link":"https://kaspi.kz/shop/p/pojas-larko-pojas-muzhskoi-s-effektom-sauny-xl-121551401/"},"merchant":{"name":"LARKO-KZ","code":"17629423"},"editable":false,"editedByCustomer":false},{"id":"8a5cf7b491ebb88d0191ebbb53c40006","author":"Фарид","date":"13.09.2024","orderNumber":"409235948","rating":4,"comment":{"minus":"","plus":"","text":"Примерил, как раз по размеру. Эффект, я думаю, сразу не настанет, посмотрим."},"feedback":{"positive":0,"voted":false},"product":{"id":"121551401","name":"Пояс LARKO Пояс мужской с эффектом сауны XL","categoryCode":"Master - Clothes for slimming","categoryName":"Одежда для похудения","link":"https://kaspi.kz/shop/p/pojas-larko-pojas-muzhskoi-s-effektom-sauny-xl-121551401/"},"merchant":{"name":"LARKO-KZ","code":"17629423"},"editable":false,"editedByCustomer":false},{"id":"8a5cc04691ca62fa0191cd584ade06b9","author":"Ажигали","date":"07.09.2024","orderNumber":"406298418","rating":5,"comment":{"minus":"","plus":"","text":"Керемет."},"feedback":{"positive":0,"voted":false},"product":{"id":"121551401","name":"Пояс LARKO Пояс мужской с эффектом сауны XL","categoryCode":"Master - Clothes for slimming","categoryName":"Одежда для похудения","link":"https://kaspi.kz/shop/p/pojas-larko-pojas-muzhskoi-s-effektom-sauny-xl-121551401/"},"merchant":{"name":"LARKO-KZ","code":"17629423"},"editable":false,"editedByCustomer":false},{"id":"8a5c5cb891313d8f0191320f18d70270","author":"Жанель","date":"08.08.2024","orderNumber":"388027420","rating":5,"comment":{"minus":"","plus":"","text":"Покупала мужу, у него размер 2XL (на рубашках) пояс заказала XL подошел отлично. Ему понравилось, эффект сауны отличный. Спасибо!"},"feedback":{"positive":0,"voted":false},"product":{"id":"121551401","name":"Пояс LARKO Пояс мужской с эффектом сауны XL","categoryCode":"Master - Clothes for slimming","categoryName":"Одежда для похудения","link":"https://kaspi.kz/shop/p/pojas-larko-pojas-muzhskoi-s-effektom-sauny-xl-121551401/"},"merchant":{"name":"LARKO-KZ","code":"17629423"},"editable":false,"editedByCustomer":false},{"id":"8a5ce827912aba49019131293d450ce5","author":"Павел","date":"08.08.2024","orderNumber":"391404009","rating":4,"comment":{"minus":"","plus":"","text":"Само то для любителей активного отдыха."},"feedback":{"positive":0,"voted":false},"product":{"id":"121551401","name":"Пояс LARKO Пояс мужской с эффектом сауны XL","categoryCode":"Master - Clothes for slimming","categoryName":"Одежда для похудения","link":"https://kaspi.kz/shop/p/pojas-larko-pojas-muzhskoi-s-effektom-sauny-xl-121551401/"},"merchant":{"name":"LARKO-KZ","code":"17629423"},"editable":false,"editedByCustomer":false},{"id":"8a5c821990d890200190ffc0e7e1447d","author":"Аблайхан","date":"29.07.2024","orderNumber":"386921141","rating":5,"comment":{"minus":"","plus":"","text":"Очень понравился, хорошая вещь, советую брать вам."},"feedback":{"positive":0,"voted":false},"product":{"id":"121551401","name":"Пояс LARKO Пояс мужской с эффектом сауны XL","categoryCode":"Master - Clothes for slimming","categoryName":"Одежда для похудения","link":"https://kaspi.kz/shop/p/pojas-larko-pojas-muzhskoi-s-effektom-sauny-xl-121551401/"},"merchant":{"name":"LARKO-KZ","code":"17629423"},"editable":false,"editedByCustomer":false}]}