{"data":[{"id":"8a5cadc29618f2fa0196396c1b121c7f","author":"Юлдузхан","date":"15.04.2025","orderNumber":"531518071","rating":5,"comment":{"minus":"","plus":"","text":"Сапасы керемет. Прадавеске рахмет."},"feedback":{"positive":0,"voted":false},"product":{"id":"132479795","name":"Эргорюкзак LARKO ergobackpackpink до 20 розовый","categoryCode":"Master - Ergobaby carriers and soft carriers","categoryName":"Эргорюкзаки и кенгуру для малышей","link":"https://kaspi.kz/shop/p/ergorjukzak-larko-ergobackpackpink-do-20-rozovyi-132479795/"},"merchant":{"name":"LARKO-KZ","code":"17629423"},"editable":false,"editedByCustomer":false},{"id":"8a5cc38595acfcab0195d289de704b21","author":"Татьяна","date":"26.03.2025","orderNumber":"520195290","rating":5,"comment":{"minus":"","plus":"","text":"Очень удобная вещь. Есть различные отделения для необходимых детских вещей. Цвет, как на картинке. Соответствует описанию. Качество отличное. Спасибо магазину LARKO-KZ и Каспи."},"feedback":{"positive":0,"voted":false},"galleryImages":[{"id":"520195290-132479795/2b50a1c5-bb0f-44c2-a5f3-0ffae53c270a.jpeg","small":"https://resources.cdn-kaspi.kz/img/p/r/520195290-132479795/2b50a1c5-bb0f-44c2-a5f3-0ffae53c270a.jpeg?format=review_small","medium":"https://resources.cdn-kaspi.kz/img/p/r/520195290-132479795/2b50a1c5-bb0f-44c2-a5f3-0ffae53c270a.jpeg?format=review_medium","large":"https://resources.cdn-kaspi.kz/img/p/r/520195290-132479795/2b50a1c5-bb0f-44c2-a5f3-0ffae53c270a.jpeg?format=review_large"},{"id":"520195290-132479795/a37f50c9-59b0-4bfd-a83e-d9a634d2a3c6.jpeg","small":"https://resources.cdn-kaspi.kz/img/p/r/520195290-132479795/a37f50c9-59b0-4bfd-a83e-d9a634d2a3c6.jpeg?format=review_small","medium":"https://resources.cdn-kaspi.kz/img/p/r/520195290-132479795/a37f50c9-59b0-4bfd-a83e-d9a634d2a3c6.jpeg?format=review_medium","large":"https://resources.cdn-kaspi.kz/img/p/r/520195290-132479795/a37f50c9-59b0-4bfd-a83e-d9a634d2a3c6.jpeg?format=review_large"},{"id":"520195290-132479795/561ca241-955c-4f47-a1a8-897fd9dd9dc3.jpeg","small":"https://resources.cdn-kaspi.kz/img/p/r/520195290-132479795/561ca241-955c-4f47-a1a8-897fd9dd9dc3.jpeg?format=review_small","medium":"https://resources.cdn-kaspi.kz/img/p/r/520195290-132479795/561ca241-955c-4f47-a1a8-897fd9dd9dc3.jpeg?format=review_medium","large":"https://resources.cdn-kaspi.kz/img/p/r/520195290-132479795/561ca241-955c-4f47-a1a8-897fd9dd9dc3.jpeg?format=review_large"},{"id":"520195290-132479795/20634cad-ac0f-4436-b9c7-417b8c47bbe9.jpeg","small":"https://resources.cdn-kaspi.kz/img/p/r/520195290-132479795/20634cad-ac0f-4436-b9c7-417b8c47bbe9.jpeg?format=review_small","medium":"https://resources.cdn-kaspi.kz/img/p/r/520195290-132479795/20634cad-ac0f-4436-b9c7-417b8c47bbe9.jpeg?format=review_medium","large":"https://resources.cdn-kaspi.kz/img/p/r/520195290-132479795/20634cad-ac0f-4436-b9c7-417b8c47bbe9.jpeg?format=review_large"},{"id":"520195290-132479795/c7c235dd-7629-4c15-9cdf-ea6952f3058a.jpeg","small":"https://resources.cdn-kaspi.kz/img/p/r/520195290-132479795/c7c235dd-7629-4c15-9cdf-ea6952f3058a.jpeg?format=review_small","medium":"https://resources.cdn-kaspi.kz/img/p/r/520195290-132479795/c7c235dd-7629-4c15-9cdf-ea6952f3058a.jpeg?format=review_medium","large":"https://resources.cdn-kaspi.kz/img/p/r/520195290-132479795/c7c235dd-7629-4c15-9cdf-ea6952f3058a.jpeg?format=review_large"}],"product":{"id":"132479795","name":"Эргорюкзак LARKO ergobackpackpink до 20 розовый","categoryCode":"Master - Ergobaby carriers and soft carriers","categoryName":"Эргорюкзаки и кенгуру для малышей","link":"https://kaspi.kz/shop/p/ergorjukzak-larko-ergobackpackpink-do-20-rozovyi-132479795/"},"merchant":{"name":"LARKO-KZ","code":"17629423"},"editable":false,"editedByCustomer":false},{"id":"8a5c9dbc95acfdf50195c8c8e9a72010","author":"Манзура","date":"24.03.2025","orderNumber":"518703835","rating":5,"comment":{"minus":"","plus":"","text":"Сапасы өте керемет екен. Бундай бага га осындай сапалы дуние аламын деп шыны керек ойламаган едим. Рахмет."},"feedback":{"positive":0,"voted":false},"product":{"id":"132479795","name":"Эргорюкзак LARKO ergobackpackpink до 20 розовый","categoryCode":"Master - Ergobaby carriers and soft carriers","categoryName":"Эргорюкзаки и кенгуру для малышей","link":"https://kaspi.kz/shop/p/ergorjukzak-larko-ergobackpackpink-do-20-rozovyi-132479795/"},"merchant":{"name":"LARKO-KZ","code":"17629423"},"editable":false,"editedByCustomer":false},{"id":"8a5c9dbc95acfdf50195af98df3622f7","author":"Кәмшат","date":"19.03.2025","orderNumber":"515337410","rating":5,"comment":{"minus":"","plus":"","text":"Отличный рюкзак. Хорошая ткань и качество. Доставили быстро, на день раньше."},"feedback":{"positive":0,"voted":false},"product":{"id":"132479795","name":"Эргорюкзак LARKO ergobackpackpink до 20 розовый","categoryCode":"Master - Ergobaby carriers and soft carriers","categoryName":"Эргорюкзаки и кенгуру для малышей","link":"https://kaspi.kz/shop/p/ergorjukzak-larko-ergobackpackpink-do-20-rozovyi-132479795/"},"merchant":{"name":"LARKO-KZ","code":"17629423"},"editable":false,"editedByCustomer":false},{"id":"8a5c0cf29588cda901959050d72b392a","author":"Юлия","date":"13.03.2025","orderNumber":"512732598","rating":5,"comment":{"minus":"","plus":"","text":"Эргорюкзак очень понравился. Качество хорошее, нигде ничего не торчит. Очень удобен в использовании. Хипсит еще не опробовали, так как малыш еще не сидит, но думаю с ним будет еще комфортнее носить малыша. Товар соответствует картинке. Спасибо Larko за доставку раньше срока. Рекомендую к покупке."},"feedback":{"positive":0,"voted":false},"product":{"id":"132479795","name":"Эргорюкзак LARKO ergobackpackpink до 20 розовый","categoryCode":"Master - Ergobaby carriers and soft carriers","categoryName":"Эргорюкзаки и кенгуру для малышей","link":"https://kaspi.kz/shop/p/ergorjukzak-larko-ergobackpackpink-do-20-rozovyi-132479795/"},"merchant":{"name":"LARKO-KZ","code":"17629423"},"editable":false,"editedByCustomer":false},{"id":"8a5c251794d9bc3f0194dadece0c0225","author":"Кулия","date":"06.02.2025","orderNumber":"488692949","rating":5,"comment":{"minus":"","plus":"","text":"Рюкзак өте ыңғайлы. Сапасы жоғары. Рахмет."},"feedback":{"positive":0,"voted":false},"product":{"id":"132479795","name":"Эргорюкзак LARKO ergobackpackpink до 20 розовый","categoryCode":"Master - Ergobaby carriers and soft carriers","categoryName":"Эргорюкзаки и кенгуру для малышей","link":"https://kaspi.kz/shop/p/ergorjukzak-larko-ergobackpackpink-do-20-rozovyi-132479795/"},"merchant":{"name":"LARKO-KZ","code":"17629423"},"editable":false,"editedByCustomer":false},{"id":"8a5cd48694cbc2e40194d5a7917d0f0b","author":"Жансая","date":"05.02.2025","orderNumber":"489957606","rating":5,"comment":{"minus":"","plus":"","text":"Ұнады. Нағыз керек дүние, сапасы да жақсы екен, сосын ыңғайлы."},"feedback":{"positive":0,"voted":false},"product":{"id":"132479795","name":"Эргорюкзак LARKO ergobackpackpink до 20 розовый","categoryCode":"Master - Ergobaby carriers and soft carriers","categoryName":"Эргорюкзаки и кенгуру для малышей","link":"https://kaspi.kz/shop/p/ergorjukzak-larko-ergobackpackpink-do-20-rozovyi-132479795/"},"merchant":{"name":"LARKO-KZ","code":"17629423"},"editable":false,"editedByCustomer":false},{"id":"8a5ce3f894ab5c170194b537d5de113a","author":"Гульнур","date":"30.01.2025","orderNumber":"487550877","rating":5,"comment":{"minus":"","plus":"","text":"Эргорюкзак өте ыңғайлы екен, спасы жақсы, бізге қатты ұнады. Тапсырысым өз уақытында келді."},"feedback":{"positive":0,"voted":false},"product":{"id":"132479795","name":"Эргорюкзак LARKO ergobackpackpink до 20 розовый","categoryCode":"Master - Ergobaby carriers and soft carriers","categoryName":"Эргорюкзаки и кенгуру для малышей","link":"https://kaspi.kz/shop/p/ergorjukzak-larko-ergobackpackpink-do-20-rozovyi-132479795/"},"merchant":{"name":"LARKO-KZ","code":"17629423"},"editable":false,"editedByCustomer":false},{"id":"8a5cc06f94a5dae70194a8599a6104f5","author":"Мәдина","date":"27.01.2025","orderNumber":"483574657","rating":4,"comment":{"minus":"","plus":"","text":"Сапасы жақсы, бір жұлдызды алғаным 2 күнге кешігіп келді."},"feedback":{"positive":0,"voted":false},"product":{"id":"132479795","name":"Эргорюкзак LARKO ergobackpackpink до 20 розовый","categoryCode":"Master - Ergobaby carriers and soft carriers","categoryName":"Эргорюкзаки и кенгуру для малышей","link":"https://kaspi.kz/shop/p/ergorjukzak-larko-ergobackpackpink-do-20-rozovyi-132479795/"},"merchant":{"name":"LARKO-KZ","code":"17629423"},"editable":false,"editedByCustomer":false},{"id":"8a5c5a85946875880194971e9a4d446e","author":"Валерия","date":"24.01.2025","orderNumber":"483880892","rating":5,"comment":{"minus":"","plus":"","text":"Доставка в срок, эргорюкзак удобный и очень функциональный, рекомендую. Благодарю продавца!"},"feedback":{"positive":0,"voted":false},"product":{"id":"132479795","name":"Эргорюкзак LARKO ergobackpackpink до 20 розовый","categoryCode":"Master - Ergobaby carriers and soft carriers","categoryName":"Эргорюкзаки и кенгуру для малышей","link":"https://kaspi.kz/shop/p/ergorjukzak-larko-ergobackpackpink-do-20-rozovyi-132479795/"},"merchant":{"name":"LARKO-KZ","code":"17629423"},"editable":false,"editedByCustomer":false},{"id":"8a5c85b594687642019488a160aa33d5","author":"Диана","date":"21.01.2025","orderNumber":"482327594","rating":5,"comment":{"minus":"","plus":"","text":"Очень хорошее качество, прям как на фото просто нужно приловчиться."},"feedback":{"positive":0,"voted":false},"product":{"id":"132479795","name":"Эргорюкзак LARKO ergobackpackpink до 20 розовый","categoryCode":"Master - Ergobaby carriers and soft carriers","categoryName":"Эргорюкзаки и кенгуру для малышей","link":"https://kaspi.kz/shop/p/ergorjukzak-larko-ergobackpackpink-do-20-rozovyi-132479795/"},"merchant":{"name":"LARKO-KZ","code":"17629423"},"editable":false,"editedByCustomer":false},{"id":"8a5c0c11946876d1019484397a442e6d","author":"Гулзагира","date":"20.01.2025","orderNumber":"481910462","rating":5,"comment":{"minus":"","plus":"","text":"Өте ыңғайлы, сапалы, бағасы да қол жетімді!."},"feedback":{"positive":0,"voted":false},"product":{"id":"132479795","name":"Эргорюкзак LARKO ergobackpackpink до 20 розовый","categoryCode":"Master - Ergobaby carriers and soft carriers","categoryName":"Эргорюкзаки и кенгуру для малышей","link":"https://kaspi.kz/shop/p/ergorjukzak-larko-ergobackpackpink-do-20-rozovyi-132479795/"},"merchant":{"name":"LARKO-KZ","code":"17629423"},"editable":false,"editedByCustomer":false},{"id":"8a5c0c399401957c019464b19c29005a","author":"Анель","date":"14.01.2025","orderNumber":"480093182","rating":5,"comment":{"minus":"","plus":"","text":"Цвет и качество материала хорошее, мне понравилось, за такую цену вообще шик, блеск, саипис."},"feedback":{"positive":0,"voted":false},"product":{"id":"132479795","name":"Эргорюкзак LARKO ergobackpackpink до 20 розовый","categoryCode":"Master - Ergobaby carriers and soft carriers","categoryName":"Эргорюкзаки и кенгуру для малышей","link":"https://kaspi.kz/shop/p/ergorjukzak-larko-ergobackpackpink-do-20-rozovyi-132479795/"},"merchant":{"name":"LARKO-KZ","code":"17629423"},"editable":false,"editedByCustomer":false},{"id":"8a5c9dbc9401956a01946399d3807e29","author":"Салима","date":"14.01.2025","orderNumber":"479909385","rating":5,"comment":{"minus":"","plus":"","text":"Находка для мам, и ребёнок доволен, очень удобно. Рекомендую всем."},"feedback":{"positive":0,"voted":false},"product":{"id":"132479795","name":"Эргорюкзак LARKO ergobackpackpink до 20 розовый","categoryCode":"Master - Ergobaby carriers and soft carriers","categoryName":"Эргорюкзаки и кенгуру для малышей","link":"https://kaspi.kz/shop/p/ergorjukzak-larko-ergobackpackpink-do-20-rozovyi-132479795/"},"merchant":{"name":"LARKO-KZ","code":"17629423"},"editable":false,"editedByCustomer":false}]}