{"data":[{"id":"8a5c5fbf9618f30801966177f8d639b7","author":"Баян","date":"23.04.2025","orderNumber":"535998456","rating":5,"comment":{"minus":"","plus":"","text":"Сапасы өте жақсы, маған ұнады өлшемі өз өлшеміме сай рахмет, тапсырысым өз уақытында келді."},"feedback":{"positive":0,"voted":false},"product":{"id":"128087786","name":"LARKO чулки Сompression класс компрессии 2 черный XXL","categoryCode":"Master - Medical compression hosiery","categoryName":"Компрессионный трикотаж","link":"https://kaspi.kz/shop/p/larko-chulki-sompression-klass-kompressii-2-chernyi-xxl-128087786/"},"merchant":{"name":"LARKO-KZ","code":"17629423"},"editable":false,"editedByCustomer":false},{"id":"8a5cee6795fef6c70195ff1dcdb60043","author":"Жулдызай","date":"04.04.2025","orderNumber":"525392252","rating":5,"comment":{"minus":"","plus":"","text":"Качество супер! Рахмет!"},"feedback":{"positive":0,"voted":false},"product":{"id":"128087786","name":"LARKO чулки Сompression класс компрессии 2 черный XXL","categoryCode":"Master - Medical compression hosiery","categoryName":"Компрессионный трикотаж","link":"https://kaspi.kz/shop/p/larko-chulki-sompression-klass-kompressii-2-chernyi-xxl-128087786/"},"merchant":{"name":"LARKO-KZ","code":"17629423"},"editable":false,"editedByCustomer":true},{"id":"8a5c580695acfd8b0195ec563bd548dc","author":"Арайлым","date":"31.03.2025","orderNumber":"523126842","rating":5,"comment":{"minus":"","plus":"","text":"Өте жақсы 1 размер. Үлкен, алғам жақсы екен."},"feedback":{"positive":0,"voted":false},"product":{"id":"128087786","name":"LARKO чулки Сompression класс компрессии 2 черный XXL","categoryCode":"Master - Medical compression hosiery","categoryName":"Компрессионный трикотаж","link":"https://kaspi.kz/shop/p/larko-chulki-sompression-klass-kompressii-2-chernyi-xxl-128087786/"},"merchant":{"name":"LARKO-KZ","code":"17629423"},"editable":false,"editedByCustomer":false},{"id":"8a5cf14e95d559c30195d87b5267144d","author":"Айсұлу","date":"27.03.2025","orderNumber":"521330933","rating":5,"comment":{"minus":"","plus":"","text":"Чулки качественные, плотные по текстуре, удобно сидят. Мне было удобно получить через постомат, быстро отправили."},"feedback":{"positive":0,"voted":false},"product":{"id":"128087786","name":"LARKO чулки Сompression класс компрессии 2 черный XXL","categoryCode":"Master - Medical compression hosiery","categoryName":"Компрессионный трикотаж","link":"https://kaspi.kz/shop/p/larko-chulki-sompression-klass-kompressii-2-chernyi-xxl-128087786/"},"merchant":{"name":"LARKO-KZ","code":"17629423"},"editable":false,"editedByCustomer":false},{"id":"8a5c80839590f3c201959f06a71d5017","author":"Valeriia","date":"16.03.2025","orderNumber":"516562112","rating":5,"comment":{"minus":"","plus":"","text":"Спасибо, все подошло."},"feedback":{"positive":0,"voted":false},"product":{"id":"128087786","name":"LARKO чулки Сompression класс компрессии 2 черный XXL","categoryCode":"Master - Medical compression hosiery","categoryName":"Компрессионный трикотаж","link":"https://kaspi.kz/shop/p/larko-chulki-sompression-klass-kompressii-2-chernyi-xxl-128087786/"},"merchant":{"name":"LARKO-KZ","code":"17629423"},"editable":false,"editedByCustomer":false},{"id":"8a5c2c139597f60801959865cee6016c","author":"Надежда","date":"15.03.2025","orderNumber":"512330780","rating":5,"comment":{"minus":"","plus":"","text":"Пока не пользовалась, буду носить, после того, как шов заживёт. На вид хорошего качества. Спасибо всем."},"feedback":{"positive":0,"voted":false},"product":{"id":"128087786","name":"LARKO чулки Сompression класс компрессии 2 черный XXL","categoryCode":"Master - Medical compression hosiery","categoryName":"Компрессионный трикотаж","link":"https://kaspi.kz/shop/p/larko-chulki-sompression-klass-kompressii-2-chernyi-xxl-128087786/"},"merchant":{"name":"LARKO-KZ","code":"17629423"},"editable":false,"editedByCustomer":false},{"id":"8a5c0a92953676ea019555e556462156","author":"Елена","date":"02.03.2025","orderNumber":"504122214","rating":5,"comment":{"minus":"","plus":"","text":"Чулки очень хорошего качества, пришёл товар вовремя. Но мне оказались маловаты, маломерят примерно на один размер."},"feedback":{"positive":0,"voted":false},"galleryImages":[{"id":"504122214-128087786/3314f839-2a69-4ce1-923b-3ee16a7bca0e.jpeg","small":"https://resources.cdn-kaspi.kz/img/p/r/504122214-128087786/3314f839-2a69-4ce1-923b-3ee16a7bca0e.jpeg?format=review_small","medium":"https://resources.cdn-kaspi.kz/img/p/r/504122214-128087786/3314f839-2a69-4ce1-923b-3ee16a7bca0e.jpeg?format=review_medium","large":"https://resources.cdn-kaspi.kz/img/p/r/504122214-128087786/3314f839-2a69-4ce1-923b-3ee16a7bca0e.jpeg?format=review_large"}],"product":{"id":"128087786","name":"LARKO чулки Сompression класс компрессии 2 черный XXL","categoryCode":"Master - Medical compression hosiery","categoryName":"Компрессионный трикотаж","link":"https://kaspi.kz/shop/p/larko-chulki-sompression-klass-kompressii-2-chernyi-xxl-128087786/"},"merchant":{"name":"LARKO-KZ","code":"17629423"},"editable":false,"editedByCustomer":false},{"id":"8a5c982c94cbc3540194cd1c9da403d5","author":"Гульназ","date":"04.02.2025","orderNumber":"485994339","rating":5,"comment":{"minus":"","plus":"","text":"Шикарные! Цена за 2 чулка классно."},"feedback":{"positive":0,"voted":false},"product":{"id":"128087786","name":"LARKO чулки Сompression класс компрессии 2 черный XXL","categoryCode":"Master - Medical compression hosiery","categoryName":"Компрессионный трикотаж","link":"https://kaspi.kz/shop/p/larko-chulki-sompression-klass-kompressii-2-chernyi-xxl-128087786/"},"merchant":{"name":"LARKO-KZ","code":"17629423"},"editable":false,"editedByCustomer":false},{"id":"8a5c0c4994cbc2740194ccfa985b0363","author":"Динара","date":"03.02.2025","orderNumber":"489649387","rating":5,"comment":{"minus":"","plus":"","text":"Сегодня получила, но роды у меня через неделю. Примерила, подошло. Теперь завтра покажу гинекологу, правильно ли купила. Потому что не умею подбирать класс."},"feedback":{"positive":0,"voted":false},"product":{"id":"128087786","name":"LARKO чулки Сompression класс компрессии 2 черный XXL","categoryCode":"Master - Medical compression hosiery","categoryName":"Компрессионный трикотаж","link":"https://kaspi.kz/shop/p/larko-chulki-sompression-klass-kompressii-2-chernyi-xxl-128087786/"},"merchant":{"name":"LARKO-KZ","code":"17629423"},"editable":false,"editedByCustomer":false},{"id":"8a5cba4994ab5c940194b7cda2041832","author":"Светлана","date":"30.01.2025","orderNumber":"487027457","rating":5,"comment":{"minus":"","plus":"","text":"Чулки супер, мне понравились."},"feedback":{"positive":0,"voted":false},"product":{"id":"128087786","name":"LARKO чулки Сompression класс компрессии 2 черный XXL","categoryCode":"Master - Medical compression hosiery","categoryName":"Компрессионный трикотаж","link":"https://kaspi.kz/shop/p/larko-chulki-sompression-klass-kompressii-2-chernyi-xxl-128087786/"},"merchant":{"name":"LARKO-KZ","code":"17629423"},"editable":false,"editedByCustomer":false},{"id":"8a5ce80e946875d0019489c972da369c","author":"ВАСМА","date":"21.01.2025","orderNumber":"483936038","rating":5,"comment":{"minus":"","plus":"","text":"Отличное качество."},"feedback":{"positive":0,"voted":false},"product":{"id":"128087786","name":"LARKO чулки Сompression класс компрессии 2 черный XXL","categoryCode":"Master - Medical compression hosiery","categoryName":"Компрессионный трикотаж","link":"https://kaspi.kz/shop/p/larko-chulki-sompression-klass-kompressii-2-chernyi-xxl-128087786/"},"merchant":{"name":"LARKO-KZ","code":"17629423"},"editable":false,"editedByCustomer":false},{"id":"8a5cf7b09478ec69019478efef19000d","author":"Перизат","date":"18.01.2025","orderNumber":"482308965","rating":5,"comment":{"minus":"","plus":"","text":"Получили компрессионные чулки, качество хорошее, подошли по размеру. Привезли быстро."},"feedback":{"positive":0,"voted":false},"product":{"id":"128087786","name":"LARKO чулки Сompression класс компрессии 2 черный XXL","categoryCode":"Master - Medical compression hosiery","categoryName":"Компрессионный трикотаж","link":"https://kaspi.kz/shop/p/larko-chulki-sompression-klass-kompressii-2-chernyi-xxl-128087786/"},"merchant":{"name":"LARKO-KZ","code":"17629423"},"editable":false,"editedByCustomer":false},{"id":"8a5c933b9401967e019460099ce67bc5","author":"Айдын","date":"13.01.2025","orderNumber":"479321806","rating":5,"comment":{"minus":"","plus":"","text":"Покупал для мамы, для операции. Качество хорошее, товаром доволен. Доставили вовремя."},"feedback":{"positive":0,"voted":false},"product":{"id":"128087786","name":"LARKO чулки Сompression класс компрессии 2 черный XXL","categoryCode":"Master - Medical compression hosiery","categoryName":"Компрессионный трикотаж","link":"https://kaspi.kz/shop/p/larko-chulki-sompression-klass-kompressii-2-chernyi-xxl-128087786/"},"merchant":{"name":"LARKO-KZ","code":"17629423"},"editable":false,"editedByCustomer":false},{"id":"8a5c2f5493f181390193f4232ca20634","author":"Мария","date":"23.12.2024","orderNumber":"469160449","rating":5,"comment":{"minus":"","plus":"","text":"Товар отличный, подошел по размерной сетке, брала для родов, пришел вовремя! Качество супер."},"feedback":{"positive":0,"voted":false},"product":{"id":"128087786","name":"LARKO чулки Сompression класс компрессии 2 черный XXL","categoryCode":"Master - Medical compression hosiery","categoryName":"Компрессионный трикотаж","link":"https://kaspi.kz/shop/p/larko-chulki-sompression-klass-kompressii-2-chernyi-xxl-128087786/"},"merchant":{"name":"LARKO-KZ","code":"17629423"},"editable":false,"editedByCustomer":false},{"id":"8a5ca09d939556c90193b406293e3171","author":"Зульфия","date":"11.12.2024","orderNumber":"452007822","rating":5,"comment":{"minus":"","plus":"","text":"Чулки хорошего качества, рекомендую у кого варикоз ноги болели три дня без таблеток три дня как ношу чулки."},"feedback":{"positive":0,"voted":false},"product":{"id":"128087786","name":"LARKO чулки Сompression класс компрессии 2 черный XXL","categoryCode":"Master - Medical compression hosiery","categoryName":"Компрессионный трикотаж","link":"https://kaspi.kz/shop/p/larko-chulki-sompression-klass-kompressii-2-chernyi-xxl-128087786/"},"merchant":{"name":"LARKO-KZ","code":"17629423"},"editable":false,"editedByCustomer":false},{"id":"8a5c85a3939a80c00193a58206221310","author":"Елизавета","date":"08.12.2024","orderNumber":"458418813","rating":5,"comment":{"minus":"","plus":"","text":"Удобные, качественные, размер в размер."},"feedback":{"positive":0,"voted":false},"product":{"id":"128087786","name":"LARKO чулки Сompression класс компрессии 2 черный XXL","categoryCode":"Master - Medical compression hosiery","categoryName":"Компрессионный трикотаж","link":"https://kaspi.kz/shop/p/larko-chulki-sompression-klass-kompressii-2-chernyi-xxl-128087786/"},"merchant":{"name":"LARKO-KZ","code":"17629423"},"editable":false,"editedByCustomer":false},{"id":"8a5c64dd939557210193a21f18ce177c","author":"Ұлдана","date":"07.12.2024","orderNumber":"454888972","rating":5,"comment":{"minus":"","plus":"","text":"Чулки пришли вовремя, по размеру подошли. В принципе сжимают нормально, так как мне и надо было, ходить в них комфортно. Спасибо менеджеру, что помог подобрать размер."},"feedback":{"positive":0,"voted":false},"product":{"id":"128087786","name":"LARKO чулки Сompression класс компрессии 2 черный XXL","categoryCode":"Master - Medical compression hosiery","categoryName":"Компрессионный трикотаж","link":"https://kaspi.kz/shop/p/larko-chulki-sompression-klass-kompressii-2-chernyi-xxl-128087786/"},"merchant":{"name":"LARKO-KZ","code":"17629423"},"editable":false,"editedByCustomer":false},{"id":"8a5cee439395564d0193a2111780170e","author":"Жадыра","date":"07.12.2024","orderNumber":"455061838","rating":5,"comment":{"minus":"","plus":"","text":"Покупала на операцию. Размер мой 54 классно подошёл. Качество супер. Если нужно берите. Может теперь и вылечусь благодаря этим чулкам. Благодарю и удачи Вам продавцу."},"feedback":{"positive":0,"voted":false},"product":{"id":"128087786","name":"LARKO чулки Сompression класс компрессии 2 черный XXL","categoryCode":"Master - Medical compression hosiery","categoryName":"Компрессионный трикотаж","link":"https://kaspi.kz/shop/p/larko-chulki-sompression-klass-kompressii-2-chernyi-xxl-128087786/"},"merchant":{"name":"LARKO-KZ","code":"17629423"},"editable":false,"editedByCustomer":false},{"id":"8a5ccd739395560a0193a0d423051477","author":"Саламат","date":"07.12.2024","orderNumber":"453839867","rating":5,"comment":{"minus":"","plus":"","text":"Товар хорош. Мне лично понравилось."},"feedback":{"positive":0,"voted":false},"product":{"id":"128087786","name":"LARKO чулки Сompression класс компрессии 2 черный XXL","categoryCode":"Master - Medical compression hosiery","categoryName":"Компрессионный трикотаж","link":"https://kaspi.kz/shop/p/larko-chulki-sompression-klass-kompressii-2-chernyi-xxl-128087786/"},"merchant":{"name":"LARKO-KZ","code":"17629423"},"editable":false,"editedByCustomer":false}]}