{"data":[{"id":"8a5c1cad9618f31201965c145a2d256f","author":"Шолпан","date":"22.04.2025","orderNumber":"534776328","rating":5,"comment":{"minus":"","plus":"","text":"Бандаж удобный, снимает напряжение с поясницы, поддерживает живот. Покупкой довольна."},"feedback":{"positive":0,"voted":false},"product":{"id":"110903727","name":"LARKO Для беременных бандаж до и послеродовой бежевый размер M","categoryCode":"Master - Bandages and orthoses","categoryName":"Бандажи и ортезы","link":"https://kaspi.kz/shop/p/larko-dlja-beremennyh-bandazh-do-i-poslerodovoi-bezhevyi-razmer-m-110903727/"},"merchant":{"name":"LARKO-KZ","code":"17629423"},"editable":false,"editedByCustomer":false},{"id":"8a5c5fbf9618f30801965c1146fb245a","author":"Жансая","date":"22.04.2025","orderNumber":"534529166","rating":5,"comment":{"minus":"","plus":"","text":"Бандаж жақсы екен, ойымнан шықты."},"feedback":{"positive":0,"voted":false},"product":{"id":"110903727","name":"LARKO Для беременных бандаж до и послеродовой бежевый размер M","categoryCode":"Master - Bandages and orthoses","categoryName":"Бандажи и ортезы","link":"https://kaspi.kz/shop/p/larko-dlja-beremennyh-bandazh-do-i-poslerodovoi-bezhevyi-razmer-m-110903727/"},"merchant":{"name":"LARKO-KZ","code":"17629423"},"editable":false,"editedByCustomer":false},{"id":"8a5c8202963240e40196347d301b0e48","author":"Кулгайша","date":"16.04.2025","orderNumber":"532714687","rating":5,"comment":{"minus":"","plus":"","text":"LARKO качество от бандаж, өте керемет тағылуы да оңай! Созылады күшті енді! Доставкасы да тез!"},"feedback":{"positive":0,"voted":false},"galleryImages":[{"id":"532714687-110903727/c37a7a9c-b0b1-4e4c-bf96-cebf27ab0c2d.jpeg","small":"https://resources.cdn-kaspi.kz/img/p/r/532714687-110903727/c37a7a9c-b0b1-4e4c-bf96-cebf27ab0c2d.jpeg?format=review_small","medium":"https://resources.cdn-kaspi.kz/img/p/r/532714687-110903727/c37a7a9c-b0b1-4e4c-bf96-cebf27ab0c2d.jpeg?format=review_medium","large":"https://resources.cdn-kaspi.kz/img/p/r/532714687-110903727/c37a7a9c-b0b1-4e4c-bf96-cebf27ab0c2d.jpeg?format=review_large"}],"product":{"id":"110903727","name":"LARKO Для беременных бандаж до и послеродовой бежевый размер M","categoryCode":"Master - Bandages and orthoses","categoryName":"Бандажи и ортезы","link":"https://kaspi.kz/shop/p/larko-dlja-beremennyh-bandazh-do-i-poslerodovoi-bezhevyi-razmer-m-110903727/"},"merchant":{"name":"LARKO-KZ","code":"17629423"},"editable":false,"editedByCustomer":false},{"id":"8a5c1cad9618f31201963589465b10b5","author":"Ерлан","date":"14.04.2025","orderNumber":"528971443","rating":5,"comment":{"minus":"","plus":"","text":"Хорошее качество, удобный в носке, не сжимает живот, снимает напряжение со спины, размер подходит."},"feedback":{"positive":0,"voted":false},"product":{"id":"110903727","name":"LARKO Для беременных бандаж до и послеродовой бежевый размер M","categoryCode":"Master - Bandages and orthoses","categoryName":"Бандажи и ортезы","link":"https://kaspi.kz/shop/p/larko-dlja-beremennyh-bandazh-do-i-poslerodovoi-bezhevyi-razmer-m-110903727/"},"merchant":{"name":"LARKO-KZ","code":"17629423"},"editable":false,"editedByCustomer":false},{"id":"8a5cb3c89618f39301961af4140e14e1","author":"Еркин","date":"09.04.2025","orderNumber":"527050550","rating":5,"comment":{"minus":"","plus":"","text":"Бандаж очень понравился. Удобный, легкий."},"feedback":{"positive":0,"voted":false},"product":{"id":"110903727","name":"LARKO Для беременных бандаж до и послеродовой бежевый размер M","categoryCode":"Master - Bandages and orthoses","categoryName":"Бандажи и ортезы","link":"https://kaspi.kz/shop/p/larko-dlja-beremennyh-bandazh-do-i-poslerodovoi-bezhevyi-razmer-m-110903727/"},"merchant":{"name":"LARKO-KZ","code":"17629423"},"editable":false,"editedByCustomer":false},{"id":"8a5c30729618f3d20196194f63b80208","author":"Райхан","date":"09.04.2025","orderNumber":"524751157","rating":5,"comment":{"minus":"","plus":"","text":"Өте керемет, сапасы жақсы!."},"feedback":{"positive":0,"voted":false},"product":{"id":"110903727","name":"LARKO Для беременных бандаж до и послеродовой бежевый размер M","categoryCode":"Master - Bandages and orthoses","categoryName":"Бандажи и ортезы","link":"https://kaspi.kz/shop/p/larko-dlja-beremennyh-bandazh-do-i-poslerodovoi-bezhevyi-razmer-m-110903727/"},"merchant":{"name":"LARKO-KZ","code":"17629423"},"editable":false,"editedByCustomer":false},{"id":"8a5cb3ce9618807d019618c85459007f","author":"Алтынай","date":"09.04.2025","orderNumber":"527212729","rating":5,"comment":{"minus":"","plus":"","text":"Бандаж хорошего качества. И размер подошел! Заказ пришел раньше ожидаемого срока. Спасибо!"},"feedback":{"positive":0,"voted":false},"product":{"id":"110903727","name":"LARKO Для беременных бандаж до и послеродовой бежевый размер M","categoryCode":"Master - Bandages and orthoses","categoryName":"Бандажи и ортезы","link":"https://kaspi.kz/shop/p/larko-dlja-beremennyh-bandazh-do-i-poslerodovoi-bezhevyi-razmer-m-110903727/"},"merchant":{"name":"LARKO-KZ","code":"17629423"},"editable":false,"editedByCustomer":false},{"id":"8a5ccd43960942d5019609e210c601b7","author":"Рашидам","date":"06.04.2025","orderNumber":"527965537","rating":5,"comment":{"minus":"","plus":"","text":"Качество супер, ткань приятно к телу, доставка быстрая, течение часа доставили. Благодарность магазину."},"feedback":{"positive":0,"voted":false},"product":{"id":"110903727","name":"LARKO Для беременных бандаж до и послеродовой бежевый размер M","categoryCode":"Master - Bandages and orthoses","categoryName":"Бандажи и ортезы","link":"https://kaspi.kz/shop/p/larko-dlja-beremennyh-bandazh-do-i-poslerodovoi-bezhevyi-razmer-m-110903727/"},"merchant":{"name":"LARKO-KZ","code":"17629423"},"editable":false,"editedByCustomer":false},{"id":"8a5ccd509604160c0196060ff0fe09aa","author":"Владислав","date":"05.04.2025","orderNumber":"525346695","rating":5,"comment":{"minus":"","plus":"","text":"Хороший пояс, добротный материал, жена довольна, спина говорит перестала болеть. Отдельное спасибо магазину Ларко! Проконсультировали, ответили на все интересующие вопросы. Сервис на высоте, отзывчивый менеджер."},"feedback":{"positive":0,"voted":false},"galleryImages":[{"id":"525346695-110903727/6e16805a-53de-44da-a0ea-202134a9333e.jpeg","small":"https://resources.cdn-kaspi.kz/img/p/r/525346695-110903727/6e16805a-53de-44da-a0ea-202134a9333e.jpeg?format=review_small","medium":"https://resources.cdn-kaspi.kz/img/p/r/525346695-110903727/6e16805a-53de-44da-a0ea-202134a9333e.jpeg?format=review_medium","large":"https://resources.cdn-kaspi.kz/img/p/r/525346695-110903727/6e16805a-53de-44da-a0ea-202134a9333e.jpeg?format=review_large"},{"id":"525346695-110903727/146e64c6-4ed9-4450-b23b-71508a0e007d.jpeg","small":"https://resources.cdn-kaspi.kz/img/p/r/525346695-110903727/146e64c6-4ed9-4450-b23b-71508a0e007d.jpeg?format=review_small","medium":"https://resources.cdn-kaspi.kz/img/p/r/525346695-110903727/146e64c6-4ed9-4450-b23b-71508a0e007d.jpeg?format=review_medium","large":"https://resources.cdn-kaspi.kz/img/p/r/525346695-110903727/146e64c6-4ed9-4450-b23b-71508a0e007d.jpeg?format=review_large"}],"product":{"id":"110903727","name":"LARKO Для беременных бандаж до и послеродовой бежевый размер M","categoryCode":"Master - Bandages and orthoses","categoryName":"Бандажи и ортезы","link":"https://kaspi.kz/shop/p/larko-dlja-beremennyh-bandazh-do-i-poslerodovoi-bezhevyi-razmer-m-110903727/"},"merchant":{"name":"LARKO-KZ","code":"17629423"},"editable":false,"editedByCustomer":false},{"id":"8a5c983a95f526340195f6b99f69107c","author":"Данагүл","date":"04.04.2025","orderNumber":"525484156","rating":5,"comment":{"minus":"","plus":"","text":"Тапсырысым уақытында, тез келді. Суреттегідей, сапасы да жақсы, түсі мен өлшемі мен қалағандай. Жеткізуші алдын-ала хабарласып, уақытын нақтылады. Бандажды таққан соң, бел аймағында жеңілдік сезімі пайда болады екен, болашақ аналарға кеңес беремін. Larko-kz дүкеніне рахмет!"},"feedback":{"positive":0,"voted":false},"galleryImages":[{"id":"525484156-110903727/82512291-3d4f-4031-ae0e-e96532c190f8.jpeg","small":"https://resources.cdn-kaspi.kz/img/p/r/525484156-110903727/82512291-3d4f-4031-ae0e-e96532c190f8.jpeg?format=review_small","medium":"https://resources.cdn-kaspi.kz/img/p/r/525484156-110903727/82512291-3d4f-4031-ae0e-e96532c190f8.jpeg?format=review_medium","large":"https://resources.cdn-kaspi.kz/img/p/r/525484156-110903727/82512291-3d4f-4031-ae0e-e96532c190f8.jpeg?format=review_large"}],"product":{"id":"110903727","name":"LARKO Для беременных бандаж до и послеродовой бежевый размер M","categoryCode":"Master - Bandages and orthoses","categoryName":"Бандажи и ортезы","link":"https://kaspi.kz/shop/p/larko-dlja-beremennyh-bandazh-do-i-poslerodovoi-bezhevyi-razmer-m-110903727/"},"merchant":{"name":"LARKO-KZ","code":"17629423"},"editable":false,"editedByCustomer":false},{"id":"8a5cf33595f52453019600d2f0ce3db3","author":"Аружан","date":"04.04.2025","orderNumber":"526960027","rating":5,"comment":{"minus":"","plus":"","text":"Качество хорошее, удобное, доставка быстрая."},"feedback":{"positive":0,"voted":false},"galleryImages":[{"id":"526960027-110903727/abea9533-9882-4f20-a157-24af078cccf8.jpeg","small":"https://resources.cdn-kaspi.kz/img/p/r/526960027-110903727/abea9533-9882-4f20-a157-24af078cccf8.jpeg?format=review_small","medium":"https://resources.cdn-kaspi.kz/img/p/r/526960027-110903727/abea9533-9882-4f20-a157-24af078cccf8.jpeg?format=review_medium","large":"https://resources.cdn-kaspi.kz/img/p/r/526960027-110903727/abea9533-9882-4f20-a157-24af078cccf8.jpeg?format=review_large"}],"product":{"id":"110903727","name":"LARKO Для беременных бандаж до и послеродовой бежевый размер M","categoryCode":"Master - Bandages and orthoses","categoryName":"Бандажи и ортезы","link":"https://kaspi.kz/shop/p/larko-dlja-beremennyh-bandazh-do-i-poslerodovoi-bezhevyi-razmer-m-110903727/"},"merchant":{"name":"LARKO-KZ","code":"17629423"},"editable":false,"editedByCustomer":false},{"id":"8a5cba5a95acfcd60195ebfb7601444c","author":"Гүлбақыт","date":"02.04.2025","orderNumber":"509776432","rating":5,"comment":{"minus":"","plus":"","text":"Мен LARKO-KZ магазинінен осы бандаж заказ бердім. Качество прям супер. Заказым уақытында келді и размер мен түсі мен таңдағандай болды. Рақмеет!."},"feedback":{"positive":0,"voted":false},"product":{"id":"110903727","name":"LARKO Для беременных бандаж до и послеродовой бежевый размер M","categoryCode":"Master - Bandages and orthoses","categoryName":"Бандажи и ортезы","link":"https://kaspi.kz/shop/p/larko-dlja-beremennyh-bandazh-do-i-poslerodovoi-bezhevyi-razmer-m-110903727/"},"merchant":{"name":"LARKO-KZ","code":"17629423"},"editable":false,"editedByCustomer":false},{"id":"8a5c64f695f5245a0195f63f02f00b4b","author":"Жалғас","date":"02.04.2025","orderNumber":"523017305","rating":5,"comment":{"minus":"","plus":"","text":"Отличная цена, отличное качество, заказывал для жены, ей понравилось."},"feedback":{"positive":0,"voted":false},"product":{"id":"110903727","name":"LARKO Для беременных бандаж до и послеродовой бежевый размер M","categoryCode":"Master - Bandages and orthoses","categoryName":"Бандажи и ортезы","link":"https://kaspi.kz/shop/p/larko-dlja-beremennyh-bandazh-do-i-poslerodovoi-bezhevyi-razmer-m-110903727/"},"merchant":{"name":"LARKO-KZ","code":"17629423"},"editable":false,"editedByCustomer":false},{"id":"8a5c580695acfd8b0195ebd6f008438b","author":"Ақжүніс","date":"31.03.2025","orderNumber":"524480043","rating":5,"comment":{"minus":"","plus":"","text":"Өте ыңғайлы, бағасы қолжетімді."},"feedback":{"positive":1,"voted":false},"product":{"id":"110903727","name":"LARKO Для беременных бандаж до и послеродовой бежевый размер M","categoryCode":"Master - Bandages and orthoses","categoryName":"Бандажи и ортезы","link":"https://kaspi.kz/shop/p/larko-dlja-beremennyh-bandazh-do-i-poslerodovoi-bezhevyi-razmer-m-110903727/"},"merchant":{"name":"LARKO-KZ","code":"17629423"},"editable":false,"editedByCustomer":false},{"id":"8a5c51ce95d05e490195d32d8e001387","author":"Гаухар","date":"26.03.2025","orderNumber":"520808401","rating":5,"comment":{"minus":"","plus":"","text":"Купила бандаж в этом магазине, осталась довольна! Быстрая доставка, вежливый персонал и качественный товар. Бандаж идеально подошёл: удобный, поддерживает живот и снимает нагрузку с поясницы. Спасибо за отличный сервис!"},"feedback":{"positive":0,"voted":false},"galleryImages":[{"id":"520808401-110903727/c69c4459-d694-4780-add8-32ba8700d8bc.jpeg","small":"https://resources.cdn-kaspi.kz/img/p/r/520808401-110903727/c69c4459-d694-4780-add8-32ba8700d8bc.jpeg?format=review_small","medium":"https://resources.cdn-kaspi.kz/img/p/r/520808401-110903727/c69c4459-d694-4780-add8-32ba8700d8bc.jpeg?format=review_medium","large":"https://resources.cdn-kaspi.kz/img/p/r/520808401-110903727/c69c4459-d694-4780-add8-32ba8700d8bc.jpeg?format=review_large"}],"product":{"id":"110903727","name":"LARKO Для беременных бандаж до и послеродовой бежевый размер M","categoryCode":"Master - Bandages and orthoses","categoryName":"Бандажи и ортезы","link":"https://kaspi.kz/shop/p/larko-dlja-beremennyh-bandazh-do-i-poslerodovoi-bezhevyi-razmer-m-110903727/"},"merchant":{"name":"LARKO-KZ","code":"17629423"},"editable":false,"editedByCustomer":false},{"id":"8a5cf33195acfd0d0195cd595be433ed","author":"Алина","date":"25.03.2025","orderNumber":"519452960","rating":5,"comment":{"minus":"","plus":"","text":"Бандаж шикарного качества, очень удобный и понравился, очень обслужили отлично, доставили раньше, LARKO-KZ советую."},"feedback":{"positive":0,"voted":false},"product":{"id":"110903727","name":"LARKO Для беременных бандаж до и послеродовой бежевый размер M","categoryCode":"Master - Bandages and orthoses","categoryName":"Бандажи и ортезы","link":"https://kaspi.kz/shop/p/larko-dlja-beremennyh-bandazh-do-i-poslerodovoi-bezhevyi-razmer-m-110903727/"},"merchant":{"name":"LARKO-KZ","code":"17629423"},"editable":false,"editedByCustomer":false},{"id":"8a5c51ef9554c8b6019557a0b88e142c","author":"Улжан","date":"02.03.2025","orderNumber":"505516433","rating":5,"comment":{"minus":"","plus":"","text":"Очень хороший бандаж."},"feedback":{"positive":0,"voted":false},"product":{"id":"110903727","name":"LARKO Для беременных бандаж до и послеродовой бежевый размер M","categoryCode":"Master - Bandages and orthoses","categoryName":"Бандажи и ортезы","link":"https://kaspi.kz/shop/p/larko-dlja-beremennyh-bandazh-do-i-poslerodovoi-bezhevyi-razmer-m-110903727/"},"merchant":{"name":"LARKO-KZ","code":"17629423"},"editable":false,"editedByCustomer":false},{"id":"8a5cd49d953675e3019551f4074b1538","author":"Меиірболат","date":"01.03.2025","orderNumber":"505546220","rating":5,"comment":{"minus":"","plus":"","text":"Товар хорошего качества, брал для жены, говорит что удобно носить, спасибо за быструю доставку."},"feedback":{"positive":0,"voted":false},"product":{"id":"110903727","name":"LARKO Для беременных бандаж до и послеродовой бежевый размер M","categoryCode":"Master - Bandages and orthoses","categoryName":"Бандажи и ортезы","link":"https://kaspi.kz/shop/p/larko-dlja-beremennyh-bandazh-do-i-poslerodovoi-bezhevyi-razmer-m-110903727/"},"merchant":{"name":"LARKO-KZ","code":"17629423"},"editable":false,"editedByCustomer":false},{"id":"8a5c0a92953676ea019547a61e6365e3","author":"Асет","date":"27.02.2025","orderNumber":"504120592","rating":5,"comment":{"minus":"","plus":"","text":"Заказал для жены. Классное качество, приятный материал, жена довольная."},"feedback":{"positive":0,"voted":false},"galleryImages":[{"id":"504120592-110903727/80aaec1d-b480-4b5f-b0df-199f8cd85c17.jpeg","small":"https://resources.cdn-kaspi.kz/img/p/r/504120592-110903727/80aaec1d-b480-4b5f-b0df-199f8cd85c17.jpeg?format=review_small","medium":"https://resources.cdn-kaspi.kz/img/p/r/504120592-110903727/80aaec1d-b480-4b5f-b0df-199f8cd85c17.jpeg?format=review_medium","large":"https://resources.cdn-kaspi.kz/img/p/r/504120592-110903727/80aaec1d-b480-4b5f-b0df-199f8cd85c17.jpeg?format=review_large"}],"product":{"id":"110903727","name":"LARKO Для беременных бандаж до и послеродовой бежевый размер M","categoryCode":"Master - Bandages and orthoses","categoryName":"Бандажи и ортезы","link":"https://kaspi.kz/shop/p/larko-dlja-beremennyh-bandazh-do-i-poslerodovoi-bezhevyi-razmer-m-110903727/"},"merchant":{"name":"LARKO-KZ","code":"17629423"},"editable":false,"editedByCustomer":false},{"id":"8a5c981d94fd2a5a0194fee3cd1908b5","author":"Алтынай","date":"13.02.2025","orderNumber":"492656550","rating":4,"comment":{"minus":"","plus":"","text":"Понравился, хорошо фиксирует и держит, облегчая нагрузку на поясницу. Но, мне немного кажется будет маловат к 8-9 месяцу. Так как взяла в размере М, у меня к самой XS в одежде. Нужно было прислушаться рекомендациям продавца. А так все хорошо."},"feedback":{"positive":0,"voted":false},"product":{"id":"110903727","name":"LARKO Для беременных бандаж до и послеродовой бежевый размер M","categoryCode":"Master - Bandages and orthoses","categoryName":"Бандажи и ортезы","link":"https://kaspi.kz/shop/p/larko-dlja-beremennyh-bandazh-do-i-poslerodovoi-bezhevyi-razmer-m-110903727/"},"merchant":{"name":"LARKO-KZ","code":"17629423"},"editable":false,"editedByCustomer":false},{"id":"8a5cc06994ab5d190194b320ae0910ae","author":"Айым","date":"29.01.2025","orderNumber":"486483673","rating":5,"comment":{"minus":"","plus":"","text":"Бандаж качественный. Мне сразу понравился. Завтра врач покажет как правильно надеть, но инструкция приглашаются. Спасибо Каспи за доставку."},"feedback":{"positive":0,"voted":false},"product":{"id":"110903727","name":"LARKO Для беременных бандаж до и послеродовой бежевый размер M","categoryCode":"Master - Bandages and orthoses","categoryName":"Бандажи и ортезы","link":"https://kaspi.kz/shop/p/larko-dlja-beremennyh-bandazh-do-i-poslerodovoi-bezhevyi-razmer-m-110903727/"},"merchant":{"name":"LARKO-KZ","code":"17629423"},"editable":false,"editedByCustomer":false},{"id":"8a5c71f994ab5c270194abea2e6400c1","author":"Дина","date":"28.01.2025","orderNumber":"485765452","rating":5,"comment":{"minus":"","plus":"","text":"Классный бандаж, и цена приемлемая, в местных шоурумах в два раза дороже! Для беременных просто спасение, всем советую. Качество замечательное."},"feedback":{"positive":0,"voted":false},"product":{"id":"110903727","name":"LARKO Для беременных бандаж до и послеродовой бежевый размер M","categoryCode":"Master - Bandages and orthoses","categoryName":"Бандажи и ортезы","link":"https://kaspi.kz/shop/p/larko-dlja-beremennyh-bandazh-do-i-poslerodovoi-bezhevyi-razmer-m-110903727/"},"merchant":{"name":"LARKO-KZ","code":"17629423"},"editable":false,"editedByCustomer":false},{"id":"8a5c0cd0946875840194a2b2b12451c6","author":"Султан","date":"26.01.2025","orderNumber":"485095561","rating":5,"comment":{"minus":"","plus":"","text":"Заказывал жене! Все супер, качество хорошее."},"feedback":{"positive":0,"voted":false},"product":{"id":"110903727","name":"LARKO Для беременных бандаж до и послеродовой бежевый размер M","categoryCode":"Master - Bandages and orthoses","categoryName":"Бандажи и ортезы","link":"https://kaspi.kz/shop/p/larko-dlja-beremennyh-bandazh-do-i-poslerodovoi-bezhevyi-razmer-m-110903727/"},"merchant":{"name":"LARKO-KZ","code":"17629423"},"editable":false,"editedByCustomer":false},{"id":"8a5c1dca9468757b01949e63ccdf4ee9","author":"Аружан","date":"25.01.2025","orderNumber":"485227522","rating":5,"comment":{"minus":"","plus":"","text":"удобный бандаж, мне нравится как говорилось, берите на размер больше."},"feedback":{"positive":0,"voted":false},"galleryImages":[{"id":"485227522-110903727/3f8ee2c1-b7ec-49aa-8cfe-a5222e59842d.jpeg","small":"https://resources.cdn-kaspi.kz/img/p/r/485227522-110903727/3f8ee2c1-b7ec-49aa-8cfe-a5222e59842d.jpeg?format=review_small","medium":"https://resources.cdn-kaspi.kz/img/p/r/485227522-110903727/3f8ee2c1-b7ec-49aa-8cfe-a5222e59842d.jpeg?format=review_medium","large":"https://resources.cdn-kaspi.kz/img/p/r/485227522-110903727/3f8ee2c1-b7ec-49aa-8cfe-a5222e59842d.jpeg?format=review_large"}],"product":{"id":"110903727","name":"LARKO Для беременных бандаж до и послеродовой бежевый размер M","categoryCode":"Master - Bandages and orthoses","categoryName":"Бандажи и ортезы","link":"https://kaspi.kz/shop/p/larko-dlja-beremennyh-bandazh-do-i-poslerodovoi-bezhevyi-razmer-m-110903727/"},"merchant":{"name":"LARKO-KZ","code":"17629423"},"editable":false,"editedByCustomer":false},{"id":"8a5c85b59468764201948f375f2e3d93","author":"Евгений","date":"22.01.2025","orderNumber":"482382210","rating":5,"comment":{"minus":"","plus":"","text":"Качество супер."},"feedback":{"positive":0,"voted":false},"product":{"id":"110903727","name":"LARKO Для беременных бандаж до и послеродовой бежевый размер M","categoryCode":"Master - Bandages and orthoses","categoryName":"Бандажи и ортезы","link":"https://kaspi.kz/shop/p/larko-dlja-beremennyh-bandazh-do-i-poslerodovoi-bezhevyi-razmer-m-110903727/"},"merchant":{"name":"LARKO-KZ","code":"17629423"},"editable":false,"editedByCustomer":false},{"id":"8a5c1dca9468757b01948747c96731d8","author":"Феруза","date":"21.01.2025","orderNumber":"480660235","rating":5,"comment":{"minus":"","plus":"","text":"Скажу честно бандаж, мне очень понравился, качество хорошее, советую всем."},"feedback":{"positive":0,"voted":false},"product":{"id":"110903727","name":"LARKO Для беременных бандаж до и послеродовой бежевый размер M","categoryCode":"Master - Bandages and orthoses","categoryName":"Бандажи и ортезы","link":"https://kaspi.kz/shop/p/larko-dlja-beremennyh-bandazh-do-i-poslerodovoi-bezhevyi-razmer-m-110903727/"},"merchant":{"name":"LARKO-KZ","code":"17629423"},"editable":false,"editedByCustomer":false},{"id":"8a5c5a8594687588019469a06b7c0261","author":"Ерболат","date":"15.01.2025","orderNumber":"475769322","rating":5,"comment":{"minus":"","plus":"","text":"Бандаж отличного качества, жена довольна, спасибо магазину LARKO-KZ."},"feedback":{"positive":0,"voted":false},"product":{"id":"110903727","name":"LARKO Для беременных бандаж до и послеродовой бежевый размер M","categoryCode":"Master - Bandages and orthoses","categoryName":"Бандажи и ортезы","link":"https://kaspi.kz/shop/p/larko-dlja-beremennyh-bandazh-do-i-poslerodovoi-bezhevyi-razmer-m-110903727/"},"merchant":{"name":"LARKO-KZ","code":"17629423"},"editable":false,"editedByCustomer":false},{"id":"8a5c78259401969f01946041176e7a9b","author":"Гүлдана","date":"13.01.2025","orderNumber":"477988249","rating":5,"comment":{"minus":"","plus":"","text":"Спасибо, очень удобный, получила раньше срока."},"feedback":{"positive":0,"voted":false},"galleryImages":[{"id":"477988249-110903727/39a56829-577c-45fa-842f-9b00f813613b.jpeg","small":"https://resources.cdn-kaspi.kz/img/p/r/477988249-110903727/39a56829-577c-45fa-842f-9b00f813613b.jpeg?format=review_small","medium":"https://resources.cdn-kaspi.kz/img/p/r/477988249-110903727/39a56829-577c-45fa-842f-9b00f813613b.jpeg?format=review_medium","large":"https://resources.cdn-kaspi.kz/img/p/r/477988249-110903727/39a56829-577c-45fa-842f-9b00f813613b.jpeg?format=review_large"},{"id":"477988249-110903727/ccf5b4b6-3c7b-47c2-92a7-7bab52d15518.jpeg","small":"https://resources.cdn-kaspi.kz/img/p/r/477988249-110903727/ccf5b4b6-3c7b-47c2-92a7-7bab52d15518.jpeg?format=review_small","medium":"https://resources.cdn-kaspi.kz/img/p/r/477988249-110903727/ccf5b4b6-3c7b-47c2-92a7-7bab52d15518.jpeg?format=review_medium","large":"https://resources.cdn-kaspi.kz/img/p/r/477988249-110903727/ccf5b4b6-3c7b-47c2-92a7-7bab52d15518.jpeg?format=review_large"}],"product":{"id":"110903727","name":"LARKO Для беременных бандаж до и послеродовой бежевый размер M","categoryCode":"Master - Bandages and orthoses","categoryName":"Бандажи и ортезы","link":"https://kaspi.kz/shop/p/larko-dlja-beremennyh-bandazh-do-i-poslerodovoi-bezhevyi-razmer-m-110903727/"},"merchant":{"name":"LARKO-KZ","code":"17629423"},"editable":false,"editedByCustomer":false},{"id":"8a5c71f0940196470194186819bb2def","author":"Жандос","date":"30.12.2024","orderNumber":"470609372","rating":5,"comment":{"minus":"","plus":"","text":"Сапасы жақсы."},"feedback":{"positive":0,"voted":false},"product":{"id":"110903727","name":"LARKO Для беременных бандаж до и послеродовой бежевый размер M","categoryCode":"Master - Bandages and orthoses","categoryName":"Бандажи и ортезы","link":"https://kaspi.kz/shop/p/larko-dlja-beremennyh-bandazh-do-i-poslerodovoi-bezhevyi-razmer-m-110903727/"},"merchant":{"name":"LARKO-KZ","code":"17629423"},"editable":false,"editedByCustomer":false},{"id":"8a5c52919401965e019417cc85072c07","author":"Арзыгуль","date":"30.12.2024","orderNumber":"469480950","rating":4,"comment":{"minus":"","plus":"","text":"Бандаж хорошего качества."},"feedback":{"positive":0,"voted":false},"product":{"id":"110903727","name":"LARKO Для беременных бандаж до и послеродовой бежевый размер M","categoryCode":"Master - Bandages and orthoses","categoryName":"Бандажи и ортезы","link":"https://kaspi.kz/shop/p/larko-dlja-beremennyh-bandazh-do-i-poslerodovoi-bezhevyi-razmer-m-110903727/"},"merchant":{"name":"LARKO-KZ","code":"17629423"},"editable":false,"editedByCustomer":false},{"id":"8a5c1dd1939557340193fc0fa1d61ce2","author":"Бинура","date":"25.12.2024","orderNumber":"467072267","rating":5,"comment":{"minus":"","plus":"","text":"Качествасы керемет екен. Маған ұнады."},"feedback":{"positive":0,"voted":false},"product":{"id":"110903727","name":"LARKO Для беременных бандаж до и послеродовой бежевый размер M","categoryCode":"Master - Bandages and orthoses","categoryName":"Бандажи и ортезы","link":"https://kaspi.kz/shop/p/larko-dlja-beremennyh-bandazh-do-i-poslerodovoi-bezhevyi-razmer-m-110903727/"},"merchant":{"name":"LARKO-KZ","code":"17629423"},"editable":false,"editedByCustomer":false},{"id":"8a5c85a3939a80c00193ba6f10be3454","author":"Айнур","date":"12.12.2024","orderNumber":"457083564","rating":5,"comment":{"minus":"","plus":"","text":"Бандаж ұнады, жақсы, рахмет."},"feedback":{"positive":0,"voted":false},"product":{"id":"110903727","name":"LARKO Для беременных бандаж до и послеродовой бежевый размер M","categoryCode":"Master - Bandages and orthoses","categoryName":"Бандажи и ортезы","link":"https://kaspi.kz/shop/p/larko-dlja-beremennyh-bandazh-do-i-poslerodovoi-bezhevyi-razmer-m-110903727/"},"merchant":{"name":"LARKO-KZ","code":"17629423"},"editable":false,"editedByCustomer":false},{"id":"8a5c73629395571d0193a79a56ca2087","author":"Ақберен","date":"10.12.2024","orderNumber":"456331246","rating":5,"comment":{"minus":"","plus":"","text":"Тура фотодагыдай, ынгайлы и по размеру подошло, спасибо магазину LARKO."},"feedback":{"positive":0,"voted":false},"product":{"id":"110903727","name":"LARKO Для беременных бандаж до и послеродовой бежевый размер M","categoryCode":"Master - Bandages and orthoses","categoryName":"Бандажи и ортезы","link":"https://kaspi.kz/shop/p/larko-dlja-beremennyh-bandazh-do-i-poslerodovoi-bezhevyi-razmer-m-110903727/"},"merchant":{"name":"LARKO-KZ","code":"17629423"},"editable":false,"editedByCustomer":false},{"id":"8a5c1b49931f0c9a01933a0af8f129c7","author":"Назира","date":"17.11.2024","orderNumber":"445515189","rating":5,"comment":{"minus":"","plus":"","text":"Бандаж ұнады."},"feedback":{"positive":0,"voted":false},"product":{"id":"110903727","name":"LARKO Для беременных бандаж до и послеродовой бежевый размер M","categoryCode":"Master - Bandages and orthoses","categoryName":"Бандажи и ортезы","link":"https://kaspi.kz/shop/p/larko-dlja-beremennyh-bandazh-do-i-poslerodovoi-bezhevyi-razmer-m-110903727/"},"merchant":{"name":"LARKO-KZ","code":"17629423"},"editable":false,"editedByCustomer":false},{"id":"8a5c5579931f0fe701932b4368c41649","author":"Әсем","date":"14.11.2024","orderNumber":"444294387","rating":5,"comment":{"minus":"","plus":"","text":"Күшті екен."},"feedback":{"positive":0,"voted":false},"product":{"id":"110903727","name":"LARKO Для беременных бандаж до и послеродовой бежевый размер M","categoryCode":"Master - Bandages and orthoses","categoryName":"Бандажи и ортезы","link":"https://kaspi.kz/shop/p/larko-dlja-beremennyh-bandazh-do-i-poslerodovoi-bezhevyi-razmer-m-110903727/"},"merchant":{"name":"LARKO-KZ","code":"17629423"},"editable":false,"editedByCustomer":false},{"id":"8a5c0c18931b211b01931c11c61d0287","author":"Сабина","date":"11.11.2024","orderNumber":"441159351","rating":5,"comment":{"minus":"","plus":"","text":"Очень удобная, комфортная, села отлично, ждем малыша с удовольствием. Спасибо за оперативность."},"feedback":{"positive":0,"voted":false},"product":{"id":"110903727","name":"LARKO Для беременных бандаж до и послеродовой бежевый размер M","categoryCode":"Master - Bandages and orthoses","categoryName":"Бандажи и ортезы","link":"https://kaspi.kz/shop/p/larko-dlja-beremennyh-bandazh-do-i-poslerodovoi-bezhevyi-razmer-m-110903727/"},"merchant":{"name":"LARKO-KZ","code":"17629423"},"editable":false,"editedByCustomer":false},{"id":"8a5c67e19300de1e019309b8afd80ab0","author":"Аружан","date":"08.11.2024","orderNumber":"436456884","rating":5,"comment":{"minus":"","plus":"","text":"Рахмет өте күшті бандаж екен, удобно жақсы болып шықты."},"feedback":{"positive":0,"voted":false},"product":{"id":"110903727","name":"LARKO Для беременных бандаж до и послеродовой бежевый размер M","categoryCode":"Master - Bandages and orthoses","categoryName":"Бандажи и ортезы","link":"https://kaspi.kz/shop/p/larko-dlja-beremennyh-bandazh-do-i-poslerodovoi-bezhevyi-razmer-m-110903727/"},"merchant":{"name":"LARKO-KZ","code":"17629423"},"editable":false,"editedByCustomer":false},{"id":"8a5c8595924c486f01925be3824d1dbf","author":"Лола","date":"05.10.2024","orderNumber":"421090586","rating":5,"comment":{"minus":"","plus":"","text":"Спасибо за быструю доставку, товар очень понравился, соответствует моим ожиданиям."},"feedback":{"positive":0,"voted":false},"product":{"id":"110903727","name":"LARKO Для беременных бандаж до и послеродовой бежевый размер M","categoryCode":"Master - Bandages and orthoses","categoryName":"Бандажи и ортезы","link":"https://kaspi.kz/shop/p/larko-dlja-beremennyh-bandazh-do-i-poslerodovoi-bezhevyi-razmer-m-110903727/"},"merchant":{"name":"LARKO-KZ","code":"17629423"},"editable":false,"editedByCustomer":false},{"id":"8a5cbefd91f94bb90192004bb4c311ba","author":"Акниет","date":"17.09.2024","orderNumber":"413030118","rating":5,"comment":{"minus":"","plus":"","text":"Привезли вовремя, бандаж классный и размер подошел."},"feedback":{"positive":0,"voted":false},"product":{"id":"110903727","name":"LARKO Для беременных бандаж до и послеродовой бежевый размер M","categoryCode":"Master - Bandages and orthoses","categoryName":"Бандажи и ортезы","link":"https://kaspi.kz/shop/p/larko-dlja-beremennyh-bandazh-do-i-poslerodovoi-bezhevyi-razmer-m-110903727/"},"merchant":{"name":"LARKO-KZ","code":"17629423"},"editable":false,"editedByCustomer":false},{"id":"8a5c250391bacca30191bbf641c60186","author":"Жадыра","date":"04.09.2024","orderNumber":"404359995","rating":5,"comment":{"minus":"","plus":"","text":"Качество отличное! Доставку получила раньше срока."},"feedback":{"positive":0,"voted":false},"product":{"id":"110903727","name":"LARKO Для беременных бандаж до и послеродовой бежевый размер M","categoryCode":"Master - Bandages and orthoses","categoryName":"Бандажи и ортезы","link":"https://kaspi.kz/shop/p/larko-dlja-beremennyh-bandazh-do-i-poslerodovoi-bezhevyi-razmer-m-110903727/"},"merchant":{"name":"LARKO-KZ","code":"17629423"},"editable":false,"editedByCustomer":false},{"id":"8a5c6a20917376690191a435d25c5398","author":"Дана","date":"30.08.2024","orderNumber":"391865486","rating":5,"comment":{"minus":"","plus":"","text":"Качество отличное, очень удобный! Всем рекомендую, надевается очень легко, что понравилось это высокая посадка, облегчает боль в пояснице! Хорошо поддерживает животик с пузожителем! Рекомендую 10/10!"},"feedback":{"positive":0,"voted":false},"product":{"id":"110903727","name":"LARKO Для беременных бандаж до и послеродовой бежевый размер M","categoryCode":"Master - Bandages and orthoses","categoryName":"Бандажи и ортезы","link":"https://kaspi.kz/shop/p/larko-dlja-beremennyh-bandazh-do-i-poslerodovoi-bezhevyi-razmer-m-110903727/"},"merchant":{"name":"LARKO-KZ","code":"17629423"},"editable":false,"editedByCustomer":false},{"id":"8a5cf79c9159056f01915c69e987069c","author":"Самат","date":"16.08.2024","orderNumber":"395676908","rating":5,"comment":{"minus":"","plus":"","text":"Берите на размер больше. Бандаж растягивается, если будет маловат по размеру."},"feedback":{"positive":0,"voted":false},"product":{"id":"110903727","name":"LARKO Для беременных бандаж до и послеродовой бежевый размер M","categoryCode":"Master - Bandages and orthoses","categoryName":"Бандажи и ортезы","link":"https://kaspi.kz/shop/p/larko-dlja-beremennyh-bandazh-do-i-poslerodovoi-bezhevyi-razmer-m-110903727/"},"merchant":{"name":"LARKO-KZ","code":"17629423"},"editable":false,"editedByCustomer":false},{"id":"8a5c404b8e3c1a19018e3c23a4250019","author":"Асем","date":"14.03.2024","orderNumber":"335504825","rating":4,"comment":{"minus":"","plus":"","text":"Материал качественный, понравился."},"feedback":{"positive":0,"voted":false},"product":{"id":"110903727","name":"LARKO Для беременных бандаж до и послеродовой бежевый размер M","categoryCode":"Master - Bandages and orthoses","categoryName":"Бандажи и ортезы","link":"https://kaspi.kz/shop/p/larko-dlja-beremennyh-bandazh-do-i-poslerodovoi-bezhevyi-razmer-m-110903727/"},"merchant":{"name":"LARKO-KZ","code":"17629423"},"editable":false,"editedByCustomer":false},{"id":"8a5c307a8de9c3cc018e14fd7f35509d","author":"Хусан","date":"06.03.2024","orderNumber":"334200057","rating":5,"comment":{"minus":"","plus":"","text":"Предлагаю попробовать, очень отличные товары."},"feedback":{"positive":0,"voted":false},"product":{"id":"110903727","name":"LARKO Для беременных бандаж до и послеродовой бежевый размер M","categoryCode":"Master - Bandages and orthoses","categoryName":"Бандажи и ортезы","link":"https://kaspi.kz/shop/p/larko-dlja-beremennyh-bandazh-do-i-poslerodovoi-bezhevyi-razmer-m-110903727/"},"merchant":{"name":"LARKO-KZ","code":"17629423"},"editable":false,"editedByCustomer":false},{"id":"8a5c51ff8de9c0d2018e1012fc7b49cc","author":"Жансая","date":"06.03.2024","orderNumber":"326106408","rating":5,"comment":{"minus":"","plus":"","text":"Отличный бандаж. Крепко держит и облегчает поясницу. Спасибо магазину."},"feedback":{"positive":0,"voted":false},"product":{"id":"110903727","name":"LARKO Для беременных бандаж до и послеродовой бежевый размер M","categoryCode":"Master - Bandages and orthoses","categoryName":"Бандажи и ортезы","link":"https://kaspi.kz/shop/p/larko-dlja-beremennyh-bandazh-do-i-poslerodovoi-bezhevyi-razmer-m-110903727/"},"merchant":{"name":"LARKO-KZ","code":"17629423"},"editable":false,"editedByCustomer":false},{"id":"8a5c04278dc44256018dc5d426a501e4","author":"Куралай","date":"20.02.2024","orderNumber":"327189234","rating":5,"comment":{"minus":"","plus":"","text":"Хорошее качество, размер как раз для меня) Заказывайте, не пожалеете."},"feedback":{"positive":0,"voted":false},"product":{"id":"110903727","name":"LARKO Для беременных бандаж до и послеродовой бежевый размер M","categoryCode":"Master - Bandages and orthoses","categoryName":"Бандажи и ортезы","link":"https://kaspi.kz/shop/p/larko-dlja-beremennyh-bandazh-do-i-poslerodovoi-bezhevyi-razmer-m-110903727/"},"merchant":{"name":"LARKO-KZ","code":"17629423"},"editable":false,"editedByCustomer":false},{"id":"8a5c370b8dc41899018dc59199fb0186","author":"Лунара","date":"20.02.2024","orderNumber":"326449513","rating":5,"comment":{"minus":"","plus":"","text":"Хорошее качество. Товар пришёл размер в размер. Материал хороший. Плотный. Рекомендую продавца Lar ko."},"feedback":{"positive":0,"voted":false},"product":{"id":"110903727","name":"LARKO Для беременных бандаж до и послеродовой бежевый размер M","categoryCode":"Master - Bandages and orthoses","categoryName":"Бандажи и ортезы","link":"https://kaspi.kz/shop/p/larko-dlja-beremennyh-bandazh-do-i-poslerodovoi-bezhevyi-razmer-m-110903727/"},"merchant":{"name":"LARKO-KZ","code":"17629423"},"editable":false,"editedByCustomer":false},{"id":"8a5c5ab88da6c9e3018da775e4fe016e","author":"Арайлым","date":"14.02.2024","orderNumber":"326022309","rating":5,"comment":{"minus":"","plus":"","text":"Алғаныма енді бір күн болады, нәтижесі керемет. Беліме, ішіме салмақ түсірмейді, бұрын қолданып көрмеген едім, рахат екен. Сапасы жақсы, өлшемін уайымдап едім, тура келді."},"feedback":{"positive":3,"voted":false},"galleryImages":[{"id":"326022309-110903727/3d5b6b51-cb72-445a-9eb5-02b88dc8c472.jpeg","small":"https://resources.cdn-kaspi.kz/img/p/r/326022309-110903727/3d5b6b51-cb72-445a-9eb5-02b88dc8c472.jpeg?format=review_small","medium":"https://resources.cdn-kaspi.kz/img/p/r/326022309-110903727/3d5b6b51-cb72-445a-9eb5-02b88dc8c472.jpeg?format=review_medium","large":"https://resources.cdn-kaspi.kz/img/p/r/326022309-110903727/3d5b6b51-cb72-445a-9eb5-02b88dc8c472.jpeg?format=review_large"},{"id":"326022309-110903727/1b5fb7fe-abe9-4169-9c4f-01ef4205c099.jpeg","small":"https://resources.cdn-kaspi.kz/img/p/r/326022309-110903727/1b5fb7fe-abe9-4169-9c4f-01ef4205c099.jpeg?format=review_small","medium":"https://resources.cdn-kaspi.kz/img/p/r/326022309-110903727/1b5fb7fe-abe9-4169-9c4f-01ef4205c099.jpeg?format=review_medium","large":"https://resources.cdn-kaspi.kz/img/p/r/326022309-110903727/1b5fb7fe-abe9-4169-9c4f-01ef4205c099.jpeg?format=review_large"},{"id":"326022309-110903727/668146bc-cdb5-4297-bcbd-1fdbfefce2e7.jpeg","small":"https://resources.cdn-kaspi.kz/img/p/r/326022309-110903727/668146bc-cdb5-4297-bcbd-1fdbfefce2e7.jpeg?format=review_small","medium":"https://resources.cdn-kaspi.kz/img/p/r/326022309-110903727/668146bc-cdb5-4297-bcbd-1fdbfefce2e7.jpeg?format=review_medium","large":"https://resources.cdn-kaspi.kz/img/p/r/326022309-110903727/668146bc-cdb5-4297-bcbd-1fdbfefce2e7.jpeg?format=review_large"}],"product":{"id":"110903727","name":"LARKO Для беременных бандаж до и послеродовой бежевый размер M","categoryCode":"Master - Bandages and orthoses","categoryName":"Бандажи и ортезы","link":"https://kaspi.kz/shop/p/larko-dlja-beremennyh-bandazh-do-i-poslerodovoi-bezhevyi-razmer-m-110903727/"},"merchant":{"name":"LARKO-KZ","code":"17629423"},"editable":false,"editedByCustomer":false},{"id":"8a5ca0ad8d1a75a1018d1b43da630167","author":"Шахида","date":"18.01.2024","orderNumber":"317744937","rating":5,"comment":{"minus":"","plus":"","text":"Доставили раньше заявленного срока, спасибо магазину за ответственный подход. Товаром и продавцом довольна. Рекомендую."},"feedback":{"positive":0,"voted":false},"product":{"id":"110903727","name":"LARKO Для беременных бандаж до и послеродовой бежевый размер M","categoryCode":"Master - Bandages and orthoses","categoryName":"Бандажи и ортезы","link":"https://kaspi.kz/shop/p/larko-dlja-beremennyh-bandazh-do-i-poslerodovoi-bezhevyi-razmer-m-110903727/"},"merchant":{"name":"LARKO-KZ","code":"17629423"},"editable":false,"editedByCustomer":false},{"id":"8a5cee128d0dff7f018d0e0a5e79000b","author":"Динара","date":"15.01.2024","orderNumber":"314885437","rating":5,"comment":{"minus":"","plus":"","text":"Качественный товар, быстрая доставка."},"feedback":{"positive":0,"voted":false},"product":{"id":"110903727","name":"LARKO Для беременных бандаж до и послеродовой бежевый размер M","categoryCode":"Master - Bandages and orthoses","categoryName":"Бандажи и ортезы","link":"https://kaspi.kz/shop/p/larko-dlja-beremennyh-bandazh-do-i-poslerodovoi-bezhevyi-razmer-m-110903727/"},"merchant":{"name":"LARKO-KZ","code":"17629423"},"editable":false,"editedByCustomer":false},{"id":"8a5c60e48ca46622018d092035cc0527","author":"Анастасия","date":"14.01.2024","orderNumber":"316947703","rating":5,"comment":{"minus":"","plus":"","text":"Хороший бандаж, удобный. Три варианта носки: с 3 месяцев до 5-го, с 5-го до 7 и с 7 до родов. Покупала в магазине Larko, по телефону помогли подобрать мой размер. На вес 45 кг, с одеждой XS- S нужен размер M."},"feedback":{"positive":7,"voted":false},"galleryImages":[{"id":"316947703-110903727/4d3e264b-5549-467a-bbdd-2422cd7b528e.jpeg","small":"https://resources.cdn-kaspi.kz/img/p/r/316947703-110903727/4d3e264b-5549-467a-bbdd-2422cd7b528e.jpeg?format=review_small","medium":"https://resources.cdn-kaspi.kz/img/p/r/316947703-110903727/4d3e264b-5549-467a-bbdd-2422cd7b528e.jpeg?format=review_medium","large":"https://resources.cdn-kaspi.kz/img/p/r/316947703-110903727/4d3e264b-5549-467a-bbdd-2422cd7b528e.jpeg?format=review_large"},{"id":"316947703-110903727/fe873274-3330-4bae-801f-9c123c71b13c.jpeg","small":"https://resources.cdn-kaspi.kz/img/p/r/316947703-110903727/fe873274-3330-4bae-801f-9c123c71b13c.jpeg?format=review_small","medium":"https://resources.cdn-kaspi.kz/img/p/r/316947703-110903727/fe873274-3330-4bae-801f-9c123c71b13c.jpeg?format=review_medium","large":"https://resources.cdn-kaspi.kz/img/p/r/316947703-110903727/fe873274-3330-4bae-801f-9c123c71b13c.jpeg?format=review_large"}],"product":{"id":"110903727","name":"LARKO Для беременных бандаж до и послеродовой бежевый размер M","categoryCode":"Master - Bandages and orthoses","categoryName":"Бандажи и ортезы","link":"https://kaspi.kz/shop/p/larko-dlja-beremennyh-bandazh-do-i-poslerodovoi-bezhevyi-razmer-m-110903727/"},"merchant":{"name":"LARKO-KZ","code":"17629423"},"editable":false,"editedByCustomer":false},{"id":"8a5c858c8cae4c4b018cafd166a40373","author":"Гульяр","date":"28.12.2023","orderNumber":"312290915","rating":5,"comment":{"minus":"","plus":"","text":"Хороший бандаж, очень понравился нигде не трёт. Рекомендую."},"feedback":{"positive":0,"voted":false},"product":{"id":"110903727","name":"LARKO Для беременных бандаж до и послеродовой бежевый размер M","categoryCode":"Master - Bandages and orthoses","categoryName":"Бандажи и ортезы","link":"https://kaspi.kz/shop/p/larko-dlja-beremennyh-bandazh-do-i-poslerodovoi-bezhevyi-razmer-m-110903727/"},"merchant":{"name":"LARKO-KZ","code":"17629423"},"editable":false,"editedByCustomer":false},{"id":"8a5c9aae8c3dae2d018c483e54e1165c","author":"Игорь","date":"08.12.2023","orderNumber":"303734600","rating":5,"comment":{"minus":"","plus":"","text":"Хорошее качество. Материал хороший, приятный. Удобен в использовании, спасибо магазину."},"feedback":{"positive":0,"voted":false},"product":{"id":"110903727","name":"LARKO Для беременных бандаж до и послеродовой бежевый размер M","categoryCode":"Master - Bandages and orthoses","categoryName":"Бандажи и ортезы","link":"https://kaspi.kz/shop/p/larko-dlja-beremennyh-bandazh-do-i-poslerodovoi-bezhevyi-razmer-m-110903727/"},"merchant":{"name":"LARKO-KZ","code":"17629423"},"editable":false,"editedByCustomer":false},{"id":"8a5c658a8b5feda7018b6704d1181488","author":"Мерей","date":"25.10.2023","orderNumber":"286440034","rating":5,"comment":{"minus":"","plus":"","text":"Добрый день! Товар мне очень понравился, то что нужен мне, и всем советую."},"feedback":{"positive":0,"voted":false},"product":{"id":"110903727","name":"LARKO Для беременных бандаж до и послеродовой бежевый размер M","categoryCode":"Master - Bandages and orthoses","categoryName":"Бандажи и ортезы","link":"https://kaspi.kz/shop/p/larko-dlja-beremennyh-bandazh-do-i-poslerodovoi-bezhevyi-razmer-m-110903727/"},"merchant":{"name":"LARKO","code":"14901053"},"editable":false,"editedByCustomer":false},{"id":"8a5c52b58b461937018b4d0c522a1459","author":"Дина","date":"23.10.2023","orderNumber":"283300853","rating":5,"comment":{"minus":"","plus":"","text":"Бандаж ношу каждый день, спасает от нагрузки. Так как я много хожу и работа сидячая Один нюанс резинку нижнего бандажа пришлось отрезать, так как сильно стягивал, как будто маломерит. Ношу со второго триместра. Ребенок в начале пинался, сейчас привык."},"feedback":{"positive":9,"voted":false},"product":{"id":"110903727","name":"LARKO Для беременных бандаж до и послеродовой бежевый размер M","categoryCode":"Master - Bandages and orthoses","categoryName":"Бандажи и ортезы","link":"https://kaspi.kz/shop/p/larko-dlja-beremennyh-bandazh-do-i-poslerodovoi-bezhevyi-razmer-m-110903727/"},"merchant":{"name":"LARKO","code":"14901053"},"editable":false,"editedByCustomer":false},{"id":"8a5c11878b27d025018b378c8bca243e","author":"Жадыра","date":"18.10.2023","orderNumber":"281729178","rating":5,"comment":{"minus":"","plus":"","text":"Бандаж өте жақсы, маған ұнады. Размер тура келді. Ішті жақсы ұстап тұрады. Алуға кеңес беремін!"},"feedback":{"positive":2,"voted":false},"product":{"id":"110903727","name":"LARKO Для беременных бандаж до и послеродовой бежевый размер M","categoryCode":"Master - Bandages and orthoses","categoryName":"Бандажи и ортезы","link":"https://kaspi.kz/shop/p/larko-dlja-beremennyh-bandazh-do-i-poslerodovoi-bezhevyi-razmer-m-110903727/"},"merchant":{"name":"LARKO","code":"14901053"},"editable":false,"editedByCustomer":false},{"id":"8a5cc0628a73008f018a7f12d89711ca","author":"Ақжол","date":"10.09.2023","orderNumber":"279169983","rating":5,"comment":{"minus":"","plus":"","text":"Все понравилось. Легко в использовании. Очень помогает. Хороший магазин."},"feedback":{"positive":0,"voted":false},"product":{"id":"110903727","name":"LARKO Для беременных бандаж до и послеродовой бежевый размер M","categoryCode":"Master - Bandages and orthoses","categoryName":"Бандажи и ортезы","link":"https://kaspi.kz/shop/p/larko-dlja-beremennyh-bandazh-do-i-poslerodovoi-bezhevyi-razmer-m-110903727/"},"merchant":{"name":"LARKO","code":"14901053"},"editable":false,"editedByCustomer":false},{"id":"8a5c0ce68a72ffb3018a7e4ee02c0fa6","author":"Ақжол","date":"10.09.2023","orderNumber":"279544958","rating":5,"comment":{"minus":"","plus":"","text":"Очень надёжный, все как на фото."},"feedback":{"positive":0,"voted":false},"product":{"id":"110903727","name":"LARKO Для беременных бандаж до и послеродовой бежевый размер M","categoryCode":"Master - Bandages and orthoses","categoryName":"Бандажи и ортезы","link":"https://kaspi.kz/shop/p/larko-dlja-beremennyh-bandazh-do-i-poslerodovoi-bezhevyi-razmer-m-110903727/"},"merchant":{"name":"LARKO","code":"14901053"},"editable":false,"editedByCustomer":false},{"id":"8a5cfaab8a26d271018a307160e511c2","author":"Ботагоз","date":"06.09.2023","orderNumber":"280079782","rating":4,"comment":{"minus":"","plus":"","text":"Здравствуйте. На мой размер М, деталь которая делает обхват живота сверху маленькая оказалась. При том, что живот небольшой. Лучше на размер выше заказывать."},"feedback":{"positive":1,"voted":false},"product":{"id":"110903727","name":"LARKO Для беременных бандаж до и послеродовой бежевый размер M","categoryCode":"Master - Bandages and orthoses","categoryName":"Бандажи и ортезы","link":"https://kaspi.kz/shop/p/larko-dlja-beremennyh-bandazh-do-i-poslerodovoi-bezhevyi-razmer-m-110903727/"},"merchant":null,"editable":false,"editedByCustomer":false},{"id":"8a5cc3b78a26d21c018a3727aba01fe8","author":"Гулжузим","date":"01.09.2023","orderNumber":"279442676","rating":4,"comment":{"minus":"","plus":"","text":"Керемет бандаж. Сапасы да өте жақсы. Тез уақытынан бұрын келді. Рахмет Larko."},"feedback":{"positive":1,"voted":false},"product":{"id":"110903727","name":"LARKO Для беременных бандаж до и послеродовой бежевый размер M","categoryCode":"Master - Bandages and orthoses","categoryName":"Бандажи и ортезы","link":"https://kaspi.kz/shop/p/larko-dlja-beremennyh-bandazh-do-i-poslerodovoi-bezhevyi-razmer-m-110903727/"},"merchant":{"name":"LARKO","code":"14901053"},"editable":false,"editedByCustomer":false},{"id":"8a5cf317894f43c20189543e7a8903a1","author":"Сұлушаш","date":"18.07.2023","orderNumber":"268522635","rating":5,"comment":{"minus":"","plus":"","text":"Керемет, ыңғайлы."},"feedback":{"positive":0,"voted":false},"product":{"id":"110903727","name":"LARKO Для беременных бандаж до и послеродовой бежевый размер M","categoryCode":"Master - Bandages and orthoses","categoryName":"Бандажи и ортезы","link":"https://kaspi.kz/shop/p/larko-dlja-beremennyh-bandazh-do-i-poslerodovoi-bezhevyi-razmer-m-110903727/"},"merchant":null,"editable":false,"editedByCustomer":false},{"id":"8a5c4053894d392601894da9964e006e","author":"Алина","date":"15.07.2023","orderNumber":"267940125","rating":5,"comment":{"minus":"","plus":"Прекрасен.","text":""},"feedback":{"positive":0,"voted":false},"product":{"id":"110903727","name":"LARKO Для беременных бандаж до и послеродовой бежевый размер M","categoryCode":"Master - Bandages and orthoses","categoryName":"Бандажи и ортезы","link":"https://kaspi.kz/shop/p/larko-dlja-beremennyh-bandazh-do-i-poslerodovoi-bezhevyi-razmer-m-110903727/"},"merchant":null,"editable":false,"editedByCustomer":false},{"id":"8a5c2cf688adac130189010f2bba58f2","author":"Карина","date":"01.07.2023","orderNumber":"267171351","rating":5,"comment":{"minus":"","plus":"","text":"Девочки, берите не сомневаясь. Главное, подобрать правильно размер. Беременные мы все кругленькие, не старайтесь приуменьшить себя и берите действительно свой размер. Держит животик на ура! Никакого дискомфорта, нигде ничего не жмёт и не колит. Липучки держат намертво! Я со своим прошлым бандажем так намучилась оказывается, по сравнению с этим небо и земля. Чудесная покупка, спасибо большое! Качество отменное!"},"feedback":{"positive":9,"voted":false},"galleryImages":[{"id":"267171351-110903727/52cd109a-fd83-4500-b856-bcee9254a527.jpeg","small":"https://resources.cdn-kaspi.kz/img/p/r/267171351-110903727/52cd109a-fd83-4500-b856-bcee9254a527.jpeg?format=review_small","medium":"https://resources.cdn-kaspi.kz/img/p/r/267171351-110903727/52cd109a-fd83-4500-b856-bcee9254a527.jpeg?format=review_medium","large":"https://resources.cdn-kaspi.kz/img/p/r/267171351-110903727/52cd109a-fd83-4500-b856-bcee9254a527.jpeg?format=review_large"},{"id":"267171351-110903727/a431f795-eb8f-43b9-8de7-e5345aadcb5e.jpeg","small":"https://resources.cdn-kaspi.kz/img/p/r/267171351-110903727/a431f795-eb8f-43b9-8de7-e5345aadcb5e.jpeg?format=review_small","medium":"https://resources.cdn-kaspi.kz/img/p/r/267171351-110903727/a431f795-eb8f-43b9-8de7-e5345aadcb5e.jpeg?format=review_medium","large":"https://resources.cdn-kaspi.kz/img/p/r/267171351-110903727/a431f795-eb8f-43b9-8de7-e5345aadcb5e.jpeg?format=review_large"}],"product":{"id":"110903727","name":"LARKO Для беременных бандаж до и послеродовой бежевый размер M","categoryCode":"Master - Bandages and orthoses","categoryName":"Бандажи и ортезы","link":"https://kaspi.kz/shop/p/larko-dlja-beremennyh-bandazh-do-i-poslerodovoi-bezhevyi-razmer-m-110903727/"},"merchant":null,"editable":false,"editedByCustomer":false}]}