{"data":[{"id":"8a5cf16596285f4c0196288cddd20066","author":"Сунгат","date":"12.04.2025","orderNumber":"529273712","rating":5,"comment":{"minus":"","plus":"","text":"Всем Мира и Добра. Классная тема. Беру уже вторую. Всем советую. Качество класс. Огромный рахмет магазину и Каспи за столь удобное приобретения товара."},"feedback":{"positive":1,"voted":false},"galleryImages":[{"id":"529273712-130435895/7c97d3fe-8fe6-448f-895c-dba4f77a8245.jpeg","small":"https://resources.cdn-kaspi.kz/img/p/r/529273712-130435895/7c97d3fe-8fe6-448f-895c-dba4f77a8245.jpeg?format=review_small","medium":"https://resources.cdn-kaspi.kz/img/p/r/529273712-130435895/7c97d3fe-8fe6-448f-895c-dba4f77a8245.jpeg?format=review_medium","large":"https://resources.cdn-kaspi.kz/img/p/r/529273712-130435895/7c97d3fe-8fe6-448f-895c-dba4f77a8245.jpeg?format=review_large"},{"id":"529273712-130435895/ddb78aec-94bd-4b12-a221-3efc157b9ea0.jpeg","small":"https://resources.cdn-kaspi.kz/img/p/r/529273712-130435895/ddb78aec-94bd-4b12-a221-3efc157b9ea0.jpeg?format=review_small","medium":"https://resources.cdn-kaspi.kz/img/p/r/529273712-130435895/ddb78aec-94bd-4b12-a221-3efc157b9ea0.jpeg?format=review_medium","large":"https://resources.cdn-kaspi.kz/img/p/r/529273712-130435895/ddb78aec-94bd-4b12-a221-3efc157b9ea0.jpeg?format=review_large"},{"id":"529273712-130435895/a3f0a321-5264-4f58-90ba-7f1af49064aa.jpeg","small":"https://resources.cdn-kaspi.kz/img/p/r/529273712-130435895/a3f0a321-5264-4f58-90ba-7f1af49064aa.jpeg?format=review_small","medium":"https://resources.cdn-kaspi.kz/img/p/r/529273712-130435895/a3f0a321-5264-4f58-90ba-7f1af49064aa.jpeg?format=review_medium","large":"https://resources.cdn-kaspi.kz/img/p/r/529273712-130435895/a3f0a321-5264-4f58-90ba-7f1af49064aa.jpeg?format=review_large"},{"id":"529273712-130435895/e97f105d-802d-416a-ad3d-c2977a4a89b6.jpeg","small":"https://resources.cdn-kaspi.kz/img/p/r/529273712-130435895/e97f105d-802d-416a-ad3d-c2977a4a89b6.jpeg?format=review_small","medium":"https://resources.cdn-kaspi.kz/img/p/r/529273712-130435895/e97f105d-802d-416a-ad3d-c2977a4a89b6.jpeg?format=review_medium","large":"https://resources.cdn-kaspi.kz/img/p/r/529273712-130435895/e97f105d-802d-416a-ad3d-c2977a4a89b6.jpeg?format=review_large"},{"id":"529273712-130435895/b4b73f69-18af-4986-ad53-85a54282a3ca.jpeg","small":"https://resources.cdn-kaspi.kz/img/p/r/529273712-130435895/b4b73f69-18af-4986-ad53-85a54282a3ca.jpeg?format=review_small","medium":"https://resources.cdn-kaspi.kz/img/p/r/529273712-130435895/b4b73f69-18af-4986-ad53-85a54282a3ca.jpeg?format=review_medium","large":"https://resources.cdn-kaspi.kz/img/p/r/529273712-130435895/b4b73f69-18af-4986-ad53-85a54282a3ca.jpeg?format=review_large"}],"product":{"id":"130435895","name":"LARKO multiblk черный","categoryCode":"Master - Multitools","categoryName":"Мультитулы","link":"https://kaspi.kz/shop/p/larko-multiblk-chernyi-130435895/"},"merchant":{"name":"LARKO-KZ","code":"17629423"},"editable":false,"editedByCustomer":false},{"id":"8a5c9dbc95acfdf50195c34cf9b004b3","author":"Гульмира","date":"23.03.2025","orderNumber":"519677132","rating":5,"comment":{"minus":"","plus":"","text":"Дети брали в подарок отцу, очень довольны! Продукт в масле, упакован достойно! Функции и качество отвечают заявленным. Отдельное спасибо продавцу за комплимент в виде вечной спички! Товар доставлен в срок! Большое спасибо!"},"feedback":{"positive":0,"voted":false},"product":{"id":"130435895","name":"LARKO multiblk черный","categoryCode":"Master - Multitools","categoryName":"Мультитулы","link":"https://kaspi.kz/shop/p/larko-multiblk-chernyi-130435895/"},"merchant":{"name":"LARKO-KZ","code":"17629423"},"editable":false,"editedByCustomer":false},{"id":"8a5c67e59590f35d019593be16bf0835","author":"Наталья","date":"14.03.2025","orderNumber":"507917210","rating":5,"comment":{"minus":"","plus":"","text":"Очень нужная вещь, мужу очень понравилась, спасибо за быструю доставку, и за подарочки, очень приятно. Здравствуйте."},"feedback":{"positive":1,"voted":false},"product":{"id":"130435895","name":"LARKO multiblk черный","categoryCode":"Master - Multitools","categoryName":"Мультитулы","link":"https://kaspi.kz/shop/p/larko-multiblk-chernyi-130435895/"},"merchant":{"name":"LARKO-KZ","code":"17629423"},"editable":false,"editedByCustomer":false},{"id":"8a5c0cf29588cda901958eccde2126cd","author":"Айжан","date":"13.03.2025","orderNumber":"512935845","rating":5,"comment":{"minus":"","plus":"","text":"С виду хороший многофункциональный мультитул. В масле. Детали открываются туго, сами не выпадают. В целом понравился. Спасибо магазину Larko-kz и Кaspi. kz."},"feedback":{"positive":0,"voted":false},"product":{"id":"130435895","name":"LARKO multiblk черный","categoryCode":"Master - Multitools","categoryName":"Мультитулы","link":"https://kaspi.kz/shop/p/larko-multiblk-chernyi-130435895/"},"merchant":{"name":"LARKO-KZ","code":"17629423"},"editable":false,"editedByCustomer":false},{"id":"8a5c1b52956c83500195803fc501663a","author":"Галина","date":"10.03.2025","orderNumber":"508037655","rating":5,"comment":{"minus":"","plus":"","text":"Отличный мультитул, покупала на подарок папе, оценил. Спасибо! Пришел раньше на один день."},"feedback":{"positive":0,"voted":false},"product":{"id":"130435895","name":"LARKO multiblk черный","categoryCode":"Master - Multitools","categoryName":"Мультитулы","link":"https://kaspi.kz/shop/p/larko-multiblk-chernyi-130435895/"},"merchant":{"name":"LARKO-KZ","code":"17629423"},"editable":false,"editedByCustomer":false},{"id":"8a5c67fe954f9af6019555cf9389197d","author":"Арина","date":"02.03.2025","orderNumber":"497739468","rating":5,"comment":{"minus":"","plus":"","text":"Прекрасно подходит для мелкого ремонта. Качественный, удобный, +чехол."},"feedback":{"positive":0,"voted":false},"galleryImages":[{"id":"497739468-130435895/91ff0be2-5f02-4764-8113-84ba121b838a.jpeg","small":"https://resources.cdn-kaspi.kz/img/p/r/497739468-130435895/91ff0be2-5f02-4764-8113-84ba121b838a.jpeg?format=review_small","medium":"https://resources.cdn-kaspi.kz/img/p/r/497739468-130435895/91ff0be2-5f02-4764-8113-84ba121b838a.jpeg?format=review_medium","large":"https://resources.cdn-kaspi.kz/img/p/r/497739468-130435895/91ff0be2-5f02-4764-8113-84ba121b838a.jpeg?format=review_large"}],"product":{"id":"130435895","name":"LARKO multiblk черный","categoryCode":"Master - Multitools","categoryName":"Мультитулы","link":"https://kaspi.kz/shop/p/larko-multiblk-chernyi-130435895/"},"merchant":{"name":"LARKO-KZ","code":"17629423"},"editable":false,"editedByCustomer":false},{"id":"8a5c2f7593c87a310193ca46d5c3038d","author":"Игорь","date":"15.12.2024","orderNumber":"460217140","rating":5,"comment":{"minus":"","plus":"","text":"Мультитут класс, все что нужно, для разных жизненных ситуаций. К тому же дают приятный подарочек. С наступающим всех новым годом!"},"feedback":{"positive":1,"voted":false},"product":{"id":"130435895","name":"LARKO multiblk черный","categoryCode":"Master - Multitools","categoryName":"Мультитулы","link":"https://kaspi.kz/shop/p/larko-multiblk-chernyi-130435895/"},"merchant":{"name":"LARKO-KZ","code":"17629423"},"editable":false,"editedByCustomer":false}]}