{"data":[{"id":"8a5c3c3896280d6d0196288b8f350100","author":"Алия","date":"12.04.2025","orderNumber":"529861965","rating":5,"comment":{"minus":"","plus":"","text":"Очень хороший корсет."},"feedback":{"positive":0,"voted":false},"product":{"id":"110801510","name":"LARKO Premium c лямками ортопедический\n женский черный L","categoryCode":"Master - Orthopedic corsets","categoryName":"Ортопедические корсеты","link":"https://kaspi.kz/shop/p/larko-premium-c-ljamkami-ortopedicheskii-zhenskii-chernyi-l-110801510/"},"merchant":{"name":"LARKO-KZ","code":"17629423"},"editable":false,"editedByCustomer":false},{"id":"8a5c621095caf9cc0195cd1477470a38","author":"Арайлым","date":"25.03.2025","orderNumber":"519197161","rating":5,"comment":{"minus":"","plus":"","text":"Мне нравился, качество супер, я вам советую, круто, и магазину спасибо за работу."},"feedback":{"positive":0,"voted":false},"product":{"id":"110801510","name":"LARKO Premium c лямками ортопедический\n женский черный L","categoryCode":"Master - Orthopedic corsets","categoryName":"Ортопедические корсеты","link":"https://kaspi.kz/shop/p/larko-premium-c-ljamkami-ortopedicheskii-zhenskii-chernyi-l-110801510/"},"merchant":{"name":"LARKO-KZ","code":"17629423"},"editable":false,"editedByCustomer":false},{"id":"8a5cc38595acfcab0195b36d520231d0","author":"Назерке","date":"24.03.2025","orderNumber":"516439401","rating":5,"comment":{"minus":"","plus":"","text":"Качество просто отличное. Вчера только получила. Хотела одеть. Не влезла. Сегодня заставила, и силой влезла. Вот результат. Хожу как штангистка."},"feedback":{"positive":0,"voted":false},"galleryImages":[{"id":"516439401-110801510/e4c0a78a-0c9f-4e68-82ad-2a06a34fd012.jpeg","small":"https://resources.cdn-kaspi.kz/img/p/r/516439401-110801510/e4c0a78a-0c9f-4e68-82ad-2a06a34fd012.jpeg?format=review_small","medium":"https://resources.cdn-kaspi.kz/img/p/r/516439401-110801510/e4c0a78a-0c9f-4e68-82ad-2a06a34fd012.jpeg?format=review_medium","large":"https://resources.cdn-kaspi.kz/img/p/r/516439401-110801510/e4c0a78a-0c9f-4e68-82ad-2a06a34fd012.jpeg?format=review_large"}],"product":{"id":"110801510","name":"LARKO Premium c лямками ортопедический\n женский черный L","categoryCode":"Master - Orthopedic corsets","categoryName":"Ортопедические корсеты","link":"https://kaspi.kz/shop/p/larko-premium-c-ljamkami-ortopedicheskii-zhenskii-chernyi-l-110801510/"},"merchant":{"name":"LARKO-KZ","code":"17629423"},"editable":false,"editedByCustomer":false},{"id":"8a5c528294ab5c380194abd9c3e900ca","author":"Татьяна","date":"28.01.2025","orderNumber":"487340615","rating":5,"comment":{"minus":"","plus":"","text":"Самый лучший корсет. Хорошо держит и утягивает, супер. Используем после липосакции."},"feedback":{"positive":1,"voted":false},"product":{"id":"110801510","name":"LARKO Premium c лямками ортопедический\n женский черный L","categoryCode":"Master - Orthopedic corsets","categoryName":"Ортопедические корсеты","link":"https://kaspi.kz/shop/p/larko-premium-c-ljamkami-ortopedicheskii-zhenskii-chernyi-l-110801510/"},"merchant":{"name":"LARKO-KZ","code":"17629423"},"editable":false,"editedByCustomer":false},{"id":"8a5c1dca9468757b019474abe41e17ab","author":"Айдана","date":"17.01.2025","orderNumber":"480689460","rating":5,"comment":{"minus":"","plus":"","text":"Корсет превзошёл все ожидания, очень довольна, спасибо."},"feedback":{"positive":0,"voted":false},"product":{"id":"110801510","name":"LARKO Premium c лямками ортопедический\n женский черный L","categoryCode":"Master - Orthopedic corsets","categoryName":"Ортопедические корсеты","link":"https://kaspi.kz/shop/p/larko-premium-c-ljamkami-ortopedicheskii-zhenskii-chernyi-l-110801510/"},"merchant":{"name":"LARKO-KZ","code":"17629423"},"editable":false,"editedByCustomer":false},{"id":"8a5c11aa94019602019407b731410e80","author":"Айгерім","date":"27.12.2024","orderNumber":"464829240","rating":5,"comment":{"minus":"","plus":"","text":"карсет өте керемет ұнады качества соответствует описанию берите даже не думайте."},"feedback":{"positive":0,"voted":false},"product":{"id":"110801510","name":"LARKO Premium c лямками ортопедический\n женский черный L","categoryCode":"Master - Orthopedic corsets","categoryName":"Ортопедические корсеты","link":"https://kaspi.kz/shop/p/larko-premium-c-ljamkami-ortopedicheskii-zhenskii-chernyi-l-110801510/"},"merchant":{"name":"LARKO-KZ","code":"17629423"},"editable":false,"editedByCustomer":false},{"id":"8a5ccd739395560a0193af46970d2b29","author":"Лайла","date":"10.12.2024","orderNumber":"459265789","rating":5,"comment":{"minus":"","plus":"","text":"Корсет классный, заказываю во второй раз, но на размер меньше, хорошо подтягивает живот и бока."},"feedback":{"positive":0,"voted":false},"product":{"id":"110801510","name":"LARKO Premium c лямками ортопедический\n женский черный L","categoryCode":"Master - Orthopedic corsets","categoryName":"Ортопедические корсеты","link":"https://kaspi.kz/shop/p/larko-premium-c-ljamkami-ortopedicheskii-zhenskii-chernyi-l-110801510/"},"merchant":{"name":"LARKO-KZ","code":"17629423"},"editable":false,"editedByCustomer":false},{"id":"8a5cfaac9395562d0193a7520c7d20e7","author":"Анастасия","date":"08.12.2024","orderNumber":"455836680","rating":5,"comment":{"minus":"","plus":"","text":"Шикарный корсет. Я в восторге. Материал изделия плотный, приятный к телу. На мой 44р отлично подошел размер L. Под грудью сидит отлично. Нигде ничего не давит. Спасибо продавцу."},"feedback":{"positive":0,"voted":false},"galleryImages":[{"id":"455836680-110801510/270863e1-0745-4fc1-8e8b-d8fb939fb0cc.jpeg","small":"https://resources.cdn-kaspi.kz/img/p/r/455836680-110801510/270863e1-0745-4fc1-8e8b-d8fb939fb0cc.jpeg?format=review_small","medium":"https://resources.cdn-kaspi.kz/img/p/r/455836680-110801510/270863e1-0745-4fc1-8e8b-d8fb939fb0cc.jpeg?format=review_medium","large":"https://resources.cdn-kaspi.kz/img/p/r/455836680-110801510/270863e1-0745-4fc1-8e8b-d8fb939fb0cc.jpeg?format=review_large"},{"id":"455836680-110801510/6cfb3ab3-ee5a-422f-8f71-8b0cc713dabe.jpeg","small":"https://resources.cdn-kaspi.kz/img/p/r/455836680-110801510/6cfb3ab3-ee5a-422f-8f71-8b0cc713dabe.jpeg?format=review_small","medium":"https://resources.cdn-kaspi.kz/img/p/r/455836680-110801510/6cfb3ab3-ee5a-422f-8f71-8b0cc713dabe.jpeg?format=review_medium","large":"https://resources.cdn-kaspi.kz/img/p/r/455836680-110801510/6cfb3ab3-ee5a-422f-8f71-8b0cc713dabe.jpeg?format=review_large"}],"product":{"id":"110801510","name":"LARKO Premium c лямками ортопедический\n женский черный L","categoryCode":"Master - Orthopedic corsets","categoryName":"Ортопедические корсеты","link":"https://kaspi.kz/shop/p/larko-premium-c-ljamkami-ortopedicheskii-zhenskii-chernyi-l-110801510/"},"merchant":{"name":"LARKO-KZ","code":"17629423"},"editable":false,"editedByCustomer":false},{"id":"8a5c4070924c49130192522838900d52","author":"Айгерим","date":"03.10.2024","orderNumber":"418804689","rating":5,"comment":{"minus":"","plus":"","text":"Маған ұнады."},"feedback":{"positive":0,"voted":false},"product":{"id":"110801510","name":"LARKO Premium c лямками ортопедический\n женский черный L","categoryCode":"Master - Orthopedic corsets","categoryName":"Ортопедические корсеты","link":"https://kaspi.kz/shop/p/larko-premium-c-ljamkami-ortopedicheskii-zhenskii-chernyi-l-110801510/"},"merchant":{"name":"LARKO-KZ","code":"17629423"},"editable":false,"editedByCustomer":false},{"id":"8a5c96bc920df3fe01923ebf2bb9510a","author":"Сания","date":"29.09.2024","orderNumber":"408201017","rating":3,"comment":{"minus":"","plus":"","text":"Здравствуйте! Носила неделю только днём, на ночь снимала. В конце обнаружила потницу, больше не одеваю. Утягивает хорошо, но как снимешь корсет, всё возвращается на свои места. Про то, что снижает аппетит, такого не было: ела как обычно. Если слишком много ездить по городу в нём, тошнит ужасно от резких остановок. Товаром не удовлетворена."},"feedback":{"positive":1,"voted":false},"product":{"id":"110801510","name":"LARKO Premium c лямками ортопедический\n женский черный L","categoryCode":"Master - Orthopedic corsets","categoryName":"Ортопедические корсеты","link":"https://kaspi.kz/shop/p/larko-premium-c-ljamkami-ortopedicheskii-zhenskii-chernyi-l-110801510/"},"merchant":{"name":"LARKO-KZ","code":"17629423"},"editable":false,"editedByCustomer":false},{"id":"8a5c6205920df40a019224d2641f2e9e","author":"Фарида","date":"24.09.2024","orderNumber":"415059130","rating":5,"comment":{"minus":"","plus":"","text":"Корсет отличного качества, размер мне идеально подходит."},"feedback":{"positive":0,"voted":false},"product":{"id":"110801510","name":"LARKO Premium c лямками ортопедический\n женский черный L","categoryCode":"Master - Orthopedic corsets","categoryName":"Ортопедические корсеты","link":"https://kaspi.kz/shop/p/larko-premium-c-ljamkami-ortopedicheskii-zhenskii-chernyi-l-110801510/"},"merchant":{"name":"LARKO-KZ","code":"17629423"},"editable":false,"editedByCustomer":false},{"id":"8a5cbefd91f94bb901920a1af1d02281","author":"Баршын","date":"19.09.2024","orderNumber":"412903046","rating":5,"comment":{"minus":"","plus":"","text":"Получила товар вовремя, качество корсета просто супер, буду каждый день одевать."},"feedback":{"positive":0,"voted":false},"product":{"id":"110801510","name":"LARKO Premium c лямками ортопедический\n женский черный L","categoryCode":"Master - Orthopedic corsets","categoryName":"Ортопедические корсеты","link":"https://kaspi.kz/shop/p/larko-premium-c-ljamkami-ortopedicheskii-zhenskii-chernyi-l-110801510/"},"merchant":{"name":"LARKO-KZ","code":"17629423"},"editable":false,"editedByCustomer":false},{"id":"8a5cf78f91c021100191c24f726103a2","author":"Дильназ","date":"05.09.2024","orderNumber":"402447633","rating":5,"comment":{"minus":"","plus":"","text":"Хотела оставить отзыв, качество шикарное правда я сделала возврат из-за того что мне маленький. Продавцы супер обслуживание 100%. Спасибо магазину LARKO Premium."},"feedback":{"positive":1,"voted":false},"product":{"id":"110801510","name":"LARKO Premium c лямками ортопедический\n женский черный L","categoryCode":"Master - Orthopedic corsets","categoryName":"Ортопедические корсеты","link":"https://kaspi.kz/shop/p/larko-premium-c-ljamkami-ortopedicheskii-zhenskii-chernyi-l-110801510/"},"merchant":{"name":"LARKO-KZ","code":"17629423"},"editable":false,"editedByCustomer":false},{"id":"8a5ce3c49057f5810190d07e7fc212ce","author":"Эльмира","date":"20.07.2024","orderNumber":"384030934","rating":5,"comment":{"minus":"","plus":"","text":"Әдемі. Маған ұнады, размер точна келді."},"feedback":{"positive":0,"voted":false},"product":{"id":"110801510","name":"LARKO Premium c лямками ортопедический\n женский черный L","categoryCode":"Master - Orthopedic corsets","categoryName":"Ортопедические корсеты","link":"https://kaspi.kz/shop/p/larko-premium-c-ljamkami-ortopedicheskii-zhenskii-chernyi-l-110801510/"},"merchant":{"name":"LARKO-KZ","code":"17629423"},"editable":false,"editedByCustomer":false},{"id":"8a5cf33e8e316f05018e5692ebf13fe7","author":"Замзагуль","date":"19.03.2024","orderNumber":"308774279","rating":5,"comment":{"minus":"","plus":"","text":"Корсет супер, хорошо утягивает, долго носить невозможно, очень плотные. Соответствует цене."},"feedback":{"positive":1,"voted":false},"product":{"id":"110801510","name":"LARKO Premium c лямками ортопедический\n женский черный L","categoryCode":"Master - Orthopedic corsets","categoryName":"Ортопедические корсеты","link":"https://kaspi.kz/shop/p/larko-premium-c-ljamkami-ortopedicheskii-zhenskii-chernyi-l-110801510/"},"merchant":{"name":"LARKO-KZ","code":"17629423"},"editable":false,"editedByCustomer":false},{"id":"8a5c0c118d82a86e018d82a95b070001","author":"Ботагоз","date":"07.02.2024","orderNumber":"313407781","rating":5,"comment":{"minus":"","plus":"","text":"Качество отличное, размер маломерит, не подошел."},"feedback":{"positive":0,"voted":false},"product":{"id":"110801510","name":"LARKO Premium c лямками ортопедический\n женский черный L","categoryCode":"Master - Orthopedic corsets","categoryName":"Ортопедические корсеты","link":"https://kaspi.kz/shop/p/larko-premium-c-ljamkami-ortopedicheskii-zhenskii-chernyi-l-110801510/"},"merchant":{"name":"LARKO-KZ","code":"17629423"},"editable":false,"editedByCustomer":false},{"id":"8a5c0c638d1ab2a8018d1b00c0ba0079","author":"Дильфуза","date":"18.01.2024","orderNumber":"317829839","rating":5,"comment":{"minus":"","plus":"","text":"Качество покажет в деле, а так мне понравился. Размер подошел. Спасибо магазину за консультацию. Удачи в работе!"},"feedback":{"positive":0,"voted":false},"product":{"id":"110801510","name":"LARKO Premium c лямками ортопедический\n женский черный L","categoryCode":"Master - Orthopedic corsets","categoryName":"Ортопедические корсеты","link":"https://kaspi.kz/shop/p/larko-premium-c-ljamkami-ortopedicheskii-zhenskii-chernyi-l-110801510/"},"merchant":{"name":"LARKO-KZ","code":"17629423"},"editable":false,"editedByCustomer":false},{"id":"8a5ceb1e8b853086018b862424e003df","author":"Хафиза","date":"02.11.2023","orderNumber":"289460923","rating":5,"comment":{"minus":"","plus":"","text":"Товар соответствует описанию. Спасибо!"},"feedback":{"positive":0,"voted":false},"product":{"id":"110801510","name":"LARKO Premium c лямками ортопедический\n женский черный L","categoryCode":"Master - Orthopedic corsets","categoryName":"Ортопедические корсеты","link":"https://kaspi.kz/shop/p/larko-premium-c-ljamkami-ortopedicheskii-zhenskii-chernyi-l-110801510/"},"merchant":{"name":"LARKO","code":"14901053"},"editable":false,"editedByCustomer":false},{"id":"8a5ca0ab8b8530e0018b86120988039e","author":"Юлия","date":"02.11.2023","orderNumber":"289636673","rating":5,"comment":{"minus":"","plus":"","text":"Взяла недели 2 назад, но результат уже есть. Качество хорошее, сидит идеально и очень удобный."},"feedback":{"positive":0,"voted":false},"product":{"id":"110801510","name":"LARKO Premium c лямками ортопедический\n женский черный L","categoryCode":"Master - Orthopedic corsets","categoryName":"Ортопедические корсеты","link":"https://kaspi.kz/shop/p/larko-premium-c-ljamkami-ortopedicheskii-zhenskii-chernyi-l-110801510/"},"merchant":{"name":"LARKO","code":"14901053"},"editable":false,"editedByCustomer":false},{"id":"8a5c4ee88b3838cb018b41f9c54116b6","author":"Валентина","date":"19.10.2023","orderNumber":"282745005","rating":5,"comment":{"minus":"","plus":"","text":"Корсет очень хорошего качества, осталась довольна покупкой! \nБыстрая доставка!"},"feedback":{"positive":0,"voted":false},"product":{"id":"110801510","name":"LARKO Premium c лямками ортопедический\n женский черный L","categoryCode":"Master - Orthopedic corsets","categoryName":"Ортопедические корсеты","link":"https://kaspi.kz/shop/p/larko-premium-c-ljamkami-ortopedicheskii-zhenskii-chernyi-l-110801510/"},"merchant":{"name":"LARKO","code":"14901053"},"editable":false,"editedByCustomer":false},{"id":"8a5cf7b48afe1fd0018b0f32732829f6","author":"Айнур","date":"08.10.2023","orderNumber":"283086538","rating":4,"comment":{"minus":"","plus":"","text":"Размер не подошел, а так вроде хороший корсет."},"feedback":{"positive":0,"voted":false},"product":{"id":"110801510","name":"LARKO Premium c лямками ортопедический\n женский черный L","categoryCode":"Master - Orthopedic corsets","categoryName":"Ортопедические корсеты","link":"https://kaspi.kz/shop/p/larko-premium-c-ljamkami-ortopedicheskii-zhenskii-chernyi-l-110801510/"},"merchant":{"name":"LARKO","code":"14901053"},"editable":false,"editedByCustomer":false},{"id":"8a5c252e8ab0aafd018ab2c5f09a056b","author":"Динара","date":"20.09.2023","orderNumber":"283927081","rating":5,"comment":{"minus":"","plus":"","text":"Хорошо прошит, качество+ цена."},"feedback":{"positive":0,"voted":false},"product":{"id":"110801510","name":"LARKO Premium c лямками ортопедический\n женский черный L","categoryCode":"Master - Orthopedic corsets","categoryName":"Ортопедические корсеты","link":"https://kaspi.kz/shop/p/larko-premium-c-ljamkami-ortopedicheskii-zhenskii-chernyi-l-110801510/"},"merchant":{"name":"LARKO","code":"14901053"},"editable":false,"editedByCustomer":false},{"id":"8a5c623e8a3efa33018a4534f72f0bf8","author":"Әйкен","date":"30.08.2023","orderNumber":"273099117","rating":5,"comment":{"minus":"","plus":"","text":"Сапасы өте жақсы. Денеде жақсы тұарды екен және размері де тура келді. Уақытынан ерте жеткізді. Алуға кеңес беремін."},"feedback":{"positive":1,"voted":false},"product":{"id":"110801510","name":"LARKO Premium c лямками ортопедический\n женский черный L","categoryCode":"Master - Orthopedic corsets","categoryName":"Ортопедические корсеты","link":"https://kaspi.kz/shop/p/larko-premium-c-ljamkami-ortopedicheskii-zhenskii-chernyi-l-110801510/"},"merchant":{"name":"LARKO","code":"14901053"},"editable":false,"editedByCustomer":false},{"id":"8a5cfe3c891e872e018934667a3830be","author":"Сабина","date":"11.07.2023","orderNumber":"268568504","rating":5,"comment":{"minus":"","plus":"Материал хороший.","text":"Доставка пришла быстра, самой нравится, еще в ней ходить удобно."},"feedback":{"positive":0,"voted":false},"product":{"id":"110801510","name":"LARKO Premium c лямками ортопедический\n женский черный L","categoryCode":"Master - Orthopedic corsets","categoryName":"Ортопедические корсеты","link":"https://kaspi.kz/shop/p/larko-premium-c-ljamkami-ortopedicheskii-zhenskii-chernyi-l-110801510/"},"merchant":null,"editable":false,"editedByCustomer":false}]}