{"data":[{"id":"8a5c5fbf9618f308019633cf6e490079","author":"Ләззат","date":"14.04.2025","orderNumber":"528937841","rating":5,"comment":{"minus":"","plus":"","text":"Тауар 1 күнге ерте келді, өз бағасына жақсы, эффект бар. 48 размер киемін, тура шақ келді."},"feedback":{"positive":0,"voted":false},"product":{"id":"132840256","name":"Боди LARKO body bra бежевый 48","categoryCode":"Master - Women shapewear","categoryName":"Женское корректирующее белье","link":"https://kaspi.kz/shop/p/bodi-larko-body-bra-bezhevyi-48-132840256/"},"merchant":{"name":"LARKO-KZ","code":"17629423"},"editable":false,"editedByCustomer":false},{"id":"8a5c30729618f3d201961f99646f2c23","author":"Дилежана","date":"10.04.2025","orderNumber":"528412236","rating":5,"comment":{"minus":"","plus":"","text":"Первый заказ был неудачный, с размером ошиблась, так что по размеру нужно прям посмотреть. Заказала второй раз, размер подошел, качество хорошее."},"feedback":{"positive":0,"voted":false},"product":{"id":"132840256","name":"Боди LARKO body bra бежевый 48","categoryCode":"Master - Women shapewear","categoryName":"Женское корректирующее белье","link":"https://kaspi.kz/shop/p/bodi-larko-body-bra-bezhevyi-48-132840256/"},"merchant":{"name":"LARKO-KZ","code":"17629423"},"editable":false,"editedByCustomer":false},{"id":"8a5cb3f096135916019614a63993051e","author":"Айжамал","date":"08.04.2025","orderNumber":"524001318","rating":5,"comment":{"minus":"","plus":"","text":"Боди керемет. Маған ұнады."},"feedback":{"positive":0,"voted":false},"product":{"id":"132840256","name":"Боди LARKO body bra бежевый 48","categoryCode":"Master - Women shapewear","categoryName":"Женское корректирующее белье","link":"https://kaspi.kz/shop/p/bodi-larko-body-bra-bezhevyi-48-132840256/"},"merchant":{"name":"LARKO-KZ","code":"17629423"},"editable":false,"editedByCustomer":false},{"id":"8a5c983a95f5263401961497f6da0904","author":"Аманкуль","date":"08.04.2025","orderNumber":"526042329","rating":5,"comment":{"minus":"","plus":"","text":"Тамаша. Маған ұнады."},"feedback":{"positive":1,"voted":false},"product":{"id":"132840256","name":"Боди LARKO body bra бежевый 48","categoryCode":"Master - Women shapewear","categoryName":"Женское корректирующее белье","link":"https://kaspi.kz/shop/p/bodi-larko-body-bra-bezhevyi-48-132840256/"},"merchant":{"name":"LARKO-KZ","code":"17629423"},"editable":false,"editedByCustomer":false},{"id":"8a5c5ab6960e459001960fb086bc0650","author":"Айтолкын","date":"07.04.2025","orderNumber":"526167302","rating":5,"comment":{"minus":"","plus":"","text":"Боди классные. Мне всё очень понравилось. Стоит своих денег. Берите, не пожалеете. Имейте ввиду, что надо брать на 1 размер больше."},"feedback":{"positive":0,"voted":false},"product":{"id":"132840256","name":"Боди LARKO body bra бежевый 48","categoryCode":"Master - Women shapewear","categoryName":"Женское корректирующее белье","link":"https://kaspi.kz/shop/p/bodi-larko-body-bra-bezhevyi-48-132840256/"},"merchant":{"name":"LARKO-KZ","code":"17629423"},"editable":false,"editedByCustomer":false},{"id":"8a5c2f4394c4e4d70194c6ecbc7903c2","author":"Анеля","date":"02.02.2025","orderNumber":"488479921","rating":5,"comment":{"minus":"","plus":"","text":"Классное боди, заказываю уже 2 раз, до этого брала в чёрном цвете, претензий нет удобное."},"feedback":{"positive":1,"voted":false},"galleryImages":[{"id":"488479921-132840256/83369132-9125-40ee-b58d-bde5f55de88d.jpeg","small":"https://resources.cdn-kaspi.kz/img/p/r/488479921-132840256/83369132-9125-40ee-b58d-bde5f55de88d.jpeg?format=review_small","medium":"https://resources.cdn-kaspi.kz/img/p/r/488479921-132840256/83369132-9125-40ee-b58d-bde5f55de88d.jpeg?format=review_medium","large":"https://resources.cdn-kaspi.kz/img/p/r/488479921-132840256/83369132-9125-40ee-b58d-bde5f55de88d.jpeg?format=review_large"}],"product":{"id":"132840256","name":"Боди LARKO body bra бежевый 48","categoryCode":"Master - Women shapewear","categoryName":"Женское корректирующее белье","link":"https://kaspi.kz/shop/p/bodi-larko-body-bra-bezhevyi-48-132840256/"},"merchant":{"name":"LARKO-KZ","code":"17629423"},"editable":false,"editedByCustomer":false},{"id":"8a5c309d94ab5c830194aba05f900049","author":"Назым","date":"28.01.2025","orderNumber":"483540384","rating":5,"comment":{"minus":"","plus":"","text":"Боди размер в размер, качество хорошее."},"feedback":{"positive":0,"voted":false},"product":{"id":"132840256","name":"Боди LARKO body bra бежевый 48","categoryCode":"Master - Women shapewear","categoryName":"Женское корректирующее белье","link":"https://kaspi.kz/shop/p/bodi-larko-body-bra-bezhevyi-48-132840256/"},"merchant":{"name":"LARKO-KZ","code":"17629423"},"editable":false,"editedByCustomer":false},{"id":"8a5c64e3946876990194795ab2c21daa","author":"Надежда","date":"18.01.2025","orderNumber":"480829778","rating":5,"comment":{"minus":"","plus":"","text":"Боди супер! Пришло раньше срока."},"feedback":{"positive":0,"voted":false},"product":{"id":"132840256","name":"Боди LARKO body bra бежевый 48","categoryCode":"Master - Women shapewear","categoryName":"Женское корректирующее белье","link":"https://kaspi.kz/shop/p/bodi-larko-body-bra-bezhevyi-48-132840256/"},"merchant":{"name":"LARKO-KZ","code":"17629423"},"editable":false,"editedByCustomer":false}]}