{"data":[{"id":"8a5c5db5963cc0dd0196441c336222a3","author":"Виталий","date":"17.04.2025","orderNumber":"532447101","rating":5,"comment":{"minus":"","plus":"","text":"Ролик пришёл целый, удобный. 90 кг спокойно выдерживает. Коврик можно было сделать чуть больше."},"feedback":{"positive":0,"voted":false},"galleryImages":[{"id":"532447101-128006659/891361a4-179a-403c-bae1-27935dceb01d.jpeg","small":"https://resources.cdn-kaspi.kz/img/p/r/532447101-128006659/891361a4-179a-403c-bae1-27935dceb01d.jpeg?format=review_small","medium":"https://resources.cdn-kaspi.kz/img/p/r/532447101-128006659/891361a4-179a-403c-bae1-27935dceb01d.jpeg?format=review_medium","large":"https://resources.cdn-kaspi.kz/img/p/r/532447101-128006659/891361a4-179a-403c-bae1-27935dceb01d.jpeg?format=review_large"},{"id":"532447101-128006659/7a75e3d0-17b7-43a8-8933-bf07467879ea.jpeg","small":"https://resources.cdn-kaspi.kz/img/p/r/532447101-128006659/7a75e3d0-17b7-43a8-8933-bf07467879ea.jpeg?format=review_small","medium":"https://resources.cdn-kaspi.kz/img/p/r/532447101-128006659/7a75e3d0-17b7-43a8-8933-bf07467879ea.jpeg?format=review_medium","large":"https://resources.cdn-kaspi.kz/img/p/r/532447101-128006659/7a75e3d0-17b7-43a8-8933-bf07467879ea.jpeg?format=review_large"},{"id":"532447101-128006659/89038ba4-e051-49ac-84f6-703acd4cc0c3.jpeg","small":"https://resources.cdn-kaspi.kz/img/p/r/532447101-128006659/89038ba4-e051-49ac-84f6-703acd4cc0c3.jpeg?format=review_small","medium":"https://resources.cdn-kaspi.kz/img/p/r/532447101-128006659/89038ba4-e051-49ac-84f6-703acd4cc0c3.jpeg?format=review_medium","large":"https://resources.cdn-kaspi.kz/img/p/r/532447101-128006659/89038ba4-e051-49ac-84f6-703acd4cc0c3.jpeg?format=review_large"},{"id":"532447101-128006659/291dca7c-493f-4b8b-964a-54d00ee5f5e8.jpeg","small":"https://resources.cdn-kaspi.kz/img/p/r/532447101-128006659/291dca7c-493f-4b8b-964a-54d00ee5f5e8.jpeg?format=review_small","medium":"https://resources.cdn-kaspi.kz/img/p/r/532447101-128006659/291dca7c-493f-4b8b-964a-54d00ee5f5e8.jpeg?format=review_medium","large":"https://resources.cdn-kaspi.kz/img/p/r/532447101-128006659/291dca7c-493f-4b8b-964a-54d00ee5f5e8.jpeg?format=review_large"},{"id":"532447101-128006659/0d21c885-e78a-486d-9fba-c40cb7a53b79.jpeg","small":"https://resources.cdn-kaspi.kz/img/p/r/532447101-128006659/0d21c885-e78a-486d-9fba-c40cb7a53b79.jpeg?format=review_small","medium":"https://resources.cdn-kaspi.kz/img/p/r/532447101-128006659/0d21c885-e78a-486d-9fba-c40cb7a53b79.jpeg?format=review_medium","large":"https://resources.cdn-kaspi.kz/img/p/r/532447101-128006659/0d21c885-e78a-486d-9fba-c40cb7a53b79.jpeg?format=review_large"}],"product":{"id":"128006659","name":"LARKO multiroller","categoryCode":"Master - Ab rollers","categoryName":"Ролики для пресса","link":"https://kaspi.kz/shop/p/larko-multiroller-128006659/"},"merchant":{"name":"LARKO-KZ","code":"17629423"},"editable":false,"editedByCustomer":false},{"id":"8a5cbed695fb5ee20195fb78d8ef0116","author":"Шыңғыс","date":"05.04.2025","orderNumber":"507840415","rating":5,"comment":{"minus":"","plus":"","text":" ARKO ролигы өте керемет! Пайдасы көп, алғаныма өкінбеймін! Пайдалануға кеңес беремін."},"feedback":{"positive":0,"voted":false},"product":{"id":"128006659","name":"LARKO multiroller","categoryCode":"Master - Ab rollers","categoryName":"Ролики для пресса","link":"https://kaspi.kz/shop/p/larko-multiroller-128006659/"},"merchant":{"name":"LARKO-KZ","code":"17629423"},"editable":false,"editedByCustomer":false},{"id":"8a5c1b579603fbae0196060dfcd40a03","author":"Руслан","date":"05.04.2025","orderNumber":"511473364","rating":5,"comment":{"minus":"","plus":"","text":"Хороший тренажер, достаточно крепкий, мои 95кг выдержал без проблем. Прост в использовании, при этом работают почти все мышцы корпуса. К тому же хорошо упакован, покупкой доволен."},"feedback":{"positive":0,"voted":false},"product":{"id":"128006659","name":"LARKO multiroller","categoryCode":"Master - Ab rollers","categoryName":"Ролики для пресса","link":"https://kaspi.kz/shop/p/larko-multiroller-128006659/"},"merchant":{"name":"LARKO-KZ","code":"17629423"},"editable":false,"editedByCustomer":false},{"id":"8a5c1de495f524f60196002c89113935","author":"Светлана","date":"04.04.2025","orderNumber":"513440494","rating":5,"comment":{"minus":"","plus":"","text":"Спасибо большое, мне очень понравился ролик для пресса, занимаюсь через день. Рекомендую всем, очень удобный в домашних условиях. Довольна своей покупкой."},"feedback":{"positive":0,"voted":false},"product":{"id":"128006659","name":"LARKO multiroller","categoryCode":"Master - Ab rollers","categoryName":"Ролики для пресса","link":"https://kaspi.kz/shop/p/larko-multiroller-128006659/"},"merchant":{"name":"LARKO-KZ","code":"17629423"},"editable":false,"editedByCustomer":false},{"id":"8a5c251a95f526360196001a5e44381b","author":"Келбет","date":"04.04.2025","orderNumber":"512318092","rating":5,"comment":{"minus":"","plus":"","text":"Ваш ролик для пресса нам очень понравился, очень удобный, с ним очень легко заниматься, спасибо вам!"},"feedback":{"positive":0,"voted":false},"product":{"id":"128006659","name":"LARKO multiroller","categoryCode":"Master - Ab rollers","categoryName":"Ролики для пресса","link":"https://kaspi.kz/shop/p/larko-multiroller-128006659/"},"merchant":{"name":"LARKO-KZ","code":"17629423"},"editable":false,"editedByCustomer":false},{"id":"8a5c304895f9cfd60195fcdb96691584","author":"Алия","date":"03.04.2025","orderNumber":"518904691","rating":5,"comment":{"minus":"","plus":"","text":"Классный ролик. Надеюсь с ним подтянуть пресс. Очень удобно, полезно. Чувствуется приятное напряжение во всем теле."},"feedback":{"positive":0,"voted":false},"galleryImages":[{"id":"518904691-128006659/099d2ff2-50a0-4dc8-b8ad-cde28e15020d.jpeg","small":"https://resources.cdn-kaspi.kz/img/p/r/518904691-128006659/099d2ff2-50a0-4dc8-b8ad-cde28e15020d.jpeg?format=review_small","medium":"https://resources.cdn-kaspi.kz/img/p/r/518904691-128006659/099d2ff2-50a0-4dc8-b8ad-cde28e15020d.jpeg?format=review_medium","large":"https://resources.cdn-kaspi.kz/img/p/r/518904691-128006659/099d2ff2-50a0-4dc8-b8ad-cde28e15020d.jpeg?format=review_large"},{"id":"518904691-128006659/de8d4e4d-fca7-4363-8616-5d8a2730e0f2.jpeg","small":"https://resources.cdn-kaspi.kz/img/p/r/518904691-128006659/de8d4e4d-fca7-4363-8616-5d8a2730e0f2.jpeg?format=review_small","medium":"https://resources.cdn-kaspi.kz/img/p/r/518904691-128006659/de8d4e4d-fca7-4363-8616-5d8a2730e0f2.jpeg?format=review_medium","large":"https://resources.cdn-kaspi.kz/img/p/r/518904691-128006659/de8d4e4d-fca7-4363-8616-5d8a2730e0f2.jpeg?format=review_large"},{"id":"518904691-128006659/c4023005-47c3-4dea-9351-eab3763f0ce7.jpeg","small":"https://resources.cdn-kaspi.kz/img/p/r/518904691-128006659/c4023005-47c3-4dea-9351-eab3763f0ce7.jpeg?format=review_small","medium":"https://resources.cdn-kaspi.kz/img/p/r/518904691-128006659/c4023005-47c3-4dea-9351-eab3763f0ce7.jpeg?format=review_medium","large":"https://resources.cdn-kaspi.kz/img/p/r/518904691-128006659/c4023005-47c3-4dea-9351-eab3763f0ce7.jpeg?format=review_large"},{"id":"518904691-128006659/ff90976f-0a4d-4974-b602-995317b63256.jpeg","small":"https://resources.cdn-kaspi.kz/img/p/r/518904691-128006659/ff90976f-0a4d-4974-b602-995317b63256.jpeg?format=review_small","medium":"https://resources.cdn-kaspi.kz/img/p/r/518904691-128006659/ff90976f-0a4d-4974-b602-995317b63256.jpeg?format=review_medium","large":"https://resources.cdn-kaspi.kz/img/p/r/518904691-128006659/ff90976f-0a4d-4974-b602-995317b63256.jpeg?format=review_large"},{"id":"518904691-128006659/25c613bf-fc4c-4e3c-b567-a8d5d6586ba4.jpeg","small":"https://resources.cdn-kaspi.kz/img/p/r/518904691-128006659/25c613bf-fc4c-4e3c-b567-a8d5d6586ba4.jpeg?format=review_small","medium":"https://resources.cdn-kaspi.kz/img/p/r/518904691-128006659/25c613bf-fc4c-4e3c-b567-a8d5d6586ba4.jpeg?format=review_medium","large":"https://resources.cdn-kaspi.kz/img/p/r/518904691-128006659/25c613bf-fc4c-4e3c-b567-a8d5d6586ba4.jpeg?format=review_large"}],"product":{"id":"128006659","name":"LARKO multiroller","categoryCode":"Master - Ab rollers","categoryName":"Ролики для пресса","link":"https://kaspi.kz/shop/p/larko-multiroller-128006659/"},"merchant":{"name":"LARKO-KZ","code":"17629423"},"editable":false,"editedByCustomer":false},{"id":"8a5c64f695f5245a0195fbf618242a11","author":"Бекбол","date":"03.04.2025","orderNumber":"522432562","rating":5,"comment":{"minus":"","plus":"","text":"Ролик сыну понравился, легко, удобная. Спасибо магазину LARKO-KZ. Доставили точно в срок."},"feedback":{"positive":0,"voted":false},"product":{"id":"128006659","name":"LARKO multiroller","categoryCode":"Master - Ab rollers","categoryName":"Ролики для пресса","link":"https://kaspi.kz/shop/p/larko-multiroller-128006659/"},"merchant":{"name":"LARKO-KZ","code":"17629423"},"editable":false,"editedByCustomer":false},{"id":"8a5c251a95f526360195fbe75f7029ef","author":"Жания","date":"03.04.2025","orderNumber":"508021650","rating":5,"comment":{"minus":"","plus":"","text":"Өте жақсы ролик, жолдасыма қатты ұнады. Рахмет сіздерге."},"feedback":{"positive":0,"voted":false},"product":{"id":"128006659","name":"LARKO multiroller","categoryCode":"Master - Ab rollers","categoryName":"Ролики для пресса","link":"https://kaspi.kz/shop/p/larko-multiroller-128006659/"},"merchant":{"name":"LARKO-KZ","code":"17629423"},"editable":false,"editedByCustomer":false},{"id":"8a5c19519536765d0195577abeb030bd","author":"Светлана","date":"02.03.2025","orderNumber":"504695967","rating":5,"comment":{"minus":"","plus":"","text":"Ролик очень понравился, с удовольствием занимаемся, спасибо. Рекомендую к покупке."},"feedback":{"positive":1,"voted":false},"product":{"id":"128006659","name":"LARKO multiroller","categoryCode":"Master - Ab rollers","categoryName":"Ролики для пресса","link":"https://kaspi.kz/shop/p/larko-multiroller-128006659/"},"merchant":{"name":"LARKO-KZ","code":"17629423"},"editable":false,"editedByCustomer":false},{"id":"8a5c5d89953676fe01953cea7ff52f6a","author":"Умар","date":"25.02.2025","orderNumber":"503458306","rating":5,"comment":{"minus":"","plus":"","text":"Отличный тренажер. Можно быстро накачать мышцы пресса и хорошо сжигает жир. Рекомендую всем!"},"feedback":{"positive":0,"voted":false},"product":{"id":"128006659","name":"LARKO multiroller","categoryCode":"Master - Ab rollers","categoryName":"Ролики для пресса","link":"https://kaspi.kz/shop/p/larko-multiroller-128006659/"},"merchant":{"name":"LARKO-KZ","code":"17629423"},"editable":false,"editedByCustomer":false},{"id":"8a5cf30594fcff7b0195149542f8026a","author":"Гульзира","date":"17.02.2025","orderNumber":"494289521","rating":5,"comment":{"minus":"","plus":"","text":"Алғаныма өкінбеймін."},"feedback":{"positive":1,"voted":false},"galleryImages":[{"id":"494289521-128006659/25432531-9e6e-4241-b278-ac96816ff2f4.jpeg","small":"https://resources.cdn-kaspi.kz/img/p/r/494289521-128006659/25432531-9e6e-4241-b278-ac96816ff2f4.jpeg?format=review_small","medium":"https://resources.cdn-kaspi.kz/img/p/r/494289521-128006659/25432531-9e6e-4241-b278-ac96816ff2f4.jpeg?format=review_medium","large":"https://resources.cdn-kaspi.kz/img/p/r/494289521-128006659/25432531-9e6e-4241-b278-ac96816ff2f4.jpeg?format=review_large"},{"id":"494289521-128006659/d4de9dd3-d8e3-4a63-9530-c8e867c00f31.jpeg","small":"https://resources.cdn-kaspi.kz/img/p/r/494289521-128006659/d4de9dd3-d8e3-4a63-9530-c8e867c00f31.jpeg?format=review_small","medium":"https://resources.cdn-kaspi.kz/img/p/r/494289521-128006659/d4de9dd3-d8e3-4a63-9530-c8e867c00f31.jpeg?format=review_medium","large":"https://resources.cdn-kaspi.kz/img/p/r/494289521-128006659/d4de9dd3-d8e3-4a63-9530-c8e867c00f31.jpeg?format=review_large"}],"product":{"id":"128006659","name":"LARKO multiroller","categoryCode":"Master - Ab rollers","categoryName":"Ролики для пресса","link":"https://kaspi.kz/shop/p/larko-multiroller-128006659/"},"merchant":{"name":"LARKO-KZ","code":"17629423"},"editable":false,"editedByCustomer":false},{"id":"8a5c920194ab5c310194c0cde6652354","author":"Жандос","date":"01.02.2025","orderNumber":"485548393","rating":5,"comment":{"minus":"","plus":"","text":"Ролик отличный, идеально."},"feedback":{"positive":0,"voted":false},"product":{"id":"128006659","name":"LARKO multiroller","categoryCode":"Master - Ab rollers","categoryName":"Ролики для пресса","link":"https://kaspi.kz/shop/p/larko-multiroller-128006659/"},"merchant":{"name":"LARKO-KZ","code":"17629423"},"editable":false,"editedByCustomer":true},{"id":"8a5c042b94ab5d750194bb2bf8231af2","author":"Назгүл","date":"31.01.2025","orderNumber":"481036223","rating":5,"comment":{"minus":"","plus":"","text":"Отличный тренажер. Качество хорошее. Пришло раньше времени."},"feedback":{"positive":0,"voted":false},"product":{"id":"128006659","name":"LARKO multiroller","categoryCode":"Master - Ab rollers","categoryName":"Ролики для пресса","link":"https://kaspi.kz/shop/p/larko-multiroller-128006659/"},"merchant":{"name":"LARKO-KZ","code":"17629423"},"editable":false,"editedByCustomer":false},{"id":"8a5c0415946875a60194a25ea2e951c3","author":"Адик","date":"26.01.2025","orderNumber":"485008965","rating":5,"comment":{"minus":"","plus":"","text":"Для пресса то, что надо."},"feedback":{"positive":0,"voted":false},"product":{"id":"128006659","name":"LARKO multiroller","categoryCode":"Master - Ab rollers","categoryName":"Ролики для пресса","link":"https://kaspi.kz/shop/p/larko-multiroller-128006659/"},"merchant":{"name":"LARKO-KZ","code":"17629423"},"editable":false,"editedByCustomer":false},{"id":"8a5c07a394687580019482a040d02a00","author":"Эльмира","date":"21.01.2025","orderNumber":"481837394","rating":5,"comment":{"minus":"","plus":"","text":"Керемет уақытынан 2 күн бұрын келді. Үлкен рақмет LARKO дүкеніне бірақ алдына телефон қоятынының біреуі сынған екен жарайды ол қатты маңызды емес. Сапасы жағынан керемет бізге ұнады."},"feedback":{"positive":0,"voted":false},"galleryImages":[{"id":"481837394-128006659/2a37071e-6a2f-48dc-896a-c8d7d8fbcf8e.jpeg","small":"https://resources.cdn-kaspi.kz/img/p/r/481837394-128006659/2a37071e-6a2f-48dc-896a-c8d7d8fbcf8e.jpeg?format=review_small","medium":"https://resources.cdn-kaspi.kz/img/p/r/481837394-128006659/2a37071e-6a2f-48dc-896a-c8d7d8fbcf8e.jpeg?format=review_medium","large":"https://resources.cdn-kaspi.kz/img/p/r/481837394-128006659/2a37071e-6a2f-48dc-896a-c8d7d8fbcf8e.jpeg?format=review_large"},{"id":"481837394-128006659/bb7f2cc7-d1c5-40e8-b962-b6c10ffdc522.jpeg","small":"https://resources.cdn-kaspi.kz/img/p/r/481837394-128006659/bb7f2cc7-d1c5-40e8-b962-b6c10ffdc522.jpeg?format=review_small","medium":"https://resources.cdn-kaspi.kz/img/p/r/481837394-128006659/bb7f2cc7-d1c5-40e8-b962-b6c10ffdc522.jpeg?format=review_medium","large":"https://resources.cdn-kaspi.kz/img/p/r/481837394-128006659/bb7f2cc7-d1c5-40e8-b962-b6c10ffdc522.jpeg?format=review_large"},{"id":"481837394-128006659/94207392-7118-454a-8470-8a65decfb554.jpeg","small":"https://resources.cdn-kaspi.kz/img/p/r/481837394-128006659/94207392-7118-454a-8470-8a65decfb554.jpeg?format=review_small","medium":"https://resources.cdn-kaspi.kz/img/p/r/481837394-128006659/94207392-7118-454a-8470-8a65decfb554.jpeg?format=review_medium","large":"https://resources.cdn-kaspi.kz/img/p/r/481837394-128006659/94207392-7118-454a-8470-8a65decfb554.jpeg?format=review_large"},{"id":"481837394-128006659/55da59a2-47c3-4a55-82fa-f5df17fb8fa2.jpeg","small":"https://resources.cdn-kaspi.kz/img/p/r/481837394-128006659/55da59a2-47c3-4a55-82fa-f5df17fb8fa2.jpeg?format=review_small","medium":"https://resources.cdn-kaspi.kz/img/p/r/481837394-128006659/55da59a2-47c3-4a55-82fa-f5df17fb8fa2.jpeg?format=review_medium","large":"https://resources.cdn-kaspi.kz/img/p/r/481837394-128006659/55da59a2-47c3-4a55-82fa-f5df17fb8fa2.jpeg?format=review_large"},{"id":"481837394-128006659/a4720eaa-534a-47dc-9ae4-1201e7a228e1.jpeg","small":"https://resources.cdn-kaspi.kz/img/p/r/481837394-128006659/a4720eaa-534a-47dc-9ae4-1201e7a228e1.jpeg?format=review_small","medium":"https://resources.cdn-kaspi.kz/img/p/r/481837394-128006659/a4720eaa-534a-47dc-9ae4-1201e7a228e1.jpeg?format=review_medium","large":"https://resources.cdn-kaspi.kz/img/p/r/481837394-128006659/a4720eaa-534a-47dc-9ae4-1201e7a228e1.jpeg?format=review_large"}],"product":{"id":"128006659","name":"LARKO multiroller","categoryCode":"Master - Ab rollers","categoryName":"Ролики для пресса","link":"https://kaspi.kz/shop/p/larko-multiroller-128006659/"},"merchant":{"name":"LARKO-KZ","code":"17629423"},"editable":false,"editedByCustomer":false},{"id":"8a5c78259401969f019464f01bfd002f","author":"Нұрсепкен","date":"14.01.2025","orderNumber":"480008790","rating":5,"comment":{"minus":"","plus":"","text":"Вапче, отличный, качественный и доставили быстро, спасибо LARKI."},"feedback":{"positive":0,"voted":false},"product":{"id":"128006659","name":"LARKO multiroller","categoryCode":"Master - Ab rollers","categoryName":"Ролики для пресса","link":"https://kaspi.kz/shop/p/larko-multiroller-128006659/"},"merchant":{"name":"LARKO-KZ","code":"17629423"},"editable":false,"editedByCustomer":false},{"id":"8a5c0c399401957c019402ee3ac304b5","author":"Тимур","date":"26.12.2024","orderNumber":"460550741","rating":5,"comment":{"minus":"","plus":"","text":"Супер."},"feedback":{"positive":0,"voted":false},"product":{"id":"128006659","name":"LARKO multiroller","categoryCode":"Master - Ab rollers","categoryName":"Ролики для пресса","link":"https://kaspi.kz/shop/p/larko-multiroller-128006659/"},"merchant":{"name":"LARKO-KZ","code":"17629423"},"editable":false,"editedByCustomer":false},{"id":"8a5c71d392750ae00192b8f1a5ec6827","author":"Айман","date":"29.10.2024","orderNumber":"427350269","rating":5,"comment":{"minus":"","plus":"","text":"Маған роликовый тренажор өте қатты ұнады. Сапасы да керемет. Барлықтарына алуға кеңес беремін. LARKO-KZ рақмет сіздерге."},"feedback":{"positive":2,"voted":false},"product":{"id":"128006659","name":"LARKO multiroller","categoryCode":"Master - Ab rollers","categoryName":"Ролики для пресса","link":"https://kaspi.kz/shop/p/larko-multiroller-128006659/"},"merchant":{"name":"LARKO-KZ","code":"17629423"},"editable":false,"editedByCustomer":false}]}