{"data":[{"id":"8a5c5db5963cc0dd0196538419035ec0","author":"Салтанат","date":"20.04.2025","orderNumber":"525469011","rating":1,"comment":{"minus":"","plus":"","text":"Бір апта ғана қолдандым, жақсы ток ұрып вибрация болып жүрген, 1 аптадан кейін токта, вибрацияда ұрмай қалды, қосылады бірақ жұмыс істемейді, далаға кетті ақшам."},"feedback":{"positive":0,"voted":false},"galleryImages":[{"id":"525469011-131507214/beeeb80a-c77e-4c69-a1f0-f9a533415374.jpeg","small":"https://resources.cdn-kaspi.kz/img/p/r/525469011-131507214/beeeb80a-c77e-4c69-a1f0-f9a533415374.jpeg?format=review_small","medium":"https://resources.cdn-kaspi.kz/img/p/r/525469011-131507214/beeeb80a-c77e-4c69-a1f0-f9a533415374.jpeg?format=review_medium","large":"https://resources.cdn-kaspi.kz/img/p/r/525469011-131507214/beeeb80a-c77e-4c69-a1f0-f9a533415374.jpeg?format=review_large"},{"id":"525469011-131507214/95ba64e3-ce07-46dc-8988-4f1ceab3fbaf.jpeg","small":"https://resources.cdn-kaspi.kz/img/p/r/525469011-131507214/95ba64e3-ce07-46dc-8988-4f1ceab3fbaf.jpeg?format=review_small","medium":"https://resources.cdn-kaspi.kz/img/p/r/525469011-131507214/95ba64e3-ce07-46dc-8988-4f1ceab3fbaf.jpeg?format=review_medium","large":"https://resources.cdn-kaspi.kz/img/p/r/525469011-131507214/95ba64e3-ce07-46dc-8988-4f1ceab3fbaf.jpeg?format=review_large"}],"product":{"id":"131507214","name":"LARKO микротоковый массажер, лифтинг бандаж","categoryCode":"Master - Facial cleansing devices","categoryName":"Малая косметологическая техника","link":"https://kaspi.kz/shop/p/larko-mikrotokovyi-massazher-lifting-bandazh-131507214/"},"merchant":{"name":"LARKO-KZ","code":"17629423"},"editable":false,"editedByCustomer":false},{"id":"8a5c1cad9618f31201964bb0b3cc67cc","author":"Индира","date":"19.04.2025","orderNumber":"534171220","rating":5,"comment":{"minus":"","plus":"","text":"Массажер отличный. Это просто находка. Получила и сразу использовала, все работает. Результат оставлю чуть попозже! Продавец молодец, все быстро и оперативно делает!"},"feedback":{"positive":0,"voted":false},"product":{"id":"131507214","name":"LARKO микротоковый массажер, лифтинг бандаж","categoryCode":"Master - Facial cleansing devices","categoryName":"Малая косметологическая техника","link":"https://kaspi.kz/shop/p/larko-mikrotokovyi-massazher-lifting-bandazh-131507214/"},"merchant":{"name":"LARKO-KZ","code":"17629423"},"editable":false,"editedByCustomer":false},{"id":"8a5c822b96375c1c019637b39e0e00be","author":"Татьяна","date":"15.04.2025","orderNumber":"529965354","rating":5,"comment":{"minus":"","plus":"","text":"Массажёр понравился. На ощупь очень приятный. Вчера получила и сразу попробовала. Одела и уснула в нём. Такие приятные покалывания и вибрации. Продавец LARKO-KZ. К, к покупке рекомендую."},"feedback":{"positive":1,"voted":false},"galleryImages":[{"id":"529965354-131507214/fd0e8314-1c8b-4af4-b758-37c4bc3ad850.jpeg","small":"https://resources.cdn-kaspi.kz/img/p/r/529965354-131507214/fd0e8314-1c8b-4af4-b758-37c4bc3ad850.jpeg?format=review_small","medium":"https://resources.cdn-kaspi.kz/img/p/r/529965354-131507214/fd0e8314-1c8b-4af4-b758-37c4bc3ad850.jpeg?format=review_medium","large":"https://resources.cdn-kaspi.kz/img/p/r/529965354-131507214/fd0e8314-1c8b-4af4-b758-37c4bc3ad850.jpeg?format=review_large"},{"id":"529965354-131507214/372c4a19-329c-4dea-ade1-c65cd791e418.jpeg","small":"https://resources.cdn-kaspi.kz/img/p/r/529965354-131507214/372c4a19-329c-4dea-ade1-c65cd791e418.jpeg?format=review_small","medium":"https://resources.cdn-kaspi.kz/img/p/r/529965354-131507214/372c4a19-329c-4dea-ade1-c65cd791e418.jpeg?format=review_medium","large":"https://resources.cdn-kaspi.kz/img/p/r/529965354-131507214/372c4a19-329c-4dea-ade1-c65cd791e418.jpeg?format=review_large"},{"id":"529965354-131507214/df00141f-5d40-4e81-82a4-49e724d39339.jpeg","small":"https://resources.cdn-kaspi.kz/img/p/r/529965354-131507214/df00141f-5d40-4e81-82a4-49e724d39339.jpeg?format=review_small","medium":"https://resources.cdn-kaspi.kz/img/p/r/529965354-131507214/df00141f-5d40-4e81-82a4-49e724d39339.jpeg?format=review_medium","large":"https://resources.cdn-kaspi.kz/img/p/r/529965354-131507214/df00141f-5d40-4e81-82a4-49e724d39339.jpeg?format=review_large"}],"product":{"id":"131507214","name":"LARKO микротоковый массажер, лифтинг бандаж","categoryCode":"Master - Facial cleansing devices","categoryName":"Малая косметологическая техника","link":"https://kaspi.kz/shop/p/larko-mikrotokovyi-massazher-lifting-bandazh-131507214/"},"merchant":{"name":"LARKO-KZ","code":"17629423"},"editable":false,"editedByCustomer":false},{"id":"8a5cf16596285f4c01962874b3770030","author":"Камар","date":"12.04.2025","orderNumber":"511824850","rating":5,"comment":{"minus":"","plus":"","text":"Наконец-то могу написать отзыв. Аппарат получила в подарок на 8 марта. После первого раза было не понятно, а сейчас я в восторге. После постоянного пользования чувствуется и виден результат. Спасибо продавцу Larko-KZ и Каспи за быструю доставку."},"feedback":{"positive":1,"voted":false},"product":{"id":"131507214","name":"LARKO микротоковый массажер, лифтинг бандаж","categoryCode":"Master - Facial cleansing devices","categoryName":"Малая косметологическая техника","link":"https://kaspi.kz/shop/p/larko-mikrotokovyi-massazher-lifting-bandazh-131507214/"},"merchant":{"name":"LARKO-KZ","code":"17629423"},"editable":false,"editedByCustomer":false},{"id":"8a5c64f695f5245a01961622eb5814e0","author":"Мира","date":"08.04.2025","orderNumber":"527918435","rating":5,"comment":{"minus":"","plus":"","text":"Массажёр супер. Спасибо."},"feedback":{"positive":0,"voted":false},"product":{"id":"131507214","name":"LARKO микротоковый массажер, лифтинг бандаж","categoryCode":"Master - Facial cleansing devices","categoryName":"Малая косметологическая техника","link":"https://kaspi.kz/shop/p/larko-mikrotokovyi-massazher-lifting-bandazh-131507214/"},"merchant":{"name":"LARKO-KZ","code":"17629423"},"editable":false,"editedByCustomer":false},{"id":"8a5c64f695f5245a0196156c800e0e90","author":"Айжан","date":"08.04.2025","orderNumber":"525527881","rating":5,"comment":{"minus":"","plus":"","text":"Пару дней наблюдала и могу сказать, что работает отлично, снимает отёки быстро, доставка была день в день, спасибо за отличный массажёр, и ещё бы понять где покупать гель."},"feedback":{"positive":1,"voted":false},"product":{"id":"131507214","name":"LARKO микротоковый массажер, лифтинг бандаж","categoryCode":"Master - Facial cleansing devices","categoryName":"Малая косметологическая техника","link":"https://kaspi.kz/shop/p/larko-mikrotokovyi-massazher-lifting-bandazh-131507214/"},"merchant":{"name":"LARKO-KZ","code":"17629423"},"editable":false,"editedByCustomer":false},{"id":"8a5c6228961336ca019613f56cbe01b2","author":"Светлана","date":"08.04.2025","orderNumber":"527007314","rating":5,"comment":{"minus":"","plus":"","text":"Получила массажер, разобралась как использовать. Надела, включила и уснула! Для меня очень приятные ощущения. Регулируется интенсивность воздействия. Отключается сам. Специальный гель не использовала. Довольствовалась увлажняющим каким пользуюсь обычно. За один раз, конечно, видимых изменений не видно, но через 2 недели, думаю, видно будет. Рекомендую к покупке. Спасибо продавцу Larko-KZ и Каспи за нужную покупку."},"feedback":{"positive":0,"voted":false},"product":{"id":"131507214","name":"LARKO микротоковый массажер, лифтинг бандаж","categoryCode":"Master - Facial cleansing devices","categoryName":"Малая косметологическая техника","link":"https://kaspi.kz/shop/p/larko-mikrotokovyi-massazher-lifting-bandazh-131507214/"},"merchant":{"name":"LARKO-KZ","code":"17629423"},"editable":false,"editedByCustomer":false},{"id":"8a5c983a95f526340196114705ed0245","author":"Динара","date":"07.04.2025","orderNumber":"526074594","rating":5,"comment":{"minus":"","plus":"","text":"Реально работает. Спасибо."},"feedback":{"positive":0,"voted":false},"product":{"id":"131507214","name":"LARKO микротоковый массажер, лифтинг бандаж","categoryCode":"Master - Facial cleansing devices","categoryName":"Малая косметологическая техника","link":"https://kaspi.kz/shop/p/larko-mikrotokovyi-massazher-lifting-bandazh-131507214/"},"merchant":{"name":"LARKO-KZ","code":"17629423"},"editable":false,"editedByCustomer":false},{"id":"8a5c1de495f524f60196110e63cb0247","author":"Наталья","date":"07.04.2025","orderNumber":"527328034","rating":5,"comment":{"minus":"","plus":"","text":"Первое впечатление от массажёра очень хорошее. Несколько разных режимов. Надеюсь будет результат."},"feedback":{"positive":0,"voted":false},"product":{"id":"131507214","name":"LARKO микротоковый массажер, лифтинг бандаж","categoryCode":"Master - Facial cleansing devices","categoryName":"Малая косметологическая техника","link":"https://kaspi.kz/shop/p/larko-mikrotokovyi-massazher-lifting-bandazh-131507214/"},"merchant":{"name":"LARKO-KZ","code":"17629423"},"editable":false,"editedByCustomer":false},{"id":"8a5ccd43960942d501960bac13e80ee2","author":"Фания","date":"06.04.2025","orderNumber":"524816050","rating":5,"comment":{"minus":"","plus":"","text":"Аппарат прикольный, вроде работает. На лице ощущаются микро-токи. В целом довольна."},"feedback":{"positive":1,"voted":false},"product":{"id":"131507214","name":"LARKO микротоковый массажер, лифтинг бандаж","categoryCode":"Master - Facial cleansing devices","categoryName":"Малая косметологическая техника","link":"https://kaspi.kz/shop/p/larko-mikrotokovyi-massazher-lifting-bandazh-131507214/"},"merchant":{"name":"LARKO-KZ","code":"17629423"},"editable":false,"editedByCustomer":false},{"id":"8a5ccd509604160c01960678919d0cfc","author":"Марат","date":"05.04.2025","orderNumber":"525356524","rating":5,"comment":{"minus":"","plus":"","text":"Купил супруге, ей понравилось. Доставили быстро."},"feedback":{"positive":0,"voted":false},"product":{"id":"131507214","name":"LARKO микротоковый массажер, лифтинг бандаж","categoryCode":"Master - Facial cleansing devices","categoryName":"Малая косметологическая техника","link":"https://kaspi.kz/shop/p/larko-mikrotokovyi-massazher-lifting-bandazh-131507214/"},"merchant":{"name":"LARKO-KZ","code":"17629423"},"editable":false,"editedByCustomer":false},{"id":"8a5cbed695fb5ee20195fb7dc7f3013b","author":"Аружан","date":"03.04.2025","orderNumber":"522688308","rating":4,"comment":{"minus":"","plus":"","text":"Массажер хороший."},"feedback":{"positive":0,"voted":false},"galleryImages":[{"id":"522688308-131507214/5e5da4f5-92bf-4694-87a5-857740c5043f.jpeg","small":"https://resources.cdn-kaspi.kz/img/p/r/522688308-131507214/5e5da4f5-92bf-4694-87a5-857740c5043f.jpeg?format=review_small","medium":"https://resources.cdn-kaspi.kz/img/p/r/522688308-131507214/5e5da4f5-92bf-4694-87a5-857740c5043f.jpeg?format=review_medium","large":"https://resources.cdn-kaspi.kz/img/p/r/522688308-131507214/5e5da4f5-92bf-4694-87a5-857740c5043f.jpeg?format=review_large"}],"product":{"id":"131507214","name":"LARKO микротоковый массажер, лифтинг бандаж","categoryCode":"Master - Facial cleansing devices","categoryName":"Малая косметологическая техника","link":"https://kaspi.kz/shop/p/larko-mikrotokovyi-massazher-lifting-bandazh-131507214/"},"merchant":{"name":"LARKO-KZ","code":"17629423"},"editable":false,"editedByCustomer":false},{"id":"8a5c983a95f526340195fb6240da254e","author":"Нуржамал","date":"03.04.2025","orderNumber":"523378452","rating":5,"comment":{"minus":"","plus":"","text":"Продавец доставил мне уже 3-ый товар, все в срок и в отличном состоянии. Массажёр супер и главное его преимущество - свободные руки!"},"feedback":{"positive":0,"voted":false},"product":{"id":"131507214","name":"LARKO микротоковый массажер, лифтинг бандаж","categoryCode":"Master - Facial cleansing devices","categoryName":"Малая косметологическая техника","link":"https://kaspi.kz/shop/p/larko-mikrotokovyi-massazher-lifting-bandazh-131507214/"},"merchant":{"name":"LARKO-KZ","code":"17629423"},"editable":false,"editedByCustomer":false},{"id":"8a5c983a95f526340195fa816b5e1e2a","author":"Лидия","date":"03.04.2025","orderNumber":"507177028","rating":5,"comment":{"minus":"","plus":"","text":"Всё отлично! Брала маме в подарок, ей понравился. Эффект заметен уже после первого использования. Спасибо!"},"feedback":{"positive":0,"voted":false},"product":{"id":"131507214","name":"LARKO микротоковый массажер, лифтинг бандаж","categoryCode":"Master - Facial cleansing devices","categoryName":"Малая косметологическая техника","link":"https://kaspi.kz/shop/p/larko-mikrotokovyi-massazher-lifting-bandazh-131507214/"},"merchant":{"name":"LARKO-KZ","code":"17629423"},"editable":false,"editedByCustomer":false},{"id":"8a5c119295f5262c0195f9ea1ef31bba","author":"Диана","date":"03.04.2025","orderNumber":"513812862","rating":5,"comment":{"minus":"","plus":"","text":"Массажер работает, очень удобен что руки свободные, одел и занимаешься своими делами, он в это время работает, микротоки ощущается, снимает отеки и подтягивает овал."},"feedback":{"positive":0,"voted":false},"product":{"id":"131507214","name":"LARKO микротоковый массажер, лифтинг бандаж","categoryCode":"Master - Facial cleansing devices","categoryName":"Малая косметологическая техника","link":"https://kaspi.kz/shop/p/larko-mikrotokovyi-massazher-lifting-bandazh-131507214/"},"merchant":{"name":"LARKO-KZ","code":"17629423"},"editable":false,"editedByCustomer":false},{"id":"8a5c64f695f5245a0195f766e43b17d7","author":"Людмила","date":"02.04.2025","orderNumber":"521580254","rating":5,"comment":{"minus":"","plus":"","text":"Лёгкий, удобный в использовании, о результатах напишу позже. Спасибо Каспи Магазину за быструю доставку."},"feedback":{"positive":1,"voted":false},"product":{"id":"131507214","name":"LARKO микротоковый массажер, лифтинг бандаж","categoryCode":"Master - Facial cleansing devices","categoryName":"Малая косметологическая техника","link":"https://kaspi.kz/shop/p/larko-mikrotokovyi-massazher-lifting-bandazh-131507214/"},"merchant":{"name":"LARKO-KZ","code":"17629423"},"editable":false,"editedByCustomer":false},{"id":"8a5c119295f5262c0195f6370cab0a92","author":"Асель","date":"02.04.2025","orderNumber":"514866558","rating":5,"comment":{"minus":"","plus":"","text":"Хороший массажер, после использования ощущение легкости и проработки мышц лица."},"feedback":{"positive":0,"voted":false},"product":{"id":"131507214","name":"LARKO микротоковый массажер, лифтинг бандаж","categoryCode":"Master - Facial cleansing devices","categoryName":"Малая косметологическая техника","link":"https://kaspi.kz/shop/p/larko-mikrotokovyi-massazher-lifting-bandazh-131507214/"},"merchant":{"name":"LARKO-KZ","code":"17629423"},"editable":false,"editedByCustomer":false},{"id":"8a5cf33595f524530195f5eb07cc0764","author":"Елена","date":"02.04.2025","orderNumber":"514846214","rating":5,"comment":{"minus":"","plus":"","text":"Прекрасный массажёр, справляется с заявлениями характеристиками, в особенности розовый режим. Подушок и нижняя треть лица заметно улучшаются. Спасибо большое Каспи и магазину Larko -KZ."},"feedback":{"positive":0,"voted":false},"product":{"id":"131507214","name":"LARKO микротоковый массажер, лифтинг бандаж","categoryCode":"Master - Facial cleansing devices","categoryName":"Малая косметологическая техника","link":"https://kaspi.kz/shop/p/larko-mikrotokovyi-massazher-lifting-bandazh-131507214/"},"merchant":{"name":"LARKO-KZ","code":"17629423"},"editable":false,"editedByCustomer":false},{"id":"8a5cf33595f524530195f5cb913d05a1","author":"Яна-София","date":"02.04.2025","orderNumber":"511519403","rating":5,"comment":{"minus":"","plus":"","text":"Полностью довольны товаром. Массажёр соответствует описанию, исправно работает, отличного качества, удобный, практичный с множеством режимов работы. Микроток приятно воздействует на зону подбородка. Спасибо за отличный товар."},"feedback":{"positive":1,"voted":false},"product":{"id":"131507214","name":"LARKO микротоковый массажер, лифтинг бандаж","categoryCode":"Master - Facial cleansing devices","categoryName":"Малая косметологическая техника","link":"https://kaspi.kz/shop/p/larko-mikrotokovyi-massazher-lifting-bandazh-131507214/"},"merchant":{"name":"LARKO-KZ","code":"17629423"},"editable":false,"editedByCustomer":false},{"id":"8a5c119295f5262c0195f58fae8a03a7","author":"Гульжан","date":"02.04.2025","orderNumber":"515451398","rating":5,"comment":{"minus":"","plus":"","text":"Благодарю Каспи и магазин Larko. Пока не вижу результата, так как начала только пользоваться. Но мне нравится такая прикольная вещь."},"feedback":{"positive":0,"voted":false},"product":{"id":"131507214","name":"LARKO микротоковый массажер, лифтинг бандаж","categoryCode":"Master - Facial cleansing devices","categoryName":"Малая косметологическая техника","link":"https://kaspi.kz/shop/p/larko-mikrotokovyi-massazher-lifting-bandazh-131507214/"},"merchant":{"name":"LARKO-KZ","code":"17629423"},"editable":false,"editedByCustomer":false},{"id":"8a5c251a95f526360195f54033f100c8","author":"Алия","date":"02.04.2025","orderNumber":"515782297","rating":5,"comment":{"minus":"","plus":"","text":"Массажер просто потрясающий! Устройство удобно в использовании, имеет несколько режимов работы, что позволяет подобрать подходящий для каждого. Приятный массаж и доступная цена делают его отличным выбором для дома. Очень рекомендую!"},"feedback":{"positive":0,"voted":false},"product":{"id":"131507214","name":"LARKO микротоковый массажер, лифтинг бандаж","categoryCode":"Master - Facial cleansing devices","categoryName":"Малая косметологическая техника","link":"https://kaspi.kz/shop/p/larko-mikrotokovyi-massazher-lifting-bandazh-131507214/"},"merchant":{"name":"LARKO-KZ","code":"17629423"},"editable":false,"editedByCustomer":false},{"id":"8a5c1de495f524f60195f53ed99a00bb","author":"Лана","date":"02.04.2025","orderNumber":"513244380","rating":5,"comment":{"minus":"","plus":"","text":"Рекомендую, хорошая цена и качество."},"feedback":{"positive":0,"voted":false},"product":{"id":"131507214","name":"LARKO микротоковый массажер, лифтинг бандаж","categoryCode":"Master - Facial cleansing devices","categoryName":"Малая косметологическая техника","link":"https://kaspi.kz/shop/p/larko-mikrotokovyi-massazher-lifting-bandazh-131507214/"},"merchant":{"name":"LARKO-KZ","code":"17629423"},"editable":false,"editedByCustomer":false},{"id":"8a5c405695d51bda0195f495d76b0e9b","author":"Светлана","date":"02.04.2025","orderNumber":"522723763","rating":5,"comment":{"minus":"","plus":"","text":"Классно вещей."},"feedback":{"positive":0,"voted":false},"product":{"id":"131507214","name":"LARKO микротоковый массажер, лифтинг бандаж","categoryCode":"Master - Facial cleansing devices","categoryName":"Малая косметологическая техника","link":"https://kaspi.kz/shop/p/larko-mikrotokovyi-massazher-lifting-bandazh-131507214/"},"merchant":{"name":"LARKO-KZ","code":"17629423"},"editable":false,"editedByCustomer":false},{"id":"8a5ce3db95acfd640195f1b1cfb65f8d","author":"Наталья","date":"01.04.2025","orderNumber":"507746883","rating":5,"comment":{"minus":"","plus":"","text":"Мне массажер понравился, со своей задачей справляется на ура, пишу отзыв, а он параллельно работает."},"feedback":{"positive":0,"voted":false},"product":{"id":"131507214","name":"LARKO микротоковый массажер, лифтинг бандаж","categoryCode":"Master - Facial cleansing devices","categoryName":"Малая косметологическая техника","link":"https://kaspi.kz/shop/p/larko-mikrotokovyi-massazher-lifting-bandazh-131507214/"},"merchant":{"name":"LARKO-KZ","code":"17629423"},"editable":false,"editedByCustomer":false},{"id":"8a5cba5a95acfcd60195ed0f8a434ff0","author":"Зауре","date":"31.03.2025","orderNumber":"505976014","rating":5,"comment":{"minus":"","plus":"","text":"Очень понравилось микротоковый массажер, листинг бандаж. Продавец LARKO-KZ. Рекомендую, результат видно как подтянулись брылия. Супер."},"feedback":{"positive":1,"voted":false},"product":{"id":"131507214","name":"LARKO микротоковый массажер, лифтинг бандаж","categoryCode":"Master - Facial cleansing devices","categoryName":"Малая косметологическая техника","link":"https://kaspi.kz/shop/p/larko-mikrotokovyi-massazher-lifting-bandazh-131507214/"},"merchant":{"name":"LARKO-KZ","code":"17629423"},"editable":false,"editedByCustomer":false},{"id":"8a5c196b95dabaad0195dcccfa580cdb","author":"Малик","date":"31.03.2025","orderNumber":"521431011","rating":5,"comment":{"minus":"","plus":"","text":"Отличный массажер! Мне понравилось, хорошо работает. Спасибо LARKO-KZ! Доставили быстро."},"feedback":{"positive":0,"voted":false},"product":{"id":"131507214","name":"LARKO микротоковый массажер, лифтинг бандаж","categoryCode":"Master - Facial cleansing devices","categoryName":"Малая косметологическая техника","link":"https://kaspi.kz/shop/p/larko-mikrotokovyi-massazher-lifting-bandazh-131507214/"},"merchant":{"name":"LARKO-KZ","code":"17629423"},"editable":false,"editedByCustomer":false},{"id":"8a5c405695d51bda0195e6c3a8ff5155","author":"Салтанат","date":"30.03.2025","orderNumber":"522236792","rating":5,"comment":{"minus":"","plus":"","text":"Товар пришел вовремя. Качество отличное. Рекомендую, очень приятная процедура."},"feedback":{"positive":1,"voted":false},"galleryImages":[{"id":"522236792-131507214/081b250b-d6d8-46b6-b128-4d0977e5d47a.jpeg","small":"https://resources.cdn-kaspi.kz/img/p/r/522236792-131507214/081b250b-d6d8-46b6-b128-4d0977e5d47a.jpeg?format=review_small","medium":"https://resources.cdn-kaspi.kz/img/p/r/522236792-131507214/081b250b-d6d8-46b6-b128-4d0977e5d47a.jpeg?format=review_medium","large":"https://resources.cdn-kaspi.kz/img/p/r/522236792-131507214/081b250b-d6d8-46b6-b128-4d0977e5d47a.jpeg?format=review_large"}],"product":{"id":"131507214","name":"LARKO микротоковый массажер, лифтинг бандаж","categoryCode":"Master - Facial cleansing devices","categoryName":"Малая косметологическая техника","link":"https://kaspi.kz/shop/p/larko-mikrotokovyi-massazher-lifting-bandazh-131507214/"},"merchant":{"name":"LARKO-KZ","code":"17629423"},"editable":false,"editedByCustomer":false},{"id":"8a5cf33195acfd0d0195dc78b58878d8","author":"Жулдыз","date":"28.03.2025","orderNumber":"521880614","rating":5,"comment":{"minus":"","plus":"","text":"Очень интересные ощущения, думаю сработает. Доставка быстрая, выглядит красиво!"},"feedback":{"positive":1,"voted":false},"galleryImages":[{"id":"521880614-131507214/4552586f-17a1-416f-b4de-8c289ce66c8f.jpeg","small":"https://resources.cdn-kaspi.kz/img/p/r/521880614-131507214/4552586f-17a1-416f-b4de-8c289ce66c8f.jpeg?format=review_small","medium":"https://resources.cdn-kaspi.kz/img/p/r/521880614-131507214/4552586f-17a1-416f-b4de-8c289ce66c8f.jpeg?format=review_medium","large":"https://resources.cdn-kaspi.kz/img/p/r/521880614-131507214/4552586f-17a1-416f-b4de-8c289ce66c8f.jpeg?format=review_large"}],"product":{"id":"131507214","name":"LARKO микротоковый массажер, лифтинг бандаж","categoryCode":"Master - Facial cleansing devices","categoryName":"Малая косметологическая техника","link":"https://kaspi.kz/shop/p/larko-mikrotokovyi-massazher-lifting-bandazh-131507214/"},"merchant":{"name":"LARKO-KZ","code":"17629423"},"editable":false,"editedByCustomer":false},{"id":"8a5c19449590f36501959bbe995d4225","author":"Меруерт","date":"16.03.2025","orderNumber":"512660799","rating":5,"comment":{"minus":"","plus":"","text":"Хороший массажер, приятный и удобный в использовании."},"feedback":{"positive":0,"voted":false},"galleryImages":[{"id":"512660799-131507214/c66c7b6b-1e7a-4074-a62a-a1537d22d75f.jpeg","small":"https://resources.cdn-kaspi.kz/img/p/r/512660799-131507214/c66c7b6b-1e7a-4074-a62a-a1537d22d75f.jpeg?format=review_small","medium":"https://resources.cdn-kaspi.kz/img/p/r/512660799-131507214/c66c7b6b-1e7a-4074-a62a-a1537d22d75f.jpeg?format=review_medium","large":"https://resources.cdn-kaspi.kz/img/p/r/512660799-131507214/c66c7b6b-1e7a-4074-a62a-a1537d22d75f.jpeg?format=review_large"},{"id":"512660799-131507214/ed888984-5db5-444c-9a44-598fa4378dfa.jpeg","small":"https://resources.cdn-kaspi.kz/img/p/r/512660799-131507214/ed888984-5db5-444c-9a44-598fa4378dfa.jpeg?format=review_small","medium":"https://resources.cdn-kaspi.kz/img/p/r/512660799-131507214/ed888984-5db5-444c-9a44-598fa4378dfa.jpeg?format=review_medium","large":"https://resources.cdn-kaspi.kz/img/p/r/512660799-131507214/ed888984-5db5-444c-9a44-598fa4378dfa.jpeg?format=review_large"},{"id":"512660799-131507214/0583aa0a-b9d5-478f-b280-f99d08532bdf.jpeg","small":"https://resources.cdn-kaspi.kz/img/p/r/512660799-131507214/0583aa0a-b9d5-478f-b280-f99d08532bdf.jpeg?format=review_small","medium":"https://resources.cdn-kaspi.kz/img/p/r/512660799-131507214/0583aa0a-b9d5-478f-b280-f99d08532bdf.jpeg?format=review_medium","large":"https://resources.cdn-kaspi.kz/img/p/r/512660799-131507214/0583aa0a-b9d5-478f-b280-f99d08532bdf.jpeg?format=review_large"},{"id":"512660799-131507214/471b20cd-8e4f-4a2d-ae87-66e26c5db11e.jpeg","small":"https://resources.cdn-kaspi.kz/img/p/r/512660799-131507214/471b20cd-8e4f-4a2d-ae87-66e26c5db11e.jpeg?format=review_small","medium":"https://resources.cdn-kaspi.kz/img/p/r/512660799-131507214/471b20cd-8e4f-4a2d-ae87-66e26c5db11e.jpeg?format=review_medium","large":"https://resources.cdn-kaspi.kz/img/p/r/512660799-131507214/471b20cd-8e4f-4a2d-ae87-66e26c5db11e.jpeg?format=review_large"}],"product":{"id":"131507214","name":"LARKO микротоковый массажер, лифтинг бандаж","categoryCode":"Master - Facial cleansing devices","categoryName":"Малая косметологическая техника","link":"https://kaspi.kz/shop/p/larko-mikrotokovyi-massazher-lifting-bandazh-131507214/"},"merchant":{"name":"LARKO-KZ","code":"17629423"},"editable":false,"editedByCustomer":false},{"id":"8a5ce3cd95451b4201956ab71c142ebf","author":"Оксана","date":"06.03.2025","orderNumber":"507627420","rating":5,"comment":{"minus":"","plus":"","text":"Я не думала, что этот малыш такой прикольный. У меня есть и РФ и звуковая чистка. Очень много гаджетов. Но это самое прикольное, даже чувствую как челюсти сводит и глаз дёргается. И при том ничего делать не надо. Советую. Думаю эффект будет. По челюсти на фото видно как сводит."},"feedback":{"positive":2,"voted":false},"galleryImages":[{"id":"507627420-131507214/fba1d742-88c5-4f9c-9f38-1973d1f85e75.jpeg","small":"https://resources.cdn-kaspi.kz/img/p/r/507627420-131507214/fba1d742-88c5-4f9c-9f38-1973d1f85e75.jpeg?format=review_small","medium":"https://resources.cdn-kaspi.kz/img/p/r/507627420-131507214/fba1d742-88c5-4f9c-9f38-1973d1f85e75.jpeg?format=review_medium","large":"https://resources.cdn-kaspi.kz/img/p/r/507627420-131507214/fba1d742-88c5-4f9c-9f38-1973d1f85e75.jpeg?format=review_large"},{"id":"507627420-131507214/65f7acd2-d763-4026-bbc6-bcb7ec9a9742.jpeg","small":"https://resources.cdn-kaspi.kz/img/p/r/507627420-131507214/65f7acd2-d763-4026-bbc6-bcb7ec9a9742.jpeg?format=review_small","medium":"https://resources.cdn-kaspi.kz/img/p/r/507627420-131507214/65f7acd2-d763-4026-bbc6-bcb7ec9a9742.jpeg?format=review_medium","large":"https://resources.cdn-kaspi.kz/img/p/r/507627420-131507214/65f7acd2-d763-4026-bbc6-bcb7ec9a9742.jpeg?format=review_large"},{"id":"507627420-131507214/100902cb-92ff-4b9d-b05a-7d8c7482bf58.jpeg","small":"https://resources.cdn-kaspi.kz/img/p/r/507627420-131507214/100902cb-92ff-4b9d-b05a-7d8c7482bf58.jpeg?format=review_small","medium":"https://resources.cdn-kaspi.kz/img/p/r/507627420-131507214/100902cb-92ff-4b9d-b05a-7d8c7482bf58.jpeg?format=review_medium","large":"https://resources.cdn-kaspi.kz/img/p/r/507627420-131507214/100902cb-92ff-4b9d-b05a-7d8c7482bf58.jpeg?format=review_large"}],"product":{"id":"131507214","name":"LARKO микротоковый массажер, лифтинг бандаж","categoryCode":"Master - Facial cleansing devices","categoryName":"Малая косметологическая техника","link":"https://kaspi.kz/shop/p/larko-mikrotokovyi-massazher-lifting-bandazh-131507214/"},"merchant":{"name":"LARKO-KZ","code":"17629423"},"editable":false,"editedByCustomer":false},{"id":"8a5c19519536765d01955b0add0839f1","author":"Сарра","date":"03.03.2025","orderNumber":"505647098","rating":5,"comment":{"minus":"","plus":"","text":"Отличный массажер! Вначале непонятно было, через пару минут чувствовались микротоки значит процесс пошел! Спасибо магазину Larko-KZ."},"feedback":{"positive":1,"voted":false},"product":{"id":"131507214","name":"LARKO микротоковый массажер, лифтинг бандаж","categoryCode":"Master - Facial cleansing devices","categoryName":"Малая косметологическая техника","link":"https://kaspi.kz/shop/p/larko-mikrotokovyi-massazher-lifting-bandazh-131507214/"},"merchant":{"name":"LARKO-KZ","code":"17629423"},"editable":false,"editedByCustomer":false},{"id":"8a5c5d8b95021f5d0195136189be567e","author":"Айгуль","date":"17.02.2025","orderNumber":"496085558","rating":5,"comment":{"minus":"","plus":"","text":"Товар доставлен раньше, день в день. Массажёр отличный, использую каждый день. Несколько режимов, очень понравился! Приобретайте, не пожалеете!"},"feedback":{"positive":1,"voted":false},"product":{"id":"131507214","name":"LARKO микротоковый массажер, лифтинг бандаж","categoryCode":"Master - Facial cleansing devices","categoryName":"Малая косметологическая техника","link":"https://kaspi.kz/shop/p/larko-mikrotokovyi-massazher-lifting-bandazh-131507214/"},"merchant":{"name":"LARKO-KZ","code":"17629423"},"editable":false,"editedByCustomer":false},{"id":"8a5c54a794e39c480194e51dcf5b06e5","author":"Эльмира","date":"08.02.2025","orderNumber":"489831397","rating":5,"comment":{"minus":"","plus":"","text":"Отличный массажер, лифтинг эффект виден после 2-3 использований) Приятное покалывание и массаж лица."},"feedback":{"positive":0,"voted":false},"product":{"id":"131507214","name":"LARKO микротоковый массажер, лифтинг бандаж","categoryCode":"Master - Facial cleansing devices","categoryName":"Малая косметологическая техника","link":"https://kaspi.kz/shop/p/larko-mikrotokovyi-massazher-lifting-bandazh-131507214/"},"merchant":{"name":"LARKO-KZ","code":"17629423"},"editable":false,"editedByCustomer":false},{"id":"8a5c923294cbc35a0194d1353cc70958","author":"Светлана","date":"04.02.2025","orderNumber":"488051126","rating":5,"comment":{"minus":"","plus":"","text":"Оценку ставлю за качество товара. Пришло все целое, упаковка не повреждена, аппарат рабочий. Об эффективности сказать нечего, пользуюсь им всего три дня. Обязателен контактный гель для лучшей проводимости тока. Лично для меня ощущения при процедуре не очень приятные, кажется, что сейчас вылетят пломбы из зубов, трясутся щеки и губы."},"feedback":{"positive":3,"voted":false},"galleryImages":[{"id":"488051126-131507214/eba1db60-dcbf-4930-a749-0f315e905b73.jpeg","small":"https://resources.cdn-kaspi.kz/img/p/r/488051126-131507214/eba1db60-dcbf-4930-a749-0f315e905b73.jpeg?format=review_small","medium":"https://resources.cdn-kaspi.kz/img/p/r/488051126-131507214/eba1db60-dcbf-4930-a749-0f315e905b73.jpeg?format=review_medium","large":"https://resources.cdn-kaspi.kz/img/p/r/488051126-131507214/eba1db60-dcbf-4930-a749-0f315e905b73.jpeg?format=review_large"}],"product":{"id":"131507214","name":"LARKO микротоковый массажер, лифтинг бандаж","categoryCode":"Master - Facial cleansing devices","categoryName":"Малая косметологическая техника","link":"https://kaspi.kz/shop/p/larko-mikrotokovyi-massazher-lifting-bandazh-131507214/"},"merchant":{"name":"LARKO-KZ","code":"17629423"},"editable":false,"editedByCustomer":false},{"id":"8a5c96b294cbc2770194ccb34fcd0319","author":"Асель","date":"03.02.2025","orderNumber":"487939473","rating":5,"comment":{"minus":"","plus":"","text":"Получила сегодня, еще не опробовала. Добрый вечер. Компактная, аккуратная."},"feedback":{"positive":0,"voted":false},"product":{"id":"131507214","name":"LARKO микротоковый массажер, лифтинг бандаж","categoryCode":"Master - Facial cleansing devices","categoryName":"Малая косметологическая техника","link":"https://kaspi.kz/shop/p/larko-mikrotokovyi-massazher-lifting-bandazh-131507214/"},"merchant":{"name":"LARKO-KZ","code":"17629423"},"editable":false,"editedByCustomer":false},{"id":"8a5cfa9394ab5d680194c69d3c3a2b58","author":"Михрибан","date":"02.02.2025","orderNumber":"488884745","rating":5,"comment":{"minus":"","plus":"","text":"Давно хотела приобрести, но не решалась, надо было давно заказать, отличный аппарат, экономия на походы к косметологу. Быстрая доставка, плюс подарок положили, приятно. Спасибо! Рекомендую к покупке."},"feedback":{"positive":0,"voted":false},"galleryImages":[{"id":"488884745-131507214/bbb0c370-ab00-4dc8-95db-4fc45368a982.jpeg","small":"https://resources.cdn-kaspi.kz/img/p/r/488884745-131507214/bbb0c370-ab00-4dc8-95db-4fc45368a982.jpeg?format=review_small","medium":"https://resources.cdn-kaspi.kz/img/p/r/488884745-131507214/bbb0c370-ab00-4dc8-95db-4fc45368a982.jpeg?format=review_medium","large":"https://resources.cdn-kaspi.kz/img/p/r/488884745-131507214/bbb0c370-ab00-4dc8-95db-4fc45368a982.jpeg?format=review_large"},{"id":"488884745-131507214/8b546978-0e40-40ec-bec8-8a7ad99e2f89.jpeg","small":"https://resources.cdn-kaspi.kz/img/p/r/488884745-131507214/8b546978-0e40-40ec-bec8-8a7ad99e2f89.jpeg?format=review_small","medium":"https://resources.cdn-kaspi.kz/img/p/r/488884745-131507214/8b546978-0e40-40ec-bec8-8a7ad99e2f89.jpeg?format=review_medium","large":"https://resources.cdn-kaspi.kz/img/p/r/488884745-131507214/8b546978-0e40-40ec-bec8-8a7ad99e2f89.jpeg?format=review_large"},{"id":"488884745-131507214/fbcc8e68-61f5-4d67-ae43-6a76a3e86901.jpeg","small":"https://resources.cdn-kaspi.kz/img/p/r/488884745-131507214/fbcc8e68-61f5-4d67-ae43-6a76a3e86901.jpeg?format=review_small","medium":"https://resources.cdn-kaspi.kz/img/p/r/488884745-131507214/fbcc8e68-61f5-4d67-ae43-6a76a3e86901.jpeg?format=review_medium","large":"https://resources.cdn-kaspi.kz/img/p/r/488884745-131507214/fbcc8e68-61f5-4d67-ae43-6a76a3e86901.jpeg?format=review_large"}],"product":{"id":"131507214","name":"LARKO микротоковый массажер, лифтинг бандаж","categoryCode":"Master - Facial cleansing devices","categoryName":"Малая косметологическая техника","link":"https://kaspi.kz/shop/p/larko-mikrotokovyi-massazher-lifting-bandazh-131507214/"},"merchant":{"name":"LARKO-KZ","code":"17629423"},"editable":false,"editedByCustomer":false},{"id":"8a5c67c194ab5c7c0194b0cf210508c7","author":"Әйгерім","date":"29.01.2025","orderNumber":"482414711","rating":5,"comment":{"minus":"","plus":"","text":"Классный массажер за свою цену, убирает отеки Кожа подтянулась и стала более упругой."},"feedback":{"positive":1,"voted":false},"galleryImages":[{"id":"482414711-131507214/042076da-bbf1-48d8-80fe-8bc0affd6b04.jpeg","small":"https://resources.cdn-kaspi.kz/img/p/r/482414711-131507214/042076da-bbf1-48d8-80fe-8bc0affd6b04.jpeg?format=review_small","medium":"https://resources.cdn-kaspi.kz/img/p/r/482414711-131507214/042076da-bbf1-48d8-80fe-8bc0affd6b04.jpeg?format=review_medium","large":"https://resources.cdn-kaspi.kz/img/p/r/482414711-131507214/042076da-bbf1-48d8-80fe-8bc0affd6b04.jpeg?format=review_large"},{"id":"482414711-131507214/54ae4419-974c-4dab-8106-90e3897f31a1.jpeg","small":"https://resources.cdn-kaspi.kz/img/p/r/482414711-131507214/54ae4419-974c-4dab-8106-90e3897f31a1.jpeg?format=review_small","medium":"https://resources.cdn-kaspi.kz/img/p/r/482414711-131507214/54ae4419-974c-4dab-8106-90e3897f31a1.jpeg?format=review_medium","large":"https://resources.cdn-kaspi.kz/img/p/r/482414711-131507214/54ae4419-974c-4dab-8106-90e3897f31a1.jpeg?format=review_large"}],"product":{"id":"131507214","name":"LARKO микротоковый массажер, лифтинг бандаж","categoryCode":"Master - Facial cleansing devices","categoryName":"Малая косметологическая техника","link":"https://kaspi.kz/shop/p/larko-mikrotokovyi-massazher-lifting-bandazh-131507214/"},"merchant":{"name":"LARKO-KZ","code":"17629423"},"editable":false,"editedByCustomer":false},{"id":"8a5c809694ab5d0d0194ac4f91e201dd","author":"Аксана","date":"28.01.2025","orderNumber":"485243222","rating":5,"comment":{"minus":"","plus":"","text":"Огромное спасибо магазину LARKO KZ, массажер супер. После первого применения стал виден результат. Доставка вовремя. Всё классно."},"feedback":{"positive":0,"voted":false},"product":{"id":"131507214","name":"LARKO микротоковый массажер, лифтинг бандаж","categoryCode":"Master - Facial cleansing devices","categoryName":"Малая косметологическая техника","link":"https://kaspi.kz/shop/p/larko-mikrotokovyi-massazher-lifting-bandazh-131507214/"},"merchant":{"name":"LARKO-KZ","code":"17629423"},"editable":false,"editedByCustomer":false},{"id":"8a5c9abf946876500194a297307b5213","author":"Наталья","date":"26.01.2025","orderNumber":"483314386","rating":5,"comment":{"minus":"","plus":"","text":"Мне очень понравилось! Даже показалось и результат сразу появился! Отек с лица ушел. В общем всё круто! От чистого сердца."},"feedback":{"positive":0,"voted":false},"product":{"id":"131507214","name":"LARKO микротоковый массажер, лифтинг бандаж","categoryCode":"Master - Facial cleansing devices","categoryName":"Малая косметологическая техника","link":"https://kaspi.kz/shop/p/larko-mikrotokovyi-massazher-lifting-bandazh-131507214/"},"merchant":{"name":"LARKO-KZ","code":"17629423"},"editable":false,"editedByCustomer":false},{"id":"8a5cfe32946875930194978774fb44e8","author":"Асель","date":"24.01.2025","orderNumber":"482709436","rating":5,"comment":{"minus":"","plus":"","text":"Только доставили, попробовала сразу, буду пользоваться как эффект будет посмотрю, понравилось, ощущения как во время массажа, что хорошо не надо руками массировать одел и все."},"feedback":{"positive":2,"voted":false},"product":{"id":"131507214","name":"LARKO микротоковый массажер, лифтинг бандаж","categoryCode":"Master - Facial cleansing devices","categoryName":"Малая косметологическая техника","link":"https://kaspi.kz/shop/p/larko-mikrotokovyi-massazher-lifting-bandazh-131507214/"},"merchant":{"name":"LARKO-KZ","code":"17629423"},"editable":false,"editedByCustomer":false},{"id":"8a5ca09c946876760194971a114a442e","author":"Сара","date":"24.01.2025","orderNumber":"478890781","rating":5,"comment":{"minus":"","plus":"","text":"Микротоковый массажер Larko мне понравился, пользуюсь уже больше недели, эффект есть, кожа стала гладкой и упругой."},"feedback":{"positive":0,"voted":false},"product":{"id":"131507214","name":"LARKO микротоковый массажер, лифтинг бандаж","categoryCode":"Master - Facial cleansing devices","categoryName":"Малая косметологическая техника","link":"https://kaspi.kz/shop/p/larko-mikrotokovyi-massazher-lifting-bandazh-131507214/"},"merchant":{"name":"LARKO-KZ","code":"17629423"},"editable":false,"editedByCustomer":false},{"id":"8a5c5db09482f398019483a921ee01b4","author":"Татьяна","date":"20.01.2025","orderNumber":"481989910","rating":5,"comment":{"minus":"","plus":"","text":"Массажёр понравился! Приятное покалывание, хочется носить его весь день! Спасибо продавцу LARKO-KZ за быструю доставку!"},"feedback":{"positive":1,"voted":false},"product":{"id":"131507214","name":"LARKO микротоковый массажер, лифтинг бандаж","categoryCode":"Master - Facial cleansing devices","categoryName":"Малая косметологическая техника","link":"https://kaspi.kz/shop/p/larko-mikrotokovyi-massazher-lifting-bandazh-131507214/"},"merchant":{"name":"LARKO-KZ","code":"17629423"},"editable":false,"editedByCustomer":false},{"id":"8a5c0c11946876d101947fbf0ea02873","author":"Олеся","date":"19.01.2025","orderNumber":"482224498","rating":5,"comment":{"minus":"","plus":"","text":"Микротоковый массажер классный! Несколько режимов, плавный переход, стильный дизайн! Спасибо магазину Larko- kz! Спасибо Каспи!"},"feedback":{"positive":0,"voted":false},"product":{"id":"131507214","name":"LARKO микротоковый массажер, лифтинг бандаж","categoryCode":"Master - Facial cleansing devices","categoryName":"Малая косметологическая техника","link":"https://kaspi.kz/shop/p/larko-mikrotokovyi-massazher-lifting-bandazh-131507214/"},"merchant":{"name":"LARKO-KZ","code":"17629423"},"editable":false,"editedByCustomer":false},{"id":"8a5c22249468770c01946f672ebd0ded","author":"Ирина","date":"16.01.2025","orderNumber":"481207163","rating":5,"comment":{"minus":"","plus":"","text":"Аппарат супер, я в восторге, советую к покупке, спасибо магазину larko за оперативную доставку."},"feedback":{"positive":1,"voted":false},"product":{"id":"131507214","name":"LARKO микротоковый массажер, лифтинг бандаж","categoryCode":"Master - Facial cleansing devices","categoryName":"Малая косметологическая техника","link":"https://kaspi.kz/shop/p/larko-mikrotokovyi-massazher-lifting-bandazh-131507214/"},"merchant":{"name":"LARKO-KZ","code":"17629423"},"editable":false,"editedByCustomer":false},{"id":"8a5c406f946875fe01946f0c2e450c9d","author":"Айгерим","date":"16.01.2025","orderNumber":"480904679","rating":5,"comment":{"minus":"","plus":"","text":"Массажёр супер! Сразу же испробовала. Эффект заметен сразу. Несколько режимов."},"feedback":{"positive":0,"voted":false},"product":{"id":"131507214","name":"LARKO микротоковый массажер, лифтинг бандаж","categoryCode":"Master - Facial cleansing devices","categoryName":"Малая косметологическая техника","link":"https://kaspi.kz/shop/p/larko-mikrotokovyi-massazher-lifting-bandazh-131507214/"},"merchant":{"name":"LARKO-KZ","code":"17629423"},"editable":false,"editedByCustomer":false},{"id":"8a5cc3be940196e9019464e8b3e902b5","author":"Камиля","date":"14.01.2025","orderNumber":"479014218","rating":5,"comment":{"minus":"","plus":"","text":"На мой взгляд, это хороший, качественный массажёр, с помощью которого можно добиться хорошего эффекта. Ощущения в процессе: легкие удары, жжение, покалывание, подергивание мышц."},"feedback":{"positive":1,"voted":false},"product":{"id":"131507214","name":"LARKO микротоковый массажер, лифтинг бандаж","categoryCode":"Master - Facial cleansing devices","categoryName":"Малая косметологическая техника","link":"https://kaspi.kz/shop/p/larko-mikrotokovyi-massazher-lifting-bandazh-131507214/"},"merchant":{"name":"LARKO-KZ","code":"17629423"},"editable":false,"editedByCustomer":false},{"id":"8a5cc3be940196e901944b9c792263d0","author":"Вероника","date":"09.01.2025","orderNumber":"477016177","rating":5,"comment":{"minus":"","plus":"","text":"Спасибо магазину Larko за быструю доставку, массажеры интересные, будем с удовольствием использовать."},"feedback":{"positive":0,"voted":false},"galleryImages":[{"id":"477016177-131507214/bdb61242-477f-4a57-941b-ca386605faa2.jpeg","small":"https://resources.cdn-kaspi.kz/img/p/r/477016177-131507214/bdb61242-477f-4a57-941b-ca386605faa2.jpeg?format=review_small","medium":"https://resources.cdn-kaspi.kz/img/p/r/477016177-131507214/bdb61242-477f-4a57-941b-ca386605faa2.jpeg?format=review_medium","large":"https://resources.cdn-kaspi.kz/img/p/r/477016177-131507214/bdb61242-477f-4a57-941b-ca386605faa2.jpeg?format=review_large"}],"product":{"id":"131507214","name":"LARKO микротоковый массажер, лифтинг бандаж","categoryCode":"Master - Facial cleansing devices","categoryName":"Малая косметологическая техника","link":"https://kaspi.kz/shop/p/larko-mikrotokovyi-massazher-lifting-bandazh-131507214/"},"merchant":{"name":"LARKO-KZ","code":"17629423"},"editable":false,"editedByCustomer":false}]}