{"data":[{"id":"8a5cadc29618f2fa019661e1644c3aea","author":"Людмила","date":"23.04.2025","orderNumber":"495134847","rating":5,"comment":{"minus":"","plus":"","text":"Очень хороший. Приятный к телу, не растягивается. Ношу только его."},"feedback":{"positive":0,"voted":false},"product":{"id":"121309425","name":"LARKO bra серый 46-48","categoryCode":"Master - Maternity bras","categoryName":"Бюстгальтеры для беременных","link":"https://kaspi.kz/shop/p/larko-bra-seryi-46-48-121309425/"},"merchant":{"name":"LARKO-KZ","code":"17629423"},"editable":false,"editedByCustomer":false},{"id":"8a5cfab59641b76901965e6b777f77c1","author":"Айнұр","date":"22.04.2025","orderNumber":"506367861","rating":5,"comment":{"minus":"","plus":"","text":"Хорошо сел на мой 46 размер. Ткань мягкая, не натирает, дышит. Хорошо держит форму. Очень довольна. Застежки удобные."},"feedback":{"positive":0,"voted":false},"galleryImages":[{"id":"506367861-121309425/e38850bb-d850-4b6d-9ba0-08944a9b0942.jpeg","small":"https://resources.cdn-kaspi.kz/img/p/r/506367861-121309425/e38850bb-d850-4b6d-9ba0-08944a9b0942.jpeg?format=review_small","medium":"https://resources.cdn-kaspi.kz/img/p/r/506367861-121309425/e38850bb-d850-4b6d-9ba0-08944a9b0942.jpeg?format=review_medium","large":"https://resources.cdn-kaspi.kz/img/p/r/506367861-121309425/e38850bb-d850-4b6d-9ba0-08944a9b0942.jpeg?format=review_large"},{"id":"506367861-121309425/23cba9d9-adbf-49cc-af30-1cccc64f9d54.jpeg","small":"https://resources.cdn-kaspi.kz/img/p/r/506367861-121309425/23cba9d9-adbf-49cc-af30-1cccc64f9d54.jpeg?format=review_small","medium":"https://resources.cdn-kaspi.kz/img/p/r/506367861-121309425/23cba9d9-adbf-49cc-af30-1cccc64f9d54.jpeg?format=review_medium","large":"https://resources.cdn-kaspi.kz/img/p/r/506367861-121309425/23cba9d9-adbf-49cc-af30-1cccc64f9d54.jpeg?format=review_large"}],"product":{"id":"121309425","name":"LARKO bra серый 46-48","categoryCode":"Master - Maternity bras","categoryName":"Бюстгальтеры для беременных","link":"https://kaspi.kz/shop/p/larko-bra-seryi-46-48-121309425/"},"merchant":{"name":"LARKO-KZ","code":"17629423"},"editable":false,"editedByCustomer":false},{"id":"8a5cadc29618f2fa01962bc5d17263b7","author":"Ляззат","date":"13.04.2025","orderNumber":"529094430","rating":5,"comment":{"minus":"","plus":"","text":"Хорошее белье. Качество устроило. Мягкое и дышащее. Рекомендую к покупке."},"feedback":{"positive":0,"voted":false},"product":{"id":"121309425","name":"LARKO bra серый 46-48","categoryCode":"Master - Maternity bras","categoryName":"Бюстгальтеры для беременных","link":"https://kaspi.kz/shop/p/larko-bra-seryi-46-48-121309425/"},"merchant":{"name":"LARKO-KZ","code":"17629423"},"editable":false,"editedByCustomer":false},{"id":"8a5cbee294cbc3a30194d1d198020b56","author":"Мадина","date":"04.02.2025","orderNumber":"490016638","rating":5,"comment":{"minus":"","plus":"","text":"Бюстгальтер хорошего качества, идет размер в размер, материал мягкий! Спасибо, закажу еще."},"feedback":{"positive":0,"voted":false},"product":{"id":"121309425","name":"LARKO bra серый 46-48","categoryCode":"Master - Maternity bras","categoryName":"Бюстгальтеры для беременных","link":"https://kaspi.kz/shop/p/larko-bra-seryi-46-48-121309425/"},"merchant":{"name":"LARKO-KZ","code":"17629423"},"editable":false,"editedByCustomer":false},{"id":"8a5cd25a94ab5c3d0194c1df9d2125e8","author":"Тоғжан","date":"01.02.2025","orderNumber":"488831530","rating":5,"comment":{"minus":"","plus":"","text":"Прям очень удобно."},"feedback":{"positive":0,"voted":false},"product":{"id":"121309425","name":"LARKO bra серый 46-48","categoryCode":"Master - Maternity bras","categoryName":"Бюстгальтеры для беременных","link":"https://kaspi.kz/shop/p/larko-bra-seryi-46-48-121309425/"},"merchant":{"name":"LARKO-KZ","code":"17629423"},"editable":false,"editedByCustomer":false},{"id":"8a5c0cd49395560f0193fb88259a1b79","author":"Олжас","date":"25.12.2024","orderNumber":"467243878","rating":5,"comment":{"minus":"","plus":"","text":"Әеліме ұнады, жұмсақ деді."},"feedback":{"positive":0,"voted":false},"product":{"id":"121309425","name":"LARKO bra серый 46-48","categoryCode":"Master - Maternity bras","categoryName":"Бюстгальтеры для беременных","link":"https://kaspi.kz/shop/p/larko-bra-seryi-46-48-121309425/"},"merchant":{"name":"LARKO-KZ","code":"17629423"},"editable":false,"editedByCustomer":false},{"id":"8a5cee2c9366caa1019392635dd13bcd","author":"Шырайлым","date":"21.12.2024","orderNumber":"455520466","rating":5,"comment":{"minus":"","plus":"","text":"LARKO-KZ Дүкенінен алдым. Сапасы ұнады, денеде жұмсақ тұрады, негізі размерім 75в киемін 46-48 размер."},"feedback":{"positive":0,"voted":false},"product":{"id":"121309425","name":"LARKO bra серый 46-48","categoryCode":"Master - Maternity bras","categoryName":"Бюстгальтеры для беременных","link":"https://kaspi.kz/shop/p/larko-bra-seryi-46-48-121309425/"},"merchant":{"name":"LARKO-KZ","code":"17629423"},"editable":false,"editedByCustomer":false},{"id":"8a5cfaac9395562d0193e47038e27aab","author":"Альбина","date":"20.12.2024","orderNumber":"465737257","rating":5,"comment":{"minus":"","plus":"","text":"Качество очень хорошее! Продавец вежливый, сразу отозвался. Уточнил размер. И доставка вовремя. Спасибо Larko-kz. Спасибо Каспи!"},"feedback":{"positive":0,"voted":false},"product":{"id":"121309425","name":"LARKO bra серый 46-48","categoryCode":"Master - Maternity bras","categoryName":"Бюстгальтеры для беременных","link":"https://kaspi.kz/shop/p/larko-bra-seryi-46-48-121309425/"},"merchant":{"name":"LARKO-KZ","code":"17629423"},"editable":false,"editedByCustomer":false},{"id":"8a5ccd739395560a0193bec34cd9427e","author":"Айнур","date":"13.12.2024","orderNumber":"455644478","rating":5,"comment":{"minus":"","plus":"","text":"Ткань приятная. Советую, не пожелаешь."},"feedback":{"positive":0,"voted":false},"product":{"id":"121309425","name":"LARKO bra серый 46-48","categoryCode":"Master - Maternity bras","categoryName":"Бюстгальтеры для беременных","link":"https://kaspi.kz/shop/p/larko-bra-seryi-46-48-121309425/"},"merchant":{"name":"LARKO-KZ","code":"17629423"},"editable":false,"editedByCustomer":false},{"id":"8a5c85869347bfc50193543a27a214d1","author":"Ақмарал","date":"11.12.2024","orderNumber":"448712301","rating":5,"comment":{"minus":"","plus":"","text":"Сапасы керемет!."},"feedback":{"positive":0,"voted":false},"galleryImages":[{"id":"448712301-121309425/a99e7514-bde2-4b59-bf48-ddc0fc6996aa.jpeg","small":"https://resources.cdn-kaspi.kz/img/p/r/448712301-121309425/a99e7514-bde2-4b59-bf48-ddc0fc6996aa.jpeg?format=review_small","medium":"https://resources.cdn-kaspi.kz/img/p/r/448712301-121309425/a99e7514-bde2-4b59-bf48-ddc0fc6996aa.jpeg?format=review_medium","large":"https://resources.cdn-kaspi.kz/img/p/r/448712301-121309425/a99e7514-bde2-4b59-bf48-ddc0fc6996aa.jpeg?format=review_large"}],"product":{"id":"121309425","name":"LARKO bra серый 46-48","categoryCode":"Master - Maternity bras","categoryName":"Бюстгальтеры для беременных","link":"https://kaspi.kz/shop/p/larko-bra-seryi-46-48-121309425/"},"merchant":{"name":"LARKO-KZ","code":"17629423"},"editable":false,"editedByCustomer":false},{"id":"8a5cee2c9366caa101938cdd7224336c","author":"Айнура","date":"03.12.2024","orderNumber":"451489999","rating":5,"comment":{"minus":"","plus":"","text":"Девочки берите! Самый мягкий лиф, что у меня был, можно спать даже."},"feedback":{"positive":0,"voted":false},"product":{"id":"121309425","name":"LARKO bra серый 46-48","categoryCode":"Master - Maternity bras","categoryName":"Бюстгальтеры для беременных","link":"https://kaspi.kz/shop/p/larko-bra-seryi-46-48-121309425/"},"merchant":{"name":"LARKO-KZ","code":"17629423"},"editable":false,"editedByCustomer":false},{"id":"8a5c44b3931f0ff001932f02e1221a11","author":"Мираш","date":"03.12.2024","orderNumber":"443030419","rating":5,"comment":{"minus":"","plus":"","text":"Саплы керемет, жұмсақ жайлы ұнады. LARKO-KZ Дүкенге рақмет."},"feedback":{"positive":0,"voted":false},"product":{"id":"121309425","name":"LARKO bra серый 46-48","categoryCode":"Master - Maternity bras","categoryName":"Бюстгальтеры для беременных","link":"https://kaspi.kz/shop/p/larko-bra-seryi-46-48-121309425/"},"merchant":{"name":"LARKO-KZ","code":"17629423"},"editable":false,"editedByCustomer":false},{"id":"8a5c6205920df40a01922f8fe2e93e26","author":"Карлыгаш","date":"26.09.2024","orderNumber":"415482903","rating":5,"comment":{"minus":"","plus":"","text":"Хорошее качество, мягкий, не тонкий, размер подошел. Закажу еще."},"feedback":{"positive":0,"voted":false},"product":{"id":"121309425","name":"LARKO bra серый 46-48","categoryCode":"Master - Maternity bras","categoryName":"Бюстгальтеры для беременных","link":"https://kaspi.kz/shop/p/larko-bra-seryi-46-48-121309425/"},"merchant":{"name":"LARKO-KZ","code":"17629423"},"editable":false,"editedByCustomer":false},{"id":"8a5cc06691b086480191b35bfc0d04e1","author":"Гульсара","date":"02.09.2024","orderNumber":"383094295","rating":5,"comment":{"minus":"","plus":"","text":"Размер не подошёл, а так вполне качественный бюстик. Спасибо магазину larko-kz, очень вежливый подход к потребителю."},"feedback":{"positive":0,"voted":false},"product":{"id":"121309425","name":"LARKO bra серый 46-48","categoryCode":"Master - Maternity bras","categoryName":"Бюстгальтеры для беременных","link":"https://kaspi.kz/shop/p/larko-bra-seryi-46-48-121309425/"},"merchant":{"name":"LARKO-KZ","code":"17629423"},"editable":false,"editedByCustomer":false},{"id":"8a5c28d5917376b00191788d3a160b0b","author":"Гульдана","date":"22.08.2024","orderNumber":"398084864","rating":5,"comment":{"minus":"","plus":"","text":"Размері тура келді, рахмет, өте күшті."},"feedback":{"positive":0,"voted":false},"product":{"id":"121309425","name":"LARKO bra серый 46-48","categoryCode":"Master - Maternity bras","categoryName":"Бюстгальтеры для беременных","link":"https://kaspi.kz/shop/p/larko-bra-seryi-46-48-121309425/"},"merchant":{"name":"LARKO-KZ","code":"17629423"},"editable":false,"editedByCustomer":false}]}