{"data":[{"id":"8a5c54a8964c16f601965d546aec45e8","author":"Арайлым","date":"22.04.2025","orderNumber":"534336092","rating":4,"comment":{"minus":"","plus":"","text":"Недавно приобрёл ирригатор для полости рта и это действительно одно из лучших вложений в здоровье зубов и дёсен."},"feedback":{"positive":0,"voted":false},"galleryImages":[{"id":"534336092-132090457/7128bd07-8948-4efb-a01a-fcbbecb4be6b.jpeg","small":"https://resources.cdn-kaspi.kz/img/p/r/534336092-132090457/7128bd07-8948-4efb-a01a-fcbbecb4be6b.jpeg?format=review_small","medium":"https://resources.cdn-kaspi.kz/img/p/r/534336092-132090457/7128bd07-8948-4efb-a01a-fcbbecb4be6b.jpeg?format=review_medium","large":"https://resources.cdn-kaspi.kz/img/p/r/534336092-132090457/7128bd07-8948-4efb-a01a-fcbbecb4be6b.jpeg?format=review_large"},{"id":"534336092-132090457/5451f6af-fb7c-4c4b-a5fd-9cf27e647d76.jpeg","small":"https://resources.cdn-kaspi.kz/img/p/r/534336092-132090457/5451f6af-fb7c-4c4b-a5fd-9cf27e647d76.jpeg?format=review_small","medium":"https://resources.cdn-kaspi.kz/img/p/r/534336092-132090457/5451f6af-fb7c-4c4b-a5fd-9cf27e647d76.jpeg?format=review_medium","large":"https://resources.cdn-kaspi.kz/img/p/r/534336092-132090457/5451f6af-fb7c-4c4b-a5fd-9cf27e647d76.jpeg?format=review_large"},{"id":"534336092-132090457/81b7b6a0-f80a-4c72-8a76-93e3411ae3aa.jpeg","small":"https://resources.cdn-kaspi.kz/img/p/r/534336092-132090457/81b7b6a0-f80a-4c72-8a76-93e3411ae3aa.jpeg?format=review_small","medium":"https://resources.cdn-kaspi.kz/img/p/r/534336092-132090457/81b7b6a0-f80a-4c72-8a76-93e3411ae3aa.jpeg?format=review_medium","large":"https://resources.cdn-kaspi.kz/img/p/r/534336092-132090457/81b7b6a0-f80a-4c72-8a76-93e3411ae3aa.jpeg?format=review_large"},{"id":"534336092-132090457/ccfd7487-5dd8-4602-b638-2b765ee144b6.jpeg","small":"https://resources.cdn-kaspi.kz/img/p/r/534336092-132090457/ccfd7487-5dd8-4602-b638-2b765ee144b6.jpeg?format=review_small","medium":"https://resources.cdn-kaspi.kz/img/p/r/534336092-132090457/ccfd7487-5dd8-4602-b638-2b765ee144b6.jpeg?format=review_medium","large":"https://resources.cdn-kaspi.kz/img/p/r/534336092-132090457/ccfd7487-5dd8-4602-b638-2b765ee144b6.jpeg?format=review_large"},{"id":"534336092-132090457/451d5ea6-d618-4e53-9b9f-10b5a23d85cc.jpeg","small":"https://resources.cdn-kaspi.kz/img/p/r/534336092-132090457/451d5ea6-d618-4e53-9b9f-10b5a23d85cc.jpeg?format=review_small","medium":"https://resources.cdn-kaspi.kz/img/p/r/534336092-132090457/451d5ea6-d618-4e53-9b9f-10b5a23d85cc.jpeg?format=review_medium","large":"https://resources.cdn-kaspi.kz/img/p/r/534336092-132090457/451d5ea6-d618-4e53-9b9f-10b5a23d85cc.jpeg?format=review_large"}],"product":{"id":"132090457","name":"LARKO ирригатор EX25 импульсный емкость 230 мл","categoryCode":"Master - Water flossers","categoryName":"Ирригаторы, скалеры","link":"https://kaspi.kz/shop/p/larko-irrigator-ex25-impul-snyi-emkost-230-ml-132090457/"},"merchant":{"name":"LARKO-KZ","code":"17629423"},"editable":false,"editedByCustomer":false},{"id":"8a5c5db5963cc0dd0196590257a376b5","author":"Гаухар","date":"21.04.2025","orderNumber":"526036469","rating":5,"comment":{"minus":"","plus":"","text":"Ирригатор өте сапалы, жақсы келді. Сіздерге көп рақмет."},"feedback":{"positive":0,"voted":false},"product":{"id":"132090457","name":"LARKO ирригатор EX25 импульсный емкость 230 мл","categoryCode":"Master - Water flossers","categoryName":"Ирригаторы, скалеры","link":"https://kaspi.kz/shop/p/larko-irrigator-ex25-impul-snyi-emkost-230-ml-132090457/"},"merchant":{"name":"LARKO-KZ","code":"17629423"},"editable":false,"editedByCustomer":false},{"id":"8a5c5db5963cc0dd01964d12951541f7","author":"Ақбота","date":"19.04.2025","orderNumber":"532322481","rating":4,"comment":{"minus":"","plus":"","text":"Хороший ирригатор за свою цену, мощности немного не хватает."},"feedback":{"positive":0,"voted":false},"product":{"id":"132090457","name":"LARKO ирригатор EX25 импульсный емкость 230 мл","categoryCode":"Master - Water flossers","categoryName":"Ирригаторы, скалеры","link":"https://kaspi.kz/shop/p/larko-irrigator-ex25-impul-snyi-emkost-230-ml-132090457/"},"merchant":{"name":"LARKO-KZ","code":"17629423"},"editable":false,"editedByCustomer":false},{"id":"8a5cadc29618f2fa01961e2e97d520a3","author":"Меруерт","date":"10.04.2025","orderNumber":"528804762","rating":5,"comment":{"minus":"","plus":"","text":"Очень крутой ирригатор мощная, спасибо."},"feedback":{"positive":0,"voted":false},"product":{"id":"132090457","name":"LARKO ирригатор EX25 импульсный емкость 230 мл","categoryCode":"Master - Water flossers","categoryName":"Ирригаторы, скалеры","link":"https://kaspi.kz/shop/p/larko-irrigator-ex25-impul-snyi-emkost-230-ml-132090457/"},"merchant":{"name":"LARKO-KZ","code":"17629423"},"editable":false,"editedByCustomer":false},{"id":"8a5c1cad9618f31201961b2c1cf218e4","author":"Жанболат","date":"09.04.2025","orderNumber":"528330452","rating":5,"comment":{"minus":"","plus":"","text":"Ирраготор керемет ұнады бізге, сразу пайдаланып көрдік! Каспи Магазинге рахмет, уақытылы тез жеткізіп берді!."},"feedback":{"positive":1,"voted":false},"galleryImages":[{"id":"528330452-132090457/082cf91c-a246-4e1e-9dd8-30e8b9f04f16.jpeg","small":"https://resources.cdn-kaspi.kz/img/p/r/528330452-132090457/082cf91c-a246-4e1e-9dd8-30e8b9f04f16.jpeg?format=review_small","medium":"https://resources.cdn-kaspi.kz/img/p/r/528330452-132090457/082cf91c-a246-4e1e-9dd8-30e8b9f04f16.jpeg?format=review_medium","large":"https://resources.cdn-kaspi.kz/img/p/r/528330452-132090457/082cf91c-a246-4e1e-9dd8-30e8b9f04f16.jpeg?format=review_large"}],"product":{"id":"132090457","name":"LARKO ирригатор EX25 импульсный емкость 230 мл","categoryCode":"Master - Water flossers","categoryName":"Ирригаторы, скалеры","link":"https://kaspi.kz/shop/p/larko-irrigator-ex25-impul-snyi-emkost-230-ml-132090457/"},"merchant":{"name":"LARKO-KZ","code":"17629423"},"editable":false,"editedByCustomer":false},{"id":"8a5c02349618f32b01961a7d8b5f0e5c","author":"Алёна","date":"09.04.2025","orderNumber":"507551738","rating":5,"comment":{"minus":"","plus":"","text":"Отличный вариант. Цена -качество. Покупала дочке, ребенок доволен. Пользуется постоянно. Хорошая качественная вещь."},"feedback":{"positive":0,"voted":false},"product":{"id":"132090457","name":"LARKO ирригатор EX25 импульсный емкость 230 мл","categoryCode":"Master - Water flossers","categoryName":"Ирригаторы, скалеры","link":"https://kaspi.kz/shop/p/larko-irrigator-ex25-impul-snyi-emkost-230-ml-132090457/"},"merchant":{"name":"LARKO-KZ","code":"17629423"},"editable":false,"editedByCustomer":false},{"id":"8a5c119295f5262c01960993b3be5a52","author":"Сауле","date":"06.04.2025","orderNumber":"527925024","rating":5,"comment":{"minus":"","plus":"","text":"Спасибо магазину, сделали очень быструю доставку. Есть все что нужно, по очень хорошей цене."},"feedback":{"positive":0,"voted":false},"product":{"id":"132090457","name":"LARKO ирригатор EX25 импульсный емкость 230 мл","categoryCode":"Master - Water flossers","categoryName":"Ирригаторы, скалеры","link":"https://kaspi.kz/shop/p/larko-irrigator-ex25-impul-snyi-emkost-230-ml-132090457/"},"merchant":{"name":"LARKO-KZ","code":"17629423"},"editable":false,"editedByCustomer":false},{"id":"8a5cf33595f52453019606a1b36555f3","author":"Карина","date":"05.04.2025","orderNumber":"527114045","rating":5,"comment":{"minus":"","plus":"","text":"Очень понравился, компактный, хороший дизайн, брала в подарок."},"feedback":{"positive":0,"voted":false},"product":{"id":"132090457","name":"LARKO ирригатор EX25 импульсный емкость 230 мл","categoryCode":"Master - Water flossers","categoryName":"Ирригаторы, скалеры","link":"https://kaspi.kz/shop/p/larko-irrigator-ex25-impul-snyi-emkost-230-ml-132090457/"},"merchant":{"name":"LARKO-KZ","code":"17629423"},"editable":false,"editedByCustomer":false},{"id":"8a5c64f695f5245a0195f728ae9815e6","author":"Жанаргуль","date":"02.04.2025","orderNumber":"522432252","rating":5,"comment":{"minus":"","plus":"","text":"Отличный товар. Спасибо продавцу."},"feedback":{"positive":0,"voted":false},"product":{"id":"132090457","name":"LARKO ирригатор EX25 импульсный емкость 230 мл","categoryCode":"Master - Water flossers","categoryName":"Ирригаторы, скалеры","link":"https://kaspi.kz/shop/p/larko-irrigator-ex25-impul-snyi-emkost-230-ml-132090457/"},"merchant":{"name":"LARKO-KZ","code":"17629423"},"editable":false,"editedByCustomer":false},{"id":"8a5c1de495f524f60195f72654a015b8","author":"Дидар","date":"02.04.2025","orderNumber":"524994531","rating":5,"comment":{"minus":"","plus":"","text":"Очень компактный ирригатор, цена и качество соответствует, превзошел все ожидания. Я довольна, рекомендую!"},"feedback":{"positive":1,"voted":false},"galleryImages":[{"id":"524994531-132090457/3aebf591-4d1d-42b5-bf7a-c83affbf97fc.jpeg","small":"https://resources.cdn-kaspi.kz/img/p/r/524994531-132090457/3aebf591-4d1d-42b5-bf7a-c83affbf97fc.jpeg?format=review_small","medium":"https://resources.cdn-kaspi.kz/img/p/r/524994531-132090457/3aebf591-4d1d-42b5-bf7a-c83affbf97fc.jpeg?format=review_medium","large":"https://resources.cdn-kaspi.kz/img/p/r/524994531-132090457/3aebf591-4d1d-42b5-bf7a-c83affbf97fc.jpeg?format=review_large"},{"id":"524994531-132090457/c68a769e-4b48-4a3f-99dc-e90732707880.jpeg","small":"https://resources.cdn-kaspi.kz/img/p/r/524994531-132090457/c68a769e-4b48-4a3f-99dc-e90732707880.jpeg?format=review_small","medium":"https://resources.cdn-kaspi.kz/img/p/r/524994531-132090457/c68a769e-4b48-4a3f-99dc-e90732707880.jpeg?format=review_medium","large":"https://resources.cdn-kaspi.kz/img/p/r/524994531-132090457/c68a769e-4b48-4a3f-99dc-e90732707880.jpeg?format=review_large"}],"product":{"id":"132090457","name":"LARKO ирригатор EX25 импульсный емкость 230 мл","categoryCode":"Master - Water flossers","categoryName":"Ирригаторы, скалеры","link":"https://kaspi.kz/shop/p/larko-irrigator-ex25-impul-snyi-emkost-230-ml-132090457/"},"merchant":{"name":"LARKO-KZ","code":"17629423"},"editable":false,"editedByCustomer":false},{"id":"8a5c196b95dabaad0195ebc226925210","author":"Ләззат","date":"31.03.2025","orderNumber":"506479879","rating":5,"comment":{"minus":"","plus":"","text":"Пользуюсь этим ирригатором уже несколько недель, и результат превзошел все ожидания. Отлично очищает межзубные промежутки, удаляет налет и остатки пищи даже в труднодоступных местах."},"feedback":{"positive":0,"voted":false},"product":{"id":"132090457","name":"LARKO ирригатор EX25 импульсный емкость 230 мл","categoryCode":"Master - Water flossers","categoryName":"Ирригаторы, скалеры","link":"https://kaspi.kz/shop/p/larko-irrigator-ex25-impul-snyi-emkost-230-ml-132090457/"},"merchant":{"name":"LARKO-KZ","code":"17629423"},"editable":false,"editedByCustomer":false},{"id":"8a5c621095caf9cc0195e07bcd74626d","author":"Алимжан","date":"29.03.2025","orderNumber":"521157527","rating":5,"comment":{"minus":"","plus":"","text":"Класс. Просто супер. Раньше где не мог зубы полностью зубной щёткой прочистить справляет без проблем. Особенно когда застревает еда в труднодоступных местах."},"feedback":{"positive":0,"voted":false},"product":{"id":"132090457","name":"LARKO ирригатор EX25 импульсный емкость 230 мл","categoryCode":"Master - Water flossers","categoryName":"Ирригаторы, скалеры","link":"https://kaspi.kz/shop/p/larko-irrigator-ex25-impul-snyi-emkost-230-ml-132090457/"},"merchant":{"name":"LARKO-KZ","code":"17629423"},"editable":false,"editedByCustomer":false},{"id":"8a5c6a1895c1299e0195c3db695512f0","author":"Айнура","date":"23.03.2025","orderNumber":"516747147","rating":5,"comment":{"minus":"","plus":"","text":"Очень полезная вещь, что надо."},"feedback":{"positive":0,"voted":false},"product":{"id":"132090457","name":"LARKO ирригатор EX25 импульсный емкость 230 мл","categoryCode":"Master - Water flossers","categoryName":"Ирригаторы, скалеры","link":"https://kaspi.kz/shop/p/larko-irrigator-ex25-impul-snyi-emkost-230-ml-132090457/"},"merchant":{"name":"LARKO-KZ","code":"17629423"},"editable":false,"editedByCustomer":false},{"id":"8a5cba5a95acfcd60195b3cb1d703766","author":"Макпал","date":"20.03.2025","orderNumber":"516996760","rating":5,"comment":{"minus":"","plus":"","text":"Спасибо магазину LARKO, курьер вежливый, доставил раньше срока. Купила для сына, ему понравился. Хорошо выводит пищу и очищает."},"feedback":{"positive":0,"voted":false},"product":{"id":"132090457","name":"LARKO ирригатор EX25 импульсный емкость 230 мл","categoryCode":"Master - Water flossers","categoryName":"Ирригаторы, скалеры","link":"https://kaspi.kz/shop/p/larko-irrigator-ex25-impul-snyi-emkost-230-ml-132090457/"},"merchant":{"name":"LARKO-KZ","code":"17629423"},"editable":false,"editedByCustomer":false},{"id":"8a5cd5be95b1a0d30195b318e3cb07d2","author":"Роза","date":"20.03.2025","orderNumber":"518491899","rating":5,"comment":{"minus":"","plus":"","text":"Я покупаю впервые. Так что, на первый раз думаю все хорошо. Попробовала один раз, вода заканчивается быстро, паузы нет кажется. Но, думаю это так и должно быть?Дальше работу посмотрим."},"feedback":{"positive":0,"voted":false},"galleryImages":[{"id":"518491899-132090457/f89b188b-3915-4f0f-a91c-c55a6aaba057.jpeg","small":"https://resources.cdn-kaspi.kz/img/p/r/518491899-132090457/f89b188b-3915-4f0f-a91c-c55a6aaba057.jpeg?format=review_small","medium":"https://resources.cdn-kaspi.kz/img/p/r/518491899-132090457/f89b188b-3915-4f0f-a91c-c55a6aaba057.jpeg?format=review_medium","large":"https://resources.cdn-kaspi.kz/img/p/r/518491899-132090457/f89b188b-3915-4f0f-a91c-c55a6aaba057.jpeg?format=review_large"}],"product":{"id":"132090457","name":"LARKO ирригатор EX25 импульсный емкость 230 мл","categoryCode":"Master - Water flossers","categoryName":"Ирригаторы, скалеры","link":"https://kaspi.kz/shop/p/larko-irrigator-ex25-impul-snyi-emkost-230-ml-132090457/"},"merchant":{"name":"LARKO-KZ","code":"17629423"},"editable":false,"editedByCustomer":false},{"id":"8a5cd5be95b1a0d30195b28022ac0354","author":"Жаннұр","date":"20.03.2025","orderNumber":"516927307","rating":5,"comment":{"minus":"","plus":"","text":"Классный ирригатор, напор хороший, впервые пользуюсь ирригатором и уже хорошие впечатления."},"feedback":{"positive":0,"voted":false},"product":{"id":"132090457","name":"LARKO ирригатор EX25 импульсный емкость 230 мл","categoryCode":"Master - Water flossers","categoryName":"Ирригаторы, скалеры","link":"https://kaspi.kz/shop/p/larko-irrigator-ex25-impul-snyi-emkost-230-ml-132090457/"},"merchant":{"name":"LARKO-KZ","code":"17629423"},"editable":false,"editedByCustomer":false},{"id":"8a5cf33195acfd0d0195b1ed936227e3","author":"Ақжан","date":"20.03.2025","orderNumber":"516127059","rating":5,"comment":{"minus":"","plus":"","text":"Мне понравился ирригатор, рекомендую."},"feedback":{"positive":0,"voted":false},"product":{"id":"132090457","name":"LARKO ирригатор EX25 импульсный емкость 230 мл","categoryCode":"Master - Water flossers","categoryName":"Ирригаторы, скалеры","link":"https://kaspi.kz/shop/p/larko-irrigator-ex25-impul-snyi-emkost-230-ml-132090457/"},"merchant":{"name":"LARKO-KZ","code":"17629423"},"editable":false,"editedByCustomer":false},{"id":"8a5ce3e49588cdf6019589d6438c0904","author":"Виктория","date":"12.03.2025","orderNumber":"511560989","rating":5,"comment":{"minus":"","plus":"","text":"Хорошо работает! Цена - качество соответствует! Рекомендую! Очень нужная вещь! Спасибо LARKO и Каспи!"},"feedback":{"positive":0,"voted":false},"galleryImages":[{"id":"511560989-132090457/6196c251-fcec-46c6-9c3e-7c08da539fda.jpeg","small":"https://resources.cdn-kaspi.kz/img/p/r/511560989-132090457/6196c251-fcec-46c6-9c3e-7c08da539fda.jpeg?format=review_small","medium":"https://resources.cdn-kaspi.kz/img/p/r/511560989-132090457/6196c251-fcec-46c6-9c3e-7c08da539fda.jpeg?format=review_medium","large":"https://resources.cdn-kaspi.kz/img/p/r/511560989-132090457/6196c251-fcec-46c6-9c3e-7c08da539fda.jpeg?format=review_large"}],"product":{"id":"132090457","name":"LARKO ирригатор EX25 импульсный емкость 230 мл","categoryCode":"Master - Water flossers","categoryName":"Ирригаторы, скалеры","link":"https://kaspi.kz/shop/p/larko-irrigator-ex25-impul-snyi-emkost-230-ml-132090457/"},"merchant":{"name":"LARKO-KZ","code":"17629423"},"editable":false,"editedByCustomer":false},{"id":"8a5c55509536761901955cef15784c2c","author":"Анара","date":"03.03.2025","orderNumber":"506879415","rating":5,"comment":{"minus":"","plus":"","text":"Слушайте, а вещь то классная! Очень нужная для поддержания гигиены рта! Мне нравится."},"feedback":{"positive":2,"voted":false},"galleryImages":[{"id":"506879415-132090457/5865f471-35bf-43af-aa81-83fbc2f361c7.jpeg","small":"https://resources.cdn-kaspi.kz/img/p/r/506879415-132090457/5865f471-35bf-43af-aa81-83fbc2f361c7.jpeg?format=review_small","medium":"https://resources.cdn-kaspi.kz/img/p/r/506879415-132090457/5865f471-35bf-43af-aa81-83fbc2f361c7.jpeg?format=review_medium","large":"https://resources.cdn-kaspi.kz/img/p/r/506879415-132090457/5865f471-35bf-43af-aa81-83fbc2f361c7.jpeg?format=review_large"},{"id":"506879415-132090457/1259a8d5-4357-41b8-b70f-632223426ec4.jpeg","small":"https://resources.cdn-kaspi.kz/img/p/r/506879415-132090457/1259a8d5-4357-41b8-b70f-632223426ec4.jpeg?format=review_small","medium":"https://resources.cdn-kaspi.kz/img/p/r/506879415-132090457/1259a8d5-4357-41b8-b70f-632223426ec4.jpeg?format=review_medium","large":"https://resources.cdn-kaspi.kz/img/p/r/506879415-132090457/1259a8d5-4357-41b8-b70f-632223426ec4.jpeg?format=review_large"}],"product":{"id":"132090457","name":"LARKO ирригатор EX25 импульсный емкость 230 мл","categoryCode":"Master - Water flossers","categoryName":"Ирригаторы, скалеры","link":"https://kaspi.kz/shop/p/larko-irrigator-ex25-impul-snyi-emkost-230-ml-132090457/"},"merchant":{"name":"LARKO-KZ","code":"17629423"},"editable":false,"editedByCustomer":false},{"id":"8a5c5d89953676fe01955bb0b9853f17","author":"Аяжан","date":"03.03.2025","orderNumber":"506464877","rating":5,"comment":{"minus":"","plus":"","text":"Товар пришел в отличном состоянии. Я довольна качеством. Все работает, попробую на деле."},"feedback":{"positive":0,"voted":false},"galleryImages":[{"id":"506464877-132090457/2b5b21af-25c0-4e1d-9de7-2b9c44508de4.jpeg","small":"https://resources.cdn-kaspi.kz/img/p/r/506464877-132090457/2b5b21af-25c0-4e1d-9de7-2b9c44508de4.jpeg?format=review_small","medium":"https://resources.cdn-kaspi.kz/img/p/r/506464877-132090457/2b5b21af-25c0-4e1d-9de7-2b9c44508de4.jpeg?format=review_medium","large":"https://resources.cdn-kaspi.kz/img/p/r/506464877-132090457/2b5b21af-25c0-4e1d-9de7-2b9c44508de4.jpeg?format=review_large"},{"id":"506464877-132090457/7c9c9c5e-7691-4b90-b9e5-3853a96cec47.jpeg","small":"https://resources.cdn-kaspi.kz/img/p/r/506464877-132090457/7c9c9c5e-7691-4b90-b9e5-3853a96cec47.jpeg?format=review_small","medium":"https://resources.cdn-kaspi.kz/img/p/r/506464877-132090457/7c9c9c5e-7691-4b90-b9e5-3853a96cec47.jpeg?format=review_medium","large":"https://resources.cdn-kaspi.kz/img/p/r/506464877-132090457/7c9c9c5e-7691-4b90-b9e5-3853a96cec47.jpeg?format=review_large"}],"product":{"id":"132090457","name":"LARKO ирригатор EX25 импульсный емкость 230 мл","categoryCode":"Master - Water flossers","categoryName":"Ирригаторы, скалеры","link":"https://kaspi.kz/shop/p/larko-irrigator-ex25-impul-snyi-emkost-230-ml-132090457/"},"merchant":{"name":"LARKO-KZ","code":"17629423"},"editable":false,"editedByCustomer":false},{"id":"8a5c67fe954f9af60195596020162dcf","author":"Мөлдір","date":"03.03.2025","orderNumber":"505799020","rating":5,"comment":{"minus":"","plus":"","text":"Напор очень сильно, хороший."},"feedback":{"positive":0,"voted":false},"product":{"id":"132090457","name":"LARKO ирригатор EX25 импульсный емкость 230 мл","categoryCode":"Master - Water flossers","categoryName":"Ирригаторы, скалеры","link":"https://kaspi.kz/shop/p/larko-irrigator-ex25-impul-snyi-emkost-230-ml-132090457/"},"merchant":{"name":"LARKO-KZ","code":"17629423"},"editable":false,"editedByCustomer":false},{"id":"8a5ce3cd95451b42019546e802ed06f0","author":"Арман","date":"27.02.2025","orderNumber":"505030479","rating":5,"comment":{"minus":"","plus":"","text":"Компактный ирригатор с достаточным напором струи. Нужно приспособиться к режимам вкл/выкл и переключения между режимами (3 режима). Хорошее сочетание цены и качества."},"feedback":{"positive":0,"voted":false},"galleryImages":[{"id":"505030479-132090457/6fbf00bb-b140-411a-a0a6-4bec085fd817.jpeg","small":"https://resources.cdn-kaspi.kz/img/p/r/505030479-132090457/6fbf00bb-b140-411a-a0a6-4bec085fd817.jpeg?format=review_small","medium":"https://resources.cdn-kaspi.kz/img/p/r/505030479-132090457/6fbf00bb-b140-411a-a0a6-4bec085fd817.jpeg?format=review_medium","large":"https://resources.cdn-kaspi.kz/img/p/r/505030479-132090457/6fbf00bb-b140-411a-a0a6-4bec085fd817.jpeg?format=review_large"}],"product":{"id":"132090457","name":"LARKO ирригатор EX25 импульсный емкость 230 мл","categoryCode":"Master - Water flossers","categoryName":"Ирригаторы, скалеры","link":"https://kaspi.kz/shop/p/larko-irrigator-ex25-impul-snyi-emkost-230-ml-132090457/"},"merchant":{"name":"LARKO-KZ","code":"17629423"},"editable":false,"editedByCustomer":false},{"id":"8a5c51e794dead0f0194e94041a13e8a","author":"Ақниет","date":"09.02.2025","orderNumber":"483041673","rating":5,"comment":{"minus":"","plus":"","text":"Вовремя получила. Чистка брекетов круто."},"feedback":{"positive":0,"voted":false},"galleryImages":[{"id":"483041673-132090457/b1fd18b8-c59e-4041-a5ed-afdf15249d23.jpeg","small":"https://resources.cdn-kaspi.kz/img/p/r/483041673-132090457/b1fd18b8-c59e-4041-a5ed-afdf15249d23.jpeg?format=review_small","medium":"https://resources.cdn-kaspi.kz/img/p/r/483041673-132090457/b1fd18b8-c59e-4041-a5ed-afdf15249d23.jpeg?format=review_medium","large":"https://resources.cdn-kaspi.kz/img/p/r/483041673-132090457/b1fd18b8-c59e-4041-a5ed-afdf15249d23.jpeg?format=review_large"},{"id":"483041673-132090457/93c4bf6c-410d-444a-bad8-2db4b21a55d5.jpeg","small":"https://resources.cdn-kaspi.kz/img/p/r/483041673-132090457/93c4bf6c-410d-444a-bad8-2db4b21a55d5.jpeg?format=review_small","medium":"https://resources.cdn-kaspi.kz/img/p/r/483041673-132090457/93c4bf6c-410d-444a-bad8-2db4b21a55d5.jpeg?format=review_medium","large":"https://resources.cdn-kaspi.kz/img/p/r/483041673-132090457/93c4bf6c-410d-444a-bad8-2db4b21a55d5.jpeg?format=review_large"},{"id":"483041673-132090457/7056c6b2-d0d8-45f1-afb1-cd941611b4cb.jpeg","small":"https://resources.cdn-kaspi.kz/img/p/r/483041673-132090457/7056c6b2-d0d8-45f1-afb1-cd941611b4cb.jpeg?format=review_small","medium":"https://resources.cdn-kaspi.kz/img/p/r/483041673-132090457/7056c6b2-d0d8-45f1-afb1-cd941611b4cb.jpeg?format=review_medium","large":"https://resources.cdn-kaspi.kz/img/p/r/483041673-132090457/7056c6b2-d0d8-45f1-afb1-cd941611b4cb.jpeg?format=review_large"},{"id":"483041673-132090457/8999c166-0e81-42d5-b58e-87bf6e8ba81f.jpeg","small":"https://resources.cdn-kaspi.kz/img/p/r/483041673-132090457/8999c166-0e81-42d5-b58e-87bf6e8ba81f.jpeg?format=review_small","medium":"https://resources.cdn-kaspi.kz/img/p/r/483041673-132090457/8999c166-0e81-42d5-b58e-87bf6e8ba81f.jpeg?format=review_medium","large":"https://resources.cdn-kaspi.kz/img/p/r/483041673-132090457/8999c166-0e81-42d5-b58e-87bf6e8ba81f.jpeg?format=review_large"}],"product":{"id":"132090457","name":"LARKO ирригатор EX25 импульсный емкость 230 мл","categoryCode":"Master - Water flossers","categoryName":"Ирригаторы, скалеры","link":"https://kaspi.kz/shop/p/larko-irrigator-ex25-impul-snyi-emkost-230-ml-132090457/"},"merchant":{"name":"LARKO-KZ","code":"17629423"},"editable":false,"editedByCustomer":false},{"id":"8a5cba5794cbc2e00194d5d7f1ff0f3b","author":"Аружан","date":"05.02.2025","orderNumber":"482592636","rating":5,"comment":{"minus":"","plus":"","text":"Жақсы. 3 рет қолданып көрдім. Зарядкасы жетті. Адаптері жоқ бөлек сатып алу керек зарядтауға."},"feedback":{"positive":0,"voted":false},"galleryImages":[{"id":"482592636-132090457/29c47d07-ecc4-4214-97af-5e2d3881eb62.jpeg","small":"https://resources.cdn-kaspi.kz/img/p/r/482592636-132090457/29c47d07-ecc4-4214-97af-5e2d3881eb62.jpeg?format=review_small","medium":"https://resources.cdn-kaspi.kz/img/p/r/482592636-132090457/29c47d07-ecc4-4214-97af-5e2d3881eb62.jpeg?format=review_medium","large":"https://resources.cdn-kaspi.kz/img/p/r/482592636-132090457/29c47d07-ecc4-4214-97af-5e2d3881eb62.jpeg?format=review_large"},{"id":"482592636-132090457/3324966d-2e43-406a-8c18-759c30df6b75.jpeg","small":"https://resources.cdn-kaspi.kz/img/p/r/482592636-132090457/3324966d-2e43-406a-8c18-759c30df6b75.jpeg?format=review_small","medium":"https://resources.cdn-kaspi.kz/img/p/r/482592636-132090457/3324966d-2e43-406a-8c18-759c30df6b75.jpeg?format=review_medium","large":"https://resources.cdn-kaspi.kz/img/p/r/482592636-132090457/3324966d-2e43-406a-8c18-759c30df6b75.jpeg?format=review_large"},{"id":"482592636-132090457/ad4c2e06-4a63-412c-8ac0-e0d9abf59ac9.jpeg","small":"https://resources.cdn-kaspi.kz/img/p/r/482592636-132090457/ad4c2e06-4a63-412c-8ac0-e0d9abf59ac9.jpeg?format=review_small","medium":"https://resources.cdn-kaspi.kz/img/p/r/482592636-132090457/ad4c2e06-4a63-412c-8ac0-e0d9abf59ac9.jpeg?format=review_medium","large":"https://resources.cdn-kaspi.kz/img/p/r/482592636-132090457/ad4c2e06-4a63-412c-8ac0-e0d9abf59ac9.jpeg?format=review_large"},{"id":"482592636-132090457/db489c10-6957-4085-af45-4eca990f9fe2.jpeg","small":"https://resources.cdn-kaspi.kz/img/p/r/482592636-132090457/db489c10-6957-4085-af45-4eca990f9fe2.jpeg?format=review_small","medium":"https://resources.cdn-kaspi.kz/img/p/r/482592636-132090457/db489c10-6957-4085-af45-4eca990f9fe2.jpeg?format=review_medium","large":"https://resources.cdn-kaspi.kz/img/p/r/482592636-132090457/db489c10-6957-4085-af45-4eca990f9fe2.jpeg?format=review_large"}],"product":{"id":"132090457","name":"LARKO ирригатор EX25 импульсный емкость 230 мл","categoryCode":"Master - Water flossers","categoryName":"Ирригаторы, скалеры","link":"https://kaspi.kz/shop/p/larko-irrigator-ex25-impul-snyi-emkost-230-ml-132090457/"},"merchant":{"name":"LARKO-KZ","code":"17629423"},"editable":false,"editedByCustomer":false},{"id":"8a5cf15394ab5c200194c739e4402e36","author":"Нұрбибі","date":"02.02.2025","orderNumber":"488738153","rating":5,"comment":{"minus":"","plus":"","text":"За свою цену классный, качественный ирригатор. Работает идеально. Доставили раньше срока. Буду заказывать еще."},"feedback":{"positive":0,"voted":false},"product":{"id":"132090457","name":"LARKO ирригатор EX25 импульсный емкость 230 мл","categoryCode":"Master - Water flossers","categoryName":"Ирригаторы, скалеры","link":"https://kaspi.kz/shop/p/larko-irrigator-ex25-impul-snyi-emkost-230-ml-132090457/"},"merchant":{"name":"LARKO-KZ","code":"17629423"},"editable":false,"editedByCustomer":false},{"id":"8a5c51c494c5860e0194c5ab72f0001e","author":"Алемжан","date":"02.02.2025","orderNumber":"488821284","rating":5,"comment":{"minus":"","plus":"","text":"Получили вовремя, товар соответствует описаниям, в рабочем состоянии, аккумулятор заряжен. Второй день полоскаем доче полость рта. Пока всё нравится. Надеемся прослужит долго. Спасибо продавцам и Каспи."},"feedback":{"positive":0,"voted":false},"galleryImages":[{"id":"488821284-132090457/37129888-8686-4746-a43b-84a728fe88b4.jpeg","small":"https://resources.cdn-kaspi.kz/img/p/r/488821284-132090457/37129888-8686-4746-a43b-84a728fe88b4.jpeg?format=review_small","medium":"https://resources.cdn-kaspi.kz/img/p/r/488821284-132090457/37129888-8686-4746-a43b-84a728fe88b4.jpeg?format=review_medium","large":"https://resources.cdn-kaspi.kz/img/p/r/488821284-132090457/37129888-8686-4746-a43b-84a728fe88b4.jpeg?format=review_large"}],"product":{"id":"132090457","name":"LARKO ирригатор EX25 импульсный емкость 230 мл","categoryCode":"Master - Water flossers","categoryName":"Ирригаторы, скалеры","link":"https://kaspi.kz/shop/p/larko-irrigator-ex25-impul-snyi-emkost-230-ml-132090457/"},"merchant":{"name":"LARKO-KZ","code":"17629423"},"editable":false,"editedByCustomer":false},{"id":"8a5c920194ab5c310194b80851d218f5","author":"Жансая","date":"30.01.2025","orderNumber":"487638038","rating":5,"comment":{"minus":"","plus":"","text":"Пришло вовремя, цена и качество товара соответствует."},"feedback":{"positive":0,"voted":false},"galleryImages":[{"id":"487638038-132090457/e8df6739-4d95-4713-a205-e7d4457c2b3b.jpeg","small":"https://resources.cdn-kaspi.kz/img/p/r/487638038-132090457/e8df6739-4d95-4713-a205-e7d4457c2b3b.jpeg?format=review_small","medium":"https://resources.cdn-kaspi.kz/img/p/r/487638038-132090457/e8df6739-4d95-4713-a205-e7d4457c2b3b.jpeg?format=review_medium","large":"https://resources.cdn-kaspi.kz/img/p/r/487638038-132090457/e8df6739-4d95-4713-a205-e7d4457c2b3b.jpeg?format=review_large"}],"product":{"id":"132090457","name":"LARKO ирригатор EX25 импульсный емкость 230 мл","categoryCode":"Master - Water flossers","categoryName":"Ирригаторы, скалеры","link":"https://kaspi.kz/shop/p/larko-irrigator-ex25-impul-snyi-emkost-230-ml-132090457/"},"merchant":{"name":"LARKO-KZ","code":"17629423"},"editable":false,"editedByCustomer":false},{"id":"8a5c309d94ab5c830194adcba29e0777","author":"Арайлым","date":"28.01.2025","orderNumber":"486147577","rating":5,"comment":{"minus":"","plus":"","text":"За свою цену мощный, буду заказывать еще."},"feedback":{"positive":0,"voted":false},"product":{"id":"132090457","name":"LARKO ирригатор EX25 импульсный емкость 230 мл","categoryCode":"Master - Water flossers","categoryName":"Ирригаторы, скалеры","link":"https://kaspi.kz/shop/p/larko-irrigator-ex25-impul-snyi-emkost-230-ml-132090457/"},"merchant":{"name":"LARKO-KZ","code":"17629423"},"editable":false,"editedByCustomer":false},{"id":"8a5c11bf946876ad0194a8ad3ba759b2","author":"Татьяна","date":"27.01.2025","orderNumber":"485030665","rating":5,"comment":{"minus":"","plus":"","text":"Товар получила в срок. Заказали сыну, сын доволен, чистка брекетов проходит быстрее."},"feedback":{"positive":0,"voted":false},"product":{"id":"132090457","name":"LARKO ирригатор EX25 импульсный емкость 230 мл","categoryCode":"Master - Water flossers","categoryName":"Ирригаторы, скалеры","link":"https://kaspi.kz/shop/p/larko-irrigator-ex25-impul-snyi-emkost-230-ml-132090457/"},"merchant":{"name":"LARKO-KZ","code":"17629423"},"editable":false,"editedByCustomer":false},{"id":"8a5c67f494a5b6570194a7d82331037e","author":"Жансая","date":"27.01.2025","orderNumber":"484234882","rating":5,"comment":{"minus":"","plus":"","text":"Ирригатор понравился, очень хороший."},"feedback":{"positive":0,"voted":false},"product":{"id":"132090457","name":"LARKO ирригатор EX25 импульсный емкость 230 мл","categoryCode":"Master - Water flossers","categoryName":"Ирригаторы, скалеры","link":"https://kaspi.kz/shop/p/larko-irrigator-ex25-impul-snyi-emkost-230-ml-132090457/"},"merchant":{"name":"LARKO-KZ","code":"17629423"},"editable":false,"editedByCustomer":false},{"id":"8a5c9829946875a101949e16c8bb4db0","author":"Аружан","date":"25.01.2025","orderNumber":"484683169","rating":5,"comment":{"minus":"","plus":"","text":"Ыңғайлы, ұнады!."},"feedback":{"positive":1,"voted":false},"galleryImages":[{"id":"484683169-132090457/9430ade2-5b07-4f6d-93c3-8f01767fca6d.jpeg","small":"https://resources.cdn-kaspi.kz/img/p/r/484683169-132090457/9430ade2-5b07-4f6d-93c3-8f01767fca6d.jpeg?format=review_small","medium":"https://resources.cdn-kaspi.kz/img/p/r/484683169-132090457/9430ade2-5b07-4f6d-93c3-8f01767fca6d.jpeg?format=review_medium","large":"https://resources.cdn-kaspi.kz/img/p/r/484683169-132090457/9430ade2-5b07-4f6d-93c3-8f01767fca6d.jpeg?format=review_large"},{"id":"484683169-132090457/5bce4b89-df32-4ef7-b366-979d96d8b2c0.jpeg","small":"https://resources.cdn-kaspi.kz/img/p/r/484683169-132090457/5bce4b89-df32-4ef7-b366-979d96d8b2c0.jpeg?format=review_small","medium":"https://resources.cdn-kaspi.kz/img/p/r/484683169-132090457/5bce4b89-df32-4ef7-b366-979d96d8b2c0.jpeg?format=review_medium","large":"https://resources.cdn-kaspi.kz/img/p/r/484683169-132090457/5bce4b89-df32-4ef7-b366-979d96d8b2c0.jpeg?format=review_large"}],"product":{"id":"132090457","name":"LARKO ирригатор EX25 импульсный емкость 230 мл","categoryCode":"Master - Water flossers","categoryName":"Ирригаторы, скалеры","link":"https://kaspi.kz/shop/p/larko-irrigator-ex25-impul-snyi-emkost-230-ml-132090457/"},"merchant":{"name":"LARKO-KZ","code":"17629423"},"editable":false,"editedByCustomer":false},{"id":"8a5c0415946875a60194991a78e8490f","author":"Ақжарқын","date":"24.01.2025","orderNumber":"484336869","rating":5,"comment":{"minus":"","plus":"","text":"Ирригатор понравился, пользуюсь впервые, но очень довольно и необычно) советую, стоит своих денег."},"feedback":{"positive":0,"voted":false},"product":{"id":"132090457","name":"LARKO ирригатор EX25 импульсный емкость 230 мл","categoryCode":"Master - Water flossers","categoryName":"Ирригаторы, скалеры","link":"https://kaspi.kz/shop/p/larko-irrigator-ex25-impul-snyi-emkost-230-ml-132090457/"},"merchant":{"name":"LARKO-KZ","code":"17629423"},"editable":false,"editedByCustomer":false},{"id":"8a5c0415946875a601949365a7114206","author":"Диана","date":"23.01.2025","orderNumber":"481270442","rating":1,"comment":{"minus":"","plus":"","text":"Запах неприятный."},"feedback":{"positive":0,"voted":false},"product":{"id":"132090457","name":"LARKO ирригатор EX25 импульсный емкость 230 мл","categoryCode":"Master - Water flossers","categoryName":"Ирригаторы, скалеры","link":"https://kaspi.kz/shop/p/larko-irrigator-ex25-impul-snyi-emkost-230-ml-132090457/"},"merchant":{"name":"LARKO-KZ","code":"17629423"},"editable":false,"editedByCustomer":false},{"id":"8a5c28f3946875e70194856fe0d830b4","author":"Аружан","date":"21.01.2025","orderNumber":"481169932","rating":5,"comment":{"minus":"","plus":"","text":"Заказала ирригатор для зубов и осталась довольна покупкой. Устройство работает качественно, легко использовать, а вода под давлением хорошо очищает труднодоступные места между зубами. Почувствовала заметное улучшение в гигиене полости рта. Компактный и удобный дизайн. Всем рекомендую для поддержания здоровья зубов и десен!"},"feedback":{"positive":1,"voted":false},"galleryImages":[{"id":"481169932-132090457/cbeb4c89-2862-4a83-bdfd-d05ae84e59c0.jpeg","small":"https://resources.cdn-kaspi.kz/img/p/r/481169932-132090457/cbeb4c89-2862-4a83-bdfd-d05ae84e59c0.jpeg?format=review_small","medium":"https://resources.cdn-kaspi.kz/img/p/r/481169932-132090457/cbeb4c89-2862-4a83-bdfd-d05ae84e59c0.jpeg?format=review_medium","large":"https://resources.cdn-kaspi.kz/img/p/r/481169932-132090457/cbeb4c89-2862-4a83-bdfd-d05ae84e59c0.jpeg?format=review_large"},{"id":"481169932-132090457/5bbdd4d6-5551-433a-86c5-03a3d0e7d894.jpeg","small":"https://resources.cdn-kaspi.kz/img/p/r/481169932-132090457/5bbdd4d6-5551-433a-86c5-03a3d0e7d894.jpeg?format=review_small","medium":"https://resources.cdn-kaspi.kz/img/p/r/481169932-132090457/5bbdd4d6-5551-433a-86c5-03a3d0e7d894.jpeg?format=review_medium","large":"https://resources.cdn-kaspi.kz/img/p/r/481169932-132090457/5bbdd4d6-5551-433a-86c5-03a3d0e7d894.jpeg?format=review_large"}],"product":{"id":"132090457","name":"LARKO ирригатор EX25 импульсный емкость 230 мл","categoryCode":"Master - Water flossers","categoryName":"Ирригаторы, скалеры","link":"https://kaspi.kz/shop/p/larko-irrigator-ex25-impul-snyi-emkost-230-ml-132090457/"},"merchant":{"name":"LARKO-KZ","code":"17629423"},"editable":false,"editedByCustomer":false},{"id":"8a5c64e3946876990194828a47dd2a9a","author":"Еңлік","date":"20.01.2025","orderNumber":"482045027","rating":5,"comment":{"minus":"","plus":"","text":"Недавно приобрела этот ирригатор, и он превзошел все мои ожидания!"},"feedback":{"positive":0,"voted":false},"galleryImages":[{"id":"482045027-132090457/acabdc0f-15f4-4f89-9b9a-28567873bdd2.jpeg","small":"https://resources.cdn-kaspi.kz/img/p/r/482045027-132090457/acabdc0f-15f4-4f89-9b9a-28567873bdd2.jpeg?format=review_small","medium":"https://resources.cdn-kaspi.kz/img/p/r/482045027-132090457/acabdc0f-15f4-4f89-9b9a-28567873bdd2.jpeg?format=review_medium","large":"https://resources.cdn-kaspi.kz/img/p/r/482045027-132090457/acabdc0f-15f4-4f89-9b9a-28567873bdd2.jpeg?format=review_large"}],"product":{"id":"132090457","name":"LARKO ирригатор EX25 импульсный емкость 230 мл","categoryCode":"Master - Water flossers","categoryName":"Ирригаторы, скалеры","link":"https://kaspi.kz/shop/p/larko-irrigator-ex25-impul-snyi-emkost-230-ml-132090457/"},"merchant":{"name":"LARKO-KZ","code":"17629423"},"editable":false,"editedByCustomer":false},{"id":"8a5c92169443efe701944612a25e02cb","author":"Крестина","date":"08.01.2025","orderNumber":"472336861","rating":5,"comment":{"minus":"","plus":"","text":"Очень качественный! Работает идеально."},"feedback":{"positive":0,"voted":false},"product":{"id":"132090457","name":"LARKO ирригатор EX25 импульсный емкость 230 мл","categoryCode":"Master - Water flossers","categoryName":"Ирригаторы, скалеры","link":"https://kaspi.kz/shop/p/larko-irrigator-ex25-impul-snyi-emkost-230-ml-132090457/"},"merchant":{"name":"LARKO-KZ","code":"17629423"},"editable":false,"editedByCustomer":false},{"id":"8a5cd4a2940197110194407cd5b85470","author":"Еркежан","date":"07.01.2025","orderNumber":"473828742","rating":5,"comment":{"minus":"","plus":"","text":"Супер! За такую цену такого качества и напора не ожидала. Смело берите."},"feedback":{"positive":1,"voted":false},"product":{"id":"132090457","name":"LARKO ирригатор EX25 импульсный емкость 230 мл","categoryCode":"Master - Water flossers","categoryName":"Ирригаторы, скалеры","link":"https://kaspi.kz/shop/p/larko-irrigator-ex25-impul-snyi-emkost-230-ml-132090457/"},"merchant":{"name":"LARKO-KZ","code":"17629423"},"editable":false,"editedByCustomer":false}]}