{"data":[{"id":"8a5c1cad9618f31201965d8662a72ebc","author":"Улжан","date":"22.04.2025","orderNumber":"532286454","rating":5,"comment":{"minus":"","plus":"","text":"Жақсы жұмыс жасап тұр."},"feedback":{"positive":0,"voted":false},"product":{"id":"136423719","name":"LARKO BlendX Pro белый","categoryCode":"Master - Blenders","categoryName":"Блендеры","link":"https://kaspi.kz/shop/p/larko-blendx-pro-belyi-136423719/"},"merchant":{"name":"LARKO-KZ","code":"17629423"},"editable":false,"editedByCustomer":false},{"id":"8a5c1df096325a38019633a887dd068e","author":"Багдагуль","date":"14.04.2025","orderNumber":"523012611","rating":5,"comment":{"minus":"","plus":"","text":"Керемет табиғи шырын."},"feedback":{"positive":0,"voted":false},"product":{"id":"136423719","name":"LARKO BlendX Pro белый","categoryCode":"Master - Blenders","categoryName":"Блендеры","link":"https://kaspi.kz/shop/p/larko-blendx-pro-belyi-136423719/"},"merchant":{"name":"LARKO-KZ","code":"17629423"},"editable":false,"editedByCustomer":false},{"id":"8a5c5fbf9618f30801961eaea465241c","author":"Асель","date":"10.04.2025","orderNumber":"529849520","rating":5,"comment":{"minus":"","plus":"","text":"Керемет блендер. Сапасына сай. Өз міндетін жақсы атқарады. Дүкенге рақмет! Товар тез жеткізілді."},"feedback":{"positive":0,"voted":false},"product":{"id":"136423719","name":"LARKO BlendX Pro белый","categoryCode":"Master - Blenders","categoryName":"Блендеры","link":"https://kaspi.kz/shop/p/larko-blendx-pro-belyi-136423719/"},"merchant":{"name":"LARKO-KZ","code":"17629423"},"editable":false,"editedByCustomer":false},{"id":"8a5cf33195acfd0d0195f47aa32165b3","author":"Гульмира","date":"02.04.2025","orderNumber":"523020287","rating":5,"comment":{"minus":"","plus":"","text":"Өте жақсы блендер, маған қатты ұнады, сапасы да жақсы."},"feedback":{"positive":0,"voted":false},"product":{"id":"136423719","name":"LARKO BlendX Pro белый","categoryCode":"Master - Blenders","categoryName":"Блендеры","link":"https://kaspi.kz/shop/p/larko-blendx-pro-belyi-136423719/"},"merchant":{"name":"LARKO-KZ","code":"17629423"},"editable":false,"editedByCustomer":false},{"id":"8a5c6a1595c616b50195e87fd57b26b1","author":"Асыл","date":"31.03.2025","orderNumber":"522345928","rating":5,"comment":{"minus":"","plus":"","text":"Мощный блендер. Сделан качественно. Бутылка легко моется, можно взять с собой приготовленный смузи или коктейль. Не шумный."},"feedback":{"positive":0,"voted":false},"product":{"id":"136423719","name":"LARKO BlendX Pro белый","categoryCode":"Master - Blenders","categoryName":"Блендеры","link":"https://kaspi.kz/shop/p/larko-blendx-pro-belyi-136423719/"},"merchant":{"name":"LARKO-KZ","code":"17629423"},"editable":false,"editedByCustomer":false},{"id":"8a5c9dbc95acfdf50195d659eec15788","author":"Руслан","date":"27.03.2025","orderNumber":"521849735","rating":5,"comment":{"minus":"","plus":"","text":"Купил блендер и очень доволен! Мощный, быстро измельчает. Удобный в использовании, легко моется, а дизайн стильный. Отличный помощник на кухне, теперь готовить смузи и крем-супы – одно удовольствие. Рекомендую."},"feedback":{"positive":0,"voted":false},"product":{"id":"136423719","name":"LARKO BlendX Pro белый","categoryCode":"Master - Blenders","categoryName":"Блендеры","link":"https://kaspi.kz/shop/p/larko-blendx-pro-belyi-136423719/"},"merchant":{"name":"LARKO-KZ","code":"17629423"},"editable":false,"editedByCustomer":false},{"id":"8a5ce3db95acfd640195d5be443d581a","author":"Жанара","date":"27.03.2025","orderNumber":"521833429","rating":5,"comment":{"minus":"","plus":"","text":"Отличный блендер, после первого использования остались только хорошие впечатления. Пришёл товар вовремя. Товар соответствует качеству."},"feedback":{"positive":0,"voted":false},"product":{"id":"136423719","name":"LARKO BlendX Pro белый","categoryCode":"Master - Blenders","categoryName":"Блендеры","link":"https://kaspi.kz/shop/p/larko-blendx-pro-belyi-136423719/"},"merchant":{"name":"LARKO-KZ","code":"17629423"},"editable":false,"editedByCustomer":false},{"id":"8a5ce3db95acfd640195d341bc51538a","author":"Анарбек","date":"26.03.2025","orderNumber":"521728263","rating":5,"comment":{"minus":"","plus":"","text":"Хороший товар, удобная вещь. Для спорт зала для похода на природу. Везде можно."},"feedback":{"positive":0,"voted":false},"product":{"id":"136423719","name":"LARKO BlendX Pro белый","categoryCode":"Master - Blenders","categoryName":"Блендеры","link":"https://kaspi.kz/shop/p/larko-blendx-pro-belyi-136423719/"},"merchant":{"name":"LARKO-KZ","code":"17629423"},"editable":false,"editedByCustomer":false},{"id":"8a5ce3db95acfd640195d29223114ca8","author":"Аида","date":"26.03.2025","orderNumber":"521854002","rating":5,"comment":{"minus":"","plus":"","text":"Отличный портативный блендер! Компактный, мощный и удобный в использовании. Легко справляется с ягодами, мягкими фруктами и даже орехами. Быстро заряжается, держит заряд долго. Идеален для смузи и коктейлей на ходу. Качество пластика хорошее, сборка надежная. Покупкой довольна, рекомендую! Отдельное спасибо магазину за оперативную доставку!"},"feedback":{"positive":0,"voted":false},"product":{"id":"136423719","name":"LARKO BlendX Pro белый","categoryCode":"Master - Blenders","categoryName":"Блендеры","link":"https://kaspi.kz/shop/p/larko-blendx-pro-belyi-136423719/"},"merchant":{"name":"LARKO-KZ","code":"17629423"},"editable":false,"editedByCustomer":false}]}