{"data":[{"id":"8a5cadd194ab5c2a0194ac2c079d015d","author":"Бигуль","date":"28.01.2025","orderNumber":"485090223","rating":5,"comment":{"minus":"","plus":"","text":"Сапасы өте жақсы екен, размер размермен дәл келді. Материалы өте жұмсақ, денеге жағымды. Іштегі майды жақсы жинап тұрады. Кеңес бермін, осы тауарды алсаңыздар өкінбейсіздер."},"feedback":{"positive":0,"voted":false},"galleryImages":[{"id":"485090223-115204005/9d11b52e-b88e-4cd2-83cf-dac5505f9419.jpeg","small":"https://resources.cdn-kaspi.kz/img/p/r/485090223-115204005/9d11b52e-b88e-4cd2-83cf-dac5505f9419.jpeg?format=review_small","medium":"https://resources.cdn-kaspi.kz/img/p/r/485090223-115204005/9d11b52e-b88e-4cd2-83cf-dac5505f9419.jpeg?format=review_medium","large":"https://resources.cdn-kaspi.kz/img/p/r/485090223-115204005/9d11b52e-b88e-4cd2-83cf-dac5505f9419.jpeg?format=review_large"}],"product":{"id":"115204005","name":"Трусы LARKO larkowp утягивающие с высокой талией бежевый L","categoryCode":"Master - Women shapewear","categoryName":"Женское корректирующее белье","link":"https://kaspi.kz/shop/p/trusy-larko-larkowp-utjagivajuschie-s-vysokoi-taliei-bezhevyi-l-115204005/"},"merchant":{"name":"LARKO-KZ","code":"17629423"},"editable":false,"editedByCustomer":false},{"id":"8a5c0415946875a601946b30f6a607b0","author":"Назима","date":"15.01.2025","orderNumber":"477646728","rating":5,"comment":{"minus":"","plus":"","text":"С трудом натянула, наверное так и надо не знаю. Утягивает талию, но живот не совсем утягивает. Качество хорошее, пришёл раньше срока."},"feedback":{"positive":0,"voted":false},"galleryImages":[{"id":"477646728-115204005/fff361f1-7e44-4036-bdcd-a3d51bf0aba3.jpeg","small":"https://resources.cdn-kaspi.kz/img/p/r/477646728-115204005/fff361f1-7e44-4036-bdcd-a3d51bf0aba3.jpeg?format=review_small","medium":"https://resources.cdn-kaspi.kz/img/p/r/477646728-115204005/fff361f1-7e44-4036-bdcd-a3d51bf0aba3.jpeg?format=review_medium","large":"https://resources.cdn-kaspi.kz/img/p/r/477646728-115204005/fff361f1-7e44-4036-bdcd-a3d51bf0aba3.jpeg?format=review_large"}],"product":{"id":"115204005","name":"Трусы LARKO larkowp утягивающие с высокой талией бежевый L","categoryCode":"Master - Women shapewear","categoryName":"Женское корректирующее белье","link":"https://kaspi.kz/shop/p/trusy-larko-larkowp-utjagivajuschie-s-vysokoi-taliei-bezhevyi-l-115204005/"},"merchant":{"name":"LARKO-KZ","code":"17629423"},"editable":false,"editedByCustomer":false},{"id":"8a5ca0a5940195ed01942ca3fb5c42fa","author":"Динара","date":"03.01.2025","orderNumber":"460631384","rating":5,"comment":{"minus":"","plus":"","text":"Отлично утягивает! Спасибо."},"feedback":{"positive":0,"voted":false},"product":{"id":"115204005","name":"Трусы LARKO larkowp утягивающие с высокой талией бежевый L","categoryCode":"Master - Women shapewear","categoryName":"Женское корректирующее белье","link":"https://kaspi.kz/shop/p/trusy-larko-larkowp-utjagivajuschie-s-vysokoi-taliei-bezhevyi-l-115204005/"},"merchant":{"name":"LARKO-KZ","code":"17629423"},"editable":false,"editedByCustomer":false},{"id":"8a5c52919401965e01940907fe1813e3","author":"Динара","date":"27.12.2024","orderNumber":"471392322","rating":5,"comment":{"minus":"","plus":"","text":"Получила трусики, мягкие, приятные к телу, ношу м-л, заказала в размере Л, подошли идеально по размеру. Мой небольшой живот скрыл."},"feedback":{"positive":0,"voted":false},"product":{"id":"115204005","name":"Трусы LARKO larkowp утягивающие с высокой талией бежевый L","categoryCode":"Master - Women shapewear","categoryName":"Женское корректирующее белье","link":"https://kaspi.kz/shop/p/trusy-larko-larkowp-utjagivajuschie-s-vysokoi-taliei-bezhevyi-l-115204005/"},"merchant":{"name":"LARKO-KZ","code":"17629423"},"editable":false,"editedByCustomer":false},{"id":"8a5ccd739395560a0193a1f41df417ed","author":"Анастасия","date":"07.12.2024","orderNumber":"451334558","rating":5,"comment":{"minus":"","plus":"","text":"Удобные, по размеру подошли L на 46! Качество супер, доставили! Доставили раньше срока!"},"feedback":{"positive":0,"voted":false},"product":{"id":"115204005","name":"Трусы LARKO larkowp утягивающие с высокой талией бежевый L","categoryCode":"Master - Women shapewear","categoryName":"Женское корректирующее белье","link":"https://kaspi.kz/shop/p/trusy-larko-larkowp-utjagivajuschie-s-vysokoi-taliei-bezhevyi-l-115204005/"},"merchant":{"name":"LARKO-KZ","code":"17629423"},"editable":false,"editedByCustomer":false},{"id":"8a5c529492750b8001927afead340e21","author":"Сәбила","date":"11.10.2024","orderNumber":"417683184","rating":5,"comment":{"minus":"","plus":"","text":"Керемет."},"feedback":{"positive":0,"voted":false},"product":{"id":"115204005","name":"Трусы LARKO larkowp утягивающие с высокой талией бежевый L","categoryCode":"Master - Women shapewear","categoryName":"Женское корректирующее белье","link":"https://kaspi.kz/shop/p/trusy-larko-larkowp-utjagivajuschie-s-vysokoi-taliei-bezhevyi-l-115204005/"},"merchant":{"name":"LARKO-KZ","code":"17629423"},"editable":false,"editedByCustomer":false},{"id":"8a5c621d917377df0191eadd1094299a","author":"Загира","date":"13.09.2024","orderNumber":"397307845","rating":3,"comment":{"minus":"","plus":"","text":"Вообще не тянет, живет."},"feedback":{"positive":0,"voted":false},"product":{"id":"115204005","name":"Трусы LARKO larkowp утягивающие с высокой талией бежевый L","categoryCode":"Master - Women shapewear","categoryName":"Женское корректирующее белье","link":"https://kaspi.kz/shop/p/trusy-larko-larkowp-utjagivajuschie-s-vysokoi-taliei-bezhevyi-l-115204005/"},"merchant":{"name":"LARKO-KZ","code":"17629423"},"editable":false,"editedByCustomer":false},{"id":"8a5c2573917375d2019194d4f47e3e54","author":"Нургул","date":"27.08.2024","orderNumber":"399784542","rating":5,"comment":{"minus":"","plus":"","text":"Арзан әрі сапалы."},"feedback":{"positive":0,"voted":false},"product":{"id":"115204005","name":"Трусы LARKO larkowp утягивающие с высокой талией бежевый L","categoryCode":"Master - Women shapewear","categoryName":"Женское корректирующее белье","link":"https://kaspi.kz/shop/p/trusy-larko-larkowp-utjagivajuschie-s-vysokoi-taliei-bezhevyi-l-115204005/"},"merchant":{"name":"LARKO-KZ","code":"17629423"},"editable":false,"editedByCustomer":false},{"id":"8a5c555e90b430710190b6b7126d03cf","author":"Ботакөз","date":"15.07.2024","orderNumber":"379587879","rating":5,"comment":{"minus":"","plus":"","text":"Өте ыңғайлы, матасы жұмсақ әрі жағымды. Жақсы тартады. Өз размеріңізді алу керек."},"feedback":{"positive":0,"voted":false},"product":{"id":"115204005","name":"Трусы LARKO larkowp утягивающие с высокой талией бежевый L","categoryCode":"Master - Women shapewear","categoryName":"Женское корректирующее белье","link":"https://kaspi.kz/shop/p/trusy-larko-larkowp-utjagivajuschie-s-vysokoi-taliei-bezhevyi-l-115204005/"},"merchant":{"name":"LARKO-KZ","code":"17629423"},"editable":false,"editedByCustomer":false},{"id":"8a5c3f0d8febcb40018ff2d211b911aa","author":"Нурила","date":"10.06.2024","orderNumber":"364739009","rating":5,"comment":{"minus":"","plus":"","text":"Качество хорошее. Не старайтесь покупать на размер меньше. Рвр. Спасибо продавцу LARKO KZ."},"feedback":{"positive":0,"voted":false},"product":{"id":"115204005","name":"Трусы LARKO larkowp утягивающие с высокой талией бежевый L","categoryCode":"Master - Women shapewear","categoryName":"Женское корректирующее белье","link":"https://kaspi.kz/shop/p/trusy-larko-larkowp-utjagivajuschie-s-vysokoi-taliei-bezhevyi-l-115204005/"},"merchant":{"name":"LARKO-KZ","code":"17629423"},"editable":false,"editedByCustomer":false},{"id":"8a5c1df88dc4424e018dca3683d10513","author":"Шолпан","date":"21.02.2024","orderNumber":"326299570","rating":5,"comment":{"minus":"","plus":"","text":"Доставили оперативно, товар очень хороший, качественный, рекомендую."},"feedback":{"positive":0,"voted":false},"product":{"id":"115204005","name":"Трусы LARKO larkowp утягивающие с высокой талией бежевый L","categoryCode":"Master - Women shapewear","categoryName":"Женское корректирующее белье","link":"https://kaspi.kz/shop/p/trusy-larko-larkowp-utjagivajuschie-s-vysokoi-taliei-bezhevyi-l-115204005/"},"merchant":{"name":"LARKO-KZ","code":"17629423"},"editable":false,"editedByCustomer":false},{"id":"8a5c04358d10220d018d1cf744371e8d","author":"Мендикиз","date":"18.01.2024","orderNumber":"317387340","rating":5,"comment":{"minus":"","plus":"","text":"Уже 2 раз заказываем, все супер."},"feedback":{"positive":0,"voted":false},"product":{"id":"115204005","name":"Трусы LARKO larkowp утягивающие с высокой талией бежевый L","categoryCode":"Master - Women shapewear","categoryName":"Женское корректирующее белье","link":"https://kaspi.kz/shop/p/trusy-larko-larkowp-utjagivajuschie-s-vysokoi-taliei-bezhevyi-l-115204005/"},"merchant":{"name":"LARKO-KZ","code":"17629423"},"editable":false,"editedByCustomer":false},{"id":"8a5cf7838ce246e5018ce307387a0143","author":"Айша","date":"07.01.2024","orderNumber":"314307091","rating":5,"comment":{"minus":"","plus":"","text":"Хороший товар, хорошо утягивает, мне понравился."},"feedback":{"positive":0,"voted":false},"product":{"id":"115204005","name":"Трусы LARKO larkowp утягивающие с высокой талией бежевый L","categoryCode":"Master - Women shapewear","categoryName":"Женское корректирующее белье","link":"https://kaspi.kz/shop/p/trusy-larko-larkowp-utjagivajuschie-s-vysokoi-taliei-bezhevyi-l-115204005/"},"merchant":{"name":"LARKO-KZ","code":"17629423"},"editable":false,"editedByCustomer":false},{"id":"8a5c7abd8ca51083018cc178ec0034aa","author":"Alina","date":"01.01.2024","orderNumber":"312299916","rating":4,"comment":{"minus":"","plus":"","text":"Хорошо утягивает."},"feedback":{"positive":0,"voted":false},"product":{"id":"115204005","name":"Трусы LARKO larkowp утягивающие с высокой талией бежевый L","categoryCode":"Master - Women shapewear","categoryName":"Женское корректирующее белье","link":"https://kaspi.kz/shop/p/trusy-larko-larkowp-utjagivajuschie-s-vysokoi-taliei-bezhevyi-l-115204005/"},"merchant":{"name":"LARKO-KZ","code":"17629423"},"editable":false,"editedByCustomer":false}]}