{"data":[{"id":"8a5c02349618f32b01963377ea007e01","author":"Саида","date":"14.04.2025","orderNumber":"529950248","rating":5,"comment":{"minus":"","plus":"","text":"Чулки супер, материал отличный и спадают, доставка главное пришла быстро."},"feedback":{"positive":0,"voted":false},"product":{"id":"128087719","name":"LARKO чулки Сompression класс компрессии 2 бежевый XXL","categoryCode":"Master - Medical compression hosiery","categoryName":"Компрессионный трикотаж","link":"https://kaspi.kz/shop/p/larko-chulki-sompression-klass-kompressii-2-bezhevyi-xxl-128087719/"},"merchant":{"name":"LARKO-KZ","code":"17629423"},"editable":false,"editedByCustomer":false},{"id":"8a5cadc29618f2fa01963375684d7ea4","author":"Камиль","date":"14.04.2025","orderNumber":"530382421","rating":5,"comment":{"minus":"","plus":"","text":"Чулки отличные, я не думал, что Китай делает такие качественные чулки."},"feedback":{"positive":0,"voted":false},"product":{"id":"128087719","name":"LARKO чулки Сompression класс компрессии 2 бежевый XXL","categoryCode":"Master - Medical compression hosiery","categoryName":"Компрессионный трикотаж","link":"https://kaspi.kz/shop/p/larko-chulki-sompression-klass-kompressii-2-bezhevyi-xxl-128087719/"},"merchant":{"name":"LARKO-KZ","code":"17629423"},"editable":false,"editedByCustomer":false},{"id":"8a5c5a81962d402301962dd26f510137","author":"Кәмшат","date":"13.04.2025","orderNumber":"529235963","rating":5,"comment":{"minus":"","plus":"","text":"Очень хорошие чулки за такую цену, в аптеках в два раза дороже."},"feedback":{"positive":0,"voted":false},"product":{"id":"128087719","name":"LARKO чулки Сompression класс компрессии 2 бежевый XXL","categoryCode":"Master - Medical compression hosiery","categoryName":"Компрессионный трикотаж","link":"https://kaspi.kz/shop/p/larko-chulki-sompression-klass-kompressii-2-bezhevyi-xxl-128087719/"},"merchant":{"name":"LARKO-KZ","code":"17629423"},"editable":false,"editedByCustomer":false},{"id":"8a5cadc29618f2fa01961a2a647b0aff","author":"Индира","date":"09.04.2025","orderNumber":"526234651","rating":5,"comment":{"minus":"","plus":"","text":"Чулки классные."},"feedback":{"positive":0,"voted":false},"product":{"id":"128087719","name":"LARKO чулки Сompression класс компрессии 2 бежевый XXL","categoryCode":"Master - Medical compression hosiery","categoryName":"Компрессионный трикотаж","link":"https://kaspi.kz/shop/p/larko-chulki-sompression-klass-kompressii-2-bezhevyi-xxl-128087719/"},"merchant":{"name":"LARKO-KZ","code":"17629423"},"editable":false,"editedByCustomer":false},{"id":"8a5c67ce960e30a10196109735430eaa","author":"Шолпан","date":"07.04.2025","orderNumber":"528814457","rating":5,"comment":{"minus":"","plus":"","text":"Чулки компрессионные очень хорошего качества. Плотные, но вместе с тем мягкие. Хорошо облегают ногу, не вызывают дискомфорта. Резинка хорошо держит. Идет дополнительно специальный следок/носок облегчающий надевание чулка. Покупкой довольна. Большое спасибо магазину LARKO KZ за быструю оперативную доставку и вежливое обслуживание!"},"feedback":{"positive":0,"voted":false},"product":{"id":"128087719","name":"LARKO чулки Сompression класс компрессии 2 бежевый XXL","categoryCode":"Master - Medical compression hosiery","categoryName":"Компрессионный трикотаж","link":"https://kaspi.kz/shop/p/larko-chulki-sompression-klass-kompressii-2-bezhevyi-xxl-128087719/"},"merchant":{"name":"LARKO-KZ","code":"17629423"},"editable":false,"editedByCustomer":false},{"id":"8a5c580695acfd8b0195ec3e662b4836","author":"Перизат","date":"03.04.2025","orderNumber":"522462542","rating":5,"comment":{"minus":"","plus":"","text":"Чулки отличные, на 50 раз взяла 2хл, можно хл взять подошли бы точь в точь. Не спадает, держится хорошо. Носок открытый, это мне нравится. Цвет натурально бежевый, нежный. Советую к покупке."},"feedback":{"positive":0,"voted":false},"product":{"id":"128087719","name":"LARKO чулки Сompression класс компрессии 2 бежевый XXL","categoryCode":"Master - Medical compression hosiery","categoryName":"Компрессионный трикотаж","link":"https://kaspi.kz/shop/p/larko-chulki-sompression-klass-kompressii-2-bezhevyi-xxl-128087719/"},"merchant":{"name":"LARKO-KZ","code":"17629423"},"editable":false,"editedByCustomer":false},{"id":"8a5c983994ab5d4e0194c7ce9a662ddd","author":"Светлана","date":"02.02.2025","orderNumber":"488692958","rating":5,"comment":{"minus":"","plus":"","text":"Спасибо, товар отличный, пришел вовремя, качество на первый взгляд."},"feedback":{"positive":0,"voted":false},"product":{"id":"128087719","name":"LARKO чулки Сompression класс компрессии 2 бежевый XXL","categoryCode":"Master - Medical compression hosiery","categoryName":"Компрессионный трикотаж","link":"https://kaspi.kz/shop/p/larko-chulki-sompression-klass-kompressii-2-bezhevyi-xxl-128087719/"},"merchant":{"name":"LARKO-KZ","code":"17629423"},"editable":false,"editedByCustomer":false},{"id":"8a5c0c399401957c0194515708416927","author":"Самал","date":"10.01.2025","orderNumber":"477828066","rating":5,"comment":{"minus":"","plus":"","text":"Товардың сапасы жақсы, тек размер келмейді қалды."},"feedback":{"positive":0,"voted":false},"product":{"id":"128087719","name":"LARKO чулки Сompression класс компрессии 2 бежевый XXL","categoryCode":"Master - Medical compression hosiery","categoryName":"Компрессионный трикотаж","link":"https://kaspi.kz/shop/p/larko-chulki-sompression-klass-kompressii-2-bezhevyi-xxl-128087719/"},"merchant":{"name":"LARKO-KZ","code":"17629423"},"editable":false,"editedByCustomer":false},{"id":"8a5c5c9f931b210701931b2c980d0019","author":"Жанат","date":"11.11.2024","orderNumber":"439639016","rating":5,"comment":{"minus":"","plus":"","text":"Отличные чулки, для беременным самый раз."},"feedback":{"positive":1,"voted":false},"galleryImages":[{"id":"439639016-128087719/b227d0cd-dde1-445b-bcf4-dab7d83a8325.jpeg","small":"https://resources.cdn-kaspi.kz/img/p/r/439639016-128087719/b227d0cd-dde1-445b-bcf4-dab7d83a8325.jpeg?format=review_small","medium":"https://resources.cdn-kaspi.kz/img/p/r/439639016-128087719/b227d0cd-dde1-445b-bcf4-dab7d83a8325.jpeg?format=review_medium","large":"https://resources.cdn-kaspi.kz/img/p/r/439639016-128087719/b227d0cd-dde1-445b-bcf4-dab7d83a8325.jpeg?format=review_large"},{"id":"439639016-128087719/c4f734eb-93be-4ad9-89af-bc788a04015c.jpeg","small":"https://resources.cdn-kaspi.kz/img/p/r/439639016-128087719/c4f734eb-93be-4ad9-89af-bc788a04015c.jpeg?format=review_small","medium":"https://resources.cdn-kaspi.kz/img/p/r/439639016-128087719/c4f734eb-93be-4ad9-89af-bc788a04015c.jpeg?format=review_medium","large":"https://resources.cdn-kaspi.kz/img/p/r/439639016-128087719/c4f734eb-93be-4ad9-89af-bc788a04015c.jpeg?format=review_large"}],"product":{"id":"128087719","name":"LARKO чулки Сompression класс компрессии 2 бежевый XXL","categoryCode":"Master - Medical compression hosiery","categoryName":"Компрессионный трикотаж","link":"https://kaspi.kz/shop/p/larko-chulki-sompression-klass-kompressii-2-bezhevyi-xxl-128087719/"},"merchant":{"name":"LARKO-KZ","code":"17629423"},"editable":false,"editedByCustomer":false}]}