{"data":[{"id":"8a5c54a8964c16f601965cbf161d4149","author":"Ербол","date":"22.04.2025","orderNumber":"535954408","rating":5,"comment":{"minus":"","plus":"","text":"Полезный мультитул, не занимает места. Отверткой уже пользовался. Для фигурного надо осторожно, но выручает. Спасибо магазину Larko-kz и Каспи за быструю доставку."},"feedback":{"positive":0,"voted":false},"product":{"id":"131500582","name":"LARKO multibrelok серебристый","categoryCode":"Master - Multitools","categoryName":"Мультитулы","link":"https://kaspi.kz/shop/p/larko-multibrelok-serebristyi-131500582/"},"merchant":{"name":"LARKO-KZ","code":"17629423"},"editable":false,"editedByCustomer":false},{"id":"8a5c196b95dabaad0195db2e5cde00ed","author":"Адиль","date":"28.03.2025","orderNumber":"521430886","rating":5,"comment":{"minus":"","plus":"","text":"Получил товар вовремя, товар очень понравился, можно использовать как брелок, кроме этого товара заказывал другие, и как раз использовал для открытия упаковок, удобная и полезная вещь, из минусов немного имеет массу, но думаю из-за качества самого материала, чтобы не изгибалась и сломалась! Продавцу огромное спасибо!"},"feedback":{"positive":0,"voted":false},"galleryImages":[{"id":"521430886-131500582/5c8418a3-1950-4d19-b6b6-d527e2d6b337.jpeg","small":"https://resources.cdn-kaspi.kz/img/p/r/521430886-131500582/5c8418a3-1950-4d19-b6b6-d527e2d6b337.jpeg?format=review_small","medium":"https://resources.cdn-kaspi.kz/img/p/r/521430886-131500582/5c8418a3-1950-4d19-b6b6-d527e2d6b337.jpeg?format=review_medium","large":"https://resources.cdn-kaspi.kz/img/p/r/521430886-131500582/5c8418a3-1950-4d19-b6b6-d527e2d6b337.jpeg?format=review_large"},{"id":"521430886-131500582/6a1bd5a9-7c95-42ec-9d43-35620c4d4ef2.jpeg","small":"https://resources.cdn-kaspi.kz/img/p/r/521430886-131500582/6a1bd5a9-7c95-42ec-9d43-35620c4d4ef2.jpeg?format=review_small","medium":"https://resources.cdn-kaspi.kz/img/p/r/521430886-131500582/6a1bd5a9-7c95-42ec-9d43-35620c4d4ef2.jpeg?format=review_medium","large":"https://resources.cdn-kaspi.kz/img/p/r/521430886-131500582/6a1bd5a9-7c95-42ec-9d43-35620c4d4ef2.jpeg?format=review_large"},{"id":"521430886-131500582/fd0558a1-f8de-4229-be6f-17e1d490eea4.jpeg","small":"https://resources.cdn-kaspi.kz/img/p/r/521430886-131500582/fd0558a1-f8de-4229-be6f-17e1d490eea4.jpeg?format=review_small","medium":"https://resources.cdn-kaspi.kz/img/p/r/521430886-131500582/fd0558a1-f8de-4229-be6f-17e1d490eea4.jpeg?format=review_medium","large":"https://resources.cdn-kaspi.kz/img/p/r/521430886-131500582/fd0558a1-f8de-4229-be6f-17e1d490eea4.jpeg?format=review_large"},{"id":"521430886-131500582/52309895-29ef-4644-89b2-6dd7ca619f68.jpeg","small":"https://resources.cdn-kaspi.kz/img/p/r/521430886-131500582/52309895-29ef-4644-89b2-6dd7ca619f68.jpeg?format=review_small","medium":"https://resources.cdn-kaspi.kz/img/p/r/521430886-131500582/52309895-29ef-4644-89b2-6dd7ca619f68.jpeg?format=review_medium","large":"https://resources.cdn-kaspi.kz/img/p/r/521430886-131500582/52309895-29ef-4644-89b2-6dd7ca619f68.jpeg?format=review_large"},{"id":"521430886-131500582/55202d96-e9f2-4cab-a220-2ba6f39a713e.jpeg","small":"https://resources.cdn-kaspi.kz/img/p/r/521430886-131500582/55202d96-e9f2-4cab-a220-2ba6f39a713e.jpeg?format=review_small","medium":"https://resources.cdn-kaspi.kz/img/p/r/521430886-131500582/55202d96-e9f2-4cab-a220-2ba6f39a713e.jpeg?format=review_medium","large":"https://resources.cdn-kaspi.kz/img/p/r/521430886-131500582/55202d96-e9f2-4cab-a220-2ba6f39a713e.jpeg?format=review_large"}],"product":{"id":"131500582","name":"LARKO multibrelok серебристый","categoryCode":"Master - Multitools","categoryName":"Мультитулы","link":"https://kaspi.kz/shop/p/larko-multibrelok-serebristyi-131500582/"},"merchant":{"name":"LARKO-KZ","code":"17629423"},"editable":false,"editedByCustomer":false},{"id":"8a5c6a2494cbc2d70194cfef89c00594","author":"Нұркен","date":"04.02.2025","orderNumber":"489249751","rating":5,"comment":{"minus":"","plus":"","text":"Удобный, и по необходимости свою функцию выполняет."},"feedback":{"positive":0,"voted":false},"galleryImages":[{"id":"489249751-131500582/47ce1850-5358-4397-90b6-0fa376220c36.jpeg","small":"https://resources.cdn-kaspi.kz/img/p/r/489249751-131500582/47ce1850-5358-4397-90b6-0fa376220c36.jpeg?format=review_small","medium":"https://resources.cdn-kaspi.kz/img/p/r/489249751-131500582/47ce1850-5358-4397-90b6-0fa376220c36.jpeg?format=review_medium","large":"https://resources.cdn-kaspi.kz/img/p/r/489249751-131500582/47ce1850-5358-4397-90b6-0fa376220c36.jpeg?format=review_large"},{"id":"489249751-131500582/c004d333-ecdb-4168-b831-c263cdb03b15.jpeg","small":"https://resources.cdn-kaspi.kz/img/p/r/489249751-131500582/c004d333-ecdb-4168-b831-c263cdb03b15.jpeg?format=review_small","medium":"https://resources.cdn-kaspi.kz/img/p/r/489249751-131500582/c004d333-ecdb-4168-b831-c263cdb03b15.jpeg?format=review_medium","large":"https://resources.cdn-kaspi.kz/img/p/r/489249751-131500582/c004d333-ecdb-4168-b831-c263cdb03b15.jpeg?format=review_large"},{"id":"489249751-131500582/0c201db9-1ceb-440e-8cff-c6efa209d361.jpeg","small":"https://resources.cdn-kaspi.kz/img/p/r/489249751-131500582/0c201db9-1ceb-440e-8cff-c6efa209d361.jpeg?format=review_small","medium":"https://resources.cdn-kaspi.kz/img/p/r/489249751-131500582/0c201db9-1ceb-440e-8cff-c6efa209d361.jpeg?format=review_medium","large":"https://resources.cdn-kaspi.kz/img/p/r/489249751-131500582/0c201db9-1ceb-440e-8cff-c6efa209d361.jpeg?format=review_large"}],"product":{"id":"131500582","name":"LARKO multibrelok серебристый","categoryCode":"Master - Multitools","categoryName":"Мультитулы","link":"https://kaspi.kz/shop/p/larko-multibrelok-serebristyi-131500582/"},"merchant":{"name":"LARKO-KZ","code":"17629423"},"editable":false,"editedByCustomer":false},{"id":"8a5c1c9894c50ee70194c5b2832900a7","author":"Рафаэль","date":"02.02.2025","orderNumber":"486699976","rating":5,"comment":{"minus":"","plus":"","text":"На вид добротное изделие. Еще не применял."},"feedback":{"positive":0,"voted":false},"galleryImages":[{"id":"486699976-131500582/18acd559-bbc4-462c-8138-bfe16b263801.jpeg","small":"https://resources.cdn-kaspi.kz/img/p/r/486699976-131500582/18acd559-bbc4-462c-8138-bfe16b263801.jpeg?format=review_small","medium":"https://resources.cdn-kaspi.kz/img/p/r/486699976-131500582/18acd559-bbc4-462c-8138-bfe16b263801.jpeg?format=review_medium","large":"https://resources.cdn-kaspi.kz/img/p/r/486699976-131500582/18acd559-bbc4-462c-8138-bfe16b263801.jpeg?format=review_large"},{"id":"486699976-131500582/440dd627-10c1-427e-8ea4-f6ff3ebbdafc.jpeg","small":"https://resources.cdn-kaspi.kz/img/p/r/486699976-131500582/440dd627-10c1-427e-8ea4-f6ff3ebbdafc.jpeg?format=review_small","medium":"https://resources.cdn-kaspi.kz/img/p/r/486699976-131500582/440dd627-10c1-427e-8ea4-f6ff3ebbdafc.jpeg?format=review_medium","large":"https://resources.cdn-kaspi.kz/img/p/r/486699976-131500582/440dd627-10c1-427e-8ea4-f6ff3ebbdafc.jpeg?format=review_large"},{"id":"486699976-131500582/544b446b-1e04-4597-99ba-359db07feba5.jpeg","small":"https://resources.cdn-kaspi.kz/img/p/r/486699976-131500582/544b446b-1e04-4597-99ba-359db07feba5.jpeg?format=review_small","medium":"https://resources.cdn-kaspi.kz/img/p/r/486699976-131500582/544b446b-1e04-4597-99ba-359db07feba5.jpeg?format=review_medium","large":"https://resources.cdn-kaspi.kz/img/p/r/486699976-131500582/544b446b-1e04-4597-99ba-359db07feba5.jpeg?format=review_large"}],"product":{"id":"131500582","name":"LARKO multibrelok серебристый","categoryCode":"Master - Multitools","categoryName":"Мультитулы","link":"https://kaspi.kz/shop/p/larko-multibrelok-serebristyi-131500582/"},"merchant":{"name":"LARKO-KZ","code":"17629423"},"editable":false,"editedByCustomer":false},{"id":"8a5c582e949155fe019491575ca40000","author":"Владимир","date":"23.01.2025","orderNumber":"479602798","rating":5,"comment":{"minus":"","plus":"","text":"Хороший прикольный брелок."},"feedback":{"positive":0,"voted":false},"product":{"id":"131500582","name":"LARKO multibrelok серебристый","categoryCode":"Master - Multitools","categoryName":"Мультитулы","link":"https://kaspi.kz/shop/p/larko-multibrelok-serebristyi-131500582/"},"merchant":{"name":"LARKO-KZ","code":"17629423"},"editable":false,"editedByCustomer":false},{"id":"8a5c44a0946875c801947dba13d022e7","author":"Айым","date":"19.01.2025","orderNumber":"479878183","rating":1,"comment":{"minus":"","plus":"","text":"Обманка но ауырлау как открывашка ретінде қолданса болад а так 23 несі не стоит."},"feedback":{"positive":1,"voted":false},"product":{"id":"131500582","name":"LARKO multibrelok серебристый","categoryCode":"Master - Multitools","categoryName":"Мультитулы","link":"https://kaspi.kz/shop/p/larko-multibrelok-serebristyi-131500582/"},"merchant":{"name":"LARKO-KZ","code":"17629423"},"editable":false,"editedByCustomer":false},{"id":"8a5c51fd946875a601946b9aba9a07c4","author":"Данияр","date":"16.01.2025","orderNumber":"479271179","rating":5,"comment":{"minus":"","plus":"","text":"Качество супер."},"feedback":{"positive":0,"voted":false},"product":{"id":"131500582","name":"LARKO multibrelok серебристый","categoryCode":"Master - Multitools","categoryName":"Мультитулы","link":"https://kaspi.kz/shop/p/larko-multibrelok-serebristyi-131500582/"},"merchant":{"name":"LARKO-KZ","code":"17629423"},"editable":false,"editedByCustomer":false},{"id":"8a5c2f43940196110194590e82fa700a","author":"Ержан","date":"12.01.2025","orderNumber":"477399281","rating":4,"comment":{"minus":"","plus":"","text":"Толстенький тяжеленький, но в целом норм."},"feedback":{"positive":0,"voted":false},"galleryImages":[{"id":"477399281-131500582/3d434c2b-8b60-4286-bdfd-a38d4ecb17a4.jpeg","small":"https://resources.cdn-kaspi.kz/img/p/r/477399281-131500582/3d434c2b-8b60-4286-bdfd-a38d4ecb17a4.jpeg?format=review_small","medium":"https://resources.cdn-kaspi.kz/img/p/r/477399281-131500582/3d434c2b-8b60-4286-bdfd-a38d4ecb17a4.jpeg?format=review_medium","large":"https://resources.cdn-kaspi.kz/img/p/r/477399281-131500582/3d434c2b-8b60-4286-bdfd-a38d4ecb17a4.jpeg?format=review_large"},{"id":"477399281-131500582/9a82ba38-9e9c-4b3d-93c0-e9c0c66807ad.jpeg","small":"https://resources.cdn-kaspi.kz/img/p/r/477399281-131500582/9a82ba38-9e9c-4b3d-93c0-e9c0c66807ad.jpeg?format=review_small","medium":"https://resources.cdn-kaspi.kz/img/p/r/477399281-131500582/9a82ba38-9e9c-4b3d-93c0-e9c0c66807ad.jpeg?format=review_medium","large":"https://resources.cdn-kaspi.kz/img/p/r/477399281-131500582/9a82ba38-9e9c-4b3d-93c0-e9c0c66807ad.jpeg?format=review_large"}],"product":{"id":"131500582","name":"LARKO multibrelok серебристый","categoryCode":"Master - Multitools","categoryName":"Мультитулы","link":"https://kaspi.kz/shop/p/larko-multibrelok-serebristyi-131500582/"},"merchant":{"name":"LARKO-KZ","code":"17629423"},"editable":false,"editedByCustomer":false},{"id":"8a5c221e940195a20194074132a40c5a","author":"Надежда","date":"27.12.2024","orderNumber":"470512473","rating":5,"comment":{"minus":"","plus":"","text":"Необычный, забавно на подарок, мелочь, но приятно. Металл прочный, выглядит интересно. Сыну понравился!"},"feedback":{"positive":0,"voted":false},"product":{"id":"131500582","name":"LARKO multibrelok серебристый","categoryCode":"Master - Multitools","categoryName":"Мультитулы","link":"https://kaspi.kz/shop/p/larko-multibrelok-serebristyi-131500582/"},"merchant":{"name":"LARKO-KZ","code":"17629423"},"editable":false,"editedByCustomer":false}]}