{"data":[{"id":"8a5c9dbc95acfdf50195dc29614e737b","author":"Елдос","date":"28.03.2025","orderNumber":"521314451","rating":5,"comment":{"minus":"","plus":"","text":"Футболка классная, качественная."},"feedback":{"positive":0,"voted":false},"product":{"id":"110220204","name":"Футболка LARKO tshirt L, XL","categoryCode":"Master - Clothes for slimming","categoryName":"Одежда для похудения","link":"https://kaspi.kz/shop/p/futbolka-larko-tshirt-l-xl-110220204/"},"merchant":{"name":"LARKO-KZ","code":"17629423"},"editable":false,"editedByCustomer":false},{"id":"8a5c406f95b9a69c0195ba1aa2ec0225","author":"Ақмарал","date":"22.03.2025","orderNumber":"517239653","rating":5,"comment":{"minus":"","plus":"","text":"Рахмет уақытылы жеткізілді, размер тура келді, сапасыда суреттегідей,."},"feedback":{"positive":1,"voted":false},"product":{"id":"110220204","name":"Футболка LARKO tshirt L, XL","categoryCode":"Master - Clothes for slimming","categoryName":"Одежда для похудения","link":"https://kaspi.kz/shop/p/futbolka-larko-tshirt-l-xl-110220204/"},"merchant":{"name":"LARKO-KZ","code":"17629423"},"editable":false,"editedByCustomer":false},{"id":"8a5ceb3f9588ccbd01958f1185af2933","author":"Сабина","date":"13.03.2025","orderNumber":"511410283","rating":5,"comment":{"minus":"","plus":"","text":"Футболка классная. Брала для брата, ему очень понравилось. И качество супер. Советую."},"feedback":{"positive":0,"voted":false},"product":{"id":"110220204","name":"Футболка LARKO tshirt L, XL","categoryCode":"Master - Clothes for slimming","categoryName":"Одежда для похудения","link":"https://kaspi.kz/shop/p/futbolka-larko-tshirt-l-xl-110220204/"},"merchant":{"name":"LARKO-KZ","code":"17629423"},"editable":false,"editedByCustomer":false},{"id":"8a5c2f4694cbc3ba0194ccfc8d3303bf","author":"Нұрбек","date":"03.02.2025","orderNumber":"486367743","rating":5,"comment":{"minus":"","plus":"","text":"Товарды уақытылы алдым. Өте жақсы сапада екен, жақсы терлетеді, досыма сыйлық етіп бердім, маған сәл тарлау болып қалды, өзіме үлкен размерін тағы."},"feedback":{"positive":0,"voted":false},"product":{"id":"110220204","name":"Футболка LARKO tshirt L, XL","categoryCode":"Master - Clothes for slimming","categoryName":"Одежда для похудения","link":"https://kaspi.kz/shop/p/futbolka-larko-tshirt-l-xl-110220204/"},"merchant":{"name":"LARKO-KZ","code":"17629423"},"editable":false,"editedByCustomer":false},{"id":"8a5c549e94ab5cfd0194c61ddcb82a93","author":"Арман","date":"02.02.2025","orderNumber":"488295916","rating":5,"comment":{"minus":"","plus":"","text":"Отличная футболка."},"feedback":{"positive":0,"voted":false},"product":{"id":"110220204","name":"Футболка LARKO tshirt L, XL","categoryCode":"Master - Clothes for slimming","categoryName":"Одежда для похудения","link":"https://kaspi.kz/shop/p/futbolka-larko-tshirt-l-xl-110220204/"},"merchant":{"name":"LARKO-KZ","code":"17629423"},"editable":false,"editedByCustomer":true},{"id":"8a5c582e949155fe0194930576460299","author":"Гюняш","date":"23.01.2025","orderNumber":"484274204","rating":5,"comment":{"minus":"","plus":"","text":"Реально крутая футболка."},"feedback":{"positive":0,"voted":false},"galleryImages":[{"id":"484274204-110220204/a59840f5-1c29-4453-ac9c-125da72b01ca.jpeg","small":"https://resources.cdn-kaspi.kz/img/p/r/484274204-110220204/a59840f5-1c29-4453-ac9c-125da72b01ca.jpeg?format=review_small","medium":"https://resources.cdn-kaspi.kz/img/p/r/484274204-110220204/a59840f5-1c29-4453-ac9c-125da72b01ca.jpeg?format=review_medium","large":"https://resources.cdn-kaspi.kz/img/p/r/484274204-110220204/a59840f5-1c29-4453-ac9c-125da72b01ca.jpeg?format=review_large"},{"id":"484274204-110220204/93ccd031-85fa-4977-8198-2be8f202369a.jpeg","small":"https://resources.cdn-kaspi.kz/img/p/r/484274204-110220204/93ccd031-85fa-4977-8198-2be8f202369a.jpeg?format=review_small","medium":"https://resources.cdn-kaspi.kz/img/p/r/484274204-110220204/93ccd031-85fa-4977-8198-2be8f202369a.jpeg?format=review_medium","large":"https://resources.cdn-kaspi.kz/img/p/r/484274204-110220204/93ccd031-85fa-4977-8198-2be8f202369a.jpeg?format=review_large"},{"id":"484274204-110220204/cd9948b7-94a9-40c8-8b14-e2c6c61c5779.jpeg","small":"https://resources.cdn-kaspi.kz/img/p/r/484274204-110220204/cd9948b7-94a9-40c8-8b14-e2c6c61c5779.jpeg?format=review_small","medium":"https://resources.cdn-kaspi.kz/img/p/r/484274204-110220204/cd9948b7-94a9-40c8-8b14-e2c6c61c5779.jpeg?format=review_medium","large":"https://resources.cdn-kaspi.kz/img/p/r/484274204-110220204/cd9948b7-94a9-40c8-8b14-e2c6c61c5779.jpeg?format=review_large"}],"product":{"id":"110220204","name":"Футболка LARKO tshirt L, XL","categoryCode":"Master - Clothes for slimming","categoryName":"Одежда для похудения","link":"https://kaspi.kz/shop/p/futbolka-larko-tshirt-l-xl-110220204/"},"merchant":{"name":"LARKO-KZ","code":"17629423"},"editable":false,"editedByCustomer":false},{"id":"8a5c581094019515019464ce72a3008f","author":"Абзал","date":"15.01.2025","orderNumber":"477353074","rating":1,"comment":{"minus":"","plus":"","text":"Берите на 2 размера больше, а то (возврата нет)."},"feedback":{"positive":0,"voted":false},"product":{"id":"110220204","name":"Футболка LARKO tshirt L, XL","categoryCode":"Master - Clothes for slimming","categoryName":"Одежда для похудения","link":"https://kaspi.kz/shop/p/futbolka-larko-tshirt-l-xl-110220204/"},"merchant":{"name":"LARKO-KZ","code":"17629423"},"editable":false,"editedByCustomer":false},{"id":"8a5c67f993b3c52a0193b51ebfae0333","author":"Тілек","date":"11.12.2024","orderNumber":"457791681","rating":4,"comment":{"minus":"","plus":"","text":"Спасибо, размер подошел отлично."},"feedback":{"positive":1,"voted":false},"product":{"id":"110220204","name":"Футболка LARKO tshirt L, XL","categoryCode":"Master - Clothes for slimming","categoryName":"Одежда для похудения","link":"https://kaspi.kz/shop/p/futbolka-larko-tshirt-l-xl-110220204/"},"merchant":{"name":"LARKO-KZ","code":"17629423"},"editable":false,"editedByCustomer":false},{"id":"8a5cd510938f9fd7019392052e8f0466","author":"Гавхаржон","date":"04.12.2024","orderNumber":"455054439","rating":5,"comment":{"minus":"","plus":"","text":"Футболка прям классная. Мужу понравился. Магазин Larko-kz спасибо вам за качественный товар."},"feedback":{"positive":0,"voted":false},"product":{"id":"110220204","name":"Футболка LARKO tshirt L, XL","categoryCode":"Master - Clothes for slimming","categoryName":"Одежда для похудения","link":"https://kaspi.kz/shop/p/futbolka-larko-tshirt-l-xl-110220204/"},"merchant":{"name":"LARKO-KZ","code":"17629423"},"editable":false,"editedByCustomer":false},{"id":"8a5c9c779347bd890193645dd2b929b3","author":"Аслан","date":"27.11.2024","orderNumber":"449070462","rating":5,"comment":{"minus":"","plus":"","text":"Супер товар! Размер в точку."},"feedback":{"positive":0,"voted":false},"galleryImages":[{"id":"449070462-110220204/811247d7-19c9-481e-87d3-9881dc8de105.jpeg","small":"https://resources.cdn-kaspi.kz/img/p/r/449070462-110220204/811247d7-19c9-481e-87d3-9881dc8de105.jpeg?format=review_small","medium":"https://resources.cdn-kaspi.kz/img/p/r/449070462-110220204/811247d7-19c9-481e-87d3-9881dc8de105.jpeg?format=review_medium","large":"https://resources.cdn-kaspi.kz/img/p/r/449070462-110220204/811247d7-19c9-481e-87d3-9881dc8de105.jpeg?format=review_large"},{"id":"449070462-110220204/d24be294-bbc8-46cb-9b8f-4e6745e4362f.jpeg","small":"https://resources.cdn-kaspi.kz/img/p/r/449070462-110220204/d24be294-bbc8-46cb-9b8f-4e6745e4362f.jpeg?format=review_small","medium":"https://resources.cdn-kaspi.kz/img/p/r/449070462-110220204/d24be294-bbc8-46cb-9b8f-4e6745e4362f.jpeg?format=review_medium","large":"https://resources.cdn-kaspi.kz/img/p/r/449070462-110220204/d24be294-bbc8-46cb-9b8f-4e6745e4362f.jpeg?format=review_large"}],"product":{"id":"110220204","name":"Футболка LARKO tshirt L, XL","categoryCode":"Master - Clothes for slimming","categoryName":"Одежда для похудения","link":"https://kaspi.kz/shop/p/futbolka-larko-tshirt-l-xl-110220204/"},"merchant":{"name":"LARKO-KZ","code":"17629423"},"editable":false,"editedByCustomer":false},{"id":"8a5c64df9366cb4701936c7c8387090a","author":"Арай","date":"27.11.2024","orderNumber":"451301477","rating":5,"comment":{"minus":"","plus":"","text":"Өте жақсы сапа."},"feedback":{"positive":1,"voted":false},"product":{"id":"110220204","name":"Футболка LARKO tshirt L, XL","categoryCode":"Master - Clothes for slimming","categoryName":"Одежда для похудения","link":"https://kaspi.kz/shop/p/futbolka-larko-tshirt-l-xl-110220204/"},"merchant":{"name":"LARKO-KZ","code":"17629423"},"editable":false,"editedByCustomer":false},{"id":"8a5c60d59366cb970193691faba105bf","author":"Дилмурод","date":"26.11.2024","orderNumber":"447339206","rating":5,"comment":{"minus":"","plus":"","text":"Футболка хорошего качества и по размеру подходит. Пока еще не тестировал."},"feedback":{"positive":0,"voted":false},"product":{"id":"110220204","name":"Футболка LARKO tshirt L, XL","categoryCode":"Master - Clothes for slimming","categoryName":"Одежда для похудения","link":"https://kaspi.kz/shop/p/futbolka-larko-tshirt-l-xl-110220204/"},"merchant":{"name":"LARKO-KZ","code":"17629423"},"editable":false,"editedByCustomer":false},{"id":"8a5cc3919347be2e01934ac8075907c6","author":"Тоқтар","date":"20.11.2024","orderNumber":"445776231","rating":5,"comment":{"minus":"","plus":"","text":"С размером не угадал, так по приколу можно поносить пару тренировок, под футболкой носить можно 5 минут, поносил уже весь мокрый был. Повторю заказ на размер больше."},"feedback":{"positive":0,"voted":false},"product":{"id":"110220204","name":"Футболка LARKO tshirt L, XL","categoryCode":"Master - Clothes for slimming","categoryName":"Одежда для похудения","link":"https://kaspi.kz/shop/p/futbolka-larko-tshirt-l-xl-110220204/"},"merchant":{"name":"LARKO-KZ","code":"17629423"},"editable":false,"editedByCustomer":true},{"id":"8a5c373c931f0f0801932115445b05be","author":"Нурсултан","date":"12.11.2024","orderNumber":"440707939","rating":5,"comment":{"minus":"","plus":"","text":"Товар келді, сапасы өте керемет, размеріді келді, енді тестировать етіп көреміз."},"feedback":{"positive":0,"voted":false},"product":{"id":"110220204","name":"Футболка LARKO tshirt L, XL","categoryCode":"Master - Clothes for slimming","categoryName":"Одежда для похудения","link":"https://kaspi.kz/shop/p/futbolka-larko-tshirt-l-xl-110220204/"},"merchant":{"name":"LARKO-KZ","code":"17629423"},"editable":false,"editedByCustomer":false},{"id":"8a5c96bc920df3fe019210106cf80885","author":"Хамит","date":"20.09.2024","orderNumber":"412509461","rating":5,"comment":{"minus":"","plus":"","text":"Хороший, соответствует качество."},"feedback":{"positive":0,"voted":false},"product":{"id":"110220204","name":"Футболка LARKO tshirt L, XL","categoryCode":"Master - Clothes for slimming","categoryName":"Одежда для похудения","link":"https://kaspi.kz/shop/p/futbolka-larko-tshirt-l-xl-110220204/"},"merchant":{"name":"LARKO-KZ","code":"17629423"},"editable":false,"editedByCustomer":false},{"id":"8a5c85b08eb6ef9b018eb824ba1202a3","author":"Алишер","date":"07.04.2024","orderNumber":"343896350","rating":5,"comment":{"minus":"","plus":"","text":"Все подошло по размеру. Будем тестировать."},"feedback":{"positive":0,"voted":false},"product":{"id":"110220204","name":"Футболка LARKO tshirt L, XL","categoryCode":"Master - Clothes for slimming","categoryName":"Одежда для похудения","link":"https://kaspi.kz/shop/p/futbolka-larko-tshirt-l-xl-110220204/"},"merchant":{"name":"LARKO-KZ","code":"17629423"},"editable":false,"editedByCustomer":false},{"id":"8a5c29428bd15f34018bd85b7fe41836","author":"Мұхаммеджан","date":"16.11.2023","orderNumber":"299606954","rating":5,"comment":{"minus":"","plus":"","text":"Өте керемет результат бар."},"feedback":{"positive":0,"voted":false},"product":{"id":"110220204","name":"Футболка LARKO tshirt L, XL","categoryCode":"Master - Clothes for slimming","categoryName":"Одежда для похудения","link":"https://kaspi.kz/shop/p/futbolka-larko-tshirt-l-xl-110220204/"},"merchant":{"name":"LARKO-KZ","code":"17629423"},"editable":false,"editedByCustomer":false},{"id":"8a5c6a228bcc5dcd018bccd78d760294","author":"Рауан","date":"14.11.2023","orderNumber":"299306795","rating":5,"comment":{"minus":"","plus":"","text":"Соотношение стоимости и качества соответствуют супер."},"feedback":{"positive":0,"voted":false},"product":{"id":"110220204","name":"Футболка LARKO tshirt L, XL","categoryCode":"Master - Clothes for slimming","categoryName":"Одежда для похудения","link":"https://kaspi.kz/shop/p/futbolka-larko-tshirt-l-xl-110220204/"},"merchant":{"name":"LARKO-KZ","code":"17629423"},"editable":false,"editedByCustomer":false},{"id":"8a5cf7ad8ba4c355018baa6206890743","author":"Дәурен","date":"07.11.2023","orderNumber":"296033861","rating":5,"comment":{"minus":"","plus":"","text":"Качество просто супер, спасибо вам."},"feedback":{"positive":0,"voted":false},"product":{"id":"110220204","name":"Футболка LARKO tshirt L, XL","categoryCode":"Master - Clothes for slimming","categoryName":"Одежда для похудения","link":"https://kaspi.kz/shop/p/futbolka-larko-tshirt-l-xl-110220204/"},"merchant":{"name":"LARKO-KZ","code":"17629423"},"editable":false,"editedByCustomer":false},{"id":"8a5c65a38b85307a018b859d8a8e01e1","author":"Руслан","date":"02.11.2023","orderNumber":"288176994","rating":5,"comment":{"minus":"","plus":"","text":"Качество хорошее, хороший товар за такую цену, быстрая доставка."},"feedback":{"positive":0,"voted":false},"product":{"id":"110220204","name":"Футболка LARKO tshirt L, XL","categoryCode":"Master - Clothes for slimming","categoryName":"Одежда для похудения","link":"https://kaspi.kz/shop/p/futbolka-larko-tshirt-l-xl-110220204/"},"merchant":{"name":"LARKO","code":"14901053"},"editable":false,"editedByCustomer":false},{"id":"8a5c4ee88b3838cb018b39418a3f0471","author":"Дияс","date":"17.10.2023","orderNumber":"290346515","rating":5,"comment":{"minus":"","plus":"","text":"Взял 48 размер. Соответствует цене и качестве. Эффект сауны есть."},"feedback":{"positive":1,"voted":false},"product":{"id":"110220204","name":"Футболка LARKO tshirt L, XL","categoryCode":"Master - Clothes for slimming","categoryName":"Одежда для похудения","link":"https://kaspi.kz/shop/p/futbolka-larko-tshirt-l-xl-110220204/"},"merchant":{"name":"LARKO","code":"14901053"},"editable":false,"editedByCustomer":false},{"id":"8a5c252e8ab0aafd018ab7bf52c00cd8","author":"Адильхан","date":"21.09.2023","orderNumber":"284110238","rating":4,"comment":{"minus":"","plus":"","text":"Прошито все хорошо, но прилипает когда занимаешь."},"feedback":{"positive":0,"voted":false},"product":{"id":"110220204","name":"Футболка LARKO tshirt L, XL","categoryCode":"Master - Clothes for slimming","categoryName":"Одежда для похудения","link":"https://kaspi.kz/shop/p/futbolka-larko-tshirt-l-xl-110220204/"},"merchant":{"name":"LARKO","code":"14901053"},"editable":false,"editedByCustomer":false},{"id":"8a5c30b58a72fe27018a88de35ad209b","author":"Алексей","date":"12.09.2023","orderNumber":"283137538","rating":5,"comment":{"minus":"","plus":"","text":"Материал приятный. Поглядим в действии."},"feedback":{"positive":0,"voted":false},"product":{"id":"110220204","name":"Футболка LARKO tshirt L, XL","categoryCode":"Master - Clothes for slimming","categoryName":"Одежда для похудения","link":"https://kaspi.kz/shop/p/futbolka-larko-tshirt-l-xl-110220204/"},"merchant":{"name":"LARKO","code":"14901053"},"editable":false,"editedByCustomer":false},{"id":"8a5c4ed5894f412c01895344d270022a","author":"Дәстүр","date":"18.07.2023","orderNumber":"267344343","rating":5,"comment":{"minus":"","plus":"Бәрі жақсы.","text":"Жеткізу тез болды."},"feedback":{"positive":0,"voted":false},"product":{"id":"110220204","name":"Футболка LARKO tshirt L, XL","categoryCode":"Master - Clothes for slimming","categoryName":"Одежда для похудения","link":"https://kaspi.kz/shop/p/futbolka-larko-tshirt-l-xl-110220204/"},"merchant":null,"editable":false,"editedByCustomer":false},{"id":"8a5c5a9388adad4f0189104ea5e809a0","author":"Yuriy","date":"01.07.2023","orderNumber":"263567745","rating":5,"comment":{"minus":"","plus":"","text":"Работает четко, вышел в ней на 30 минутную прогулку, прошёл умеренным шагом и пропотел так, как будто совершил часовую пробежку."},"feedback":{"positive":8,"voted":false},"product":{"id":"110220204","name":"Футболка LARKO tshirt L, XL","categoryCode":"Master - Clothes for slimming","categoryName":"Одежда для похудения","link":"https://kaspi.kz/shop/p/futbolka-larko-tshirt-l-xl-110220204/"},"merchant":null,"editable":false,"editedByCustomer":false},{"id":"8a5c5a9388adad4f018910446050094d","author":"Кайрат","date":"01.07.2023","orderNumber":"264310938","rating":5,"comment":{"minus":"Нету","plus":"Отличное","text":"Быстро и качествено."},"feedback":{"positive":0,"voted":false},"product":{"id":"110220204","name":"Футболка LARKO tshirt L, XL","categoryCode":"Master - Clothes for slimming","categoryName":"Одежда для похудения","link":"https://kaspi.kz/shop/p/futbolka-larko-tshirt-l-xl-110220204/"},"merchant":null,"editable":false,"editedByCustomer":false},{"id":"8a5c735388adae3d0188ea5af33e27bb","author":"Диана","date":"29.06.2023","orderNumber":"266151969","rating":5,"comment":{"minus":"","plus":"Супер эффект, советую.","text":""},"feedback":{"positive":3,"voted":false},"product":{"id":"110220204","name":"Футболка LARKO tshirt L, XL","categoryCode":"Master - Clothes for slimming","categoryName":"Одежда для похудения","link":"https://kaspi.kz/shop/p/futbolka-larko-tshirt-l-xl-110220204/"},"merchant":null,"editable":false,"editedByCustomer":false},{"id":"8a5c735388adae3d0188cd38a15659f9","author":"Нұрхан","date":"23.06.2023","orderNumber":"263351208","rating":5,"comment":{"minus":"","plus":"Очень удобный и качественный. Наконец-то похудею.","text":"Привезли прямо в срок. Магазин ответственный и достоверный. Рекомендую всем."},"feedback":{"positive":1,"voted":false},"product":{"id":"110220204","name":"Футболка LARKO tshirt L, XL","categoryCode":"Master - Clothes for slimming","categoryName":"Одежда для похудения","link":"https://kaspi.kz/shop/p/futbolka-larko-tshirt-l-xl-110220204/"},"merchant":null,"editable":false,"editedByCustomer":false},{"id":"8a5cfe318874f85a018880dc461b267d","author":"Әділет","date":"12.06.2023","orderNumber":"262314714","rating":4,"comment":{"minus":"Размер берите чуть больше своего. Лучше большой размер, чем маленький.","plus":"Качество хорошее. Долго искал, если сравнивать с дорогим вариантом, то разницы у них нет. Один материал.","text":"Доволен товаром."},"feedback":{"positive":2,"voted":false},"product":{"id":"110220204","name":"Футболка LARKO tshirt L, XL","categoryCode":"Master - Clothes for slimming","categoryName":"Одежда для похудения","link":"https://kaspi.kz/shop/p/futbolka-larko-tshirt-l-xl-110220204/"},"merchant":null,"editable":false,"editedByCustomer":false}]}