{"data":[{"id":"8a5c197094f7b0d501952a46f3261940","author":"Жанель","date":"22.02.2025","orderNumber":"496026445","rating":5,"comment":{"minus":"","plus":"","text":"Супер качество за такую цену."},"feedback":{"positive":0,"voted":false},"product":{"id":"112891050","name":"LARKO corset ортопедический без лямок женский черный XXL","categoryCode":"Master - Orthopedic corsets","categoryName":"Ортопедические корсеты","link":"https://kaspi.kz/shop/p/larko-corset-ortopedicheskii-bez-ljamok-zhenskii-chernyi-xxl-112891050/"},"merchant":{"name":"LARKO-KZ","code":"17629423"},"editable":false,"editedByCustomer":false},{"id":"8a5ceb7a9468769e01946a11a28b042f","author":"Мария","date":"15.01.2025","orderNumber":"477251617","rating":5,"comment":{"minus":"","plus":"","text":"Мне размер ххl маленьким. Оказался, не могу застегнуть, а Каспи курьер вовремя доставил, качество хорошее."},"feedback":{"positive":0,"voted":false},"product":{"id":"112891050","name":"LARKO corset ортопедический без лямок женский черный XXL","categoryCode":"Master - Orthopedic corsets","categoryName":"Ортопедические корсеты","link":"https://kaspi.kz/shop/p/larko-corset-ortopedicheskii-bez-ljamok-zhenskii-chernyi-xxl-112891050/"},"merchant":{"name":"LARKO-KZ","code":"17629423"},"editable":false,"editedByCustomer":false},{"id":"8a5c528d939556e10193ede72b990728","author":"Назерке","date":"10.01.2025","orderNumber":"468460746","rating":5,"comment":{"minus":"","plus":"","text":"Сапасы өте жақсы. Размеры тура келді! ARKO магазин рахмет."},"feedback":{"positive":0,"voted":false},"product":{"id":"112891050","name":"LARKO corset ортопедический без лямок женский черный XXL","categoryCode":"Master - Orthopedic corsets","categoryName":"Ортопедические корсеты","link":"https://kaspi.kz/shop/p/larko-corset-ortopedicheskii-bez-ljamok-zhenskii-chernyi-xxl-112891050/"},"merchant":{"name":"LARKO-KZ","code":"17629423"},"editable":false,"editedByCustomer":false},{"id":"8a5c221e940195a20194034109f105c1","author":"Асель","date":"26.12.2024","orderNumber":"467063907","rating":5,"comment":{"minus":"","plus":"","text":"Сапасы жақсы, өзіме ұнады, уақытылы келді."},"feedback":{"positive":0,"voted":false},"product":{"id":"112891050","name":"LARKO corset ортопедический без лямок женский черный XXL","categoryCode":"Master - Orthopedic corsets","categoryName":"Ортопедические корсеты","link":"https://kaspi.kz/shop/p/larko-corset-ortopedicheskii-bez-ljamok-zhenskii-chernyi-xxl-112891050/"},"merchant":{"name":"LARKO-KZ","code":"17629423"},"editable":false,"editedByCustomer":false},{"id":"8a5c583d9366cab901937c528a642008","author":"Меруерт","date":"30.11.2024","orderNumber":"451906321","rating":5,"comment":{"minus":"","plus":"","text":"Корсет очень качественный, косточки не выпирают2xxl, талии 96 с размером 52 как раз подошёл. Спасибо огромное фирме LARKO."},"feedback":{"positive":0,"voted":false},"galleryImages":[{"id":"451906321-112891050/b091c2c8-30ba-44a7-87d6-6c270ebef98f.jpeg","small":"https://resources.cdn-kaspi.kz/img/p/r/451906321-112891050/b091c2c8-30ba-44a7-87d6-6c270ebef98f.jpeg?format=review_small","medium":"https://resources.cdn-kaspi.kz/img/p/r/451906321-112891050/b091c2c8-30ba-44a7-87d6-6c270ebef98f.jpeg?format=review_medium","large":"https://resources.cdn-kaspi.kz/img/p/r/451906321-112891050/b091c2c8-30ba-44a7-87d6-6c270ebef98f.jpeg?format=review_large"},{"id":"451906321-112891050/67d677d7-d148-413c-b603-d58a7b9adbef.jpeg","small":"https://resources.cdn-kaspi.kz/img/p/r/451906321-112891050/67d677d7-d148-413c-b603-d58a7b9adbef.jpeg?format=review_small","medium":"https://resources.cdn-kaspi.kz/img/p/r/451906321-112891050/67d677d7-d148-413c-b603-d58a7b9adbef.jpeg?format=review_medium","large":"https://resources.cdn-kaspi.kz/img/p/r/451906321-112891050/67d677d7-d148-413c-b603-d58a7b9adbef.jpeg?format=review_large"}],"product":{"id":"112891050","name":"LARKO corset ортопедический без лямок женский черный XXL","categoryCode":"Master - Orthopedic corsets","categoryName":"Ортопедические корсеты","link":"https://kaspi.kz/shop/p/larko-corset-ortopedicheskii-bez-ljamok-zhenskii-chernyi-xxl-112891050/"},"merchant":{"name":"LARKO-KZ","code":"17629423"},"editable":false,"editedByCustomer":true},{"id":"8a5c932f92d6e4e00192d9236867085e","author":"Илья","date":"03.11.2024","orderNumber":"433333900","rating":5,"comment":{"minus":"","plus":"","text":"Заказала ортопедический корсет, мне очень понравился, качество супер, хорошо держит осанку, спасибо магазину LARKO товар вовремя привезли."},"feedback":{"positive":0,"voted":false},"galleryImages":[{"id":"433333900-112891050/7993e699-047e-4659-a9a5-94957f2f00ea.jpeg","small":"https://resources.cdn-kaspi.kz/img/p/r/433333900-112891050/7993e699-047e-4659-a9a5-94957f2f00ea.jpeg?format=review_small","medium":"https://resources.cdn-kaspi.kz/img/p/r/433333900-112891050/7993e699-047e-4659-a9a5-94957f2f00ea.jpeg?format=review_medium","large":"https://resources.cdn-kaspi.kz/img/p/r/433333900-112891050/7993e699-047e-4659-a9a5-94957f2f00ea.jpeg?format=review_large"},{"id":"433333900-112891050/8ac9576c-0a1c-43ab-b8ea-49d67620b739.jpeg","small":"https://resources.cdn-kaspi.kz/img/p/r/433333900-112891050/8ac9576c-0a1c-43ab-b8ea-49d67620b739.jpeg?format=review_small","medium":"https://resources.cdn-kaspi.kz/img/p/r/433333900-112891050/8ac9576c-0a1c-43ab-b8ea-49d67620b739.jpeg?format=review_medium","large":"https://resources.cdn-kaspi.kz/img/p/r/433333900-112891050/8ac9576c-0a1c-43ab-b8ea-49d67620b739.jpeg?format=review_large"}],"product":{"id":"112891050","name":"LARKO corset ортопедический без лямок женский черный XXL","categoryCode":"Master - Orthopedic corsets","categoryName":"Ортопедические корсеты","link":"https://kaspi.kz/shop/p/larko-corset-ortopedicheskii-bez-ljamok-zhenskii-chernyi-xxl-112891050/"},"merchant":{"name":"LARKO-KZ","code":"17629423"},"editable":false,"editedByCustomer":false},{"id":"8a5cadea91f949de0191f955712e0011","author":"Жанна","date":"16.09.2024","orderNumber":"408953292","rating":5,"comment":{"minus":"","plus":"","text":"Спасибо LARKO, корсет очень понравился, размер подошел. Доставка была за 2 дня раньше. Спасибо курьеру и Каспи. Советую LARKO."},"feedback":{"positive":0,"voted":false},"product":{"id":"112891050","name":"LARKO corset ортопедический без лямок женский черный XXL","categoryCode":"Master - Orthopedic corsets","categoryName":"Ортопедические корсеты","link":"https://kaspi.kz/shop/p/larko-corset-ortopedicheskii-bez-ljamok-zhenskii-chernyi-xxl-112891050/"},"merchant":{"name":"LARKO-KZ","code":"17629423"},"editable":false,"editedByCustomer":false},{"id":"8a5cf7928edfbdec018f04c2e2fd2aa1","author":"Торгын","date":"22.04.2024","orderNumber":"333789741","rating":4,"comment":{"minus":"","plus":"","text":"По размеру все таки маловат, несмотря на то что я ношу 48, но тут взяла хл, поэтому с размером смотрите. Все равно маленькие, натянули через силу, но живот прям хорошо убрал. Звездочку забираю только за размер, а так качество супер."},"feedback":{"positive":0,"voted":false},"product":{"id":"112891050","name":"LARKO corset ортопедический без лямок женский черный XXL","categoryCode":"Master - Orthopedic corsets","categoryName":"Ортопедические корсеты","link":"https://kaspi.kz/shop/p/larko-corset-ortopedicheskii-bez-ljamok-zhenskii-chernyi-xxl-112891050/"},"merchant":{"name":"LARKO-KZ","code":"17629423"},"editable":false,"editedByCustomer":false},{"id":"8a5c54bc8d814bfc018dc47e4b58502d","author":"Мадина","date":"20.02.2024","orderNumber":"326763183","rating":4,"comment":{"minus":"","plus":"","text":"Классный, но с размером ошиблась, маленький."},"feedback":{"positive":0,"voted":false},"product":{"id":"112891050","name":"LARKO corset ортопедический без лямок женский черный XXL","categoryCode":"Master - Orthopedic corsets","categoryName":"Ортопедические корсеты","link":"https://kaspi.kz/shop/p/larko-corset-ortopedicheskii-bez-ljamok-zhenskii-chernyi-xxl-112891050/"},"merchant":{"name":"LARKO-KZ","code":"17629423"},"editable":false,"editedByCustomer":false},{"id":"8a5c96a98d102068018d308b09293b7f","author":"Гульнур","date":"22.01.2024","orderNumber":"303050361","rating":5,"comment":{"minus":"","plus":"","text":"Хороший корсет, все понравилось. Когда заказывала думала, что размер будет маленький, но нет все подошло идеально. Рекомендую, цена и качество соответствует."},"feedback":{"positive":0,"voted":false},"product":{"id":"112891050","name":"LARKO corset ортопедический без лямок женский черный XXL","categoryCode":"Master - Orthopedic corsets","categoryName":"Ортопедические корсеты","link":"https://kaspi.kz/shop/p/larko-corset-ortopedicheskii-bez-ljamok-zhenskii-chernyi-xxl-112891050/"},"merchant":{"name":"LARKO-KZ","code":"17629423"},"editable":false,"editedByCustomer":false},{"id":"8a5c62238d102134018d17f79c421538","author":"Аминам","date":"17.01.2024","orderNumber":"301929491","rating":5,"comment":{"minus":"","plus":"","text":"Корсет очень хорошего качества! Я довольна покупкой. Спасибо магазину."},"feedback":{"positive":0,"voted":false},"product":{"id":"112891050","name":"LARKO corset ортопедический без лямок женский черный XXL","categoryCode":"Master - Orthopedic corsets","categoryName":"Ортопедические корсеты","link":"https://kaspi.kz/shop/p/larko-corset-ortopedicheskii-bez-ljamok-zhenskii-chernyi-xxl-112891050/"},"merchant":{"name":"LARKO-KZ","code":"17629423"},"editable":false,"editedByCustomer":false}]}