{"data":[{"id":"8a5c1de495f524f60196101708227937","author":"Диас","date":"07.04.2025","orderNumber":"528366146","rating":5,"comment":{"minus":"","plus":"","text":"Приобрел для отца, первый день, но товаром доволен, легкий и удобный, качество 10/10."},"feedback":{"positive":0,"voted":false},"product":{"id":"132613824","name":"LARKO Rollerblue","categoryCode":"Master - Ab rollers","categoryName":"Ролики для пресса","link":"https://kaspi.kz/shop/p/larko-rollerblue-132613824/"},"merchant":{"name":"LARKO-KZ","code":"17629423"},"editable":false,"editedByCustomer":false},{"id":"8a5c6a1595c616b50195e4e619fa0fcf","author":"Сапарбай","date":"30.03.2025","orderNumber":"512543845","rating":5,"comment":{"minus":"","plus":"","text":"Ролик мне понравился. Очень классный и прочный. Советую покупать."},"feedback":{"positive":0,"voted":false},"product":{"id":"132613824","name":"LARKO Rollerblue","categoryCode":"Master - Ab rollers","categoryName":"Ролики для пресса","link":"https://kaspi.kz/shop/p/larko-rollerblue-132613824/"},"merchant":{"name":"LARKO-KZ","code":"17629423"},"editable":false,"editedByCustomer":false},{"id":"8a5c580695acfd8b0195e167563610d2","author":"Ольга","date":"29.03.2025","orderNumber":"521736394","rating":5,"comment":{"minus":"","plus":"","text":"Тренажёр пришел быстро, хорошо укомплектован, муж сразу оценил, понравилось, скользит удобно, выглядит достойно. Продавцу спасибо."},"feedback":{"positive":0,"voted":false},"product":{"id":"132613824","name":"LARKO Rollerblue","categoryCode":"Master - Ab rollers","categoryName":"Ролики для пресса","link":"https://kaspi.kz/shop/p/larko-rollerblue-132613824/"},"merchant":{"name":"LARKO-KZ","code":"17629423"},"editable":false,"editedByCustomer":false},{"id":"8a5cee219590f2be01959b042e233fd2","author":"Кадыржан","date":"15.03.2025","orderNumber":"511520022","rating":3,"comment":{"minus":"","plus":"","text":"Качество на 3."},"feedback":{"positive":1,"voted":false},"product":{"id":"132613824","name":"LARKO Rollerblue","categoryCode":"Master - Ab rollers","categoryName":"Ролики для пресса","link":"https://kaspi.kz/shop/p/larko-rollerblue-132613824/"},"merchant":{"name":"LARKO-KZ","code":"17629423"},"editable":false,"editedByCustomer":false},{"id":"8a5c51fd946875a6019474ff9cf117f4","author":"Виталий","date":"17.01.2025","orderNumber":"479143662","rating":5,"comment":{"minus":"","plus":"","text":"Просто супер тринажер."},"feedback":{"positive":0,"voted":false},"product":{"id":"132613824","name":"LARKO Rollerblue","categoryCode":"Master - Ab rollers","categoryName":"Ролики для пресса","link":"https://kaspi.kz/shop/p/larko-rollerblue-132613824/"},"merchant":{"name":"LARKO-KZ","code":"17629423"},"editable":false,"editedByCustomer":false}]}