{"data":[{"id":"8a5c196495bbcd2a0195be6c53d110e1","author":"Дмитрий","date":"22.03.2025","orderNumber":"517935423","rating":5,"comment":{"minus":"","plus":"","text":"Отличная маска."},"feedback":{"positive":0,"voted":false},"product":{"id":"130101283","name":"LARKO maskwht бандаж для лица белый размер универсальный","categoryCode":"Master - Bandages and orthoses","categoryName":"Бандажи и ортезы","link":"https://kaspi.kz/shop/p/larko-maskwht-bandazh-dlja-litsa-belyi-razmer-universal-nyi-130101283/"},"merchant":{"name":"LARKO-KZ","code":"17629423"},"editable":false,"editedByCustomer":false},{"id":"8a5c5d89953676fe019556422cb42404","author":"Әйгерім","date":"02.03.2025","orderNumber":"504198455","rating":1,"comment":{"minus":"","plus":"","text":"Товар плохого качества."},"feedback":{"positive":1,"voted":false},"product":{"id":"130101283","name":"LARKO maskwht бандаж для лица белый размер универсальный","categoryCode":"Master - Bandages and orthoses","categoryName":"Бандажи и ортезы","link":"https://kaspi.kz/shop/p/larko-maskwht-bandazh-dlja-litsa-belyi-razmer-universal-nyi-130101283/"},"merchant":{"name":"LARKO-KZ","code":"17629423"},"editable":false,"editedByCustomer":false},{"id":"8a5c52b895403b72019542efa52b1451","author":"Камшат","date":"27.02.2025","orderNumber":"502176968","rating":5,"comment":{"minus":"","plus":"","text":"Спасибо вам, бандаж как я хотела, качество супер."},"feedback":{"positive":0,"voted":false},"product":{"id":"130101283","name":"LARKO maskwht бандаж для лица белый размер универсальный","categoryCode":"Master - Bandages and orthoses","categoryName":"Бандажи и ортезы","link":"https://kaspi.kz/shop/p/larko-maskwht-bandazh-dlja-litsa-belyi-razmer-universal-nyi-130101283/"},"merchant":{"name":"LARKO-KZ","code":"17629423"},"editable":false,"editedByCustomer":false},{"id":"8a5cc06394a0cab20194a2db75b10350","author":"Багила","date":"26.01.2025","orderNumber":"482523297","rating":5,"comment":{"minus":"","plus":"","text":"Супер маски, очень удобные."},"feedback":{"positive":0,"voted":false},"product":{"id":"130101283","name":"LARKO maskwht бандаж для лица белый размер универсальный","categoryCode":"Master - Bandages and orthoses","categoryName":"Бандажи и ортезы","link":"https://kaspi.kz/shop/p/larko-maskwht-bandazh-dlja-litsa-belyi-razmer-universal-nyi-130101283/"},"merchant":{"name":"LARKO-KZ","code":"17629423"},"editable":false,"editedByCustomer":false},{"id":"8a5c043693d7ba590193ee6ebd17214f","author":"Мария","date":"22.12.2024","orderNumber":"464392163","rating":5,"comment":{"minus":"","plus":"","text":"Прикольно выгляжу с этим бондажем на лице. Уржалась. Про эффект, который должен быть ещё не поняла. Но было весело. Мужу лучше не показываться в нём."},"feedback":{"positive":6,"voted":false},"product":{"id":"130101283","name":"LARKO maskwht бандаж для лица белый размер универсальный","categoryCode":"Master - Bandages and orthoses","categoryName":"Бандажи и ортезы","link":"https://kaspi.kz/shop/p/larko-maskwht-bandazh-dlja-litsa-belyi-razmer-universal-nyi-130101283/"},"merchant":{"name":"LARKO-KZ","code":"17629423"},"editable":false,"editedByCustomer":false},{"id":"8a5cc628939556880193aa08800921c1","author":"Куралай","date":"10.12.2024","orderNumber":"456834364","rating":3,"comment":{"minus":"","plus":"","text":"В общем очень хороший. Морщинки разглаживаются, но жаль только застежка-липучка очень слабая плохо работают."},"feedback":{"positive":0,"voted":false},"product":{"id":"130101283","name":"LARKO maskwht бандаж для лица белый размер универсальный","categoryCode":"Master - Bandages and orthoses","categoryName":"Бандажи и ортезы","link":"https://kaspi.kz/shop/p/larko-maskwht-bandazh-dlja-litsa-belyi-razmer-universal-nyi-130101283/"},"merchant":{"name":"LARKO-KZ","code":"17629423"},"editable":false,"editedByCustomer":false},{"id":"8a5c3c299366cc3401936e914ddc0ecb","author":"Арайлым","date":"27.11.2024","orderNumber":"448520557","rating":5,"comment":{"minus":"","plus":"","text":"Мне очень понравилось. Качество супер. Удобная вещь."},"feedback":{"positive":0,"voted":false},"product":{"id":"130101283","name":"LARKO maskwht бандаж для лица белый размер универсальный","categoryCode":"Master - Bandages and orthoses","categoryName":"Бандажи и ортезы","link":"https://kaspi.kz/shop/p/larko-maskwht-bandazh-dlja-litsa-belyi-razmer-universal-nyi-130101283/"},"merchant":{"name":"LARKO-KZ","code":"17629423"},"editable":false,"editedByCustomer":false},{"id":"8a5c3f879366cbe801936e1a8fd20d47","author":"Нурсултан","date":"27.11.2024","orderNumber":"449888065","rating":5,"comment":{"minus":"","plus":"","text":"Товар очень качественный и недорогой. Мне очень понравилось. Вам очень благодарна магазины LARKO-KZ и Каспи. Курьеру спасибо большое. Доставили раньше срока. Дополняю новая подтягивающая повязка для лица придает лицу красоту и воздухопроницаемость. Качество очень хорошее. Я примерила. Она очень податливая и эластичная. и вы можете надеть его завтра вечером. Я пошел с ним спать, он был высокого качества, по низкой цене, с отличным соотношением цены и качества, а доставка была быстрой. Пятизвездочная похвала!"},"feedback":{"positive":2,"voted":false},"product":{"id":"130101283","name":"LARKO maskwht бандаж для лица белый размер универсальный","categoryCode":"Master - Bandages and orthoses","categoryName":"Бандажи и ортезы","link":"https://kaspi.kz/shop/p/larko-maskwht-bandazh-dlja-litsa-belyi-razmer-universal-nyi-130101283/"},"merchant":{"name":"LARKO-KZ","code":"17629423"},"editable":false,"editedByCustomer":true}]}