{"data":[{"id":"8a5c6228939556c00193f9375f741871","author":"Ольга","date":"24.12.2024","orderNumber":"468096701","rating":5,"comment":{"minus":"","plus":"","text":"Брала 3XL/4XL, на 56 размер подошел. Приятный к телу. Каспи доставке спасибо."},"feedback":{"positive":1,"voted":false},"product":{"id":"112871106","name":"Боди LARKO blackbody черный 3XL/4XL","categoryCode":"Master - Women shapewear","categoryName":"Женское корректирующее белье","link":"https://kaspi.kz/shop/p/bodi-larko-blackbody-chernyi-3xl-4xl-112871106/"},"merchant":{"name":"LARKO-KZ","code":"17629423"},"editable":false,"editedByCustomer":false},{"id":"8a5c0c4493c353ba0193f4b580824a70","author":"Бақытжамал","date":"23.12.2024","orderNumber":"466866355","rating":5,"comment":{"minus":"","plus":"","text":"Тауарды алдым, керемет."},"feedback":{"positive":0,"voted":false},"product":{"id":"112871106","name":"Боди LARKO blackbody черный 3XL/4XL","categoryCode":"Master - Women shapewear","categoryName":"Женское корректирующее белье","link":"https://kaspi.kz/shop/p/bodi-larko-blackbody-chernyi-3xl-4xl-112871106/"},"merchant":{"name":"LARKO-KZ","code":"17629423"},"editable":false,"editedByCustomer":false},{"id":"8a5cc06b939557940193ca5c3235537d","author":"Мөлдір","date":"15.12.2024","orderNumber":"458878928","rating":5,"comment":{"minus":"","plus":"","text":"Өте керемет матасы размерім тура келді, өте қуаныштымын, рақмет үлкен."},"feedback":{"positive":0,"voted":false},"product":{"id":"112871106","name":"Боди LARKO blackbody черный 3XL/4XL","categoryCode":"Master - Women shapewear","categoryName":"Женское корректирующее белье","link":"https://kaspi.kz/shop/p/bodi-larko-blackbody-chernyi-3xl-4xl-112871106/"},"merchant":{"name":"LARKO-KZ","code":"17629423"},"editable":false,"editedByCustomer":false},{"id":"8a5cd4969057f57701905e135d51084b","author":"Айгерім","date":"28.06.2024","orderNumber":"371887682","rating":5,"comment":{"minus":"","plus":"","text":"Дәл ғой размері."},"feedback":{"positive":0,"voted":false},"product":{"id":"112871106","name":"Боди LARKO blackbody черный 3XL/4XL","categoryCode":"Master - Women shapewear","categoryName":"Женское корректирующее белье","link":"https://kaspi.kz/shop/p/bodi-larko-blackbody-chernyi-3xl-4xl-112871106/"},"merchant":{"name":"LARKO-KZ","code":"17629423"},"editable":false,"editedByCustomer":false},{"id":"8a5c0cfd8e570632018e581ae14f0285","author":"Назым","date":"20.03.2024","orderNumber":"337028977","rating":4,"comment":{"minus":"","plus":"","text":"В принципе неплохо, у кого длинное туловище тому талию утянет, так как резинка именно в том месте, а бока нет выделит."},"feedback":{"positive":0,"voted":false},"product":{"id":"112871106","name":"Боди LARKO blackbody черный 3XL/4XL","categoryCode":"Master - Women shapewear","categoryName":"Женское корректирующее белье","link":"https://kaspi.kz/shop/p/bodi-larko-blackbody-chernyi-3xl-4xl-112871106/"},"merchant":{"name":"LARKO-KZ","code":"17629423"},"editable":false,"editedByCustomer":false},{"id":"8a5cfaa48d398aea018d7e1bece95eec","author":"Наталья","date":"06.02.2024","orderNumber":"323105361","rating":5,"comment":{"minus":"","plus":"","text":"Хорошее боли. Размер в размер, утягивает хорошо."},"feedback":{"positive":0,"voted":false},"product":{"id":"112871106","name":"Боди LARKO blackbody черный 3XL/4XL","categoryCode":"Master - Women shapewear","categoryName":"Женское корректирующее белье","link":"https://kaspi.kz/shop/p/bodi-larko-blackbody-chernyi-3xl-4xl-112871106/"},"merchant":{"name":"LARKO-KZ","code":"17629423"},"editable":false,"editedByCustomer":false},{"id":"8a5c04308d5d7974018d5fefcb9d0449","author":"Елена","date":"31.01.2024","orderNumber":"320435604","rating":4,"comment":{"minus":"","plus":"","text":"Очень сильно утягивает грудь, а так хорошая модель."},"feedback":{"positive":0,"voted":false},"product":{"id":"112871106","name":"Боди LARKO blackbody черный 3XL/4XL","categoryCode":"Master - Women shapewear","categoryName":"Женское корректирующее белье","link":"https://kaspi.kz/shop/p/bodi-larko-blackbody-chernyi-3xl-4xl-112871106/"},"merchant":{"name":"LARKO-KZ","code":"17629423"},"editable":false,"editedByCustomer":false},{"id":"8a5cd2488d398c87018d4f0475c32607","author":"Гулия","date":"28.01.2024","orderNumber":"317148477","rating":3,"comment":{"minus":"","plus":"","text":"Не подтягивает. Тянется вместе с тобой."},"feedback":{"positive":6,"voted":false},"product":{"id":"112871106","name":"Боди LARKO blackbody черный 3XL/4XL","categoryCode":"Master - Women shapewear","categoryName":"Женское корректирующее белье","link":"https://kaspi.kz/shop/p/bodi-larko-blackbody-chernyi-3xl-4xl-112871106/"},"merchant":{"name":"LARKO-KZ","code":"17629423"},"editable":false,"editedByCustomer":false},{"id":"8a5c85ae8d1021f8018d12859b8109a4","author":"Галина","date":"16.01.2024","orderNumber":"317226020","rating":5,"comment":{"minus":"","plus":"","text":"Те, кто носит размер именно 58, берите только размер 56, эта вещь должна утягивать и не быть свободной. Я не угадала с размером и сейчас брительки подшиваю. По качеству шикарное, к телу легло приятно, буду брать на размер меньше на сменку Упаковка идеальная, зип пакет Каспи доставка на высоте."},"feedback":{"positive":2,"voted":false},"product":{"id":"112871106","name":"Боди LARKO blackbody черный 3XL/4XL","categoryCode":"Master - Women shapewear","categoryName":"Женское корректирующее белье","link":"https://kaspi.kz/shop/p/bodi-larko-blackbody-chernyi-3xl-4xl-112871106/"},"merchant":{"name":"LARKO-KZ","code":"17629423"},"editable":false,"editedByCustomer":false},{"id":"8a5c25568ca179d4018ca17c35740004","author":"Алия","date":"25.12.2023","orderNumber":"307895469","rating":5,"comment":{"minus":"","plus":"","text":"Классное"},"feedback":{"positive":0,"voted":false},"product":{"id":"112871106","name":"Боди LARKO blackbody черный 3XL/4XL","categoryCode":"Master - Women shapewear","categoryName":"Женское корректирующее белье","link":"https://kaspi.kz/shop/p/bodi-larko-blackbody-chernyi-3xl-4xl-112871106/"},"merchant":{"name":"LARKO-KZ","code":"17629423"},"editable":false,"editedByCustomer":false}]}