{"data":[{"id":"8a5c822b96375c1c019639145f2808a5","author":"Гүлзат","date":"15.04.2025","orderNumber":"532315202","rating":5,"comment":{"minus":"","plus":"","text":"Коврик өте сапалы, алғаныма өкінбеймін, сапасы жақсы. Уақытынан бұрын келді."},"feedback":{"positive":0,"voted":false},"product":{"id":"112843262","name":"LARKO yogablue1 183х61x0.8 см голубой","categoryCode":"Master - Exercise mats","categoryName":"Коврики для занятий йогой и фитнесом","link":"https://kaspi.kz/shop/p/larko-yogablue1-183h61x0-8-sm-goluboi-112843262/"},"merchant":{"name":"LARKO-KZ","code":"17629423"},"editable":false,"editedByCustomer":false},{"id":"8a5c8202963240e401963415497d0a50","author":"Гульсара","date":"14.04.2025","orderNumber":"500455235","rating":5,"comment":{"minus":"","plus":"","text":"Качество коврика супер, как заявлено в описании. Сотрудники магазина товар доставили раньше срока. Благодарю Каспи, и магазин за обслуживание."},"feedback":{"positive":0,"voted":false},"product":{"id":"112843262","name":"LARKO yogablue1 183х61x0.8 см голубой","categoryCode":"Master - Exercise mats","categoryName":"Коврики для занятий йогой и фитнесом","link":"https://kaspi.kz/shop/p/larko-yogablue1-183h61x0-8-sm-goluboi-112843262/"},"merchant":{"name":"LARKO-KZ","code":"17629423"},"editable":false,"editedByCustomer":false},{"id":"8a5cba46962d747f01962ea047b905ae","author":"Айгерім","date":"13.04.2025","orderNumber":"530434497","rating":5,"comment":{"minus":"","plus":"","text":"Өте жақсы екен, маған ұнады. Уақытында келді,."},"feedback":{"positive":0,"voted":false},"product":{"id":"112843262","name":"LARKO yogablue1 183х61x0.8 см голубой","categoryCode":"Master - Exercise mats","categoryName":"Коврики для занятий йогой и фитнесом","link":"https://kaspi.kz/shop/p/larko-yogablue1-183h61x0-8-sm-goluboi-112843262/"},"merchant":{"name":"LARKO-KZ","code":"17629423"},"editable":false,"editedByCustomer":false},{"id":"8a5c6a1595c616b50195db9aa633621b","author":"Шұғыла","date":"30.03.2025","orderNumber":"515776336","rating":5,"comment":{"minus":"","plus":"","text":"Уақытынан ерте келді. Көлемі қалың және ұзын. Ұнады. Пришло раньше времени. Объемное и длинное. Советую."},"feedback":{"positive":0,"voted":false},"galleryImages":[{"id":"515776336-112843262/3c1413e0-dc62-4b09-a742-9c3dacb21b9e.jpeg","small":"https://resources.cdn-kaspi.kz/img/p/r/515776336-112843262/3c1413e0-dc62-4b09-a742-9c3dacb21b9e.jpeg?format=review_small","medium":"https://resources.cdn-kaspi.kz/img/p/r/515776336-112843262/3c1413e0-dc62-4b09-a742-9c3dacb21b9e.jpeg?format=review_medium","large":"https://resources.cdn-kaspi.kz/img/p/r/515776336-112843262/3c1413e0-dc62-4b09-a742-9c3dacb21b9e.jpeg?format=review_large"}],"product":{"id":"112843262","name":"LARKO yogablue1 183х61x0.8 см голубой","categoryCode":"Master - Exercise mats","categoryName":"Коврики для занятий йогой и фитнесом","link":"https://kaspi.kz/shop/p/larko-yogablue1-183h61x0-8-sm-goluboi-112843262/"},"merchant":{"name":"LARKO-KZ","code":"17629423"},"editable":false,"editedByCustomer":false},{"id":"8a5cf33195acfd0d0195dd6ab2ee03b8","author":"Виктория","date":"28.03.2025","orderNumber":"516421194","rating":5,"comment":{"minus":"","plus":"","text":"Коврик то, что надо, выбирала выбирала и рада, что выбрала именно этот вариант. Качество супер, сыну взяла для тренировки, он очень доволен, сказал именно такой и хотел, специально не писала отзыв ранее, пока коврик не прошел тест на прочность. 10/10."},"feedback":{"positive":0,"voted":false},"galleryImages":[{"id":"516421194-112843262/8677efb0-8f54-407f-adf3-48bffaec2a15.jpeg","small":"https://resources.cdn-kaspi.kz/img/p/r/516421194-112843262/8677efb0-8f54-407f-adf3-48bffaec2a15.jpeg?format=review_small","medium":"https://resources.cdn-kaspi.kz/img/p/r/516421194-112843262/8677efb0-8f54-407f-adf3-48bffaec2a15.jpeg?format=review_medium","large":"https://resources.cdn-kaspi.kz/img/p/r/516421194-112843262/8677efb0-8f54-407f-adf3-48bffaec2a15.jpeg?format=review_large"}],"product":{"id":"112843262","name":"LARKO yogablue1 183х61x0.8 см голубой","categoryCode":"Master - Exercise mats","categoryName":"Коврики для занятий йогой и фитнесом","link":"https://kaspi.kz/shop/p/larko-yogablue1-183h61x0-8-sm-goluboi-112843262/"},"merchant":{"name":"LARKO-KZ","code":"17629423"},"editable":false,"editedByCustomer":false},{"id":"8a5c621095caf9cc0195db8fece74a65","author":"Арман","date":"28.03.2025","orderNumber":"504932986","rating":5,"comment":{"minus":"","plus":"","text":"Качество высшего качества, советую, стоит своих денег."},"feedback":{"positive":0,"voted":false},"product":{"id":"112843262","name":"LARKO yogablue1 183х61x0.8 см голубой","categoryCode":"Master - Exercise mats","categoryName":"Коврики для занятий йогой и фитнесом","link":"https://kaspi.kz/shop/p/larko-yogablue1-183h61x0-8-sm-goluboi-112843262/"},"merchant":{"name":"LARKO-KZ","code":"17629423"},"editable":false,"editedByCustomer":false},{"id":"8a5cc38595acfcab0195db88c3106fc3","author":"Гульжан","date":"28.03.2025","orderNumber":"501677103","rating":5,"comment":{"minus":"","plus":"","text":"Коврик понравился, не скользит, мягкий, красивый, покупайте, отличный товар."},"feedback":{"positive":0,"voted":false},"product":{"id":"112843262","name":"LARKO yogablue1 183х61x0.8 см голубой","categoryCode":"Master - Exercise mats","categoryName":"Коврики для занятий йогой и фитнесом","link":"https://kaspi.kz/shop/p/larko-yogablue1-183h61x0-8-sm-goluboi-112843262/"},"merchant":{"name":"LARKO-KZ","code":"17629423"},"editable":false,"editedByCustomer":false},{"id":"8a5c621095caf9cc0195d76f18323a70","author":"Гульнур","date":"27.03.2025","orderNumber":"521551904","rating":5,"comment":{"minus":"","plus":"","text":"Сапасы жақсы. Уақытында келді."},"feedback":{"positive":0,"voted":false},"galleryImages":[{"id":"521551904-112843262/a317dbbf-7e72-4d3c-b1bc-421113d9834a.jpeg","small":"https://resources.cdn-kaspi.kz/img/p/r/521551904-112843262/a317dbbf-7e72-4d3c-b1bc-421113d9834a.jpeg?format=review_small","medium":"https://resources.cdn-kaspi.kz/img/p/r/521551904-112843262/a317dbbf-7e72-4d3c-b1bc-421113d9834a.jpeg?format=review_medium","large":"https://resources.cdn-kaspi.kz/img/p/r/521551904-112843262/a317dbbf-7e72-4d3c-b1bc-421113d9834a.jpeg?format=review_large"},{"id":"521551904-112843262/ce4415f8-0401-4950-8347-080d3fb1ac3f.jpeg","small":"https://resources.cdn-kaspi.kz/img/p/r/521551904-112843262/ce4415f8-0401-4950-8347-080d3fb1ac3f.jpeg?format=review_small","medium":"https://resources.cdn-kaspi.kz/img/p/r/521551904-112843262/ce4415f8-0401-4950-8347-080d3fb1ac3f.jpeg?format=review_medium","large":"https://resources.cdn-kaspi.kz/img/p/r/521551904-112843262/ce4415f8-0401-4950-8347-080d3fb1ac3f.jpeg?format=review_large"}],"product":{"id":"112843262","name":"LARKO yogablue1 183х61x0.8 см голубой","categoryCode":"Master - Exercise mats","categoryName":"Коврики для занятий йогой и фитнесом","link":"https://kaspi.kz/shop/p/larko-yogablue1-183h61x0-8-sm-goluboi-112843262/"},"merchant":{"name":"LARKO-KZ","code":"17629423"},"editable":false,"editedByCustomer":false},{"id":"8a5c51ce95d05e490195d2fbf556114c","author":"Мария","date":"26.03.2025","orderNumber":"519674824","rating":5,"comment":{"minus":"","plus":"","text":"Заказ пришел вовремя. Коврик мягкий, по полу не скользит. Заниматься на нем комфортно."},"feedback":{"positive":0,"voted":false},"galleryImages":[{"id":"519674824-112843262/9993ac06-11c9-4eb5-9025-1d3c043eb311.jpeg","small":"https://resources.cdn-kaspi.kz/img/p/r/519674824-112843262/9993ac06-11c9-4eb5-9025-1d3c043eb311.jpeg?format=review_small","medium":"https://resources.cdn-kaspi.kz/img/p/r/519674824-112843262/9993ac06-11c9-4eb5-9025-1d3c043eb311.jpeg?format=review_medium","large":"https://resources.cdn-kaspi.kz/img/p/r/519674824-112843262/9993ac06-11c9-4eb5-9025-1d3c043eb311.jpeg?format=review_large"},{"id":"519674824-112843262/31babe69-9231-45c0-a43f-33e742c28367.jpeg","small":"https://resources.cdn-kaspi.kz/img/p/r/519674824-112843262/31babe69-9231-45c0-a43f-33e742c28367.jpeg?format=review_small","medium":"https://resources.cdn-kaspi.kz/img/p/r/519674824-112843262/31babe69-9231-45c0-a43f-33e742c28367.jpeg?format=review_medium","large":"https://resources.cdn-kaspi.kz/img/p/r/519674824-112843262/31babe69-9231-45c0-a43f-33e742c28367.jpeg?format=review_large"},{"id":"519674824-112843262/acb980d9-b790-495c-b22c-400063c4126c.jpeg","small":"https://resources.cdn-kaspi.kz/img/p/r/519674824-112843262/acb980d9-b790-495c-b22c-400063c4126c.jpeg?format=review_small","medium":"https://resources.cdn-kaspi.kz/img/p/r/519674824-112843262/acb980d9-b790-495c-b22c-400063c4126c.jpeg?format=review_medium","large":"https://resources.cdn-kaspi.kz/img/p/r/519674824-112843262/acb980d9-b790-495c-b22c-400063c4126c.jpeg?format=review_large"}],"product":{"id":"112843262","name":"LARKO yogablue1 183х61x0.8 см голубой","categoryCode":"Master - Exercise mats","categoryName":"Коврики для занятий йогой и фитнесом","link":"https://kaspi.kz/shop/p/larko-yogablue1-183h61x0-8-sm-goluboi-112843262/"},"merchant":{"name":"LARKO-KZ","code":"17629423"},"editable":false,"editedByCustomer":false},{"id":"8a5cf33195acfd0d0195d2eaea3b5060","author":"Дилярам","date":"26.03.2025","orderNumber":"519902853","rating":5,"comment":{"minus":"","plus":"","text":"Заказала данный коврик, хорошее качество, рекомендую!"},"feedback":{"positive":0,"voted":false},"product":{"id":"112843262","name":"LARKO yogablue1 183х61x0.8 см голубой","categoryCode":"Master - Exercise mats","categoryName":"Коврики для занятий йогой и фитнесом","link":"https://kaspi.kz/shop/p/larko-yogablue1-183h61x0-8-sm-goluboi-112843262/"},"merchant":{"name":"LARKO-KZ","code":"17629423"},"editable":false,"editedByCustomer":false},{"id":"8a5c6a1595c616b50195cf3d989a3055","author":"Гулшат","date":"26.03.2025","orderNumber":"494728382","rating":1,"comment":{"minus":"","plus":"","text":"Не понравился товар. Не советую."},"feedback":{"positive":1,"voted":false},"product":{"id":"112843262","name":"LARKO yogablue1 183х61x0.8 см голубой","categoryCode":"Master - Exercise mats","categoryName":"Коврики для занятий йогой и фитнесом","link":"https://kaspi.kz/shop/p/larko-yogablue1-183h61x0-8-sm-goluboi-112843262/"},"merchant":{"name":"LARKO-KZ","code":"17629423"},"editable":false,"editedByCustomer":false},{"id":"8a5c5dba95a1d5cb0195a4e6fd2a1831","author":"Аружан","date":"17.03.2025","orderNumber":"478186980","rating":5,"comment":{"minus":"","plus":"","text":"Хороший коврик, плотный и в то же время мягкий, своих денег однозначно стоит."},"feedback":{"positive":0,"voted":false},"product":{"id":"112843262","name":"LARKO yogablue1 183х61x0.8 см голубой","categoryCode":"Master - Exercise mats","categoryName":"Коврики для занятий йогой и фитнесом","link":"https://kaspi.kz/shop/p/larko-yogablue1-183h61x0-8-sm-goluboi-112843262/"},"merchant":{"name":"LARKO-KZ","code":"17629423"},"editable":false,"editedByCustomer":false},{"id":"8a5c60d394ab5c760194bd27c0cd208c","author":"Ольга","date":"31.01.2025","orderNumber":"486705675","rating":5,"comment":{"minus":"","plus":"","text":"Коврик хорошего качества, заявленного размера. Пришёл на один день раньше. Магазин Larko рекомендую."},"feedback":{"positive":0,"voted":false},"product":{"id":"112843262","name":"LARKO yogablue1 183х61x0.8 см голубой","categoryCode":"Master - Exercise mats","categoryName":"Коврики для занятий йогой и фитнесом","link":"https://kaspi.kz/shop/p/larko-yogablue1-183h61x0-8-sm-goluboi-112843262/"},"merchant":{"name":"LARKO-KZ","code":"17629423"},"editable":false,"editedByCustomer":false},{"id":"8a5c809694ab5d0d0194b76ef6e616e5","author":"Елена","date":"30.01.2025","orderNumber":"482927965","rating":5,"comment":{"minus":"","plus":"","text":"Отличный коврик для йоги. Плотный, достаточно толстый. Коленями удобно при растяжке. Рекомендую. Спасибо."},"feedback":{"positive":0,"voted":false},"product":{"id":"112843262","name":"LARKO yogablue1 183х61x0.8 см голубой","categoryCode":"Master - Exercise mats","categoryName":"Коврики для занятий йогой и фитнесом","link":"https://kaspi.kz/shop/p/larko-yogablue1-183h61x0-8-sm-goluboi-112843262/"},"merchant":{"name":"LARKO-KZ","code":"17629423"},"editable":false,"editedByCustomer":false},{"id":"8a5c7ab0946876a40194a7904c3556d8","author":"Алексей","date":"27.01.2025","orderNumber":"485084646","rating":5,"comment":{"minus":"","plus":"","text":"Отличный коврик. Толщина и плотность хорошие. Брал в подарок, девушке очень понравилось. Доставили раньше предполагаемого срока."},"feedback":{"positive":0,"voted":false},"galleryImages":[{"id":"485084646-112843262/8b441f51-a152-4786-8919-2059ccef5d29.jpeg","small":"https://resources.cdn-kaspi.kz/img/p/r/485084646-112843262/8b441f51-a152-4786-8919-2059ccef5d29.jpeg?format=review_small","medium":"https://resources.cdn-kaspi.kz/img/p/r/485084646-112843262/8b441f51-a152-4786-8919-2059ccef5d29.jpeg?format=review_medium","large":"https://resources.cdn-kaspi.kz/img/p/r/485084646-112843262/8b441f51-a152-4786-8919-2059ccef5d29.jpeg?format=review_large"},{"id":"485084646-112843262/d4659f64-f5ab-4cb9-8134-387ad836949b.jpeg","small":"https://resources.cdn-kaspi.kz/img/p/r/485084646-112843262/d4659f64-f5ab-4cb9-8134-387ad836949b.jpeg?format=review_small","medium":"https://resources.cdn-kaspi.kz/img/p/r/485084646-112843262/d4659f64-f5ab-4cb9-8134-387ad836949b.jpeg?format=review_medium","large":"https://resources.cdn-kaspi.kz/img/p/r/485084646-112843262/d4659f64-f5ab-4cb9-8134-387ad836949b.jpeg?format=review_large"}],"product":{"id":"112843262","name":"LARKO yogablue1 183х61x0.8 см голубой","categoryCode":"Master - Exercise mats","categoryName":"Коврики для занятий йогой и фитнесом","link":"https://kaspi.kz/shop/p/larko-yogablue1-183h61x0-8-sm-goluboi-112843262/"},"merchant":{"name":"LARKO-KZ","code":"17629423"},"editable":false,"editedByCustomer":false},{"id":"8a5c5a859468758801948150aa942986","author":"Жумабике","date":"20.01.2025","orderNumber":"480151313","rating":5,"comment":{"minus":"","plus":"","text":"Жалко, что нет чехла, а так коврик замечательный, будет стационарный, ожидание и реальность совпали. Каспи молодцы, доставили быстро, спасибо."},"feedback":{"positive":0,"voted":false},"product":{"id":"112843262","name":"LARKO yogablue1 183х61x0.8 см голубой","categoryCode":"Master - Exercise mats","categoryName":"Коврики для занятий йогой и фитнесом","link":"https://kaspi.kz/shop/p/larko-yogablue1-183h61x0-8-sm-goluboi-112843262/"},"merchant":{"name":"LARKO-KZ","code":"17629423"},"editable":false,"editedByCustomer":false},{"id":"8a5c1b6794687641019472520c4d10f6","author":"Іңкәр","date":"17.01.2025","orderNumber":"480542217","rating":5,"comment":{"minus":"","plus":"","text":"Хороший, плотный, длинный. Пока только начала пользоваться, пока что нравится, дальше посмотрим."},"feedback":{"positive":0,"voted":false},"product":{"id":"112843262","name":"LARKO yogablue1 183х61x0.8 см голубой","categoryCode":"Master - Exercise mats","categoryName":"Коврики для занятий йогой и фитнесом","link":"https://kaspi.kz/shop/p/larko-yogablue1-183h61x0-8-sm-goluboi-112843262/"},"merchant":{"name":"LARKO-KZ","code":"17629423"},"editable":false,"editedByCustomer":false},{"id":"8a5c5a859468758801946efdfe4a0c02","author":"Дина","date":"16.01.2025","orderNumber":"480803763","rating":5,"comment":{"minus":"","plus":"","text":"Очень мягкий и удобный коврик."},"feedback":{"positive":0,"voted":false},"product":{"id":"112843262","name":"LARKO yogablue1 183х61x0.8 см голубой","categoryCode":"Master - Exercise mats","categoryName":"Коврики для занятий йогой и фитнесом","link":"https://kaspi.kz/shop/p/larko-yogablue1-183h61x0-8-sm-goluboi-112843262/"},"merchant":{"name":"LARKO-KZ","code":"17629423"},"editable":false,"editedByCustomer":false},{"id":"8a5c5d9b9401953a01945fd760da7a66","author":"Назым","date":"13.01.2025","orderNumber":"478967978","rating":5,"comment":{"minus":"","plus":"","text":"Спасибо большое за доставку! Такой красивый коврик."},"feedback":{"positive":0,"voted":false},"product":{"id":"112843262","name":"LARKO yogablue1 183х61x0.8 см голубой","categoryCode":"Master - Exercise mats","categoryName":"Коврики для занятий йогой и фитнесом","link":"https://kaspi.kz/shop/p/larko-yogablue1-183h61x0-8-sm-goluboi-112843262/"},"merchant":{"name":"LARKO-KZ","code":"17629423"},"editable":false,"editedByCustomer":false},{"id":"8a5c9dbc9401956a0194567c76556f01","author":"Әдия","date":"11.01.2025","orderNumber":"478105402","rating":5,"comment":{"minus":"","plus":"","text":"Коврик для йоги оказался удобным и приятным на ощупь. Не скользит, хорошо фиксируется на полу, а плотность позволяет комфортно выполнять. Отличный выбор!"},"feedback":{"positive":0,"voted":false},"galleryImages":[{"id":"478105402-112843262/1be7e7c7-be7f-400f-bfe8-919942624e8e.jpeg","small":"https://resources.cdn-kaspi.kz/img/p/r/478105402-112843262/1be7e7c7-be7f-400f-bfe8-919942624e8e.jpeg?format=review_small","medium":"https://resources.cdn-kaspi.kz/img/p/r/478105402-112843262/1be7e7c7-be7f-400f-bfe8-919942624e8e.jpeg?format=review_medium","large":"https://resources.cdn-kaspi.kz/img/p/r/478105402-112843262/1be7e7c7-be7f-400f-bfe8-919942624e8e.jpeg?format=review_large"}],"product":{"id":"112843262","name":"LARKO yogablue1 183х61x0.8 см голубой","categoryCode":"Master - Exercise mats","categoryName":"Коврики для занятий йогой и фитнесом","link":"https://kaspi.kz/shop/p/larko-yogablue1-183h61x0-8-sm-goluboi-112843262/"},"merchant":{"name":"LARKO-KZ","code":"17629423"},"editable":false,"editedByCustomer":true},{"id":"8a5c307b9401961201942c1df38b41b2","author":"Акмарал","date":"03.01.2025","orderNumber":"471845398","rating":5,"comment":{"minus":"","plus":"","text":"Коврик понравился, и цвет, и текстура."},"feedback":{"positive":0,"voted":false},"product":{"id":"112843262","name":"LARKO yogablue1 183х61x0.8 см голубой","categoryCode":"Master - Exercise mats","categoryName":"Коврики для занятий йогой и фитнесом","link":"https://kaspi.kz/shop/p/larko-yogablue1-183h61x0-8-sm-goluboi-112843262/"},"merchant":{"name":"LARKO-KZ","code":"17629423"},"editable":false,"editedByCustomer":false},{"id":"8a5c0c4493c353ba0193e2fd53972f42","author":"Лиана","date":"20.12.2024","orderNumber":"462417160","rating":5,"comment":{"minus":"","plus":"","text":"Отличный 2х слойный коврик. Без запаха!"},"feedback":{"positive":0,"voted":false},"galleryImages":[{"id":"462417160-112843262/9982080c-8257-45d6-97e4-42588cb8d403.jpeg","small":"https://resources.cdn-kaspi.kz/img/p/r/462417160-112843262/9982080c-8257-45d6-97e4-42588cb8d403.jpeg?format=review_small","medium":"https://resources.cdn-kaspi.kz/img/p/r/462417160-112843262/9982080c-8257-45d6-97e4-42588cb8d403.jpeg?format=review_medium","large":"https://resources.cdn-kaspi.kz/img/p/r/462417160-112843262/9982080c-8257-45d6-97e4-42588cb8d403.jpeg?format=review_large"},{"id":"462417160-112843262/15c68036-dd64-4fcd-a231-d42764b2d7a9.jpeg","small":"https://resources.cdn-kaspi.kz/img/p/r/462417160-112843262/15c68036-dd64-4fcd-a231-d42764b2d7a9.jpeg?format=review_small","medium":"https://resources.cdn-kaspi.kz/img/p/r/462417160-112843262/15c68036-dd64-4fcd-a231-d42764b2d7a9.jpeg?format=review_medium","large":"https://resources.cdn-kaspi.kz/img/p/r/462417160-112843262/15c68036-dd64-4fcd-a231-d42764b2d7a9.jpeg?format=review_large"}],"product":{"id":"112843262","name":"LARKO yogablue1 183х61x0.8 см голубой","categoryCode":"Master - Exercise mats","categoryName":"Коврики для занятий йогой и фитнесом","link":"https://kaspi.kz/shop/p/larko-yogablue1-183h61x0-8-sm-goluboi-112843262/"},"merchant":{"name":"LARKO-KZ","code":"17629423"},"editable":false,"editedByCustomer":false},{"id":"8a5ce3f3939556920193baa73e543dba","author":"Вячеслав","date":"12.12.2024","orderNumber":"457818851","rating":5,"comment":{"minus":"","plus":"","text":"Классный коврик. Удобный, без запаха и по вкусной цене."},"feedback":{"positive":0,"voted":false},"product":{"id":"112843262","name":"LARKO yogablue1 183х61x0.8 см голубой","categoryCode":"Master - Exercise mats","categoryName":"Коврики для занятий йогой и фитнесом","link":"https://kaspi.kz/shop/p/larko-yogablue1-183h61x0-8-sm-goluboi-112843262/"},"merchant":{"name":"LARKO-KZ","code":"17629423"},"editable":false,"editedByCustomer":false},{"id":"8a5c4eea9366cb6d019368ffbb6205cc","author":"Малика","date":"26.11.2024","orderNumber":"450822034","rating":5,"comment":{"minus":"","plus":"","text":"Коврик супер, размеры соответствуют описанию, качество супер, мягкий, на поверхности не скользит. Спасибо магазину за оперативную доставку, все понравилось!"},"feedback":{"positive":0,"voted":false},"product":{"id":"112843262","name":"LARKO yogablue1 183х61x0.8 см голубой","categoryCode":"Master - Exercise mats","categoryName":"Коврики для занятий йогой и фитнесом","link":"https://kaspi.kz/shop/p/larko-yogablue1-183h61x0-8-sm-goluboi-112843262/"},"merchant":{"name":"LARKO-KZ","code":"17629423"},"editable":false,"editedByCustomer":false},{"id":"8a5cee55931f0dca019334155f252085","author":"Алена","date":"16.11.2024","orderNumber":"441000820","rating":5,"comment":{"minus":"","plus":"","text":"Полностью соответствует описанию. Мне очень понравился, не скользит."},"feedback":{"positive":0,"voted":false},"product":{"id":"112843262","name":"LARKO yogablue1 183х61x0.8 см голубой","categoryCode":"Master - Exercise mats","categoryName":"Коврики для занятий йогой и фитнесом","link":"https://kaspi.kz/shop/p/larko-yogablue1-183h61x0-8-sm-goluboi-112843262/"},"merchant":{"name":"LARKO-KZ","code":"17629423"},"editable":false,"editedByCustomer":false},{"id":"8a5c5c9f931b210701931ef64e3c046c","author":"Жанна","date":"12.11.2024","orderNumber":"440866110","rating":5,"comment":{"minus":"","plus":"","text":"Коврик классный! Очень комфортный, толстенький и цена супер! Спасибо компании LARCO- KZ. За быструю доставку, хороший товар и низкую цену."},"feedback":{"positive":0,"voted":false},"product":{"id":"112843262","name":"LARKO yogablue1 183х61x0.8 см голубой","categoryCode":"Master - Exercise mats","categoryName":"Коврики для занятий йогой и фитнесом","link":"https://kaspi.kz/shop/p/larko-yogablue1-183h61x0-8-sm-goluboi-112843262/"},"merchant":{"name":"LARKO-KZ","code":"17629423"},"editable":false,"editedByCustomer":false},{"id":"8a5cd265931b221d01931c638106031f","author":"Асел","date":"11.11.2024","orderNumber":"440615738","rating":5,"comment":{"minus":"","plus":"","text":"Купила коврик для йоги, качество отличное! Материал мягкий, удобный и приятно использовать. Спасибо магазину за качественный товар."},"feedback":{"positive":1,"voted":false},"galleryImages":[{"id":"440615738-112843262/f87abae3-367d-49ee-9c6f-9eee940bc543.jpeg","small":"https://resources.cdn-kaspi.kz/img/p/r/440615738-112843262/f87abae3-367d-49ee-9c6f-9eee940bc543.jpeg?format=review_small","medium":"https://resources.cdn-kaspi.kz/img/p/r/440615738-112843262/f87abae3-367d-49ee-9c6f-9eee940bc543.jpeg?format=review_medium","large":"https://resources.cdn-kaspi.kz/img/p/r/440615738-112843262/f87abae3-367d-49ee-9c6f-9eee940bc543.jpeg?format=review_large"},{"id":"440615738-112843262/7cd924cd-4a5f-4d1c-8849-5399dbd0d4d0.jpeg","small":"https://resources.cdn-kaspi.kz/img/p/r/440615738-112843262/7cd924cd-4a5f-4d1c-8849-5399dbd0d4d0.jpeg?format=review_small","medium":"https://resources.cdn-kaspi.kz/img/p/r/440615738-112843262/7cd924cd-4a5f-4d1c-8849-5399dbd0d4d0.jpeg?format=review_medium","large":"https://resources.cdn-kaspi.kz/img/p/r/440615738-112843262/7cd924cd-4a5f-4d1c-8849-5399dbd0d4d0.jpeg?format=review_large"},{"id":"440615738-112843262/8bdd3569-da0b-488a-8c1c-fff44e814202.jpeg","small":"https://resources.cdn-kaspi.kz/img/p/r/440615738-112843262/8bdd3569-da0b-488a-8c1c-fff44e814202.jpeg?format=review_small","medium":"https://resources.cdn-kaspi.kz/img/p/r/440615738-112843262/8bdd3569-da0b-488a-8c1c-fff44e814202.jpeg?format=review_medium","large":"https://resources.cdn-kaspi.kz/img/p/r/440615738-112843262/8bdd3569-da0b-488a-8c1c-fff44e814202.jpeg?format=review_large"},{"id":"440615738-112843262/8db30c54-4577-4d91-a951-6c43038671a3.jpeg","small":"https://resources.cdn-kaspi.kz/img/p/r/440615738-112843262/8db30c54-4577-4d91-a951-6c43038671a3.jpeg?format=review_small","medium":"https://resources.cdn-kaspi.kz/img/p/r/440615738-112843262/8db30c54-4577-4d91-a951-6c43038671a3.jpeg?format=review_medium","large":"https://resources.cdn-kaspi.kz/img/p/r/440615738-112843262/8db30c54-4577-4d91-a951-6c43038671a3.jpeg?format=review_large"}],"product":{"id":"112843262","name":"LARKO yogablue1 183х61x0.8 см голубой","categoryCode":"Master - Exercise mats","categoryName":"Коврики для занятий йогой и фитнесом","link":"https://kaspi.kz/shop/p/larko-yogablue1-183h61x0-8-sm-goluboi-112843262/"},"merchant":{"name":"LARKO-KZ","code":"17629423"},"editable":false,"editedByCustomer":false}]}