{"data":[{"id":"8a5c5fbf9618f30801965886305b1a90","author":"Фарида","date":"21.04.2025","orderNumber":"535709142","rating":5,"comment":{"minus":"","plus":"","text":"Очень хорошо сели, заказом довольна, буду заказывать ещё раз."},"feedback":{"positive":0,"voted":false},"product":{"id":"116479751","name":"Трусы LARKO pkb черный XL","categoryCode":"Master - Women shapewear","categoryName":"Женское корректирующее белье","link":"https://kaspi.kz/shop/p/trusy-larko-pkb-chernyi-xl-116479751/"},"merchant":{"name":"LARKO-KZ","code":"17629423"},"editable":false,"editedByCustomer":false},{"id":"8a5cadc29618f2fa01963397ae507f4b","author":"Джумагуль","date":"14.04.2025","orderNumber":"525789174","rating":5,"comment":{"minus":"","plus":"","text":"Товар пришёл раньше срока. Очень мне понравилось, спасибо продавцу. Размер мой. Ткань отличная. Рекомендую заказывать. Трусы корсет всем."},"feedback":{"positive":0,"voted":false},"product":{"id":"116479751","name":"Трусы LARKO pkb черный XL","categoryCode":"Master - Women shapewear","categoryName":"Женское корректирующее белье","link":"https://kaspi.kz/shop/p/trusy-larko-pkb-chernyi-xl-116479751/"},"merchant":{"name":"LARKO-KZ","code":"17629423"},"editable":false,"editedByCustomer":false},{"id":"8a5cf3349595264801959526ea690024","author":"Арайлым","date":"14.03.2025","orderNumber":"512114805","rating":5,"comment":{"minus":"","plus":"","text":"Өте керемет, материалы супер. Бір сөзбен айтқанда қатты ұнады. Уақытынан бұрын жеткізілді."},"feedback":{"positive":0,"voted":false},"product":{"id":"116479751","name":"Трусы LARKO pkb черный XL","categoryCode":"Master - Women shapewear","categoryName":"Женское корректирующее белье","link":"https://kaspi.kz/shop/p/trusy-larko-pkb-chernyi-xl-116479751/"},"merchant":{"name":"LARKO-KZ","code":"17629423"},"editable":false,"editedByCustomer":false},{"id":"8a5c51e794dead0f0194f46258e37800","author":"Анара","date":"11.02.2025","orderNumber":"493204476","rating":5,"comment":{"minus":"","plus":"","text":"Отличный вариант за такую цену, удобны в носке, идут размер в размер. Спасибо продавцу."},"feedback":{"positive":1,"voted":false},"product":{"id":"116479751","name":"Трусы LARKO pkb черный XL","categoryCode":"Master - Women shapewear","categoryName":"Женское корректирующее белье","link":"https://kaspi.kz/shop/p/trusy-larko-pkb-chernyi-xl-116479751/"},"merchant":{"name":"LARKO-KZ","code":"17629423"},"editable":false,"editedByCustomer":false},{"id":"8a5c0cd0946875840194a0da14d74ee3","author":"Зайра","date":"26.01.2025","orderNumber":"483055481","rating":5,"comment":{"minus":"","plus":"","text":"Классное качество, не ожидала. Всё по размеру."},"feedback":{"positive":0,"voted":false},"galleryImages":[{"id":"483055481-116479751/8483fb60-867b-4e1f-8563-518f2274954f.jpeg","small":"https://resources.cdn-kaspi.kz/img/p/r/483055481-116479751/8483fb60-867b-4e1f-8563-518f2274954f.jpeg?format=review_small","medium":"https://resources.cdn-kaspi.kz/img/p/r/483055481-116479751/8483fb60-867b-4e1f-8563-518f2274954f.jpeg?format=review_medium","large":"https://resources.cdn-kaspi.kz/img/p/r/483055481-116479751/8483fb60-867b-4e1f-8563-518f2274954f.jpeg?format=review_large"},{"id":"483055481-116479751/bfe822b4-8738-4562-843e-4dea8321bfab.jpeg","small":"https://resources.cdn-kaspi.kz/img/p/r/483055481-116479751/bfe822b4-8738-4562-843e-4dea8321bfab.jpeg?format=review_small","medium":"https://resources.cdn-kaspi.kz/img/p/r/483055481-116479751/bfe822b4-8738-4562-843e-4dea8321bfab.jpeg?format=review_medium","large":"https://resources.cdn-kaspi.kz/img/p/r/483055481-116479751/bfe822b4-8738-4562-843e-4dea8321bfab.jpeg?format=review_large"},{"id":"483055481-116479751/d80dec7c-0251-41e6-ae51-b5ebff4da15c.jpeg","small":"https://resources.cdn-kaspi.kz/img/p/r/483055481-116479751/d80dec7c-0251-41e6-ae51-b5ebff4da15c.jpeg?format=review_small","medium":"https://resources.cdn-kaspi.kz/img/p/r/483055481-116479751/d80dec7c-0251-41e6-ae51-b5ebff4da15c.jpeg?format=review_medium","large":"https://resources.cdn-kaspi.kz/img/p/r/483055481-116479751/d80dec7c-0251-41e6-ae51-b5ebff4da15c.jpeg?format=review_large"},{"id":"483055481-116479751/777576cf-f078-476d-8ba0-4e25b298bf06.jpeg","small":"https://resources.cdn-kaspi.kz/img/p/r/483055481-116479751/777576cf-f078-476d-8ba0-4e25b298bf06.jpeg?format=review_small","medium":"https://resources.cdn-kaspi.kz/img/p/r/483055481-116479751/777576cf-f078-476d-8ba0-4e25b298bf06.jpeg?format=review_medium","large":"https://resources.cdn-kaspi.kz/img/p/r/483055481-116479751/777576cf-f078-476d-8ba0-4e25b298bf06.jpeg?format=review_large"}],"product":{"id":"116479751","name":"Трусы LARKO pkb черный XL","categoryCode":"Master - Women shapewear","categoryName":"Женское корректирующее белье","link":"https://kaspi.kz/shop/p/trusy-larko-pkb-chernyi-xl-116479751/"},"merchant":{"name":"LARKO-KZ","code":"17629423"},"editable":false,"editedByCustomer":false},{"id":"8a5c2f43940196110194077b196a0d8b","author":"Евгения","date":"31.12.2024","orderNumber":"470086436","rating":5,"comment":{"minus":"","plus":"","text":"Качественные, удобные. Спасибо! Доставку немного задержали."},"feedback":{"positive":0,"voted":false},"galleryImages":[{"id":"470086436-116479751/99000617-3c86-47a4-b461-dcd2944d0c64.jpeg","small":"https://resources.cdn-kaspi.kz/img/p/r/470086436-116479751/99000617-3c86-47a4-b461-dcd2944d0c64.jpeg?format=review_small","medium":"https://resources.cdn-kaspi.kz/img/p/r/470086436-116479751/99000617-3c86-47a4-b461-dcd2944d0c64.jpeg?format=review_medium","large":"https://resources.cdn-kaspi.kz/img/p/r/470086436-116479751/99000617-3c86-47a4-b461-dcd2944d0c64.jpeg?format=review_large"},{"id":"470086436-116479751/689e3f50-df28-4c0e-b53d-314379515ee2.jpeg","small":"https://resources.cdn-kaspi.kz/img/p/r/470086436-116479751/689e3f50-df28-4c0e-b53d-314379515ee2.jpeg?format=review_small","medium":"https://resources.cdn-kaspi.kz/img/p/r/470086436-116479751/689e3f50-df28-4c0e-b53d-314379515ee2.jpeg?format=review_medium","large":"https://resources.cdn-kaspi.kz/img/p/r/470086436-116479751/689e3f50-df28-4c0e-b53d-314379515ee2.jpeg?format=review_large"},{"id":"470086436-116479751/a0b24baf-539c-4467-a819-da3bfd4fa637.jpeg","small":"https://resources.cdn-kaspi.kz/img/p/r/470086436-116479751/a0b24baf-539c-4467-a819-da3bfd4fa637.jpeg?format=review_small","medium":"https://resources.cdn-kaspi.kz/img/p/r/470086436-116479751/a0b24baf-539c-4467-a819-da3bfd4fa637.jpeg?format=review_medium","large":"https://resources.cdn-kaspi.kz/img/p/r/470086436-116479751/a0b24baf-539c-4467-a819-da3bfd4fa637.jpeg?format=review_large"}],"product":{"id":"116479751","name":"Трусы LARKO pkb черный XL","categoryCode":"Master - Women shapewear","categoryName":"Женское корректирующее белье","link":"https://kaspi.kz/shop/p/trusy-larko-pkb-chernyi-xl-116479751/"},"merchant":{"name":"LARKO-KZ","code":"17629423"},"editable":false,"editedByCustomer":false},{"id":"8a5c528d939556e10193f482493c129c","author":"Татьяна","date":"23.12.2024","orderNumber":"467707304","rating":5,"comment":{"minus":"","plus":"","text":"Качество отличное, хорошо утягивают, покупкой довольна. Берите, не пожалеете."},"feedback":{"positive":0,"voted":false},"product":{"id":"116479751","name":"Трусы LARKO pkb черный XL","categoryCode":"Master - Women shapewear","categoryName":"Женское корректирующее белье","link":"https://kaspi.kz/shop/p/trusy-larko-pkb-chernyi-xl-116479751/"},"merchant":{"name":"LARKO-KZ","code":"17629423"},"editable":false,"editedByCustomer":false},{"id":"8a5c0c4493c353ba0193edac45f73ea7","author":"Фотима","date":"22.12.2024","orderNumber":"467599463","rating":5,"comment":{"minus":"","plus":"","text":"Размер тұра келді, рахмет, өте күшті,."},"feedback":{"positive":0,"voted":false},"galleryImages":[{"id":"467599463-116479751/4e842dea-0910-49ac-b6ff-6334f708d11f.jpeg","small":"https://resources.cdn-kaspi.kz/img/p/r/467599463-116479751/4e842dea-0910-49ac-b6ff-6334f708d11f.jpeg?format=review_small","medium":"https://resources.cdn-kaspi.kz/img/p/r/467599463-116479751/4e842dea-0910-49ac-b6ff-6334f708d11f.jpeg?format=review_medium","large":"https://resources.cdn-kaspi.kz/img/p/r/467599463-116479751/4e842dea-0910-49ac-b6ff-6334f708d11f.jpeg?format=review_large"}],"product":{"id":"116479751","name":"Трусы LARKO pkb черный XL","categoryCode":"Master - Women shapewear","categoryName":"Женское корректирующее белье","link":"https://kaspi.kz/shop/p/trusy-larko-pkb-chernyi-xl-116479751/"},"merchant":{"name":"LARKO-KZ","code":"17629423"},"editable":false,"editedByCustomer":false},{"id":"8a5ccd739395560a0193ba222afb3c1e","author":"Сапаргул","date":"12.12.2024","orderNumber":"459271753","rating":5,"comment":{"minus":"","plus":"","text":"Күшті келді."},"feedback":{"positive":0,"voted":false},"product":{"id":"116479751","name":"Трусы LARKO pkb черный XL","categoryCode":"Master - Women shapewear","categoryName":"Женское корректирующее белье","link":"https://kaspi.kz/shop/p/trusy-larko-pkb-chernyi-xl-116479751/"},"merchant":{"name":"LARKO-KZ","code":"17629423"},"editable":false,"editedByCustomer":false},{"id":"8a5c44a5939557020193a64333201d49","author":"Лаззат","date":"08.12.2024","orderNumber":"451418235","rating":5,"comment":{"minus":"","plus":"","text":"Ұнады."},"feedback":{"positive":0,"voted":false},"product":{"id":"116479751","name":"Трусы LARKO pkb черный XL","categoryCode":"Master - Women shapewear","categoryName":"Женское корректирующее белье","link":"https://kaspi.kz/shop/p/trusy-larko-pkb-chernyi-xl-116479751/"},"merchant":{"name":"LARKO-KZ","code":"17629423"},"editable":false,"editedByCustomer":false},{"id":"8a5c5814912aba4801912badb58101be","author":"Гульмира","date":"07.08.2024","orderNumber":"385585281","rating":5,"comment":{"minus":"","plus":"","text":"Лучшая покупка за последнее время. Качественный товар, доступная цена, удобные трусы в носке, хорошо держат форму, не сползает, как другие."},"feedback":{"positive":1,"voted":false},"product":{"id":"116479751","name":"Трусы LARKO pkb черный XL","categoryCode":"Master - Women shapewear","categoryName":"Женское корректирующее белье","link":"https://kaspi.kz/shop/p/trusy-larko-pkb-chernyi-xl-116479751/"},"merchant":{"name":"LARKO-KZ","code":"17629423"},"editable":false,"editedByCustomer":false},{"id":"8a5cd5a79120965e019121e8913901d5","author":"Александра","date":"05.08.2024","orderNumber":"388622646","rating":5,"comment":{"minus":"","plus":"","text":"Очень классные, хорошо утягивают на размер маломерят."},"feedback":{"positive":0,"voted":false},"product":{"id":"116479751","name":"Трусы LARKO pkb черный XL","categoryCode":"Master - Women shapewear","categoryName":"Женское корректирующее белье","link":"https://kaspi.kz/shop/p/trusy-larko-pkb-chernyi-xl-116479751/"},"merchant":{"name":"LARKO-KZ","code":"17629423"},"editable":false,"editedByCustomer":false},{"id":"8a5cba5c90058a7901900d1092b513c0","author":"Альмира","date":"12.06.2024","orderNumber":"364549761","rating":3,"comment":{"minus":"","plus":"","text":"Неудобные, сидеть неудобно."},"feedback":{"positive":0,"voted":false},"product":{"id":"116479751","name":"Трусы LARKO pkb черный XL","categoryCode":"Master - Women shapewear","categoryName":"Женское корректирующее белье","link":"https://kaspi.kz/shop/p/trusy-larko-pkb-chernyi-xl-116479751/"},"merchant":{"name":"LARKO-KZ","code":"17629423"},"editable":false,"editedByCustomer":false},{"id":"8a5c256c8f8f097e018f903803e40270","author":"Роза","date":"19.05.2024","orderNumber":"346508670","rating":5,"comment":{"minus":"","plus":"","text":"Өзім розмериме шақ келді, керемет ішімізді тартып, жинақы жүретін ұнады."},"feedback":{"positive":0,"voted":false},"product":{"id":"116479751","name":"Трусы LARKO pkb черный XL","categoryCode":"Master - Women shapewear","categoryName":"Женское корректирующее белье","link":"https://kaspi.kz/shop/p/trusy-larko-pkb-chernyi-xl-116479751/"},"merchant":{"name":"LARKO-KZ","code":"17629423"},"editable":false,"editedByCustomer":false},{"id":"8a5c0c308ef035b7018ef1011fad01b8","author":"Аида","date":"18.04.2024","orderNumber":"347474954","rating":5,"comment":{"minus":"","plus":"","text":"Всё понравилось. Отлично сидят, размер как раз."},"feedback":{"positive":0,"voted":false},"product":{"id":"116479751","name":"Трусы LARKO pkb черный XL","categoryCode":"Master - Women shapewear","categoryName":"Женское корректирующее белье","link":"https://kaspi.kz/shop/p/trusy-larko-pkb-chernyi-xl-116479751/"},"merchant":{"name":"LARKO-KZ","code":"17629423"},"editable":false,"editedByCustomer":false},{"id":"8a5c85ad8e7f9270018e837601e305aa","author":"Асель","date":"28.03.2024","orderNumber":"339426594","rating":2,"comment":{"minus":"","plus":"","text":"Когда корсет с застежками надеваю получаются складки и заломы, сворачивается к низу. Очень неудобно носить."},"feedback":{"positive":6,"voted":false},"product":{"id":"116479751","name":"Трусы LARKO pkb черный XL","categoryCode":"Master - Women shapewear","categoryName":"Женское корректирующее белье","link":"https://kaspi.kz/shop/p/trusy-larko-pkb-chernyi-xl-116479751/"},"merchant":{"name":"LARKO-KZ","code":"17629423"},"editable":false,"editedByCustomer":false},{"id":"8a5c1df88dc4424e018ddf6b039715bd","author":"Раушан","date":"25.02.2024","orderNumber":"329209105","rating":5,"comment":{"minus":"","plus":"","text":"Размером чуть не угодала, а так хорошо утягивают."},"feedback":{"positive":0,"voted":false},"product":{"id":"116479751","name":"Трусы LARKO pkb черный XL","categoryCode":"Master - Women shapewear","categoryName":"Женское корректирующее белье","link":"https://kaspi.kz/shop/p/trusy-larko-pkb-chernyi-xl-116479751/"},"merchant":{"name":"LARKO-KZ","code":"17629423"},"editable":false,"editedByCustomer":false},{"id":"8a5cfaa48d398aea018dcabb98cf36ec","author":"Равина","date":"21.02.2024","orderNumber":"326941173","rating":5,"comment":{"minus":"","plus":"","text":"Отличный товар, советую брать."},"feedback":{"positive":1,"voted":false},"product":{"id":"116479751","name":"Трусы LARKO pkb черный XL","categoryCode":"Master - Women shapewear","categoryName":"Женское корректирующее белье","link":"https://kaspi.kz/shop/p/trusy-larko-pkb-chernyi-xl-116479751/"},"merchant":{"name":"LARKO-KZ","code":"17629423"},"editable":false,"editedByCustomer":false}]}