{"data":[{"id":"8a5cadc29618f2fa01963d9156572a51","author":"Ажар","date":"16.04.2025","orderNumber":"518954467","rating":5,"comment":{"minus":"","plus":"","text":"Отличный корсет, осанка выровнялась почти сразу, эффект потрясающий, благодарю."},"feedback":{"positive":0,"voted":false},"product":{"id":"116226520","name":"LARKO на грудопоясничный отдел корректор осанки postcorl унисекс профессиональный черный универсальный","categoryCode":"Master - Posture correctors","categoryName":"Корректоры осанки","link":"https://kaspi.kz/shop/p/larko-na-grudopojasnichnyi-otdel-korrektor-osanki-postcorl-uniseks-professional-nyi-chernyi-universal-nyi-116226520/"},"merchant":{"name":"LARKO-KZ","code":"17629423"},"editable":false,"editedByCustomer":false},{"id":"8a5c02349618f32b01963af83a52251b","author":"Айнұр","date":"16.04.2025","orderNumber":"485099192","rating":5,"comment":{"minus":"","plus":"","text":"Очень удобный корректор осанки, уже пользуюсь месяц, мне нравится! Спасибо Каспи Магазин и продавцу LARKO-KZ."},"feedback":{"positive":0,"voted":false},"product":{"id":"116226520","name":"LARKO на грудопоясничный отдел корректор осанки postcorl унисекс профессиональный черный универсальный","categoryCode":"Master - Posture correctors","categoryName":"Корректоры осанки","link":"https://kaspi.kz/shop/p/larko-na-grudopojasnichnyi-otdel-korrektor-osanki-postcorl-uniseks-professional-nyi-chernyi-universal-nyi-116226520/"},"merchant":{"name":"LARKO-KZ","code":"17629423"},"editable":false,"editedByCustomer":false},{"id":"8a5cadc29618f2fa019639302d471a34","author":"Айнур","date":"15.04.2025","orderNumber":"519305869","rating":1,"comment":{"minus":"","plus":"","text":"Өте ыңғайсыз, қатты. Үйде жатыр, киген жоқпын."},"feedback":{"positive":0,"voted":false},"product":{"id":"116226520","name":"LARKO на грудопоясничный отдел корректор осанки postcorl унисекс профессиональный черный универсальный","categoryCode":"Master - Posture correctors","categoryName":"Корректоры осанки","link":"https://kaspi.kz/shop/p/larko-na-grudopojasnichnyi-otdel-korrektor-osanki-postcorl-uniseks-professional-nyi-chernyi-universal-nyi-116226520/"},"merchant":{"name":"LARKO-KZ","code":"17629423"},"editable":false,"editedByCustomer":false},{"id":"8a5c30729618f3d2019638d0838116e4","author":"Самал","date":"15.04.2025","orderNumber":"481127477","rating":5,"comment":{"minus":"","plus":"","text":"Пользуясь корректором осанок могу сказать, что я выбрала, самую удобную и эффективную модель корректора осанки. Который воздействует и на позвоночник и на плечи, одновременно приводит их в правильное положение."},"feedback":{"positive":0,"voted":false},"product":{"id":"116226520","name":"LARKO на грудопоясничный отдел корректор осанки postcorl унисекс профессиональный черный универсальный","categoryCode":"Master - Posture correctors","categoryName":"Корректоры осанки","link":"https://kaspi.kz/shop/p/larko-na-grudopojasnichnyi-otdel-korrektor-osanki-postcorl-uniseks-professional-nyi-chernyi-universal-nyi-116226520/"},"merchant":{"name":"LARKO-KZ","code":"17629423"},"editable":false,"editedByCustomer":false},{"id":"8a5c80839590f3c20195936229b50563","author":"Светлана","date":"14.03.2025","orderNumber":"508194471","rating":1,"comment":{"minus":"","plus":"","text":"Корсет ужасный, очень неудобный, давит в области подмышек и не держит спину."},"feedback":{"positive":1,"voted":false},"product":{"id":"116226520","name":"LARKO на грудопоясничный отдел корректор осанки postcorl унисекс профессиональный черный универсальный","categoryCode":"Master - Posture correctors","categoryName":"Корректоры осанки","link":"https://kaspi.kz/shop/p/larko-na-grudopojasnichnyi-otdel-korrektor-osanki-postcorl-uniseks-professional-nyi-chernyi-universal-nyi-116226520/"},"merchant":{"name":"LARKO-KZ","code":"17629423"},"editable":false,"editedByCustomer":false},{"id":"8a5c3c2694ab5c480194bc7ec8391e94","author":"Шұғыла","date":"31.01.2025","orderNumber":"488286781","rating":5,"comment":{"minus":"","plus":"","text":"Отличный товар."},"feedback":{"positive":0,"voted":false},"product":{"id":"116226520","name":"LARKO на грудопоясничный отдел корректор осанки postcorl унисекс профессиональный черный универсальный","categoryCode":"Master - Posture correctors","categoryName":"Корректоры осанки","link":"https://kaspi.kz/shop/p/larko-na-grudopojasnichnyi-otdel-korrektor-osanki-postcorl-uniseks-professional-nyi-chernyi-universal-nyi-116226520/"},"merchant":{"name":"LARKO-KZ","code":"17629423"},"editable":false,"editedByCustomer":false},{"id":"8a5ce80e946875d00194a9577ce85a31","author":"Nakiya","date":"28.01.2025","orderNumber":"486276097","rating":5,"comment":{"minus":"","plus":"","text":"Качество классное, очень хорошо держит спину покупала дочке ещё не отдала сама примерила, очень понравилось, думаю ей тоже понравится. Очень хорошо держит спину."},"feedback":{"positive":0,"voted":false},"product":{"id":"116226520","name":"LARKO на грудопоясничный отдел корректор осанки postcorl унисекс профессиональный черный универсальный","categoryCode":"Master - Posture correctors","categoryName":"Корректоры осанки","link":"https://kaspi.kz/shop/p/larko-na-grudopojasnichnyi-otdel-korrektor-osanki-postcorl-uniseks-professional-nyi-chernyi-universal-nyi-116226520/"},"merchant":{"name":"LARKO-KZ","code":"17629423"},"editable":false,"editedByCustomer":false},{"id":"8a5c1b529425d4ec019425d8a06c0004","author":"Жумажан","date":"16.01.2025","orderNumber":"435819213","rating":5,"comment":{"minus":"","plus":"","text":"Жақсы, ыңғайлы екен. Рахмет  ARKO дүкеніне."},"feedback":{"positive":0,"voted":false},"product":{"id":"116226520","name":"LARKO на грудопоясничный отдел корректор осанки postcorl унисекс профессиональный черный универсальный","categoryCode":"Master - Posture correctors","categoryName":"Корректоры осанки","link":"https://kaspi.kz/shop/p/larko-na-grudopojasnichnyi-otdel-korrektor-osanki-postcorl-uniseks-professional-nyi-chernyi-universal-nyi-116226520/"},"merchant":{"name":"LARKO-KZ","code":"17629423"},"editable":false,"editedByCustomer":false},{"id":"8a5c2ce3940196b7019426d725ce3cca","author":"Али","date":"02.01.2025","orderNumber":"471751714","rating":5,"comment":{"minus":"","plus":"","text":"Хороший корректор, то что надо!"},"feedback":{"positive":0,"voted":false},"product":{"id":"116226520","name":"LARKO на грудопоясничный отдел корректор осанки postcorl унисекс профессиональный черный универсальный","categoryCode":"Master - Posture correctors","categoryName":"Корректоры осанки","link":"https://kaspi.kz/shop/p/larko-na-grudopojasnichnyi-otdel-korrektor-osanki-postcorl-uniseks-professional-nyi-chernyi-universal-nyi-116226520/"},"merchant":{"name":"LARKO-KZ","code":"17629423"},"editable":false,"editedByCustomer":false},{"id":"8a5cd5ae9401967401941c0947243017","author":"Алия","date":"31.12.2024","orderNumber":"472575272","rating":5,"comment":{"minus":"","plus":"","text":"Удобный корсет, под курткой даже не заметен, не натирает! Размер можно менять и фиксировать, что тоже немаловажно! Курьеру доставил вовремя, спасибо, был вежлив."},"feedback":{"positive":0,"voted":false},"product":{"id":"116226520","name":"LARKO на грудопоясничный отдел корректор осанки postcorl унисекс профессиональный черный универсальный","categoryCode":"Master - Posture correctors","categoryName":"Корректоры осанки","link":"https://kaspi.kz/shop/p/larko-na-grudopojasnichnyi-otdel-korrektor-osanki-postcorl-uniseks-professional-nyi-chernyi-universal-nyi-116226520/"},"merchant":{"name":"LARKO-KZ","code":"17629423"},"editable":false,"editedByCustomer":false},{"id":"8a5cee5f940196d20194090b183a1494","author":"Наурызғали","date":"27.12.2024","orderNumber":"466010022","rating":5,"comment":{"minus":"","plus":"","text":"Качество хорошее, очень удобный и стильный."},"feedback":{"positive":0,"voted":false},"product":{"id":"116226520","name":"LARKO на грудопоясничный отдел корректор осанки postcorl унисекс профессиональный черный универсальный","categoryCode":"Master - Posture correctors","categoryName":"Корректоры осанки","link":"https://kaspi.kz/shop/p/larko-na-grudopojasnichnyi-otdel-korrektor-osanki-postcorl-uniseks-professional-nyi-chernyi-universal-nyi-116226520/"},"merchant":{"name":"LARKO-KZ","code":"17629423"},"editable":false,"editedByCustomer":false},{"id":"8a5c54bd931f0d5701933f47f2002fd3","author":"Гүлмаржан","date":"05.12.2024","orderNumber":"438437669","rating":5,"comment":{"minus":"","plus":"","text":"Товар күшті, тез келді. Арқаны тік ұстайды прям! Советую."},"feedback":{"positive":0,"voted":false},"product":{"id":"116226520","name":"LARKO на грудопоясничный отдел корректор осанки postcorl унисекс профессиональный черный универсальный","categoryCode":"Master - Posture correctors","categoryName":"Корректоры осанки","link":"https://kaspi.kz/shop/p/larko-na-grudopojasnichnyi-otdel-korrektor-osanki-postcorl-uniseks-professional-nyi-chernyi-universal-nyi-116226520/"},"merchant":{"name":"LARKO-KZ","code":"17629423"},"editable":false,"editedByCustomer":false},{"id":"8a5c306c9366cc0301936e0487030d12","author":"Лолахан","date":"27.11.2024","orderNumber":"448749984","rating":5,"comment":{"minus":"","plus":"","text":"Вообще класс, мне очень нравится."},"feedback":{"positive":0,"voted":false},"product":{"id":"116226520","name":"LARKO на грудопоясничный отдел корректор осанки postcorl унисекс профессиональный черный универсальный","categoryCode":"Master - Posture correctors","categoryName":"Корректоры осанки","link":"https://kaspi.kz/shop/p/larko-na-grudopojasnichnyi-otdel-korrektor-osanki-postcorl-uniseks-professional-nyi-chernyi-universal-nyi-116226520/"},"merchant":{"name":"LARKO-KZ","code":"17629423"},"editable":false,"editedByCustomer":false},{"id":"8a5c85869347bfc5019362eb2073266c","author":"Индира","date":"25.11.2024","orderNumber":"447928859","rating":5,"comment":{"minus":"","plus":"","text":"Сапасы жақсы."},"feedback":{"positive":0,"voted":false},"product":{"id":"116226520","name":"LARKO на грудопоясничный отдел корректор осанки postcorl унисекс профессиональный черный универсальный","categoryCode":"Master - Posture correctors","categoryName":"Корректоры осанки","link":"https://kaspi.kz/shop/p/larko-na-grudopojasnichnyi-otdel-korrektor-osanki-postcorl-uniseks-professional-nyi-chernyi-universal-nyi-116226520/"},"merchant":{"name":"LARKO-KZ","code":"17629423"},"editable":false,"editedByCustomer":false},{"id":"8a5c821f9347be580193497b9ea80457","author":"Анастасия","date":"20.11.2024","orderNumber":"442479873","rating":5,"comment":{"minus":"","plus":"","text":"Товар хорошего качества. Все строчки ровные. Товар пришёл в указанный срок. На сколько он мне поможет покажет время пока ничего сказать не могу. А так по первым ощущениям удобный."},"feedback":{"positive":0,"voted":false},"galleryImages":[{"id":"442479873-116226520/c49a6193-22a9-4ba5-8dcf-0bdd7b31c9e7.jpeg","small":"https://resources.cdn-kaspi.kz/img/p/r/442479873-116226520/c49a6193-22a9-4ba5-8dcf-0bdd7b31c9e7.jpeg?format=review_small","medium":"https://resources.cdn-kaspi.kz/img/p/r/442479873-116226520/c49a6193-22a9-4ba5-8dcf-0bdd7b31c9e7.jpeg?format=review_medium","large":"https://resources.cdn-kaspi.kz/img/p/r/442479873-116226520/c49a6193-22a9-4ba5-8dcf-0bdd7b31c9e7.jpeg?format=review_large"}],"product":{"id":"116226520","name":"LARKO на грудопоясничный отдел корректор осанки postcorl унисекс профессиональный черный универсальный","categoryCode":"Master - Posture correctors","categoryName":"Корректоры осанки","link":"https://kaspi.kz/shop/p/larko-na-grudopojasnichnyi-otdel-korrektor-osanki-postcorl-uniseks-professional-nyi-chernyi-universal-nyi-116226520/"},"merchant":{"name":"LARKO-KZ","code":"17629423"},"editable":false,"editedByCustomer":false},{"id":"8a5c5579931f0fe701933fad141532a8","author":"Досбол","date":"18.11.2024","orderNumber":"408553579","rating":5,"comment":{"minus":"","plus":"","text":"Отличное качество и результат."},"feedback":{"positive":0,"voted":false},"product":{"id":"116226520","name":"LARKO на грудопоясничный отдел корректор осанки postcorl унисекс профессиональный черный универсальный","categoryCode":"Master - Posture correctors","categoryName":"Корректоры осанки","link":"https://kaspi.kz/shop/p/larko-na-grudopojasnichnyi-otdel-korrektor-osanki-postcorl-uniseks-professional-nyi-chernyi-universal-nyi-116226520/"},"merchant":{"name":"LARKO-KZ","code":"17629423"},"editable":false,"editedByCustomer":false},{"id":"8a5cd5bf933d696d01933f5b7d490373","author":"Гүлвира","date":"18.11.2024","orderNumber":"444815699","rating":5,"comment":{"minus":"","plus":"","text":"Мужу очень понравилось, на размер XL отлично подошло к чему мы очень рады продавец все четко объяснил и доставка очень быстро корректор осанки мягкий, на теле хорошо сел. Все также как на фотографии, очень советую!"},"feedback":{"positive":0,"voted":false},"product":{"id":"116226520","name":"LARKO на грудопоясничный отдел корректор осанки postcorl унисекс профессиональный черный универсальный","categoryCode":"Master - Posture correctors","categoryName":"Корректоры осанки","link":"https://kaspi.kz/shop/p/larko-na-grudopojasnichnyi-otdel-korrektor-osanki-postcorl-uniseks-professional-nyi-chernyi-universal-nyi-116226520/"},"merchant":{"name":"LARKO-KZ","code":"17629423"},"editable":false,"editedByCustomer":false},{"id":"8a5c64c7931f0e2a01933f45247b3188","author":"Зарина","date":"18.11.2024","orderNumber":"410521352","rating":5,"comment":{"minus":"","plus":"","text":"Очень мягкий и удобный."},"feedback":{"positive":0,"voted":false},"product":{"id":"116226520","name":"LARKO на грудопоясничный отдел корректор осанки postcorl унисекс профессиональный черный универсальный","categoryCode":"Master - Posture correctors","categoryName":"Корректоры осанки","link":"https://kaspi.kz/shop/p/larko-na-grudopojasnichnyi-otdel-korrektor-osanki-postcorl-uniseks-professional-nyi-chernyi-universal-nyi-116226520/"},"merchant":{"name":"LARKO-KZ","code":"17629423"},"editable":false,"editedByCustomer":false},{"id":"8a5cee0d92fbed2401931802238f23e1","author":"Гульвира","date":"11.11.2024","orderNumber":"439110275","rating":5,"comment":{"minus":"","plus":"","text":"За такую цену хороший товар."},"feedback":{"positive":0,"voted":false},"product":{"id":"116226520","name":"LARKO на грудопоясничный отдел корректор осанки postcorl унисекс профессиональный черный универсальный","categoryCode":"Master - Posture correctors","categoryName":"Корректоры осанки","link":"https://kaspi.kz/shop/p/larko-na-grudopojasnichnyi-otdel-korrektor-osanki-postcorl-uniseks-professional-nyi-chernyi-universal-nyi-116226520/"},"merchant":{"name":"LARKO-KZ","code":"17629423"},"editable":false,"editedByCustomer":false},{"id":"8a5c5a9f9158a21d01915a150d02017a","author":"Ақбота","date":"16.08.2024","orderNumber":"396956123","rating":1,"comment":{"minus":"","plus":"","text":"Очень неудобный, размер не подошел еще. Хотела сэкономить, но в конце наоборот."},"feedback":{"positive":0,"voted":false},"galleryImages":[{"id":"396956123-116226520/a825f50e-f063-472b-9da5-7540f8b5a266.jpeg","small":"https://resources.cdn-kaspi.kz/img/p/r/396956123-116226520/a825f50e-f063-472b-9da5-7540f8b5a266.jpeg?format=review_small","medium":"https://resources.cdn-kaspi.kz/img/p/r/396956123-116226520/a825f50e-f063-472b-9da5-7540f8b5a266.jpeg?format=review_medium","large":"https://resources.cdn-kaspi.kz/img/p/r/396956123-116226520/a825f50e-f063-472b-9da5-7540f8b5a266.jpeg?format=review_large"}],"product":{"id":"116226520","name":"LARKO на грудопоясничный отдел корректор осанки postcorl унисекс профессиональный черный универсальный","categoryCode":"Master - Posture correctors","categoryName":"Корректоры осанки","link":"https://kaspi.kz/shop/p/larko-na-grudopojasnichnyi-otdel-korrektor-osanki-postcorl-uniseks-professional-nyi-chernyi-universal-nyi-116226520/"},"merchant":{"name":"LARKO-KZ","code":"17629423"},"editable":false,"editedByCustomer":false},{"id":"8a5cfaaf9057f73c0190bff64f987fcb","author":"Жанна","date":"17.07.2024","orderNumber":"378549745","rating":2,"comment":{"minus":"","plus":"","text":"Не поддерживает осанку."},"feedback":{"positive":3,"voted":false},"product":{"id":"116226520","name":"LARKO на грудопоясничный отдел корректор осанки postcorl унисекс профессиональный черный универсальный","categoryCode":"Master - Posture correctors","categoryName":"Корректоры осанки","link":"https://kaspi.kz/shop/p/larko-na-grudopojasnichnyi-otdel-korrektor-osanki-postcorl-uniseks-professional-nyi-chernyi-universal-nyi-116226520/"},"merchant":{"name":"LARKO-KZ","code":"17629423"},"editable":false,"editedByCustomer":false},{"id":"8a5c04309057f6e40190b96cafe778a0","author":"Мадина","date":"16.07.2024","orderNumber":"380623758","rating":2,"comment":{"minus":"","plus":"","text":"Размер большой, я на максимум сделала все равно было свободно. Также натирает подмышки сильно и неудобно для носки."},"feedback":{"positive":2,"voted":false},"product":{"id":"116226520","name":"LARKO на грудопоясничный отдел корректор осанки postcorl унисекс профессиональный черный универсальный","categoryCode":"Master - Posture correctors","categoryName":"Корректоры осанки","link":"https://kaspi.kz/shop/p/larko-na-grudopojasnichnyi-otdel-korrektor-osanki-postcorl-uniseks-professional-nyi-chernyi-universal-nyi-116226520/"},"merchant":{"name":"LARKO-KZ","code":"17629423"},"editable":false,"editedByCustomer":false},{"id":"8a5c98229057f63f0190b20303ca7169","author":"Ботакоз","date":"14.07.2024","orderNumber":"378039617","rating":5,"comment":{"minus":"","plus":"","text":"Өте сапалы зат."},"feedback":{"positive":0,"voted":false},"product":{"id":"116226520","name":"LARKO на грудопоясничный отдел корректор осанки postcorl унисекс профессиональный черный универсальный","categoryCode":"Master - Posture correctors","categoryName":"Корректоры осанки","link":"https://kaspi.kz/shop/p/larko-na-grudopojasnichnyi-otdel-korrektor-osanki-postcorl-uniseks-professional-nyi-chernyi-universal-nyi-116226520/"},"merchant":{"name":"LARKO-KZ","code":"17629423"},"editable":false,"editedByCustomer":false},{"id":"8a5ca0989057f58d01908ca90dad432e","author":"Галия","date":"07.07.2024","orderNumber":"374942660","rating":5,"comment":{"minus":"","plus":"","text":"Дочери очень понравился, рекомендую продавца."},"feedback":{"positive":0,"voted":false},"product":{"id":"116226520","name":"LARKO на грудопоясничный отдел корректор осанки postcorl унисекс профессиональный черный универсальный","categoryCode":"Master - Posture correctors","categoryName":"Корректоры осанки","link":"https://kaspi.kz/shop/p/larko-na-grudopojasnichnyi-otdel-korrektor-osanki-postcorl-uniseks-professional-nyi-chernyi-universal-nyi-116226520/"},"merchant":{"name":"LARKO-KZ","code":"17629423"},"editable":false,"editedByCustomer":false},{"id":"8a5c2c0b8f31ee61018f6d2bf6373db3","author":"Рамилла","date":"12.05.2024","orderNumber":"350586942","rating":3,"comment":{"minus":"","plus":"","text":"Вообще не держится, зря купила."},"feedback":{"positive":3,"voted":false},"product":{"id":"116226520","name":"LARKO на грудопоясничный отдел корректор осанки postcorl унисекс профессиональный черный универсальный","categoryCode":"Master - Posture correctors","categoryName":"Корректоры осанки","link":"https://kaspi.kz/shop/p/larko-na-grudopojasnichnyi-otdel-korrektor-osanki-postcorl-uniseks-professional-nyi-chernyi-universal-nyi-116226520/"},"merchant":{"name":"LARKO-KZ","code":"17629423"},"editable":false,"editedByCustomer":false},{"id":"8a5c98768ecb453d018f58fdfbe9296e","author":"Кенесбек","date":"08.05.2024","orderNumber":"352632113","rating":5,"comment":{"minus":"","plus":"","text":"Бағасынан сапасы жоғары, ыңғайлы, пайдалы тауар. Алғаныма өкінбедім. Уақытында алдым. Рахмет!."},"feedback":{"positive":0,"voted":false},"product":{"id":"116226520","name":"LARKO на грудопоясничный отдел корректор осанки postcorl унисекс профессиональный черный универсальный","categoryCode":"Master - Posture correctors","categoryName":"Корректоры осанки","link":"https://kaspi.kz/shop/p/larko-na-grudopojasnichnyi-otdel-korrektor-osanki-postcorl-uniseks-professional-nyi-chernyi-universal-nyi-116226520/"},"merchant":{"name":"LARKO-KZ","code":"17629423"},"editable":false,"editedByCustomer":false},{"id":"8a5c5a8d8ebbd31b018ebe3580370541","author":"Жадира","date":"08.04.2024","orderNumber":"341013596","rating":5,"comment":{"minus":"","plus":"","text":"Товар пришел очень высокого качества. Стоит своих денег. Мне понравилось."},"feedback":{"positive":0,"voted":false},"product":{"id":"116226520","name":"LARKO на грудопоясничный отдел корректор осанки postcorl унисекс профессиональный черный универсальный","categoryCode":"Master - Posture correctors","categoryName":"Корректоры осанки","link":"https://kaspi.kz/shop/p/larko-na-grudopojasnichnyi-otdel-korrektor-osanki-postcorl-uniseks-professional-nyi-chernyi-universal-nyi-116226520/"},"merchant":{"name":"LARKO-KZ","code":"17629423"},"editable":false,"editedByCustomer":false},{"id":"8a5cf31c8ea254bf018ebd75901d3077","author":"Айдана","date":"08.04.2024","orderNumber":"341815154","rating":5,"comment":{"minus":"","plus":"","text":"Я приобрела корсет для поддержки спины и улучшения осанки, и я действительно довольна результатами. Корсет сделан из качественных материалов, очень прочный и удобный в ношении. Он идеально подходит моей фигуре, обеспечивая необходимую поддержку моей спине. Я заметила значительное улучшение в моей осанке с момента начала использования корсета. Он помогает мне правильно выровнять плечи и спину, от чего я сразу ощущаю облегчение и уменьшение напряжения в спине. К тому же, благодаря корсету, моя осанка стала более грациозной и уверенной. Еще один плюс корсета заключается в его незаметности под одеждой. Он имеет компактный дизайн и хорошо сидит на теле, не создавая дискомфорта или вызывая посторонних взглядов."},"feedback":{"positive":6,"voted":false},"product":{"id":"116226520","name":"LARKO на грудопоясничный отдел корректор осанки postcorl унисекс профессиональный черный универсальный","categoryCode":"Master - Posture correctors","categoryName":"Корректоры осанки","link":"https://kaspi.kz/shop/p/larko-na-grudopojasnichnyi-otdel-korrektor-osanki-postcorl-uniseks-professional-nyi-chernyi-universal-nyi-116226520/"},"merchant":{"name":"LARKO-KZ","code":"17629423"},"editable":false,"editedByCustomer":false},{"id":"8a5cee378ea2541a018ebd5082363005","author":"Хайтжан","date":"08.04.2024","orderNumber":"342089343","rating":5,"comment":{"minus":"","plus":"","text":"Стоит на цену, спасибо."},"feedback":{"positive":0,"voted":false},"product":{"id":"116226520","name":"LARKO на грудопоясничный отдел корректор осанки postcorl унисекс профессиональный черный универсальный","categoryCode":"Master - Posture correctors","categoryName":"Корректоры осанки","link":"https://kaspi.kz/shop/p/larko-na-grudopojasnichnyi-otdel-korrektor-osanki-postcorl-uniseks-professional-nyi-chernyi-universal-nyi-116226520/"},"merchant":{"name":"LARKO-KZ","code":"17629423"},"editable":false,"editedByCustomer":false},{"id":"8a5c554b8e8e0e09018e8e117ac20007","author":"Жұлдызай","date":"30.03.2024","orderNumber":"340328858","rating":4,"comment":{"minus":"","plus":"","text":"Мне немного свободна, может быть я мелкая для него. Но для других подошла."},"feedback":{"positive":0,"voted":false},"product":{"id":"116226520","name":"LARKO на грудопоясничный отдел корректор осанки postcorl унисекс профессиональный черный универсальный","categoryCode":"Master - Posture correctors","categoryName":"Корректоры осанки","link":"https://kaspi.kz/shop/p/larko-na-grudopojasnichnyi-otdel-korrektor-osanki-postcorl-uniseks-professional-nyi-chernyi-universal-nyi-116226520/"},"merchant":{"name":"LARKO-KZ","code":"17629423"},"editable":false,"editedByCustomer":false}]}