{"data":[{"id":"8a5cd495963cc12601963e447a720772","author":"Алтынай","date":"16.04.2025","orderNumber":"528613698","rating":5,"comment":{"minus":"","plus":"","text":"Качество блендера супер, удобно носить с собой. Есть мигающие индикаторы красный, зеленый и жёлтый. Очень довольна покупкой. Спасибо продавцу за быструю доставку."},"feedback":{"positive":0,"voted":false},"galleryImages":[{"id":"528613698-136423700/512ca55a-9b03-4c1d-9b6f-7138864cc6b0.jpeg","small":"https://resources.cdn-kaspi.kz/img/p/r/528613698-136423700/512ca55a-9b03-4c1d-9b6f-7138864cc6b0.jpeg?format=review_small","medium":"https://resources.cdn-kaspi.kz/img/p/r/528613698-136423700/512ca55a-9b03-4c1d-9b6f-7138864cc6b0.jpeg?format=review_medium","large":"https://resources.cdn-kaspi.kz/img/p/r/528613698-136423700/512ca55a-9b03-4c1d-9b6f-7138864cc6b0.jpeg?format=review_large"},{"id":"528613698-136423700/63c36cfd-bda7-494b-9d1c-bdfad8907d8c.jpeg","small":"https://resources.cdn-kaspi.kz/img/p/r/528613698-136423700/63c36cfd-bda7-494b-9d1c-bdfad8907d8c.jpeg?format=review_small","medium":"https://resources.cdn-kaspi.kz/img/p/r/528613698-136423700/63c36cfd-bda7-494b-9d1c-bdfad8907d8c.jpeg?format=review_medium","large":"https://resources.cdn-kaspi.kz/img/p/r/528613698-136423700/63c36cfd-bda7-494b-9d1c-bdfad8907d8c.jpeg?format=review_large"}],"product":{"id":"136423700","name":"LARKO BlendX Pro черный","categoryCode":"Master - Blenders","categoryName":"Блендеры","link":"https://kaspi.kz/shop/p/larko-blendx-pro-chernyi-136423700/"},"merchant":{"name":"LARKO-KZ","code":"17629423"},"editable":false,"editedByCustomer":false},{"id":"8a5c5a81962d402301962f8c7cfa0d96","author":"Анатолий","date":"13.04.2025","orderNumber":"530154680","rating":5,"comment":{"minus":"","plus":"","text":"Опровдал все мои ожидания, смузи получаются отменными. Спасибо магазину за быструю доставку."},"feedback":{"positive":0,"voted":false},"galleryImages":[{"id":"530154680-136423700/de04ecec-b752-4ffc-b8d0-4d2499a3456b.jpeg","small":"https://resources.cdn-kaspi.kz/img/p/r/530154680-136423700/de04ecec-b752-4ffc-b8d0-4d2499a3456b.jpeg?format=review_small","medium":"https://resources.cdn-kaspi.kz/img/p/r/530154680-136423700/de04ecec-b752-4ffc-b8d0-4d2499a3456b.jpeg?format=review_medium","large":"https://resources.cdn-kaspi.kz/img/p/r/530154680-136423700/de04ecec-b752-4ffc-b8d0-4d2499a3456b.jpeg?format=review_large"},{"id":"530154680-136423700/d9ab10fc-a77d-4f3e-bbb4-82ffeac1c485.jpeg","small":"https://resources.cdn-kaspi.kz/img/p/r/530154680-136423700/d9ab10fc-a77d-4f3e-bbb4-82ffeac1c485.jpeg?format=review_small","medium":"https://resources.cdn-kaspi.kz/img/p/r/530154680-136423700/d9ab10fc-a77d-4f3e-bbb4-82ffeac1c485.jpeg?format=review_medium","large":"https://resources.cdn-kaspi.kz/img/p/r/530154680-136423700/d9ab10fc-a77d-4f3e-bbb4-82ffeac1c485.jpeg?format=review_large"},{"id":"530154680-136423700/ccec693e-9c4b-4779-a3e2-c389b42a2dd2.jpeg","small":"https://resources.cdn-kaspi.kz/img/p/r/530154680-136423700/ccec693e-9c4b-4779-a3e2-c389b42a2dd2.jpeg?format=review_small","medium":"https://resources.cdn-kaspi.kz/img/p/r/530154680-136423700/ccec693e-9c4b-4779-a3e2-c389b42a2dd2.jpeg?format=review_medium","large":"https://resources.cdn-kaspi.kz/img/p/r/530154680-136423700/ccec693e-9c4b-4779-a3e2-c389b42a2dd2.jpeg?format=review_large"},{"id":"530154680-136423700/aadc9d46-c03f-476b-aa3a-dc1c7b30a259.jpeg","small":"https://resources.cdn-kaspi.kz/img/p/r/530154680-136423700/aadc9d46-c03f-476b-aa3a-dc1c7b30a259.jpeg?format=review_small","medium":"https://resources.cdn-kaspi.kz/img/p/r/530154680-136423700/aadc9d46-c03f-476b-aa3a-dc1c7b30a259.jpeg?format=review_medium","large":"https://resources.cdn-kaspi.kz/img/p/r/530154680-136423700/aadc9d46-c03f-476b-aa3a-dc1c7b30a259.jpeg?format=review_large"},{"id":"530154680-136423700/3b2f6a3a-3d83-488e-a531-b9a4c93085e4.jpeg","small":"https://resources.cdn-kaspi.kz/img/p/r/530154680-136423700/3b2f6a3a-3d83-488e-a531-b9a4c93085e4.jpeg?format=review_small","medium":"https://resources.cdn-kaspi.kz/img/p/r/530154680-136423700/3b2f6a3a-3d83-488e-a531-b9a4c93085e4.jpeg?format=review_medium","large":"https://resources.cdn-kaspi.kz/img/p/r/530154680-136423700/3b2f6a3a-3d83-488e-a531-b9a4c93085e4.jpeg?format=review_large"}],"product":{"id":"136423700","name":"LARKO BlendX Pro черный","categoryCode":"Master - Blenders","categoryName":"Блендеры","link":"https://kaspi.kz/shop/p/larko-blendx-pro-chernyi-136423700/"},"merchant":{"name":"LARKO-KZ","code":"17629423"},"editable":false,"editedByCustomer":true},{"id":"8a5c196b95dabaad0195ea706b464966","author":"Назгул","date":"31.03.2025","orderNumber":"522812399","rating":5,"comment":{"minus":"","plus":"","text":"Хороший блендер, качество отличное! Спасибо магазину Ларко."},"feedback":{"positive":0,"voted":false},"product":{"id":"136423700","name":"LARKO BlendX Pro черный","categoryCode":"Master - Blenders","categoryName":"Блендеры","link":"https://kaspi.kz/shop/p/larko-blendx-pro-chernyi-136423700/"},"merchant":{"name":"LARKO-KZ","code":"17629423"},"editable":false,"editedByCustomer":false},{"id":"8a5c9dbc95acfdf50195e7feb7ca330f","author":"Жамила","date":"30.03.2025","orderNumber":"522819101","rating":5,"comment":{"minus":"","plus":"","text":"Недавно приобрела портативный блендер черного цвета, и он превзошел все мои ожидания! Стильный и компактный дизайн идеально вписывается в мою кухню, а благодаря его небольшим размерам я легко беру его с собой на работу или в поездки. Особенно радует простота ухода: съемные части легко моются, и нет лишних хлопот. Рекомендую этот блендер всем, кто ценит удобство и мобильность в сочетании с отличным качеством!"},"feedback":{"positive":0,"voted":false},"product":{"id":"136423700","name":"LARKO BlendX Pro черный","categoryCode":"Master - Blenders","categoryName":"Блендеры","link":"https://kaspi.kz/shop/p/larko-blendx-pro-chernyi-136423700/"},"merchant":{"name":"LARKO-KZ","code":"17629423"},"editable":false,"editedByCustomer":false},{"id":"8a5cba5a95acfcd60195d5e22dec585c","author":"Айсулу","date":"29.03.2025","orderNumber":"521705330","rating":5,"comment":{"minus":"","plus":"","text":"Понравилось качество, можно с собой брать. Есть мигающие индикаторы, когда крышка закручена и когда не докручена, не включается когда крышка снята. Понравилась коробка, можно и на подарок, очень рада покупке, спасибо продавцу и Каспи."},"feedback":{"positive":0,"voted":false},"galleryImages":[{"id":"521705330-136423700/2db7af10-b63c-4255-800a-26aa458c7966.jpeg","small":"https://resources.cdn-kaspi.kz/img/p/r/521705330-136423700/2db7af10-b63c-4255-800a-26aa458c7966.jpeg?format=review_small","medium":"https://resources.cdn-kaspi.kz/img/p/r/521705330-136423700/2db7af10-b63c-4255-800a-26aa458c7966.jpeg?format=review_medium","large":"https://resources.cdn-kaspi.kz/img/p/r/521705330-136423700/2db7af10-b63c-4255-800a-26aa458c7966.jpeg?format=review_large"}],"product":{"id":"136423700","name":"LARKO BlendX Pro черный","categoryCode":"Master - Blenders","categoryName":"Блендеры","link":"https://kaspi.kz/shop/p/larko-blendx-pro-chernyi-136423700/"},"merchant":{"name":"LARKO-KZ","code":"17629423"},"editable":false,"editedByCustomer":false},{"id":"8a5c6a1595c616b50195d6a1a97a4c5f","author":"Беглан","date":"29.03.2025","orderNumber":"521725415","rating":5,"comment":{"minus":"","plus":"","text":"Larko блендерін қолданып көрдім, өте қуатты және ыңғайлы. Смузи, коктейль, дайындауға жақсы. Шуы аз, тез ұсақтайды. Тазалауға оңай. Жалпы, керемет техника. Ұсынамын!"},"feedback":{"positive":0,"voted":false},"product":{"id":"136423700","name":"LARKO BlendX Pro черный","categoryCode":"Master - Blenders","categoryName":"Блендеры","link":"https://kaspi.kz/shop/p/larko-blendx-pro-chernyi-136423700/"},"merchant":{"name":"LARKO-KZ","code":"17629423"},"editable":false,"editedByCustomer":false},{"id":"8a5cba5a95acfcd60195dbc51974732d","author":"Жанибек","date":"28.03.2025","orderNumber":"521709417","rating":5,"comment":{"minus":"","plus":"","text":"Блендер понравился, отличная цена пользуюсь второй день все нравится спасибо Каспи  и продавцу."},"feedback":{"positive":0,"voted":false},"product":{"id":"136423700","name":"LARKO BlendX Pro черный","categoryCode":"Master - Blenders","categoryName":"Блендеры","link":"https://kaspi.kz/shop/p/larko-blendx-pro-chernyi-136423700/"},"merchant":{"name":"LARKO-KZ","code":"17629423"},"editable":false,"editedByCustomer":false},{"id":"8a5c580695acfd8b0195d5cb7b4d58c8","author":"Саниям","date":"27.03.2025","orderNumber":"521849476","rating":5,"comment":{"minus":"","plus":"","text":"Блендер очень хороший, качество супер. Большое спасибо магазину и курьеру. Буду рекомендовать всем своим друзьям и знакомым."},"feedback":{"positive":0,"voted":false},"product":{"id":"136423700","name":"LARKO BlendX Pro черный","categoryCode":"Master - Blenders","categoryName":"Блендеры","link":"https://kaspi.kz/shop/p/larko-blendx-pro-chernyi-136423700/"},"merchant":{"name":"LARKO-KZ","code":"17629423"},"editable":false,"editedByCustomer":false}]}