{"data":[{"id":"8a5cfe32946875930194a93305805abe","author":"Раушан","date":"28.01.2025","orderNumber":"484188083","rating":4,"comment":{"minus":"","plus":"","text":"Купальник пришел вовремя. Цвет как на фото. Пришел с затяжками и грязный, за это снимаю звезду. Размер соответствует."},"feedback":{"positive":0,"voted":false},"galleryImages":[{"id":"484188083-131990932/6e009680-a879-43e0-b763-4aa2c1af209f.jpeg","small":"https://resources.cdn-kaspi.kz/img/p/r/484188083-131990932/6e009680-a879-43e0-b763-4aa2c1af209f.jpeg?format=review_small","medium":"https://resources.cdn-kaspi.kz/img/p/r/484188083-131990932/6e009680-a879-43e0-b763-4aa2c1af209f.jpeg?format=review_medium","large":"https://resources.cdn-kaspi.kz/img/p/r/484188083-131990932/6e009680-a879-43e0-b763-4aa2c1af209f.jpeg?format=review_large"},{"id":"484188083-131990932/d3709ade-4705-42bc-96e3-4bb1cbe06258.jpeg","small":"https://resources.cdn-kaspi.kz/img/p/r/484188083-131990932/d3709ade-4705-42bc-96e3-4bb1cbe06258.jpeg?format=review_small","medium":"https://resources.cdn-kaspi.kz/img/p/r/484188083-131990932/d3709ade-4705-42bc-96e3-4bb1cbe06258.jpeg?format=review_medium","large":"https://resources.cdn-kaspi.kz/img/p/r/484188083-131990932/d3709ade-4705-42bc-96e3-4bb1cbe06258.jpeg?format=review_large"},{"id":"484188083-131990932/99f8f632-639e-4bd4-9950-3add6eaef3b2.jpeg","small":"https://resources.cdn-kaspi.kz/img/p/r/484188083-131990932/99f8f632-639e-4bd4-9950-3add6eaef3b2.jpeg?format=review_small","medium":"https://resources.cdn-kaspi.kz/img/p/r/484188083-131990932/99f8f632-639e-4bd4-9950-3add6eaef3b2.jpeg?format=review_medium","large":"https://resources.cdn-kaspi.kz/img/p/r/484188083-131990932/99f8f632-639e-4bd4-9950-3add6eaef3b2.jpeg?format=review_large"}],"product":{"id":"131990932","name":"Купальник раздельный LARKO Swimsuit оранжевый S","categoryCode":"Master - Women swimsuits","categoryName":"Женские купальники","link":"https://kaspi.kz/shop/p/kupal-nik-razdel-nyi-larko-swimsuit-oranzhevyi-s-131990932/"},"merchant":{"name":"LARKO-KZ","code":"17629423"},"editable":false,"editedByCustomer":false}]}