{"data":[{"id":"8a5c5a82963235bc019661b085224121","author":"Әсел","date":"23.04.2025","orderNumber":"535819419","rating":5,"comment":{"minus":"","plus":"","text":"Майка хорошая, размер подошел, советую. Доставили быстро, эффект есть."},"feedback":{"positive":0,"voted":false},"galleryImages":[{"id":"535819419-108498885/7d80cf41-e625-4e45-9e79-490a9f7a5ff9.jpeg","small":"https://resources.cdn-kaspi.kz/img/p/r/535819419-108498885/7d80cf41-e625-4e45-9e79-490a9f7a5ff9.jpeg?format=review_small","medium":"https://resources.cdn-kaspi.kz/img/p/r/535819419-108498885/7d80cf41-e625-4e45-9e79-490a9f7a5ff9.jpeg?format=review_medium","large":"https://resources.cdn-kaspi.kz/img/p/r/535819419-108498885/7d80cf41-e625-4e45-9e79-490a9f7a5ff9.jpeg?format=review_large"}],"product":{"id":"108498885","name":"Майка LARKO майка женская с эффектом сауны S, M","categoryCode":"Master - Clothes for slimming","categoryName":"Одежда для похудения","link":"https://kaspi.kz/shop/p/maika-larko-maika-zhenskaja-s-effektom-sauny-s-m-108498885/"},"merchant":{"name":"LARKO-KZ","code":"17629423"},"editable":false,"editedByCustomer":true},{"id":"8a5c54a8964c16f6019657e9e4ba2f07","author":"Мәдина","date":"22.04.2025","orderNumber":"526630936","rating":5,"comment":{"minus":"","plus":"","text":"Взяла чтобы делать тренировку, очень понравилось и оно работает!"},"feedback":{"positive":0,"voted":false},"galleryImages":[{"id":"526630936-108498885/699f051f-dc10-4b52-b82c-7c9e24e6b801.jpeg","small":"https://resources.cdn-kaspi.kz/img/p/r/526630936-108498885/699f051f-dc10-4b52-b82c-7c9e24e6b801.jpeg?format=review_small","medium":"https://resources.cdn-kaspi.kz/img/p/r/526630936-108498885/699f051f-dc10-4b52-b82c-7c9e24e6b801.jpeg?format=review_medium","large":"https://resources.cdn-kaspi.kz/img/p/r/526630936-108498885/699f051f-dc10-4b52-b82c-7c9e24e6b801.jpeg?format=review_large"},{"id":"526630936-108498885/a427ac72-ac3b-4e30-b095-7c416cf99be8.jpeg","small":"https://resources.cdn-kaspi.kz/img/p/r/526630936-108498885/a427ac72-ac3b-4e30-b095-7c416cf99be8.jpeg?format=review_small","medium":"https://resources.cdn-kaspi.kz/img/p/r/526630936-108498885/a427ac72-ac3b-4e30-b095-7c416cf99be8.jpeg?format=review_medium","large":"https://resources.cdn-kaspi.kz/img/p/r/526630936-108498885/a427ac72-ac3b-4e30-b095-7c416cf99be8.jpeg?format=review_large"},{"id":"526630936-108498885/29b1f6bd-266d-42dd-8c39-785d761ef7fe.jpeg","small":"https://resources.cdn-kaspi.kz/img/p/r/526630936-108498885/29b1f6bd-266d-42dd-8c39-785d761ef7fe.jpeg?format=review_small","medium":"https://resources.cdn-kaspi.kz/img/p/r/526630936-108498885/29b1f6bd-266d-42dd-8c39-785d761ef7fe.jpeg?format=review_medium","large":"https://resources.cdn-kaspi.kz/img/p/r/526630936-108498885/29b1f6bd-266d-42dd-8c39-785d761ef7fe.jpeg?format=review_large"}],"product":{"id":"108498885","name":"Майка LARKO майка женская с эффектом сауны S, M","categoryCode":"Master - Clothes for slimming","categoryName":"Одежда для похудения","link":"https://kaspi.kz/shop/p/maika-larko-maika-zhenskaja-s-effektom-sauny-s-m-108498885/"},"merchant":{"name":"LARKO-KZ","code":"17629423"},"editable":false,"editedByCustomer":false},{"id":"8a5c405695d51bda0195f4a00a010eac","author":"Жадыра","date":"02.04.2025","orderNumber":"523633935","rating":5,"comment":{"minus":"","plus":"","text":"Очень понравилась ваша майка с эффектом сауны, размер подошел, всем рекомендую. Спасибо большое Каспи."},"feedback":{"positive":0,"voted":false},"galleryImages":[{"id":"523633935-108498885/0d3c6209-d0d3-4ab0-b9b4-767627ece04a.jpeg","small":"https://resources.cdn-kaspi.kz/img/p/r/523633935-108498885/0d3c6209-d0d3-4ab0-b9b4-767627ece04a.jpeg?format=review_small","medium":"https://resources.cdn-kaspi.kz/img/p/r/523633935-108498885/0d3c6209-d0d3-4ab0-b9b4-767627ece04a.jpeg?format=review_medium","large":"https://resources.cdn-kaspi.kz/img/p/r/523633935-108498885/0d3c6209-d0d3-4ab0-b9b4-767627ece04a.jpeg?format=review_large"}],"product":{"id":"108498885","name":"Майка LARKO майка женская с эффектом сауны S, M","categoryCode":"Master - Clothes for slimming","categoryName":"Одежда для похудения","link":"https://kaspi.kz/shop/p/maika-larko-maika-zhenskaja-s-effektom-sauny-s-m-108498885/"},"merchant":{"name":"LARKO-KZ","code":"17629423"},"editable":false,"editedByCustomer":false},{"id":"8a5c9dbc95acfdf50195ce6567463ae6","author":"Қарақат","date":"25.03.2025","orderNumber":"510901853","rating":4,"comment":{"minus":"","plus":"","text":"Майка күшті. Уақытынан бұрын келді."},"feedback":{"positive":0,"voted":false},"product":{"id":"108498885","name":"Майка LARKO майка женская с эффектом сауны S, M","categoryCode":"Master - Clothes for slimming","categoryName":"Одежда для похудения","link":"https://kaspi.kz/shop/p/maika-larko-maika-zhenskaja-s-effektom-sauny-s-m-108498885/"},"merchant":{"name":"LARKO-KZ","code":"17629423"},"editable":false,"editedByCustomer":false},{"id":"8a5c5560959caf7801959f0ae36c0e45","author":"Айжан","date":"16.03.2025","orderNumber":"514464396","rating":3,"comment":{"minus":"","plus":"","text":"Майка понравилась точно как на фото, но маломерят, размер маловато."},"feedback":{"positive":1,"voted":false},"product":{"id":"108498885","name":"Майка LARKO майка женская с эффектом сауны S, M","categoryCode":"Master - Clothes for slimming","categoryName":"Одежда для похудения","link":"https://kaspi.kz/shop/p/maika-larko-maika-zhenskaja-s-effektom-sauny-s-m-108498885/"},"merchant":{"name":"LARKO-KZ","code":"17629423"},"editable":false,"editedByCustomer":false},{"id":"8a5c55509536761901954d43bbee033d","author":"Мадина","date":"28.02.2025","orderNumber":"503776363","rating":1,"comment":{"minus":"","plus":"","text":"Майка грязная, следы примерки, тонального, полосы непонятные, и оказалась большой."},"feedback":{"positive":0,"voted":false},"galleryImages":[{"id":"503776363-108498885/12d9f18b-7e47-4fab-bcee-70b111f4923f.jpeg","small":"https://resources.cdn-kaspi.kz/img/p/r/503776363-108498885/12d9f18b-7e47-4fab-bcee-70b111f4923f.jpeg?format=review_small","medium":"https://resources.cdn-kaspi.kz/img/p/r/503776363-108498885/12d9f18b-7e47-4fab-bcee-70b111f4923f.jpeg?format=review_medium","large":"https://resources.cdn-kaspi.kz/img/p/r/503776363-108498885/12d9f18b-7e47-4fab-bcee-70b111f4923f.jpeg?format=review_large"}],"product":{"id":"108498885","name":"Майка LARKO майка женская с эффектом сауны S, M","categoryCode":"Master - Clothes for slimming","categoryName":"Одежда для похудения","link":"https://kaspi.kz/shop/p/maika-larko-maika-zhenskaja-s-effektom-sauny-s-m-108498885/"},"merchant":{"name":"LARKO-KZ","code":"17629423"},"editable":false,"editedByCustomer":false},{"id":"8a5c0415946875a60194842cf06c2f03","author":"Айнұр","date":"20.01.2025","orderNumber":"481225366","rating":5,"comment":{"minus":"","plus":"","text":"Рахмет сіздерге фирма  ARKO менің тапсырыс берген майка өте керемет екен дәл менің ойлағанымдай болды. Айтылған күнін де ерте келді. Качествосы өте жоғары. Барлықтарыңызға да алуға кеңес беремін. Рахмет сіздерге."},"feedback":{"positive":1,"voted":false},"product":{"id":"108498885","name":"Майка LARKO майка женская с эффектом сауны S, M","categoryCode":"Master - Clothes for slimming","categoryName":"Одежда для похудения","link":"https://kaspi.kz/shop/p/maika-larko-maika-zhenskaja-s-effektom-sauny-s-m-108498885/"},"merchant":{"name":"LARKO-KZ","code":"17629423"},"editable":false,"editedByCustomer":false},{"id":"8a5c0415946875a60194702a0389107d","author":"Раушан","date":"16.01.2025","orderNumber":"480008824","rating":5,"comment":{"minus":"","plus":"","text":"Классная майка! Спасибо, у меня есть шорты с эффектами сауны, теперь майка."},"feedback":{"positive":0,"voted":false},"product":{"id":"108498885","name":"Майка LARKO майка женская с эффектом сауны S, M","categoryCode":"Master - Clothes for slimming","categoryName":"Одежда для похудения","link":"https://kaspi.kz/shop/p/maika-larko-maika-zhenskaja-s-effektom-sauny-s-m-108498885/"},"merchant":{"name":"LARKO-KZ","code":"17629423"},"editable":false,"editedByCustomer":false},{"id":"8a5c406f946875fe0194696fedc701df","author":"Раушан","date":"15.01.2025","orderNumber":"479543717","rating":5,"comment":{"minus":"","plus":"","text":"Майка ұнады, керемет,."},"feedback":{"positive":0,"voted":false},"product":{"id":"108498885","name":"Майка LARKO майка женская с эффектом сауны S, M","categoryCode":"Master - Clothes for slimming","categoryName":"Одежда для похудения","link":"https://kaspi.kz/shop/p/maika-larko-maika-zhenskaja-s-effektom-sauny-s-m-108498885/"},"merchant":{"name":"LARKO-KZ","code":"17629423"},"editable":false,"editedByCustomer":false},{"id":"8a5cba6e944e3247019450975980041c","author":"Инабат","date":"10.01.2025","orderNumber":"476924696","rating":5,"comment":{"minus":"","plus":"","text":"Качество хорошее."},"feedback":{"positive":0,"voted":false},"product":{"id":"108498885","name":"Майка LARKO майка женская с эффектом сауны S, M","categoryCode":"Master - Clothes for slimming","categoryName":"Одежда для похудения","link":"https://kaspi.kz/shop/p/maika-larko-maika-zhenskaja-s-effektom-sauny-s-m-108498885/"},"merchant":{"name":"LARKO-KZ","code":"17629423"},"editable":false,"editedByCustomer":false},{"id":"8a5c040793007fcf01930264dc7e048d","author":"Қалжан","date":"19.11.2024","orderNumber":"436886786","rating":5,"comment":{"minus":"","plus":"","text":"Тауарды алдым, рахмет!  arko магазині. Тігісі жақсы, минус жоқ. Размер S-M дәл келді. Өзімнің размер S. 1 күн ерте келді. Түсі суреттегідей."},"feedback":{"positive":0,"voted":false},"galleryImages":[{"id":"436886786-108498885/e642187d-5998-4427-bb67-857882034180.jpeg","small":"https://resources.cdn-kaspi.kz/img/p/r/436886786-108498885/e642187d-5998-4427-bb67-857882034180.jpeg?format=review_small","medium":"https://resources.cdn-kaspi.kz/img/p/r/436886786-108498885/e642187d-5998-4427-bb67-857882034180.jpeg?format=review_medium","large":"https://resources.cdn-kaspi.kz/img/p/r/436886786-108498885/e642187d-5998-4427-bb67-857882034180.jpeg?format=review_large"}],"product":{"id":"108498885","name":"Майка LARKO майка женская с эффектом сауны S, M","categoryCode":"Master - Clothes for slimming","categoryName":"Одежда для похудения","link":"https://kaspi.kz/shop/p/maika-larko-maika-zhenskaja-s-effektom-sauny-s-m-108498885/"},"merchant":{"name":"LARKO-KZ","code":"17629423"},"editable":false,"editedByCustomer":false},{"id":"8a5c51ef92fbecc801931a22d8e4258d","author":"Фариза","date":"11.11.2024","orderNumber":"439253728","rating":5,"comment":{"minus":"","plus":"","text":"Супер, слов нет. Я очень довольна и с кайфом занимаюсь фитнесом, когда чувствуешь как пот стекает под майкой. Хочется все больше двигаться, девочки, берите, очень удобная и красивая майка."},"feedback":{"positive":0,"voted":false},"product":{"id":"108498885","name":"Майка LARKO майка женская с эффектом сауны S, M","categoryCode":"Master - Clothes for slimming","categoryName":"Одежда для похудения","link":"https://kaspi.kz/shop/p/maika-larko-maika-zhenskaja-s-effektom-sauny-s-m-108498885/"},"merchant":{"name":"LARKO-KZ","code":"17629423"},"editable":false,"editedByCustomer":false},{"id":"8a5cd4b0927508510192baa253946a94","author":"Роза","date":"23.10.2024","orderNumber":"429779831","rating":5,"comment":{"minus":"","plus":"","text":"Доставили быстро, все отлично, размер подошел."},"feedback":{"positive":0,"voted":false},"product":{"id":"108498885","name":"Майка LARKO майка женская с эффектом сауны S, M","categoryCode":"Master - Clothes for slimming","categoryName":"Одежда для похудения","link":"https://kaspi.kz/shop/p/maika-larko-maika-zhenskaja-s-effektom-sauny-s-m-108498885/"},"merchant":{"name":"LARKO-KZ","code":"17629423"},"editable":false,"editedByCustomer":false},{"id":"8a5c5552920df477019243a0f24957c8","author":"Жулдыз","date":"30.09.2024","orderNumber":"418120284","rating":5,"comment":{"minus":"","plus":"","text":"Заказала майку. Отличная сауна майка. Пока что все нравится."},"feedback":{"positive":0,"voted":false},"product":{"id":"108498885","name":"Майка LARKO майка женская с эффектом сауны S, M","categoryCode":"Master - Clothes for slimming","categoryName":"Одежда для похудения","link":"https://kaspi.kz/shop/p/maika-larko-maika-zhenskaja-s-effektom-sauny-s-m-108498885/"},"merchant":{"name":"LARKO-KZ","code":"17629423"},"editable":false,"editedByCustomer":false},{"id":"8a5c65909057f59d0190981b69015307","author":"Ақбота","date":"09.07.2024","orderNumber":"379195908","rating":3,"comment":{"minus":"","plus":"","text":"S-M 57кг шамалы үлкен болды қысқартып жандарын тіктім иықтары да екі түрлі опшым тігістері дұрыс емес иісі бар. Бірақ жақсы терлетеді жүріп ақ терли бересің оннан 6 бал беремін."},"feedback":{"positive":0,"voted":false},"product":{"id":"108498885","name":"Майка LARKO майка женская с эффектом сауны S, M","categoryCode":"Master - Clothes for slimming","categoryName":"Одежда для похудения","link":"https://kaspi.kz/shop/p/maika-larko-maika-zhenskaja-s-effektom-sauny-s-m-108498885/"},"merchant":{"name":"LARKO-KZ","code":"17629423"},"editable":false,"editedByCustomer":false},{"id":"8a5c7aa58fa45d6b018fc039bf8338b1","author":"Еркеайым","date":"28.05.2024","orderNumber":"356648913","rating":1,"comment":{"minus":"","plus":"","text":"Майка алды өте ашық."},"feedback":{"positive":1,"voted":false},"product":{"id":"108498885","name":"Майка LARKO майка женская с эффектом сауны S, M","categoryCode":"Master - Clothes for slimming","categoryName":"Одежда для похудения","link":"https://kaspi.kz/shop/p/maika-larko-maika-zhenskaja-s-effektom-sauny-s-m-108498885/"},"merchant":{"name":"LARKO-KZ","code":"17629423"},"editable":false,"editedByCustomer":false},{"id":"8a5ca0968f5b4b00018f5bf81f450097","author":"Назерке","date":"09.05.2024","orderNumber":"353795580","rating":5,"comment":{"minus":"","plus":"","text":"Өте керемет сапасы, бірақ размер дұрыс келмеді."},"feedback":{"positive":0,"voted":false},"product":{"id":"108498885","name":"Майка LARKO майка женская с эффектом сауны S, M","categoryCode":"Master - Clothes for slimming","categoryName":"Одежда для похудения","link":"https://kaspi.kz/shop/p/maika-larko-maika-zhenskaja-s-effektom-sauny-s-m-108498885/"},"merchant":{"name":"LARKO-KZ","code":"17629423"},"editable":false,"editedByCustomer":false},{"id":"8a5ca8d18d2f0b5c018d323031910647","author":"Назерке","date":"22.01.2024","orderNumber":"299666075","rating":5,"comment":{"minus":"","plus":"","text":"Майка өзіме ұнады. Қаттығу жасағанда терлетеді, ыңғайлы. Істегенімді тапқаныма қуаныштымын. larko дүкеніне рахмет."},"feedback":{"positive":0,"voted":false},"product":{"id":"108498885","name":"Майка LARKO майка женская с эффектом сауны S, M","categoryCode":"Master - Clothes for slimming","categoryName":"Одежда для похудения","link":"https://kaspi.kz/shop/p/maika-larko-maika-zhenskaja-s-effektom-sauny-s-m-108498885/"},"merchant":{"name":"LARKO-KZ","code":"17629423"},"editable":false,"editedByCustomer":false},{"id":"8a5c5fa58d101ff4018d3198bac63dcb","author":"Дилфуза","date":"22.01.2024","orderNumber":"315222376","rating":5,"comment":{"minus":"","plus":"","text":"Классная майка. Советую к покупке. Не пожалеете."},"feedback":{"positive":0,"voted":false},"product":{"id":"108498885","name":"Майка LARKO майка женская с эффектом сауны S, M","categoryCode":"Master - Clothes for slimming","categoryName":"Одежда для похудения","link":"https://kaspi.kz/shop/p/maika-larko-maika-zhenskaja-s-effektom-sauny-s-m-108498885/"},"merchant":{"name":"LARKO-KZ","code":"17629423"},"editable":false,"editedByCustomer":false},{"id":"8a5cc3b28c195c53018c1b77d8b0090b","author":"Дина","date":"01.12.2023","orderNumber":"303034891","rating":5,"comment":{"minus":"","plus":"","text":"Лямки большие, повисли на мне, не на 44-46 для результата, но парадокс еле надела, живот отлично обтягивает, греет, при физ нагрузке думаю потеть буду. Благодарю Каспи и продавца LARKO-KZ."},"feedback":{"positive":0,"voted":false},"galleryImages":[{"id":"303034891-108498885/43808a27-0e27-4da5-8690-c4f426ceda27.jpg","small":"https://resources.cdn-kaspi.kz/img/p/r/303034891-108498885/43808a27-0e27-4da5-8690-c4f426ceda27.jpg?format=review_small","medium":"https://resources.cdn-kaspi.kz/img/p/r/303034891-108498885/43808a27-0e27-4da5-8690-c4f426ceda27.jpg?format=review_medium","large":"https://resources.cdn-kaspi.kz/img/p/r/303034891-108498885/43808a27-0e27-4da5-8690-c4f426ceda27.jpg?format=review_large"}],"product":{"id":"108498885","name":"Майка LARKO майка женская с эффектом сауны S, M","categoryCode":"Master - Clothes for slimming","categoryName":"Одежда для похудения","link":"https://kaspi.kz/shop/p/maika-larko-maika-zhenskaja-s-effektom-sauny-s-m-108498885/"},"merchant":{"name":"LARKO-KZ","code":"17629423"},"editable":false,"editedByCustomer":false},{"id":"8a5cd5bc8bd15fe5018bdd964e7f2725","author":"Багила","date":"17.11.2023","orderNumber":"300460821","rating":5,"comment":{"minus":"","plus":"","text":"Хорошее качество. Товар пришел размер в размер. Материал хороший. Плотный. Рекомендую продавца."},"feedback":{"positive":0,"voted":false},"product":{"id":"108498885","name":"Майка LARKO майка женская с эффектом сауны S, M","categoryCode":"Master - Clothes for slimming","categoryName":"Одежда для похудения","link":"https://kaspi.kz/shop/p/maika-larko-maika-zhenskaja-s-effektom-sauny-s-m-108498885/"},"merchant":{"name":"LARKO-KZ","code":"17629423"},"editable":false,"editedByCustomer":false},{"id":"8a5ceb738b27d1e5018b2d51981b0c15","author":"Сима","date":"17.10.2023","orderNumber":"288933005","rating":5,"comment":{"minus":"","plus":"","text":"Мне понравилось, очень хорошо утягивает."},"feedback":{"positive":0,"voted":false},"product":{"id":"108498885","name":"Майка LARKO майка женская с эффектом сауны S, M","categoryCode":"Master - Clothes for slimming","categoryName":"Одежда для похудения","link":"https://kaspi.kz/shop/p/maika-larko-maika-zhenskaja-s-effektom-sauny-s-m-108498885/"},"merchant":{"name":"LARKO","code":"14901053"},"editable":false,"editedByCustomer":false},{"id":"8a5c2f418afe1d76018b142f892436aa","author":"Эльмира","date":"10.10.2023","orderNumber":"288456560","rating":5,"comment":{"minus":"","plus":"","text":"Пришёл не как на фото, с молнией спереди. Мне так даже больше понравилось."},"feedback":{"positive":0,"voted":false},"product":{"id":"108498885","name":"Майка LARKO майка женская с эффектом сауны S, M","categoryCode":"Master - Clothes for slimming","categoryName":"Одежда для похудения","link":"https://kaspi.kz/shop/p/maika-larko-maika-zhenskaja-s-effektom-sauny-s-m-108498885/"},"merchant":{"name":"LARKO","code":"14901053"},"editable":false,"editedByCustomer":false},{"id":"8a5cc0628a73008f018a844d4e5e1a35","author":"Алтынай","date":"15.09.2023","orderNumber":"282818930","rating":5,"comment":{"minus":"","plus":"","text":"На свой полноценный 46 размер взяла s-m. Сел идеально, не давит, в кожу не впивается, что очень немало важно. Вырез под грудью удобен, ни ниже, ни выше. Лямки широкие. Сидит как вторая кожа или фитнес костюм. Как надела, сразу слегка начала потеть. Пот конечно не льётся, чуточку влажно. Но, это без тренировок, при обычном ношении. При занятиях точно будет мокро. Не скручивается, как наденешь, так и фиксируется, как бы прилипает изнутри. Под одеждой не видно, лишь немного шуршит. Надеть изначально самостоятельно тяжеловато, но, если приловчиться, будет легче и быстрее. Товар качественный, однако, мне попался брак. Швы в двух местах обработаны плохо. Продавец перед отправкой проверял бы товар. Пришёл в зип-пакете. Запах был как у дешевой китайской кожи. Выветрился быстро.  "},"feedback":{"positive":8,"voted":false},"galleryImages":[{"id":"282818930-108498885/4ca9212b-9e47-4377-9519-d2814003e104.jpg","small":"https://resources.cdn-kaspi.kz/img/p/r/282818930-108498885/4ca9212b-9e47-4377-9519-d2814003e104.jpg?format=review_small","medium":"https://resources.cdn-kaspi.kz/img/p/r/282818930-108498885/4ca9212b-9e47-4377-9519-d2814003e104.jpg?format=review_medium","large":"https://resources.cdn-kaspi.kz/img/p/r/282818930-108498885/4ca9212b-9e47-4377-9519-d2814003e104.jpg?format=review_large"},{"id":"282818930-108498885/69643305-c4b0-45eb-b23b-b98b9a19aadb.jpg","small":"https://resources.cdn-kaspi.kz/img/p/r/282818930-108498885/69643305-c4b0-45eb-b23b-b98b9a19aadb.jpg?format=review_small","medium":"https://resources.cdn-kaspi.kz/img/p/r/282818930-108498885/69643305-c4b0-45eb-b23b-b98b9a19aadb.jpg?format=review_medium","large":"https://resources.cdn-kaspi.kz/img/p/r/282818930-108498885/69643305-c4b0-45eb-b23b-b98b9a19aadb.jpg?format=review_large"}],"product":{"id":"108498885","name":"Майка LARKO майка женская с эффектом сауны S, M","categoryCode":"Master - Clothes for slimming","categoryName":"Одежда для похудения","link":"https://kaspi.kz/shop/p/maika-larko-maika-zhenskaja-s-effektom-sauny-s-m-108498885/"},"merchant":{"name":"LARKO","code":"14901053"},"editable":false,"editedByCustomer":false},{"id":"8a5cee738a72fd63018a7f7e1bbd1250","author":"Самал","date":"13.09.2023","orderNumber":"276859732","rating":5,"comment":{"minus":"","plus":"","text":"Өте жақсы маған ұнады. Қимылдаған сайын терлетеді. Жуылғанда да матасы бұзылмайды. Алуға кеңес беремін."},"feedback":{"positive":1,"voted":false},"product":{"id":"108498885","name":"Майка LARKO майка женская с эффектом сауны S, M","categoryCode":"Master - Clothes for slimming","categoryName":"Одежда для похудения","link":"https://kaspi.kz/shop/p/maika-larko-maika-zhenskaja-s-effektom-sauny-s-m-108498885/"},"merchant":{"name":"LARKO","code":"14901053"},"editable":false,"editedByCustomer":false},{"id":"8a5c28fc8a4ec02a018a6097db901af6","author":"Ұлжан","date":"06.09.2023","orderNumber":"275519926","rating":5,"comment":{"minus":"","plus":"","text":"Спасибо за быструю доставку. Майка в хорошем качестве, все понравилось."},"feedback":{"positive":1,"voted":false},"product":{"id":"108498885","name":"Майка LARKO майка женская с эффектом сауны S, M","categoryCode":"Master - Clothes for slimming","categoryName":"Одежда для похудения","link":"https://kaspi.kz/shop/p/maika-larko-maika-zhenskaja-s-effektom-sauny-s-m-108498885/"},"merchant":{"name":"LARKO","code":"14901053"},"editable":false,"editedByCustomer":false},{"id":"8a5c82248985bbcc0189910dbaad1d1a","author":"Саниям","date":"04.08.2023","orderNumber":"272824723","rating":5,"comment":{"minus":"","plus":"","text":"Класс, мне понравилась."},"feedback":{"positive":2,"voted":false},"product":{"id":"108498885","name":"Майка LARKO майка женская с эффектом сауны S, M","categoryCode":"Master - Clothes for slimming","categoryName":"Одежда для похудения","link":"https://kaspi.kz/shop/p/maika-larko-maika-zhenskaja-s-effektom-sauny-s-m-108498885/"},"merchant":null,"editable":false,"editedByCustomer":false},{"id":"8a5c7358894f41b9018953841f580280","author":"Наталья","date":"16.07.2023","orderNumber":"267347030","rating":5,"comment":{"minus":"","plus":"Не плохая майка, спасибо магазину.","text":""},"feedback":{"positive":1,"voted":false},"product":{"id":"108498885","name":"Майка LARKO майка женская с эффектом сауны S, M","categoryCode":"Master - Clothes for slimming","categoryName":"Одежда для похудения","link":"https://kaspi.kz/shop/p/maika-larko-maika-zhenskaja-s-effektom-sauny-s-m-108498885/"},"merchant":null,"editable":false,"editedByCustomer":false},{"id":"8a5c371a894f40820189535e34680264","author":"Александра","date":"16.07.2023","orderNumber":"267425633","rating":5,"comment":{"minus":"","plus":"Майка с эффектом сауны просто шикарная, качество на высоте, размер в размер, на мой размер 46- 48 м сел идеально","text":""},"feedback":{"positive":1,"voted":false},"product":{"id":"108498885","name":"Майка LARKO майка женская с эффектом сауны S, M","categoryCode":"Master - Clothes for slimming","categoryName":"Одежда для похудения","link":"https://kaspi.kz/shop/p/maika-larko-maika-zhenskaja-s-effektom-sauny-s-m-108498885/"},"merchant":null,"editable":false,"editedByCustomer":false},{"id":"8a5c9220894f42db0189534b2ca8022a","author":"Гузель","date":"15.07.2023","orderNumber":"267193765","rating":5,"comment":{"minus":"","plus":"Очень хорошее качество за такую цену, ещё и удобная, советую.","text":""},"feedback":{"positive":1,"voted":false},"product":{"id":"108498885","name":"Майка LARKO майка женская с эффектом сауны S, M","categoryCode":"Master - Clothes for slimming","categoryName":"Одежда для похудения","link":"https://kaspi.kz/shop/p/maika-larko-maika-zhenskaja-s-effektom-sauny-s-m-108498885/"},"merchant":null,"editable":false,"editedByCustomer":false},{"id":"8a5c0c6c891e86250189430380cd601d","author":"Римма","date":"13.07.2023","orderNumber":"268483473","rating":5,"comment":{"minus":"","plus":"","text":"Все супер. Майка отличная. "},"feedback":{"positive":1,"voted":false},"product":{"id":"108498885","name":"Майка LARKO майка женская с эффектом сауны S, M","categoryCode":"Master - Clothes for slimming","categoryName":"Одежда для похудения","link":"https://kaspi.kz/shop/p/maika-larko-maika-zhenskaja-s-effektom-sauny-s-m-108498885/"},"merchant":null,"editable":false,"editedByCustomer":false},{"id":"8a5c1dc6891e883f01893049ca8227ba","author":"Татьяна","date":"11.07.2023","orderNumber":"267665074","rating":5,"comment":{"minus":"","plus":"Качество супер , покупаю уже второй раз. Результат после 1месяца.","text":""},"feedback":{"positive":2,"voted":false},"product":{"id":"108498885","name":"Майка LARKO майка женская с эффектом сауны S, M","categoryCode":"Master - Clothes for slimming","categoryName":"Одежда для похудения","link":"https://kaspi.kz/shop/p/maika-larko-maika-zhenskaja-s-effektom-sauny-s-m-108498885/"},"merchant":null,"editable":false,"editedByCustomer":false},{"id":"8a5c1dc6891e883f01892bbc2c611bcc","author":"Гулшат","date":"10.07.2023","orderNumber":"268360506","rating":5,"comment":{"minus":"","plus":"Отлично.","text":"Классная майка мне очень понравился."},"feedback":{"positive":3,"voted":false},"galleryImages":[{"id":"268360506-108498885/96b45130-8773-4383-b7d0-66a7681ba735.jpg","small":"https://resources.cdn-kaspi.kz/img/p/r/268360506-108498885/96b45130-8773-4383-b7d0-66a7681ba735.jpg?format=review_small","medium":"https://resources.cdn-kaspi.kz/img/p/r/268360506-108498885/96b45130-8773-4383-b7d0-66a7681ba735.jpg?format=review_medium","large":"https://resources.cdn-kaspi.kz/img/p/r/268360506-108498885/96b45130-8773-4383-b7d0-66a7681ba735.jpg?format=review_large"},{"id":"268360506-108498885/914004fe-8d49-4fdc-99b3-804a806f064b.jpg","small":"https://resources.cdn-kaspi.kz/img/p/r/268360506-108498885/914004fe-8d49-4fdc-99b3-804a806f064b.jpg?format=review_small","medium":"https://resources.cdn-kaspi.kz/img/p/r/268360506-108498885/914004fe-8d49-4fdc-99b3-804a806f064b.jpg?format=review_medium","large":"https://resources.cdn-kaspi.kz/img/p/r/268360506-108498885/914004fe-8d49-4fdc-99b3-804a806f064b.jpg?format=review_large"}],"product":{"id":"108498885","name":"Майка LARKO майка женская с эффектом сауны S, M","categoryCode":"Master - Clothes for slimming","categoryName":"Одежда для похудения","link":"https://kaspi.kz/shop/p/maika-larko-maika-zhenskaja-s-effektom-sauny-s-m-108498885/"},"merchant":null,"editable":false,"editedByCustomer":false},{"id":"8a5c0c6c891e862501892052f02c03eb","author":"Лаззат","date":"07.07.2023","orderNumber":"266365578","rating":4,"comment":{"minus":"","plus":"Качество супер. Без запаха.","text":"Қызыма ұнады. Жұқа майка сияқты, жақсы терлетеді."},"feedback":{"positive":1,"voted":false},"product":{"id":"108498885","name":"Майка LARKO майка женская с эффектом сауны S, M","categoryCode":"Master - Clothes for slimming","categoryName":"Одежда для похудения","link":"https://kaspi.kz/shop/p/maika-larko-maika-zhenskaja-s-effektom-sauny-s-m-108498885/"},"merchant":null,"editable":false,"editedByCustomer":false},{"id":"8a5c735388adae3d0188f71878cd41d9","author":"Айнагуль","date":"30.06.2023","orderNumber":"265832493","rating":5,"comment":{"minus":" ","plus":"Классная майка.","text":"Хороший эффект сауны. Сегодня получила и сделала в ней тренировку. Спасибо за быструю доставку!"},"feedback":{"positive":2,"voted":false},"product":{"id":"108498885","name":"Майка LARKO майка женская с эффектом сауны S, M","categoryCode":"Master - Clothes for slimming","categoryName":"Одежда для похудения","link":"https://kaspi.kz/shop/p/maika-larko-maika-zhenskaja-s-effektom-sauny-s-m-108498885/"},"merchant":null,"editable":false,"editedByCustomer":false},{"id":"8a5cfe328874f945018896c1b9856d6e","author":"Аида","date":"15.06.2023","orderNumber":"260963495","rating":5,"comment":{"minus":"","plus":"","text":"Очень хорошо потеешь, стирается в машинке не портиться. Классные, мне понравилось, думаю ещё шорты закажу. "},"feedback":{"positive":2,"voted":false},"product":{"id":"108498885","name":"Майка LARKO майка женская с эффектом сауны S, M","categoryCode":"Master - Clothes for slimming","categoryName":"Одежда для похудения","link":"https://kaspi.kz/shop/p/maika-larko-maika-zhenskaja-s-effektom-sauny-s-m-108498885/"},"merchant":null,"editable":false,"editedByCustomer":false},{"id":"8a5c07be8865289c01886c3ae31019c5","author":"Балнур","date":"08.06.2023","orderNumber":"260879629","rating":5,"comment":{"minus":"","plus":"Мне очень понравилось.","text":""},"feedback":{"positive":3,"voted":false},"product":{"id":"108498885","name":"Майка LARKO майка женская с эффектом сауны S, M","categoryCode":"Master - Clothes for slimming","categoryName":"Одежда для похудения","link":"https://kaspi.kz/shop/p/maika-larko-maika-zhenskaja-s-effektom-sauny-s-m-108498885/"},"merchant":null,"editable":false,"editedByCustomer":false},{"id":"8a5cfe318874f85a018895e3d0d169ca","author":"Асель","date":"07.06.2023","orderNumber":"259977730","rating":5,"comment":{"minus":"","plus":"Плотно сидит на теле, не собирается.","text":""},"feedback":{"positive":1,"voted":false},"product":{"id":"108498885","name":"Майка LARKO майка женская с эффектом сауны S, M","categoryCode":"Master - Clothes for slimming","categoryName":"Одежда для похудения","link":"https://kaspi.kz/shop/p/maika-larko-maika-zhenskaja-s-effektom-sauny-s-m-108498885/"},"merchant":null,"editable":false,"editedByCustomer":false},{"id":"8a5cfe338874fa5a018890ad8c5d591b","author":"Акжан","date":"06.06.2023","orderNumber":"261917631","rating":5,"comment":{"minus":"","plus":"","text":"Майка очень хорошая то что я хотела."},"feedback":{"positive":2,"voted":false},"product":{"id":"108498885","name":"Майка LARKO майка женская с эффектом сауны S, M","categoryCode":"Master - Clothes for slimming","categoryName":"Одежда для похудения","link":"https://kaspi.kz/shop/p/maika-larko-maika-zhenskaja-s-effektom-sauny-s-m-108498885/"},"merchant":null,"editable":false,"editedByCustomer":false},{"id":"8a5c5cab885095a701885194b1b702e1","author":"Дмитрий","date":"02.06.2023","orderNumber":"260480188","rating":5,"comment":{"minus":"","plus":"Качество супер!","text":"Очень крутая майка, дочке понравилась, качество супер. Купил уже вторую майку , буду брать третью для мамы."},"feedback":{"positive":2,"voted":false},"product":{"id":"108498885","name":"Майка LARKO майка женская с эффектом сауны S, M","categoryCode":"Master - Clothes for slimming","categoryName":"Одежда для похудения","link":"https://kaspi.kz/shop/p/maika-larko-maika-zhenskaja-s-effektom-sauny-s-m-108498885/"},"merchant":null,"editable":false,"editedByCustomer":false},{"id":"8a5c5ab887bee2230187fc1736d85e2e","author":"Татьяна","date":"08.05.2023","orderNumber":"257665406","rating":5,"comment":{"minus":"","plus":"Очень Крутая майка, качество отличное . Рекомендую.","text":"Приобретайте, не пожалеете."},"feedback":{"positive":4,"voted":false},"product":{"id":"108498885","name":"Майка LARKO майка женская с эффектом сауны S, M","categoryCode":"Master - Clothes for slimming","categoryName":"Одежда для похудения","link":"https://kaspi.kz/shop/p/maika-larko-maika-zhenskaja-s-effektom-sauny-s-m-108498885/"},"merchant":null,"editable":false,"editedByCustomer":false},{"id":"8a5c5ab887bee2230187e524b82e4298","author":"Жанаргул","date":"04.05.2023","orderNumber":"256274084","rating":5,"comment":{"minus":"","plus":"","text":"Майка жақсы терлетеді. "},"feedback":{"positive":5,"voted":false},"product":{"id":"108498885","name":"Майка LARKO майка женская с эффектом сауны S, M","categoryCode":"Master - Clothes for slimming","categoryName":"Одежда для похудения","link":"https://kaspi.kz/shop/p/maika-larko-maika-zhenskaja-s-effektom-sauny-s-m-108498885/"},"merchant":null,"editable":false,"editedByCustomer":false},{"id":"8a5c5ab887bee2230187c1c520ca167d","author":"Фатима","date":"27.04.2023","orderNumber":"254829280","rating":5,"comment":{"minus":"","plus":"","text":"Все супер еще и подарок шорты подарили, что очень приятно. Майка идеальна села."},"feedback":{"positive":10,"voted":false},"product":{"id":"108498885","name":"Майка LARKO майка женская с эффектом сауны S, M","categoryCode":"Master - Clothes for slimming","categoryName":"Одежда для похудения","link":"https://kaspi.kz/shop/p/maika-larko-maika-zhenskaja-s-effektom-sauny-s-m-108498885/"},"merchant":null,"editable":false,"editedByCustomer":false}]}