{"data":[{"id":"8a5cc38595acfcab0195ccfa841a2f35","author":"Ольга","date":"25.03.2025","orderNumber":"472172712","rating":5,"comment":{"minus":"","plus":"","text":"Отличный массажор, пользуемся всей семьёй с удовольствием. Удобно держать в руке, детям зашёл на 10+. Особенно помогает после рабочего дня. Спасибо Каспи и продавцу!"},"feedback":{"positive":0,"voted":false},"galleryImages":[{"id":"472172712-130415189/65c70348-892b-4f56-ba9c-8fd87d2e335c.jpeg","small":"https://resources.cdn-kaspi.kz/img/p/r/472172712-130415189/65c70348-892b-4f56-ba9c-8fd87d2e335c.jpeg?format=review_small","medium":"https://resources.cdn-kaspi.kz/img/p/r/472172712-130415189/65c70348-892b-4f56-ba9c-8fd87d2e335c.jpeg?format=review_medium","large":"https://resources.cdn-kaspi.kz/img/p/r/472172712-130415189/65c70348-892b-4f56-ba9c-8fd87d2e335c.jpeg?format=review_large"},{"id":"472172712-130415189/5ab3a559-80d3-40f5-b104-0eb79f76defa.jpeg","small":"https://resources.cdn-kaspi.kz/img/p/r/472172712-130415189/5ab3a559-80d3-40f5-b104-0eb79f76defa.jpeg?format=review_small","medium":"https://resources.cdn-kaspi.kz/img/p/r/472172712-130415189/5ab3a559-80d3-40f5-b104-0eb79f76defa.jpeg?format=review_medium","large":"https://resources.cdn-kaspi.kz/img/p/r/472172712-130415189/5ab3a559-80d3-40f5-b104-0eb79f76defa.jpeg?format=review_large"},{"id":"472172712-130415189/0fae03dc-7760-43f7-826f-eea853a340e3.jpeg","small":"https://resources.cdn-kaspi.kz/img/p/r/472172712-130415189/0fae03dc-7760-43f7-826f-eea853a340e3.jpeg?format=review_small","medium":"https://resources.cdn-kaspi.kz/img/p/r/472172712-130415189/0fae03dc-7760-43f7-826f-eea853a340e3.jpeg?format=review_medium","large":"https://resources.cdn-kaspi.kz/img/p/r/472172712-130415189/0fae03dc-7760-43f7-826f-eea853a340e3.jpeg?format=review_large"},{"id":"472172712-130415189/aea1d457-22c8-4bb5-aa68-ff24d951130c.jpeg","small":"https://resources.cdn-kaspi.kz/img/p/r/472172712-130415189/aea1d457-22c8-4bb5-aa68-ff24d951130c.jpeg?format=review_small","medium":"https://resources.cdn-kaspi.kz/img/p/r/472172712-130415189/aea1d457-22c8-4bb5-aa68-ff24d951130c.jpeg?format=review_medium","large":"https://resources.cdn-kaspi.kz/img/p/r/472172712-130415189/aea1d457-22c8-4bb5-aa68-ff24d951130c.jpeg?format=review_large"},{"id":"472172712-130415189/5398d635-40af-4fb6-a214-6a588ffb0719.jpeg","small":"https://resources.cdn-kaspi.kz/img/p/r/472172712-130415189/5398d635-40af-4fb6-a214-6a588ffb0719.jpeg?format=review_small","medium":"https://resources.cdn-kaspi.kz/img/p/r/472172712-130415189/5398d635-40af-4fb6-a214-6a588ffb0719.jpeg?format=review_medium","large":"https://resources.cdn-kaspi.kz/img/p/r/472172712-130415189/5398d635-40af-4fb6-a214-6a588ffb0719.jpeg?format=review_large"}],"product":{"id":"130415189","name":"Массажер LARKO 3dmassager ручной 3D-массаж, акупунктурный, вибрационный","categoryCode":"Master - Massage mats and pillows","categoryName":"Массажные приборы, акупунктурные массажеры","link":"https://kaspi.kz/shop/p/massazher-larko-3dmassager-ruchnoi-3d-massazh-akupunkturnyi-vibratsionnyi-130415189/"},"merchant":{"name":"LARKO-KZ","code":"17629423"},"editable":false,"editedByCustomer":false},{"id":"8a5c78259401969f019401bf72d40099","author":"Елдар","date":"26.12.2024","orderNumber":"470329531","rating":5,"comment":{"minus":"","plus":"","text":"Забрал заказ, все отлично работает. Спасибо вам Larko."},"feedback":{"positive":0,"voted":false},"product":{"id":"130415189","name":"Массажер LARKO 3dmassager ручной 3D-массаж, акупунктурный, вибрационный","categoryCode":"Master - Massage mats and pillows","categoryName":"Массажные приборы, акупунктурные массажеры","link":"https://kaspi.kz/shop/p/massazher-larko-3dmassager-ruchnoi-3d-massazh-akupunkturnyi-vibratsionnyi-130415189/"},"merchant":{"name":"LARKO-KZ","code":"17629423"},"editable":false,"editedByCustomer":false}]}