{"data":[{"id":"8a5c580695acfd8b0195f10788ce5b32","author":"Азамат","date":"01.04.2025","orderNumber":"517725179","rating":5,"comment":{"minus":"","plus":"","text":"Нож на все случаи жизни."},"feedback":{"positive":0,"voted":false},"product":{"id":"130435866","name":"LARKO multiplier черный","categoryCode":"Master - Multitools","categoryName":"Мультитулы","link":"https://kaspi.kz/shop/p/larko-multiplier-chernyi-130435866/"},"merchant":{"name":"LARKO-KZ","code":"17629423"},"editable":false,"editedByCustomer":false},{"id":"8a5c405695d51bda0195e750bb635653","author":"Бауыржан","date":"30.03.2025","orderNumber":"522096213","rating":5,"comment":{"minus":"","plus":"","text":"Отличный мультитул, хорошего качества. Все пришло в комплекте и вовремя."},"feedback":{"positive":0,"voted":false},"galleryImages":[{"id":"522096213-130435866/859943e7-66c5-4048-a924-940f2d544570.jpeg","small":"https://resources.cdn-kaspi.kz/img/p/r/522096213-130435866/859943e7-66c5-4048-a924-940f2d544570.jpeg?format=review_small","medium":"https://resources.cdn-kaspi.kz/img/p/r/522096213-130435866/859943e7-66c5-4048-a924-940f2d544570.jpeg?format=review_medium","large":"https://resources.cdn-kaspi.kz/img/p/r/522096213-130435866/859943e7-66c5-4048-a924-940f2d544570.jpeg?format=review_large"}],"product":{"id":"130435866","name":"LARKO multiplier черный","categoryCode":"Master - Multitools","categoryName":"Мультитулы","link":"https://kaspi.kz/shop/p/larko-multiplier-chernyi-130435866/"},"merchant":{"name":"LARKO-KZ","code":"17629423"},"editable":false,"editedByCustomer":false},{"id":"8a5c621095caf9cc0195dc6a23a150fa","author":"Байрам","date":"28.03.2025","orderNumber":"520987393","rating":5,"comment":{"minus":"","plus":"","text":"Товар пришел в срок. Хороший мультитул, за свои деньги."},"feedback":{"positive":0,"voted":false},"galleryImages":[{"id":"520987393-130435866/171fb98d-1d9d-4ff6-b42d-bff0a437914a.jpeg","small":"https://resources.cdn-kaspi.kz/img/p/r/520987393-130435866/171fb98d-1d9d-4ff6-b42d-bff0a437914a.jpeg?format=review_small","medium":"https://resources.cdn-kaspi.kz/img/p/r/520987393-130435866/171fb98d-1d9d-4ff6-b42d-bff0a437914a.jpeg?format=review_medium","large":"https://resources.cdn-kaspi.kz/img/p/r/520987393-130435866/171fb98d-1d9d-4ff6-b42d-bff0a437914a.jpeg?format=review_large"},{"id":"520987393-130435866/c7d3758b-69f8-445f-b43c-30af46b6f209.jpeg","small":"https://resources.cdn-kaspi.kz/img/p/r/520987393-130435866/c7d3758b-69f8-445f-b43c-30af46b6f209.jpeg?format=review_small","medium":"https://resources.cdn-kaspi.kz/img/p/r/520987393-130435866/c7d3758b-69f8-445f-b43c-30af46b6f209.jpeg?format=review_medium","large":"https://resources.cdn-kaspi.kz/img/p/r/520987393-130435866/c7d3758b-69f8-445f-b43c-30af46b6f209.jpeg?format=review_large"},{"id":"520987393-130435866/99a916b6-4919-4b13-a52e-e6d13e272558.jpeg","small":"https://resources.cdn-kaspi.kz/img/p/r/520987393-130435866/99a916b6-4919-4b13-a52e-e6d13e272558.jpeg?format=review_small","medium":"https://resources.cdn-kaspi.kz/img/p/r/520987393-130435866/99a916b6-4919-4b13-a52e-e6d13e272558.jpeg?format=review_medium","large":"https://resources.cdn-kaspi.kz/img/p/r/520987393-130435866/99a916b6-4919-4b13-a52e-e6d13e272558.jpeg?format=review_large"},{"id":"520987393-130435866/d5cadbc9-6893-4142-85fb-570d47615117.jpeg","small":"https://resources.cdn-kaspi.kz/img/p/r/520987393-130435866/d5cadbc9-6893-4142-85fb-570d47615117.jpeg?format=review_small","medium":"https://resources.cdn-kaspi.kz/img/p/r/520987393-130435866/d5cadbc9-6893-4142-85fb-570d47615117.jpeg?format=review_medium","large":"https://resources.cdn-kaspi.kz/img/p/r/520987393-130435866/d5cadbc9-6893-4142-85fb-570d47615117.jpeg?format=review_large"},{"id":"520987393-130435866/143e623e-b8a1-4ce2-add7-e5c4ecb85bf6.jpeg","small":"https://resources.cdn-kaspi.kz/img/p/r/520987393-130435866/143e623e-b8a1-4ce2-add7-e5c4ecb85bf6.jpeg?format=review_small","medium":"https://resources.cdn-kaspi.kz/img/p/r/520987393-130435866/143e623e-b8a1-4ce2-add7-e5c4ecb85bf6.jpeg?format=review_medium","large":"https://resources.cdn-kaspi.kz/img/p/r/520987393-130435866/143e623e-b8a1-4ce2-add7-e5c4ecb85bf6.jpeg?format=review_large"}],"product":{"id":"130435866","name":"LARKO multiplier черный","categoryCode":"Master - Multitools","categoryName":"Мультитулы","link":"https://kaspi.kz/shop/p/larko-multiplier-chernyi-130435866/"},"merchant":{"name":"LARKO-KZ","code":"17629423"},"editable":false,"editedByCustomer":false},{"id":"8a5ce3cd95451b4201954814e7ef1490","author":"Дмитрий","date":"27.02.2025","orderNumber":"504973892","rating":5,"comment":{"minus":"","plus":"","text":"Товар соответствует описанию."},"feedback":{"positive":0,"voted":false},"product":{"id":"130435866","name":"LARKO multiplier черный","categoryCode":"Master - Multitools","categoryName":"Мультитулы","link":"https://kaspi.kz/shop/p/larko-multiplier-chernyi-130435866/"},"merchant":{"name":"LARKO-KZ","code":"17629423"},"editable":false,"editedByCustomer":false},{"id":"8a5cba7e951bc17401951e79e20b1299","author":"Александр","date":"19.02.2025","orderNumber":"496667961","rating":5,"comment":{"minus":"","plus":"","text":"Товар хороший, сыну понравился."},"feedback":{"positive":0,"voted":false},"product":{"id":"130435866","name":"LARKO multiplier черный","categoryCode":"Master - Multitools","categoryName":"Мультитулы","link":"https://kaspi.kz/shop/p/larko-multiplier-chernyi-130435866/"},"merchant":{"name":"LARKO-KZ","code":"17629423"},"editable":false,"editedByCustomer":false},{"id":"8a5c9abf946876500194937900e64216","author":"Асыл","date":"23.01.2025","orderNumber":"485031935","rating":5,"comment":{"minus":"","plus":"","text":"Хороший инструмент, идеально подойдет как для дома так и в работе."},"feedback":{"positive":0,"voted":false},"product":{"id":"130435866","name":"LARKO multiplier черный","categoryCode":"Master - Multitools","categoryName":"Мультитулы","link":"https://kaspi.kz/shop/p/larko-multiplier-chernyi-130435866/"},"merchant":{"name":"LARKO-KZ","code":"17629423"},"editable":false,"editedByCustomer":false},{"id":"8a5c0c4493c353ba0193cea7e1c31156","author":"Алексей","date":"16.12.2024","orderNumber":"460356259","rating":5,"comment":{"minus":"","plus":"","text":"Инструмент идеально лежит в руке. Плоскогубцы работают. Мультититул хорош для подарка любому мужчине."},"feedback":{"positive":0,"voted":false},"galleryImages":[{"id":"460356259-130435866/acec0f5c-7387-467d-ba90-e4c8b0368acf.jpeg","small":"https://resources.cdn-kaspi.kz/img/p/r/460356259-130435866/acec0f5c-7387-467d-ba90-e4c8b0368acf.jpeg?format=review_small","medium":"https://resources.cdn-kaspi.kz/img/p/r/460356259-130435866/acec0f5c-7387-467d-ba90-e4c8b0368acf.jpeg?format=review_medium","large":"https://resources.cdn-kaspi.kz/img/p/r/460356259-130435866/acec0f5c-7387-467d-ba90-e4c8b0368acf.jpeg?format=review_large"},{"id":"460356259-130435866/6bcef03a-0280-4484-84a7-b91a5aa641c9.jpeg","small":"https://resources.cdn-kaspi.kz/img/p/r/460356259-130435866/6bcef03a-0280-4484-84a7-b91a5aa641c9.jpeg?format=review_small","medium":"https://resources.cdn-kaspi.kz/img/p/r/460356259-130435866/6bcef03a-0280-4484-84a7-b91a5aa641c9.jpeg?format=review_medium","large":"https://resources.cdn-kaspi.kz/img/p/r/460356259-130435866/6bcef03a-0280-4484-84a7-b91a5aa641c9.jpeg?format=review_large"},{"id":"460356259-130435866/9820d4e8-884a-4177-b137-a5a4a256cd98.jpeg","small":"https://resources.cdn-kaspi.kz/img/p/r/460356259-130435866/9820d4e8-884a-4177-b137-a5a4a256cd98.jpeg?format=review_small","medium":"https://resources.cdn-kaspi.kz/img/p/r/460356259-130435866/9820d4e8-884a-4177-b137-a5a4a256cd98.jpeg?format=review_medium","large":"https://resources.cdn-kaspi.kz/img/p/r/460356259-130435866/9820d4e8-884a-4177-b137-a5a4a256cd98.jpeg?format=review_large"}],"product":{"id":"130435866","name":"LARKO multiplier черный","categoryCode":"Master - Multitools","categoryName":"Мультитулы","link":"https://kaspi.kz/shop/p/larko-multiplier-chernyi-130435866/"},"merchant":{"name":"LARKO-KZ","code":"17629423"},"editable":false,"editedByCustomer":false},{"id":"8a5c6228939556c001939aa8540a082f","author":"Аманкос","date":"06.12.2024","orderNumber":"453157589","rating":5,"comment":{"minus":"","plus":"","text":"Спасибо LARKO-KZ за быструю доставку, товар очень понравился, пригодится на работе! Желаю вам успехов и процветания в бизнес делах совместно с Каспи!"},"feedback":{"positive":0,"voted":false},"product":{"id":"130435866","name":"LARKO multiplier черный","categoryCode":"Master - Multitools","categoryName":"Мультитулы","link":"https://kaspi.kz/shop/p/larko-multiplier-chernyi-130435866/"},"merchant":{"name":"LARKO-KZ","code":"17629423"},"editable":false,"editedByCustomer":false},{"id":"8a5c67fc938fa1120193900249460041","author":"Наталья","date":"04.12.2024","orderNumber":"454460719","rating":5,"comment":{"minus":"","plus":"","text":"Хороший. Доставка быстрая, раньше на два дня. Спасибо магазину."},"feedback":{"positive":0,"voted":false},"galleryImages":[{"id":"454460719-130435866/2bf5433d-305f-4d4a-8031-6d58f6ef6740.jpeg","small":"https://resources.cdn-kaspi.kz/img/p/r/454460719-130435866/2bf5433d-305f-4d4a-8031-6d58f6ef6740.jpeg?format=review_small","medium":"https://resources.cdn-kaspi.kz/img/p/r/454460719-130435866/2bf5433d-305f-4d4a-8031-6d58f6ef6740.jpeg?format=review_medium","large":"https://resources.cdn-kaspi.kz/img/p/r/454460719-130435866/2bf5433d-305f-4d4a-8031-6d58f6ef6740.jpeg?format=review_large"},{"id":"454460719-130435866/f4eda903-9bd7-4626-b49a-0269159c61fe.jpeg","small":"https://resources.cdn-kaspi.kz/img/p/r/454460719-130435866/f4eda903-9bd7-4626-b49a-0269159c61fe.jpeg?format=review_small","medium":"https://resources.cdn-kaspi.kz/img/p/r/454460719-130435866/f4eda903-9bd7-4626-b49a-0269159c61fe.jpeg?format=review_medium","large":"https://resources.cdn-kaspi.kz/img/p/r/454460719-130435866/f4eda903-9bd7-4626-b49a-0269159c61fe.jpeg?format=review_large"},{"id":"454460719-130435866/00316239-8c60-46b8-95af-7f690e1c7642.jpeg","small":"https://resources.cdn-kaspi.kz/img/p/r/454460719-130435866/00316239-8c60-46b8-95af-7f690e1c7642.jpeg?format=review_small","medium":"https://resources.cdn-kaspi.kz/img/p/r/454460719-130435866/00316239-8c60-46b8-95af-7f690e1c7642.jpeg?format=review_medium","large":"https://resources.cdn-kaspi.kz/img/p/r/454460719-130435866/00316239-8c60-46b8-95af-7f690e1c7642.jpeg?format=review_large"}],"product":{"id":"130435866","name":"LARKO multiplier черный","categoryCode":"Master - Multitools","categoryName":"Мультитулы","link":"https://kaspi.kz/shop/p/larko-multiplier-chernyi-130435866/"},"merchant":{"name":"LARKO-KZ","code":"17629423"},"editable":false,"editedByCustomer":false}]}