{"data":[{"id":"8a5cb3c89618f39301965e1d8bd43387","author":"Гаухар","date":"22.04.2025","orderNumber":"533889466","rating":5,"comment":{"minus":"","plus":"","text":"Костьюм спартивка маған өте қатты ұнады. Сапасы жоғары. Тігістері жақсы тігілген 2 рет заказ беріп алдым өзіме және сіңліме 2 хл 50размер киетінге дұрыс келеді."},"feedback":{"positive":0,"voted":false},"product":{"id":"112906237","name":"Костюм LARKO costume XXL","categoryCode":"Master - Clothes for slimming","categoryName":"Одежда для похудения","link":"https://kaspi.kz/shop/p/kostjum-larko-costume-xxl-112906237/"},"merchant":{"name":"LARKO-KZ","code":"17629423"},"editable":false,"editedByCustomer":false},{"id":"8a5c1cad9618f31201965cb50be328db","author":"Бибі","date":"22.04.2025","orderNumber":"533053829","rating":5,"comment":{"minus":"","plus":"","text":"Размер тура келді, качествосын күшті екен."},"feedback":{"positive":0,"voted":false},"product":{"id":"112906237","name":"Костюм LARKO costume XXL","categoryCode":"Master - Clothes for slimming","categoryName":"Одежда для похудения","link":"https://kaspi.kz/shop/p/kostjum-larko-costume-xxl-112906237/"},"merchant":{"name":"LARKO-KZ","code":"17629423"},"editable":false,"editedByCustomer":false},{"id":"8a5cadc29618f2fa01964fb17213781c","author":"Аружан","date":"20.04.2025","orderNumber":"532888072","rating":5,"comment":{"minus":"","plus":"","text":"Понравилось, лучше чем ожидала, спасибо."},"feedback":{"positive":0,"voted":false},"product":{"id":"112906237","name":"Костюм LARKO costume XXL","categoryCode":"Master - Clothes for slimming","categoryName":"Одежда для похудения","link":"https://kaspi.kz/shop/p/kostjum-larko-costume-xxl-112906237/"},"merchant":{"name":"LARKO-KZ","code":"17629423"},"editable":false,"editedByCustomer":false},{"id":"8a5c02349618f32b019620978f293824","author":"Аягөз","date":"10.04.2025","orderNumber":"484805789","rating":5,"comment":{"minus":"","plus":"","text":"Термо костюм от Larko очень классный. Эффект после него сразу видно, все понравилось. Заказ пришел быстро, все супер, надежно упаковано. Я очень довольна! Огромное спасибо за качественный товар и за быструю доставку!"},"feedback":{"positive":0,"voted":false},"product":{"id":"112906237","name":"Костюм LARKO costume XXL","categoryCode":"Master - Clothes for slimming","categoryName":"Одежда для похудения","link":"https://kaspi.kz/shop/p/kostjum-larko-costume-xxl-112906237/"},"merchant":{"name":"LARKO-KZ","code":"17629423"},"editable":false,"editedByCustomer":false},{"id":"8a5c30729618f3d201961e95a3462310","author":"Ботакуз","date":"10.04.2025","orderNumber":"479245156","rating":5,"comment":{"minus":"","plus":"","text":"48-50 размерге 2 хл размерін алдым. Качество күшті. Қатты ұнады. 30 мин жаттығу уау эффект береді. Всем советую."},"feedback":{"positive":0,"voted":false},"product":{"id":"112906237","name":"Костюм LARKO costume XXL","categoryCode":"Master - Clothes for slimming","categoryName":"Одежда для похудения","link":"https://kaspi.kz/shop/p/kostjum-larko-costume-xxl-112906237/"},"merchant":{"name":"LARKO-KZ","code":"17629423"},"editable":false,"editedByCustomer":false},{"id":"8a5cd5a295cac20d0195cbdfdcf401aa","author":"Раушан","date":"25.03.2025","orderNumber":"519285310","rating":5,"comment":{"minus":"","plus":"","text":"Костьюм сапасы өте жақсы, маған ұнады, алуға кеңес берем жақсы терлетеді саудаларыңыз көп болсын."},"feedback":{"positive":0,"voted":false},"product":{"id":"112906237","name":"Костюм LARKO costume XXL","categoryCode":"Master - Clothes for slimming","categoryName":"Одежда для похудения","link":"https://kaspi.kz/shop/p/kostjum-larko-costume-xxl-112906237/"},"merchant":{"name":"LARKO-KZ","code":"17629423"},"editable":false,"editedByCustomer":false},{"id":"8a5c549e94ab5cfd0194ae0e107f07da","author":"Акерке","date":"28.01.2025","orderNumber":"484663957","rating":5,"comment":{"minus":"","plus":"","text":"Үш күнге ерте келді заказым енді сапасы."},"feedback":{"positive":0,"voted":false},"galleryImages":[{"id":"484663957-112906237/5721745f-25ce-442c-bc64-fbcca9be65a0.jpeg","small":"https://resources.cdn-kaspi.kz/img/p/r/484663957-112906237/5721745f-25ce-442c-bc64-fbcca9be65a0.jpeg?format=review_small","medium":"https://resources.cdn-kaspi.kz/img/p/r/484663957-112906237/5721745f-25ce-442c-bc64-fbcca9be65a0.jpeg?format=review_medium","large":"https://resources.cdn-kaspi.kz/img/p/r/484663957-112906237/5721745f-25ce-442c-bc64-fbcca9be65a0.jpeg?format=review_large"},{"id":"484663957-112906237/a35879a7-1b1a-49e3-9544-c793e0edec8c.jpeg","small":"https://resources.cdn-kaspi.kz/img/p/r/484663957-112906237/a35879a7-1b1a-49e3-9544-c793e0edec8c.jpeg?format=review_small","medium":"https://resources.cdn-kaspi.kz/img/p/r/484663957-112906237/a35879a7-1b1a-49e3-9544-c793e0edec8c.jpeg?format=review_medium","large":"https://resources.cdn-kaspi.kz/img/p/r/484663957-112906237/a35879a7-1b1a-49e3-9544-c793e0edec8c.jpeg?format=review_large"}],"product":{"id":"112906237","name":"Костюм LARKO costume XXL","categoryCode":"Master - Clothes for slimming","categoryName":"Одежда для похудения","link":"https://kaspi.kz/shop/p/kostjum-larko-costume-xxl-112906237/"},"merchant":{"name":"LARKO-KZ","code":"17629423"},"editable":false,"editedByCustomer":false},{"id":"8a5c255c939556140193a59735f61b8b","author":"Мейрамгуль","date":"24.12.2024","orderNumber":"456110664","rating":5,"comment":{"minus":"","plus":"","text":"Термо костюм күшті екен, қатты ұнады, качество мықты, алыңыздар күшті екен, размері тура келеді, сатушыларға рахмет, өте тез келді. LARKO магазиніне үлкен рахмет."},"feedback":{"positive":1,"voted":false},"product":{"id":"112906237","name":"Костюм LARKO costume XXL","categoryCode":"Master - Clothes for slimming","categoryName":"Одежда для похудения","link":"https://kaspi.kz/shop/p/kostjum-larko-costume-xxl-112906237/"},"merchant":{"name":"LARKO-KZ","code":"17629423"},"editable":false,"editedByCustomer":false},{"id":"8a5c0c4493c353ba0193c5a32ef8056e","author":"Зулфия","date":"14.12.2024","orderNumber":"459201656","rating":5,"comment":{"minus":"","plus":"","text":"Очень классный, мне понравилось, спасибо большое магазину и вовремя пришло."},"feedback":{"positive":0,"voted":false},"galleryImages":[{"id":"459201656-112906237/a90c53f5-0d66-4369-bb48-235241629767.jpeg","small":"https://resources.cdn-kaspi.kz/img/p/r/459201656-112906237/a90c53f5-0d66-4369-bb48-235241629767.jpeg?format=review_small","medium":"https://resources.cdn-kaspi.kz/img/p/r/459201656-112906237/a90c53f5-0d66-4369-bb48-235241629767.jpeg?format=review_medium","large":"https://resources.cdn-kaspi.kz/img/p/r/459201656-112906237/a90c53f5-0d66-4369-bb48-235241629767.jpeg?format=review_large"},{"id":"459201656-112906237/e1ac50e6-5e2e-489b-8940-c1e21dbd70aa.jpeg","small":"https://resources.cdn-kaspi.kz/img/p/r/459201656-112906237/e1ac50e6-5e2e-489b-8940-c1e21dbd70aa.jpeg?format=review_small","medium":"https://resources.cdn-kaspi.kz/img/p/r/459201656-112906237/e1ac50e6-5e2e-489b-8940-c1e21dbd70aa.jpeg?format=review_medium","large":"https://resources.cdn-kaspi.kz/img/p/r/459201656-112906237/e1ac50e6-5e2e-489b-8940-c1e21dbd70aa.jpeg?format=review_large"}],"product":{"id":"112906237","name":"Костюм LARKO costume XXL","categoryCode":"Master - Clothes for slimming","categoryName":"Одежда для похудения","link":"https://kaspi.kz/shop/p/kostjum-larko-costume-xxl-112906237/"},"merchant":{"name":"LARKO-KZ","code":"17629423"},"editable":false,"editedByCustomer":false},{"id":"8a5c85a3939a80c00193a0cb04050bce","author":"Ельнура","date":"07.12.2024","orderNumber":"456815264","rating":5,"comment":{"minus":"","plus":"","text":"Шикарный костюм, красиво смотрится и качество."},"feedback":{"positive":0,"voted":false},"product":{"id":"112906237","name":"Костюм LARKO costume XXL","categoryCode":"Master - Clothes for slimming","categoryName":"Одежда для похудения","link":"https://kaspi.kz/shop/p/kostjum-larko-costume-xxl-112906237/"},"merchant":{"name":"LARKO-KZ","code":"17629423"},"editable":false,"editedByCustomer":false},{"id":"8a5ca8de9366cc1e019394501bd03d62","author":"Акмарал","date":"05.12.2024","orderNumber":"447223755","rating":5,"comment":{"minus":"","plus":"","text":"Отличный костюм, доставили быстро, размер в размер идёт, удобен в применении, спасибо Каспи за быструю доставку."},"feedback":{"positive":0,"voted":false},"product":{"id":"112906237","name":"Костюм LARKO costume XXL","categoryCode":"Master - Clothes for slimming","categoryName":"Одежда для похудения","link":"https://kaspi.kz/shop/p/kostjum-larko-costume-xxl-112906237/"},"merchant":{"name":"LARKO-KZ","code":"17629423"},"editable":false,"editedByCustomer":false},{"id":"8a5c7abd9366cafe01937bfbdef01e58","author":"Анар","date":"01.12.2024","orderNumber":"450065367","rating":4,"comment":{"minus":"","plus":"","text":"Почитала отзывы, и решила заказать поменьше размер, оказывается зря, маловат оказался, поэтому не ношу."},"feedback":{"positive":0,"voted":false},"product":{"id":"112906237","name":"Костюм LARKO costume XXL","categoryCode":"Master - Clothes for slimming","categoryName":"Одежда для похудения","link":"https://kaspi.kz/shop/p/kostjum-larko-costume-xxl-112906237/"},"merchant":{"name":"LARKO-KZ","code":"17629423"},"editable":false,"editedByCustomer":false},{"id":"8a5ca8ff9347bda301934e8f3e570be6","author":"Айнаш","date":"21.11.2024","orderNumber":"446727837","rating":5,"comment":{"minus":"","plus":"","text":"Сапасы өте жақсы, ойдағыдай керемет шықты."},"feedback":{"positive":0,"voted":false},"product":{"id":"112906237","name":"Костюм LARKO costume XXL","categoryCode":"Master - Clothes for slimming","categoryName":"Одежда для похудения","link":"https://kaspi.kz/shop/p/kostjum-larko-costume-xxl-112906237/"},"merchant":{"name":"LARKO-KZ","code":"17629423"},"editable":false,"editedByCustomer":false},{"id":"8a5c1cbb92fbee1f0193027cfb930d59","author":"Гаухар","date":"06.11.2024","orderNumber":"435826412","rating":5,"comment":{"minus":"","plus":"","text":"Именно этот костюм я давно хотела, но дорого стоило. А сейчас решила все таки купить. Все ожидалось, только размер немного меньше был бы тогда больше облегало и быстрее шлаки выходили бы. А так все классно. Спасибо магазину LARKO-KZ."},"feedback":{"positive":0,"voted":false},"galleryImages":[{"id":"435826412-112906237/7648af90-927e-4220-9cf6-b43fec2797a6.jpeg","small":"https://resources.cdn-kaspi.kz/img/p/r/435826412-112906237/7648af90-927e-4220-9cf6-b43fec2797a6.jpeg?format=review_small","medium":"https://resources.cdn-kaspi.kz/img/p/r/435826412-112906237/7648af90-927e-4220-9cf6-b43fec2797a6.jpeg?format=review_medium","large":"https://resources.cdn-kaspi.kz/img/p/r/435826412-112906237/7648af90-927e-4220-9cf6-b43fec2797a6.jpeg?format=review_large"},{"id":"435826412-112906237/7526a400-c691-4765-b47a-fa4155ae383c.jpeg","small":"https://resources.cdn-kaspi.kz/img/p/r/435826412-112906237/7526a400-c691-4765-b47a-fa4155ae383c.jpeg?format=review_small","medium":"https://resources.cdn-kaspi.kz/img/p/r/435826412-112906237/7526a400-c691-4765-b47a-fa4155ae383c.jpeg?format=review_medium","large":"https://resources.cdn-kaspi.kz/img/p/r/435826412-112906237/7526a400-c691-4765-b47a-fa4155ae383c.jpeg?format=review_large"},{"id":"435826412-112906237/0fd4fbe9-f00b-4515-a8eb-89988fd84154.jpeg","small":"https://resources.cdn-kaspi.kz/img/p/r/435826412-112906237/0fd4fbe9-f00b-4515-a8eb-89988fd84154.jpeg?format=review_small","medium":"https://resources.cdn-kaspi.kz/img/p/r/435826412-112906237/0fd4fbe9-f00b-4515-a8eb-89988fd84154.jpeg?format=review_medium","large":"https://resources.cdn-kaspi.kz/img/p/r/435826412-112906237/0fd4fbe9-f00b-4515-a8eb-89988fd84154.jpeg?format=review_large"},{"id":"435826412-112906237/d76c3b5f-7367-486d-a1f1-9a86477e3656.jpeg","small":"https://resources.cdn-kaspi.kz/img/p/r/435826412-112906237/d76c3b5f-7367-486d-a1f1-9a86477e3656.jpeg?format=review_small","medium":"https://resources.cdn-kaspi.kz/img/p/r/435826412-112906237/d76c3b5f-7367-486d-a1f1-9a86477e3656.jpeg?format=review_medium","large":"https://resources.cdn-kaspi.kz/img/p/r/435826412-112906237/d76c3b5f-7367-486d-a1f1-9a86477e3656.jpeg?format=review_large"},{"id":"435826412-112906237/ee2e5901-9d89-42a9-b94e-482264f6ba7e.jpeg","small":"https://resources.cdn-kaspi.kz/img/p/r/435826412-112906237/ee2e5901-9d89-42a9-b94e-482264f6ba7e.jpeg?format=review_small","medium":"https://resources.cdn-kaspi.kz/img/p/r/435826412-112906237/ee2e5901-9d89-42a9-b94e-482264f6ba7e.jpeg?format=review_medium","large":"https://resources.cdn-kaspi.kz/img/p/r/435826412-112906237/ee2e5901-9d89-42a9-b94e-482264f6ba7e.jpeg?format=review_large"}],"product":{"id":"112906237","name":"Костюм LARKO costume XXL","categoryCode":"Master - Clothes for slimming","categoryName":"Одежда для похудения","link":"https://kaspi.kz/shop/p/kostjum-larko-costume-xxl-112906237/"},"merchant":{"name":"LARKO-KZ","code":"17629423"},"editable":false,"editedByCustomer":false},{"id":"8a5c3736920df4d50192398644304a59","author":"Мерует","date":"28.09.2024","orderNumber":"416273037","rating":5,"comment":{"minus":"","plus":"","text":"Өте күшті, алуға кеңес беремін."},"feedback":{"positive":0,"voted":false},"product":{"id":"112906237","name":"Костюм LARKO costume XXL","categoryCode":"Master - Clothes for slimming","categoryName":"Одежда для похудения","link":"https://kaspi.kz/shop/p/kostjum-larko-costume-xxl-112906237/"},"merchant":{"name":"LARKO-KZ","code":"17629423"},"editable":false,"editedByCustomer":false},{"id":"8a5c0c54920df3e401921f58065125a9","author":"Агрыс","date":"23.09.2024","orderNumber":"414793934","rating":5,"comment":{"minus":"","plus":"","text":"Здравствуйте. Выписала у вас костюм, отличная вещь. Сидит идеально, размер подошёл, костюм прибыл без задержки (в обещанный срок. Я ношу вещи 52 размер, выписала XXL. Продавец проконсультировал, большое спасибо. Костюм приятный к телу, теперь только дерзать и добиваться поставленной цели."},"feedback":{"positive":2,"voted":false},"product":{"id":"112906237","name":"Костюм LARKO costume XXL","categoryCode":"Master - Clothes for slimming","categoryName":"Одежда для похудения","link":"https://kaspi.kz/shop/p/kostjum-larko-costume-xxl-112906237/"},"merchant":{"name":"LARKO-KZ","code":"17629423"},"editable":false,"editedByCustomer":false},{"id":"8a5ce818920df26401920e201a630067","author":"Салтанат","date":"20.09.2024","orderNumber":"411706259","rating":5,"comment":{"minus":"","plus":"","text":"Өте жақсы бағасына тұрады. Кішкентай, өлшемі үлкендеу, но барады."},"feedback":{"positive":0,"voted":false},"product":{"id":"112906237","name":"Костюм LARKO costume XXL","categoryCode":"Master - Clothes for slimming","categoryName":"Одежда для похудения","link":"https://kaspi.kz/shop/p/kostjum-larko-costume-xxl-112906237/"},"merchant":{"name":"LARKO-KZ","code":"17629423"},"editable":false,"editedByCustomer":false},{"id":"8a5cd59a91fe5e150191feeb8997017c","author":"Тоғжан","date":"17.09.2024","orderNumber":"410347516","rating":5,"comment":{"minus":"","plus":"","text":"1 размер үлкен болды."},"feedback":{"positive":1,"voted":false},"product":{"id":"112906237","name":"Костюм LARKO costume XXL","categoryCode":"Master - Clothes for slimming","categoryName":"Одежда для похудения","link":"https://kaspi.kz/shop/p/kostjum-larko-costume-xxl-112906237/"},"merchant":{"name":"LARKO-KZ","code":"17629423"},"editable":false,"editedByCustomer":false},{"id":"8a5c9a88917377070191e7469c62259c","author":"Разия","date":"12.09.2024","orderNumber":"408129499","rating":5,"comment":{"minus":"","plus":"","text":"Отличный костюм! Качество супер - материал мягкий, пошив хороший, ни одна нитка не торчит, сидит по фигуре. На 52р взяла 2xl, размер в размер подошёл. Уже 3 раза была на тренировках, потеешь очень. Эффект сауны реально есть. Стирала в машинке на 15 мин, ничего не случилось с костюмом. Запаха резины нет. Советую к приобретению."},"feedback":{"positive":0,"voted":false},"product":{"id":"112906237","name":"Костюм LARKO costume XXL","categoryCode":"Master - Clothes for slimming","categoryName":"Одежда для похудения","link":"https://kaspi.kz/shop/p/kostjum-larko-costume-xxl-112906237/"},"merchant":{"name":"LARKO-KZ","code":"17629423"},"editable":false,"editedByCustomer":false},{"id":"8a5c621d917377df0191dd0f180019b2","author":"Ләззат","date":"10.09.2024","orderNumber":"406450621","rating":5,"comment":{"minus":"","plus":"","text":"Товар өте жақсы. Магазинмен хабарласып размерін сұрап алдым, немерелерін беріп размерін тура айтты, рахмет. Бір размер үлкен алу керек сияқты. Мен екі размер үлкен алғам, спортивка сияқты, кең болып тұр. Суреттегідей жабысып тұрған жоқ."},"feedback":{"positive":0,"voted":false},"product":{"id":"112906237","name":"Костюм LARKO costume XXL","categoryCode":"Master - Clothes for slimming","categoryName":"Одежда для похудения","link":"https://kaspi.kz/shop/p/kostjum-larko-costume-xxl-112906237/"},"merchant":{"name":"LARKO-KZ","code":"17629423"},"editable":false,"editedByCustomer":false},{"id":"8a5cd4969057f5770190bfdcf79c7fbf","author":"Назгул","date":"17.07.2024","orderNumber":"380800099","rating":5,"comment":{"minus":"","plus":"","text":"На свою цену стоит. Знатно потеешь. Я специально взяла на 2 размера больше. Как раз сел. Не сковывает движение. Сидит идеально. Зрительно стройнее выглядишь. Хочу вторую пару заказать. Минус только запах. Но он улетучивается после первой стирки. Советую к покупке. Швы аккуратные. После стирки не разошлись."},"feedback":{"positive":3,"voted":false},"product":{"id":"112906237","name":"Костюм LARKO costume XXL","categoryCode":"Master - Clothes for slimming","categoryName":"Одежда для похудения","link":"https://kaspi.kz/shop/p/kostjum-larko-costume-xxl-112906237/"},"merchant":{"name":"LARKO-KZ","code":"17629423"},"editable":false,"editedByCustomer":false},{"id":"8a5cba5c90058a7901901020d0821708","author":"Әлфия","date":"13.06.2024","orderNumber":"367932635","rating":5,"comment":{"minus":"","plus":"","text":"Пошив и качество товара хорошее. Село очень хорошо. Удобная и комфортная, размер у меня xl, но заказала xxl, хорошо одевать поверх хлопчатой одежды. Чтобы пот пропиталась, а потеешь в этой одежде очень хорошо. Мне понравилось, спасибо вашему магазину."},"feedback":{"positive":4,"voted":false},"product":{"id":"112906237","name":"Костюм LARKO costume XXL","categoryCode":"Master - Clothes for slimming","categoryName":"Одежда для похудения","link":"https://kaspi.kz/shop/p/kostjum-larko-costume-xxl-112906237/"},"merchant":{"name":"LARKO-KZ","code":"17629423"},"editable":false,"editedByCustomer":false},{"id":"8a5c5c928fd71b75018fd86c195f01eb","author":"Асима","date":"02.06.2024","orderNumber":"363005203","rating":5,"comment":{"minus":"","plus":"","text":"Өте керемет, размер точно келді."},"feedback":{"positive":0,"voted":false},"product":{"id":"112906237","name":"Костюм LARKO costume XXL","categoryCode":"Master - Clothes for slimming","categoryName":"Одежда для похудения","link":"https://kaspi.kz/shop/p/kostjum-larko-costume-xxl-112906237/"},"merchant":{"name":"LARKO-KZ","code":"17629423"},"editable":false,"editedByCustomer":false},{"id":"8a5cce7a8fccf5ca018fcd86bf5200d5","author":"Рузана","date":"31.05.2024","orderNumber":"361348134","rating":5,"comment":{"minus":"","plus":"","text":"Сексуальный костюмчик, стильно, мне оно шикарно село."},"feedback":{"positive":0,"voted":false},"product":{"id":"112906237","name":"Костюм LARKO costume XXL","categoryCode":"Master - Clothes for slimming","categoryName":"Одежда для похудения","link":"https://kaspi.kz/shop/p/kostjum-larko-costume-xxl-112906237/"},"merchant":{"name":"LARKO-KZ","code":"17629423"},"editable":false,"editedByCustomer":false},{"id":"8a5c67de8f659dd2018f67f4dbdd0378","author":"Салтанат","date":"11.05.2024","orderNumber":"351618057","rating":5,"comment":{"minus":"","plus":"","text":"Размер подошел, потею как водопад) с ней делаю тренировки через день."},"feedback":{"positive":2,"voted":false},"product":{"id":"112906237","name":"Костюм LARKO costume XXL","categoryCode":"Master - Clothes for slimming","categoryName":"Одежда для похудения","link":"https://kaspi.kz/shop/p/kostjum-larko-costume-xxl-112906237/"},"merchant":{"name":"LARKO-KZ","code":"17629423"},"editable":false,"editedByCustomer":false},{"id":"8a5ca8c28ecb44c6018f4068992312e7","author":"Макпал","date":"04.05.2024","orderNumber":"351610053","rating":5,"comment":{"minus":"","plus":"","text":"Күшті екен, шынымен тер шығады, нәтижесін көреміз енді алдағы уақытта."},"feedback":{"positive":0,"voted":false},"product":{"id":"112906237","name":"Костюм LARKO costume XXL","categoryCode":"Master - Clothes for slimming","categoryName":"Одежда для похудения","link":"https://kaspi.kz/shop/p/kostjum-larko-costume-xxl-112906237/"},"merchant":{"name":"LARKO-KZ","code":"17629423"},"editable":false,"editedByCustomer":false},{"id":"8a5c80a58f3773dd018f3912adcd026c","author":"Регина","date":"02.05.2024","orderNumber":"351600430","rating":5,"comment":{"minus":"","plus":"","text":"Норм костюм, надо было на размер меньше брать только стильный."},"feedback":{"positive":0,"voted":false},"product":{"id":"112906237","name":"Костюм LARKO costume XXL","categoryCode":"Master - Clothes for slimming","categoryName":"Одежда для похудения","link":"https://kaspi.kz/shop/p/kostjum-larko-costume-xxl-112906237/"},"merchant":{"name":"LARKO-KZ","code":"17629423"},"editable":false,"editedByCustomer":false},{"id":"8a5cc0628f22dbe1018f23f1c8e5016a","author":"Айкерім","date":"28.04.2024","orderNumber":"347814982","rating":5,"comment":{"minus":"","plus":"","text":"Классный Есть карман для телефона. Жақсы терлетеді және замокпен болғандықтан оңай шешіледі."},"feedback":{"positive":0,"voted":false},"product":{"id":"112906237","name":"Костюм LARKO costume XXL","categoryCode":"Master - Clothes for slimming","categoryName":"Одежда для похудения","link":"https://kaspi.kz/shop/p/kostjum-larko-costume-xxl-112906237/"},"merchant":{"name":"LARKO-KZ","code":"17629423"},"editable":false,"editedByCustomer":false},{"id":"8a5c57b18ecb44ef018edd588543229e","author":"Шахзадям","date":"14.04.2024","orderNumber":"346721939","rating":5,"comment":{"minus":"","plus":"","text":"Супер, очень довольна покупкой."},"feedback":{"positive":0,"voted":false},"product":{"id":"112906237","name":"Костюм LARKO costume XXL","categoryCode":"Master - Clothes for slimming","categoryName":"Одежда для похудения","link":"https://kaspi.kz/shop/p/kostjum-larko-costume-xxl-112906237/"},"merchant":{"name":"LARKO-KZ","code":"17629423"},"editable":false,"editedByCustomer":false},{"id":"8a5c0aad8d9b05c6018dc544e9b13246","author":"Людмила","date":"20.02.2024","orderNumber":"325787224","rating":5,"comment":{"minus":"","plus":"","text":"Костюм хороший, эффект есть, правда думала маломерит заказала больше размер, теперь 2 меня можно засунуть в него. Правда думала маломерит."},"feedback":{"positive":2,"voted":false},"product":{"id":"112906237","name":"Костюм LARKO costume XXL","categoryCode":"Master - Clothes for slimming","categoryName":"Одежда для похудения","link":"https://kaspi.kz/shop/p/kostjum-larko-costume-xxl-112906237/"},"merchant":{"name":"LARKO-KZ","code":"17629423"},"editable":false,"editedByCustomer":false},{"id":"8a5c294f8db9e9cf018dbba0d7f90288","author":"Данагүл","date":"19.02.2024","orderNumber":"325200538","rating":5,"comment":{"minus":"","plus":"","text":"Каспи тамаша, терінді шынарғанда шылқылдайсың. Су болып терлісін алғаныма өкінбеймін, күшті."},"feedback":{"positive":0,"voted":false},"product":{"id":"112906237","name":"Костюм LARKO costume XXL","categoryCode":"Master - Clothes for slimming","categoryName":"Одежда для похудения","link":"https://kaspi.kz/shop/p/kostjum-larko-costume-xxl-112906237/"},"merchant":{"name":"LARKO-KZ","code":"17629423"},"editable":false,"editedByCustomer":false},{"id":"8a5c1ca68dc12436018dc134b6a40019","author":"Зауре","date":"19.02.2024","orderNumber":"326159812","rating":5,"comment":{"minus":"","plus":"","text":"Хорошее качество. Товар пришел размер в размер. Спасибо большое продавцам. Рекомендую."},"feedback":{"positive":0,"voted":false},"product":{"id":"112906237","name":"Костюм LARKO costume XXL","categoryCode":"Master - Clothes for slimming","categoryName":"Одежда для похудения","link":"https://kaspi.kz/shop/p/kostjum-larko-costume-xxl-112906237/"},"merchant":{"name":"LARKO-KZ","code":"17629423"},"editable":false,"editedByCustomer":false},{"id":"8a5c2c378d398b6d018d472d5a211c71","author":"Жулдыз","date":"27.01.2024","orderNumber":"317765332","rating":5,"comment":{"minus":"","plus":"","text":"Керемет терлетеді. Размер дәл келді. Тек иісі жағымсыз. Ол жағы қорқынышты емес. Кетіруге болады."},"feedback":{"positive":0,"voted":false},"product":{"id":"112906237","name":"Костюм LARKO costume XXL","categoryCode":"Master - Clothes for slimming","categoryName":"Одежда для похудения","link":"https://kaspi.kz/shop/p/kostjum-larko-costume-xxl-112906237/"},"merchant":{"name":"LARKO-KZ","code":"17629423"},"editable":false,"editedByCustomer":false}]}