{"data":[{"id":"8a5c5a82963235bc0196622e38fe448e","author":"Захидам","date":"23.04.2025","orderNumber":"536745979","rating":5,"comment":{"minus":"","plus":"","text":"Очень хороший массажёр, беру уже не первый раз. Качество супер."},"feedback":{"positive":0,"voted":false},"product":{"id":"132089166","name":"LARKO RF-лифтинг микротоковый массажер","categoryCode":"Master - Facial cleansing devices","categoryName":"Малая косметологическая техника","link":"https://kaspi.kz/shop/p/larko-rf-lifting-mikrotokovyi-massazher-132089166/"},"merchant":{"name":"LARKO-KZ","code":"17629423"},"editable":false,"editedByCustomer":false},{"id":"8a5cadc29618f2fa019653f4859e0929","author":"Гүлнәрайым","date":"20.04.2025","orderNumber":"529947111","rating":5,"comment":{"minus":"","plus":"","text":"Очень удобный массажер и легкий. И результат уже есть за 10 дней."},"feedback":{"positive":0,"voted":false},"galleryImages":[{"id":"529947111-132089166/71987572-3cc6-46fe-8e12-a02feecdb8db.jpeg","small":"https://resources.cdn-kaspi.kz/img/p/r/529947111-132089166/71987572-3cc6-46fe-8e12-a02feecdb8db.jpeg?format=review_small","medium":"https://resources.cdn-kaspi.kz/img/p/r/529947111-132089166/71987572-3cc6-46fe-8e12-a02feecdb8db.jpeg?format=review_medium","large":"https://resources.cdn-kaspi.kz/img/p/r/529947111-132089166/71987572-3cc6-46fe-8e12-a02feecdb8db.jpeg?format=review_large"},{"id":"529947111-132089166/a220dd69-fe1f-449e-9943-ddf20cbfdb41.jpeg","small":"https://resources.cdn-kaspi.kz/img/p/r/529947111-132089166/a220dd69-fe1f-449e-9943-ddf20cbfdb41.jpeg?format=review_small","medium":"https://resources.cdn-kaspi.kz/img/p/r/529947111-132089166/a220dd69-fe1f-449e-9943-ddf20cbfdb41.jpeg?format=review_medium","large":"https://resources.cdn-kaspi.kz/img/p/r/529947111-132089166/a220dd69-fe1f-449e-9943-ddf20cbfdb41.jpeg?format=review_large"}],"product":{"id":"132089166","name":"LARKO RF-лифтинг микротоковый массажер","categoryCode":"Master - Facial cleansing devices","categoryName":"Малая косметологическая техника","link":"https://kaspi.kz/shop/p/larko-rf-lifting-mikrotokovyi-massazher-132089166/"},"merchant":{"name":"LARKO-KZ","code":"17629423"},"editable":false,"editedByCustomer":false},{"id":"8a5c1cad9618f312019637b978881340","author":"Динора","date":"17.04.2025","orderNumber":"528755483","rating":5,"comment":{"minus":"","plus":"","text":"Микротоковый массажёр маған ұнады, Larko дүкеніне рахмет, уақытында келді!"},"feedback":{"positive":0,"voted":false},"product":{"id":"132089166","name":"LARKO RF-лифтинг микротоковый массажер","categoryCode":"Master - Facial cleansing devices","categoryName":"Малая косметологическая техника","link":"https://kaspi.kz/shop/p/larko-rf-lifting-mikrotokovyi-massazher-132089166/"},"merchant":{"name":"LARKO-KZ","code":"17629423"},"editable":false,"editedByCustomer":false},{"id":"8a5c5a81962d402301962dcdeba2010d","author":"Гулсара","date":"15.04.2025","orderNumber":"529212615","rating":5,"comment":{"minus":"","plus":"","text":"Аппарат өте қатты ұнады. Эфект екі қолданғаннан ақ көрінді. Біраз аппараттарды зерттеп осыған тоқтадым. Уходтарымды осы апаратпен жасадым эффект екі есе болады екен. Жақындарыма да осы аппаратты кеңес етіп жатырмын arko-kz магазинге көп рахмет видео инструкциясын жіберді."},"feedback":{"positive":1,"voted":false},"galleryImages":[{"id":"529212615-132089166/23b3d0d8-179c-4845-95ad-df1254a77e6c.jpeg","small":"https://resources.cdn-kaspi.kz/img/p/r/529212615-132089166/23b3d0d8-179c-4845-95ad-df1254a77e6c.jpeg?format=review_small","medium":"https://resources.cdn-kaspi.kz/img/p/r/529212615-132089166/23b3d0d8-179c-4845-95ad-df1254a77e6c.jpeg?format=review_medium","large":"https://resources.cdn-kaspi.kz/img/p/r/529212615-132089166/23b3d0d8-179c-4845-95ad-df1254a77e6c.jpeg?format=review_large"}],"product":{"id":"132089166","name":"LARKO RF-лифтинг микротоковый массажер","categoryCode":"Master - Facial cleansing devices","categoryName":"Малая косметологическая техника","link":"https://kaspi.kz/shop/p/larko-rf-lifting-mikrotokovyi-massazher-132089166/"},"merchant":{"name":"LARKO-KZ","code":"17629423"},"editable":false,"editedByCustomer":false},{"id":"8a5c5fbf9618f30801962b0fdf8261a2","author":"Мадина","date":"12.04.2025","orderNumber":"529884375","rating":5,"comment":{"minus":"","plus":"","text":"Очень хорошо делает все заявленные массажы и ток хорошо дает, покупкой довольна, рекомендую."},"feedback":{"positive":0,"voted":false},"product":{"id":"132089166","name":"LARKO RF-лифтинг микротоковый массажер","categoryCode":"Master - Facial cleansing devices","categoryName":"Малая косметологическая техника","link":"https://kaspi.kz/shop/p/larko-rf-lifting-mikrotokovyi-massazher-132089166/"},"merchant":{"name":"LARKO-KZ","code":"17629423"},"editable":false,"editedByCustomer":false},{"id":"8a5c3c3896280d6d019628c80ad901b0","author":"Людмила","date":"12.04.2025","orderNumber":"528439911","rating":5,"comment":{"minus":"","plus":"","text":"Массажёр доставлен быстро, упакован хорошо, в рабочем состоянии. Все оговоренные функции включаются, очень подробная инструкция на русском языке. Спасибо, Larko-kz, за товар. Уверена, что он поможет сохранить мою красоту."},"feedback":{"positive":0,"voted":false},"product":{"id":"132089166","name":"LARKO RF-лифтинг микротоковый массажер","categoryCode":"Master - Facial cleansing devices","categoryName":"Малая косметологическая техника","link":"https://kaspi.kz/shop/p/larko-rf-lifting-mikrotokovyi-massazher-132089166/"},"merchant":{"name":"LARKO-KZ","code":"17629423"},"editable":false,"editedByCustomer":false},{"id":"8a5c5fbf9618f30801961e63941c21a9","author":"АҚЕРКЕ","date":"10.04.2025","orderNumber":"529539858","rating":5,"comment":{"minus":"","plus":"","text":"Попробовала классно чистить лицо! Спасибо за подарок."},"feedback":{"positive":0,"voted":false},"galleryImages":[{"id":"529539858-132089166/3694067e-9030-45a9-a5e1-69f8e2b8f3cf.jpeg","small":"https://resources.cdn-kaspi.kz/img/p/r/529539858-132089166/3694067e-9030-45a9-a5e1-69f8e2b8f3cf.jpeg?format=review_small","medium":"https://resources.cdn-kaspi.kz/img/p/r/529539858-132089166/3694067e-9030-45a9-a5e1-69f8e2b8f3cf.jpeg?format=review_medium","large":"https://resources.cdn-kaspi.kz/img/p/r/529539858-132089166/3694067e-9030-45a9-a5e1-69f8e2b8f3cf.jpeg?format=review_large"}],"product":{"id":"132089166","name":"LARKO RF-лифтинг микротоковый массажер","categoryCode":"Master - Facial cleansing devices","categoryName":"Малая косметологическая техника","link":"https://kaspi.kz/shop/p/larko-rf-lifting-mikrotokovyi-massazher-132089166/"},"merchant":{"name":"LARKO-KZ","code":"17629423"},"editable":false,"editedByCustomer":false},{"id":"8a5c02349618f32b01961aaccdb610d0","author":"Жанэль","date":"10.04.2025","orderNumber":"529145121","rating":5,"comment":{"minus":"","plus":"","text":"Классный рф лифтинг микротоковый массажер для лица Уже испробовала на себе. Есть три режима скорости. Переключается очень просто с нажатием второй кнопки. Буду пользоваться каждый день для хорошего результата. Есть инструкция на русском языке, все просто и понятно. Думаю это самый бюджетный и эффективный аппарат на сегодняшний день."},"feedback":{"positive":0,"voted":false},"galleryImages":[{"id":"529145121-132089166/c43a6dfb-84fa-4b14-b20b-741f40e8e576.jpeg","small":"https://resources.cdn-kaspi.kz/img/p/r/529145121-132089166/c43a6dfb-84fa-4b14-b20b-741f40e8e576.jpeg?format=review_small","medium":"https://resources.cdn-kaspi.kz/img/p/r/529145121-132089166/c43a6dfb-84fa-4b14-b20b-741f40e8e576.jpeg?format=review_medium","large":"https://resources.cdn-kaspi.kz/img/p/r/529145121-132089166/c43a6dfb-84fa-4b14-b20b-741f40e8e576.jpeg?format=review_large"},{"id":"529145121-132089166/045e0ca1-defb-46ae-8ce1-d1cf8bbe78e9.jpeg","small":"https://resources.cdn-kaspi.kz/img/p/r/529145121-132089166/045e0ca1-defb-46ae-8ce1-d1cf8bbe78e9.jpeg?format=review_small","medium":"https://resources.cdn-kaspi.kz/img/p/r/529145121-132089166/045e0ca1-defb-46ae-8ce1-d1cf8bbe78e9.jpeg?format=review_medium","large":"https://resources.cdn-kaspi.kz/img/p/r/529145121-132089166/045e0ca1-defb-46ae-8ce1-d1cf8bbe78e9.jpeg?format=review_large"},{"id":"529145121-132089166/8c92b9fa-348f-4330-9858-54d9c5ee526e.jpeg","small":"https://resources.cdn-kaspi.kz/img/p/r/529145121-132089166/8c92b9fa-348f-4330-9858-54d9c5ee526e.jpeg?format=review_small","medium":"https://resources.cdn-kaspi.kz/img/p/r/529145121-132089166/8c92b9fa-348f-4330-9858-54d9c5ee526e.jpeg?format=review_medium","large":"https://resources.cdn-kaspi.kz/img/p/r/529145121-132089166/8c92b9fa-348f-4330-9858-54d9c5ee526e.jpeg?format=review_large"},{"id":"529145121-132089166/d09a2234-24d2-4806-99fa-eb184ce06e4e.jpeg","small":"https://resources.cdn-kaspi.kz/img/p/r/529145121-132089166/d09a2234-24d2-4806-99fa-eb184ce06e4e.jpeg?format=review_small","medium":"https://resources.cdn-kaspi.kz/img/p/r/529145121-132089166/d09a2234-24d2-4806-99fa-eb184ce06e4e.jpeg?format=review_medium","large":"https://resources.cdn-kaspi.kz/img/p/r/529145121-132089166/d09a2234-24d2-4806-99fa-eb184ce06e4e.jpeg?format=review_large"}],"product":{"id":"132089166","name":"LARKO RF-лифтинг микротоковый массажер","categoryCode":"Master - Facial cleansing devices","categoryName":"Малая косметологическая техника","link":"https://kaspi.kz/shop/p/larko-rf-lifting-mikrotokovyi-massazher-132089166/"},"merchant":{"name":"LARKO-KZ","code":"17629423"},"editable":false,"editedByCustomer":false},{"id":"8a5cf33595f52453019611479f120272","author":"Динара","date":"07.04.2025","orderNumber":"526074594","rating":5,"comment":{"minus":"","plus":"","text":"Крутой. Рекомендую."},"feedback":{"positive":0,"voted":false},"product":{"id":"132089166","name":"LARKO RF-лифтинг микротоковый массажер","categoryCode":"Master - Facial cleansing devices","categoryName":"Малая косметологическая техника","link":"https://kaspi.kz/shop/p/larko-rf-lifting-mikrotokovyi-massazher-132089166/"},"merchant":{"name":"LARKO-KZ","code":"17629423"},"editable":false,"editedByCustomer":false},{"id":"8a5c1de495f524f60195fb42d2b02460","author":"Оксана","date":"03.04.2025","orderNumber":"509219202","rating":5,"comment":{"minus":"","plus":"","text":"Массажёр понравился. После ежедневного применения в течение месяца есть положительные результаты. Есть режим с микротоками, но совсем не больно, небольшое покалывание. Покупкой довольна. В подарок положили гель алоэ. Очень приятно."},"feedback":{"positive":0,"voted":false},"galleryImages":[{"id":"509219202-132089166/4ce555c5-20cc-4c22-b6a9-bd8ae8934cb7.jpeg","small":"https://resources.cdn-kaspi.kz/img/p/r/509219202-132089166/4ce555c5-20cc-4c22-b6a9-bd8ae8934cb7.jpeg?format=review_small","medium":"https://resources.cdn-kaspi.kz/img/p/r/509219202-132089166/4ce555c5-20cc-4c22-b6a9-bd8ae8934cb7.jpeg?format=review_medium","large":"https://resources.cdn-kaspi.kz/img/p/r/509219202-132089166/4ce555c5-20cc-4c22-b6a9-bd8ae8934cb7.jpeg?format=review_large"},{"id":"509219202-132089166/1665e7ea-02bc-4b25-b575-44a01de04900.jpeg","small":"https://resources.cdn-kaspi.kz/img/p/r/509219202-132089166/1665e7ea-02bc-4b25-b575-44a01de04900.jpeg?format=review_small","medium":"https://resources.cdn-kaspi.kz/img/p/r/509219202-132089166/1665e7ea-02bc-4b25-b575-44a01de04900.jpeg?format=review_medium","large":"https://resources.cdn-kaspi.kz/img/p/r/509219202-132089166/1665e7ea-02bc-4b25-b575-44a01de04900.jpeg?format=review_large"},{"id":"509219202-132089166/1faa3d45-10c5-4a62-aea1-5df4be1bd0bb.jpeg","small":"https://resources.cdn-kaspi.kz/img/p/r/509219202-132089166/1faa3d45-10c5-4a62-aea1-5df4be1bd0bb.jpeg?format=review_small","medium":"https://resources.cdn-kaspi.kz/img/p/r/509219202-132089166/1faa3d45-10c5-4a62-aea1-5df4be1bd0bb.jpeg?format=review_medium","large":"https://resources.cdn-kaspi.kz/img/p/r/509219202-132089166/1faa3d45-10c5-4a62-aea1-5df4be1bd0bb.jpeg?format=review_large"},{"id":"509219202-132089166/efd93e98-0d10-4df8-a9b1-a5f349601ab7.jpeg","small":"https://resources.cdn-kaspi.kz/img/p/r/509219202-132089166/efd93e98-0d10-4df8-a9b1-a5f349601ab7.jpeg?format=review_small","medium":"https://resources.cdn-kaspi.kz/img/p/r/509219202-132089166/efd93e98-0d10-4df8-a9b1-a5f349601ab7.jpeg?format=review_medium","large":"https://resources.cdn-kaspi.kz/img/p/r/509219202-132089166/efd93e98-0d10-4df8-a9b1-a5f349601ab7.jpeg?format=review_large"},{"id":"509219202-132089166/5918bf75-1a5d-447a-906b-3fd27d58f708.jpeg","small":"https://resources.cdn-kaspi.kz/img/p/r/509219202-132089166/5918bf75-1a5d-447a-906b-3fd27d58f708.jpeg?format=review_small","medium":"https://resources.cdn-kaspi.kz/img/p/r/509219202-132089166/5918bf75-1a5d-447a-906b-3fd27d58f708.jpeg?format=review_medium","large":"https://resources.cdn-kaspi.kz/img/p/r/509219202-132089166/5918bf75-1a5d-447a-906b-3fd27d58f708.jpeg?format=review_large"}],"product":{"id":"132089166","name":"LARKO RF-лифтинг микротоковый массажер","categoryCode":"Master - Facial cleansing devices","categoryName":"Малая косметологическая техника","link":"https://kaspi.kz/shop/p/larko-rf-lifting-mikrotokovyi-massazher-132089166/"},"merchant":{"name":"LARKO-KZ","code":"17629423"},"editable":false,"editedByCustomer":false},{"id":"8a5cf33595f524530195f6e0accf1222","author":"Асель","date":"02.04.2025","orderNumber":"522793080","rating":5,"comment":{"minus":"","plus":"","text":"Шикарный аппарат, продавец упаковал на совесть, доставили быстро. Эффект есть с первого применения."},"feedback":{"positive":0,"voted":false},"product":{"id":"132089166","name":"LARKO RF-лифтинг микротоковый массажер","categoryCode":"Master - Facial cleansing devices","categoryName":"Малая косметологическая техника","link":"https://kaspi.kz/shop/p/larko-rf-lifting-mikrotokovyi-massazher-132089166/"},"merchant":{"name":"LARKO-KZ","code":"17629423"},"editable":false,"editedByCustomer":false},{"id":"8a5ce3db95acfd640195f23a5192635e","author":"Майрамкул","date":"01.04.2025","orderNumber":"510561975","rating":5,"comment":{"minus":"","plus":"","text":"Күшті, маған ұнады! Жұқа, үш рет массаж жасаймын, бетті үтік сыяқты әдемі жасайды, жанына крем қосып берген, іздеп жүріп алдым."},"feedback":{"positive":1,"voted":false},"galleryImages":[{"id":"510561975-132089166/981a9c3f-57de-43ca-8b83-777c084d6764.jpeg","small":"https://resources.cdn-kaspi.kz/img/p/r/510561975-132089166/981a9c3f-57de-43ca-8b83-777c084d6764.jpeg?format=review_small","medium":"https://resources.cdn-kaspi.kz/img/p/r/510561975-132089166/981a9c3f-57de-43ca-8b83-777c084d6764.jpeg?format=review_medium","large":"https://resources.cdn-kaspi.kz/img/p/r/510561975-132089166/981a9c3f-57de-43ca-8b83-777c084d6764.jpeg?format=review_large"},{"id":"510561975-132089166/5131a583-b2b2-4864-a9b5-64a93b3627c4.jpeg","small":"https://resources.cdn-kaspi.kz/img/p/r/510561975-132089166/5131a583-b2b2-4864-a9b5-64a93b3627c4.jpeg?format=review_small","medium":"https://resources.cdn-kaspi.kz/img/p/r/510561975-132089166/5131a583-b2b2-4864-a9b5-64a93b3627c4.jpeg?format=review_medium","large":"https://resources.cdn-kaspi.kz/img/p/r/510561975-132089166/5131a583-b2b2-4864-a9b5-64a93b3627c4.jpeg?format=review_large"},{"id":"510561975-132089166/a736da8e-ab1a-42ce-bf22-a0154be70eb3.jpeg","small":"https://resources.cdn-kaspi.kz/img/p/r/510561975-132089166/a736da8e-ab1a-42ce-bf22-a0154be70eb3.jpeg?format=review_small","medium":"https://resources.cdn-kaspi.kz/img/p/r/510561975-132089166/a736da8e-ab1a-42ce-bf22-a0154be70eb3.jpeg?format=review_medium","large":"https://resources.cdn-kaspi.kz/img/p/r/510561975-132089166/a736da8e-ab1a-42ce-bf22-a0154be70eb3.jpeg?format=review_large"},{"id":"510561975-132089166/bd40a454-e091-485c-a07b-7c31ecec42b4.jpeg","small":"https://resources.cdn-kaspi.kz/img/p/r/510561975-132089166/bd40a454-e091-485c-a07b-7c31ecec42b4.jpeg?format=review_small","medium":"https://resources.cdn-kaspi.kz/img/p/r/510561975-132089166/bd40a454-e091-485c-a07b-7c31ecec42b4.jpeg?format=review_medium","large":"https://resources.cdn-kaspi.kz/img/p/r/510561975-132089166/bd40a454-e091-485c-a07b-7c31ecec42b4.jpeg?format=review_large"}],"product":{"id":"132089166","name":"LARKO RF-лифтинг микротоковый массажер","categoryCode":"Master - Facial cleansing devices","categoryName":"Малая косметологическая техника","link":"https://kaspi.kz/shop/p/larko-rf-lifting-mikrotokovyi-massazher-132089166/"},"merchant":{"name":"LARKO-KZ","code":"17629423"},"editable":false,"editedByCustomer":false},{"id":"8a5c580695acfd8b0195f17c4d415ea2","author":"Диана","date":"01.04.2025","orderNumber":"514882308","rating":5,"comment":{"minus":"","plus":"","text":"Все работает. Пользовалась 3, 4 раза, поэтому особо эффекта не увидела. Надо делать каждый день."},"feedback":{"positive":0,"voted":false},"galleryImages":[{"id":"514882308-132089166/30fe7739-bc57-4960-bb4f-2a7e41b62094.jpeg","small":"https://resources.cdn-kaspi.kz/img/p/r/514882308-132089166/30fe7739-bc57-4960-bb4f-2a7e41b62094.jpeg?format=review_small","medium":"https://resources.cdn-kaspi.kz/img/p/r/514882308-132089166/30fe7739-bc57-4960-bb4f-2a7e41b62094.jpeg?format=review_medium","large":"https://resources.cdn-kaspi.kz/img/p/r/514882308-132089166/30fe7739-bc57-4960-bb4f-2a7e41b62094.jpeg?format=review_large"}],"product":{"id":"132089166","name":"LARKO RF-лифтинг микротоковый массажер","categoryCode":"Master - Facial cleansing devices","categoryName":"Малая косметологическая техника","link":"https://kaspi.kz/shop/p/larko-rf-lifting-mikrotokovyi-massazher-132089166/"},"merchant":{"name":"LARKO-KZ","code":"17629423"},"editable":false,"editedByCustomer":false},{"id":"8a5c6a1595c616b50195f0f902a24a01","author":"Акжанат","date":"01.04.2025","orderNumber":"519962867","rating":5,"comment":{"minus":"","plus":"","text":"Спасибо Каспи и продавцу. Обещали доставку в апреле, принесли 29 марта. Это очень приятно удивило. Товар прибыл в целости, все соответствует заявленному на сайте магазина. Единственный минус, что инструкция на иностранном, но есть информация на русском на сайте магазина. И что еще было приятно, небольшой подарок в виде геля. Как раз испробовала. Все работает, но пока что о результатах говорить рановато, надеюсь, что они будут и кожа на лице подтянется и разгладится. Желаю успехов."},"feedback":{"positive":1,"voted":false},"product":{"id":"132089166","name":"LARKO RF-лифтинг микротоковый массажер","categoryCode":"Master - Facial cleansing devices","categoryName":"Малая косметологическая техника","link":"https://kaspi.kz/shop/p/larko-rf-lifting-mikrotokovyi-massazher-132089166/"},"merchant":{"name":"LARKO-KZ","code":"17629423"},"editable":false,"editedByCustomer":false},{"id":"8a5cf33195acfd0d0195f0f69f1c5a42","author":"Эльмира","date":"01.04.2025","orderNumber":"522921698","rating":5,"comment":{"minus":"","plus":"","text":"Качество хорошее, аппарат свою функцию хорошо выполняет эффект есть, током не бьёт не противна когда используешь. Зарядка подставка всё есть. Ещё специальная гель в подарок дали. Полезная вещь советую LARKO-KZ спасибо большое за подарок."},"feedback":{"positive":1,"voted":false},"product":{"id":"132089166","name":"LARKO RF-лифтинг микротоковый массажер","categoryCode":"Master - Facial cleansing devices","categoryName":"Малая косметологическая техника","link":"https://kaspi.kz/shop/p/larko-rf-lifting-mikrotokovyi-massazher-132089166/"},"merchant":{"name":"LARKO-KZ","code":"17629423"},"editable":false,"editedByCustomer":false},{"id":"8a5c405695d51bda0195f0ef4343028b","author":"Зухра","date":"01.04.2025","orderNumber":"513483152","rating":5,"comment":{"minus":"","plus":"","text":"Пользуюсь 3 недели каждый день, результаты на лицо, разгладились морщины в области межброви, лоб хорошо видно. По функционалу, микротоки больно-терпимо, eye carе убирает отеки, овал стал еще более четким. К сведению делала маме и папе на высокой скорости даже не чувствовали, но даже после 1 раза стало лицо свежее. Делать каждый день, больше сывороток и геля будет результат!"},"feedback":{"positive":1,"voted":false},"product":{"id":"132089166","name":"LARKO RF-лифтинг микротоковый массажер","categoryCode":"Master - Facial cleansing devices","categoryName":"Малая косметологическая техника","link":"https://kaspi.kz/shop/p/larko-rf-lifting-mikrotokovyi-massazher-132089166/"},"merchant":{"name":"LARKO-KZ","code":"17629423"},"editable":false,"editedByCustomer":false},{"id":"8a5c196b95dabaad0195f0e5e06169c5","author":"Асем","date":"01.04.2025","orderNumber":"516523166","rating":5,"comment":{"minus":"","plus":"","text":"Пользуюсь уже неделю. Массажер хороший, рекомендую."},"feedback":{"positive":0,"voted":false},"product":{"id":"132089166","name":"LARKO RF-лифтинг микротоковый массажер","categoryCode":"Master - Facial cleansing devices","categoryName":"Малая косметологическая техника","link":"https://kaspi.kz/shop/p/larko-rf-lifting-mikrotokovyi-massazher-132089166/"},"merchant":{"name":"LARKO-KZ","code":"17629423"},"editable":false,"editedByCustomer":false},{"id":"8a5c405695d51bda0195f0d7433301a4","author":"Алихан","date":"01.04.2025","orderNumber":"506385700","rating":5,"comment":{"minus":"","plus":"","text":"Хороший массажер, пришел вовремя. Советую."},"feedback":{"positive":0,"voted":false},"product":{"id":"132089166","name":"LARKO RF-лифтинг микротоковый массажер","categoryCode":"Master - Facial cleansing devices","categoryName":"Малая косметологическая техника","link":"https://kaspi.kz/shop/p/larko-rf-lifting-mikrotokovyi-massazher-132089166/"},"merchant":{"name":"LARKO-KZ","code":"17629423"},"editable":false,"editedByCustomer":false},{"id":"8a5ce3db95acfd640195ec06735b4435","author":"Айна","date":"31.03.2025","orderNumber":"508911205","rating":5,"comment":{"minus":"","plus":"","text":"Доставка была своевременно. Массажер полностью соответствует ожиданиям и описаниям. Довольна 100%. И советую Вам милые девушки. Ваше личико скажет Рахмет."},"feedback":{"positive":0,"voted":false},"product":{"id":"132089166","name":"LARKO RF-лифтинг микротоковый массажер","categoryCode":"Master - Facial cleansing devices","categoryName":"Малая косметологическая техника","link":"https://kaspi.kz/shop/p/larko-rf-lifting-mikrotokovyi-massazher-132089166/"},"merchant":{"name":"LARKO-KZ","code":"17629423"},"editable":false,"editedByCustomer":false},{"id":"8a5c9dbc95acfdf50195ebd83e034015","author":"Евгениос","date":"31.03.2025","orderNumber":"506673322","rating":5,"comment":{"minus":"","plus":"","text":"Спасибо большое, наши девочки все довольны подарком."},"feedback":{"positive":0,"voted":false},"product":{"id":"132089166","name":"LARKO RF-лифтинг микротоковый массажер","categoryCode":"Master - Facial cleansing devices","categoryName":"Малая косметологическая техника","link":"https://kaspi.kz/shop/p/larko-rf-lifting-mikrotokovyi-massazher-132089166/"},"merchant":{"name":"LARKO-KZ","code":"17629423"},"editable":false,"editedByCustomer":false},{"id":"8a5c621095caf9cc0195d7e3cb8b3f01","author":"Асем","date":"27.03.2025","orderNumber":"518601101","rating":5,"comment":{"minus":"","plus":"","text":"Массажёр супер, такое ощущение что утюгом прошлась, мелкие морщинки сразу разгладились с первого раза, всё на месте, первый раз так радуюсь что что-то нормальное пришло! Спасибо буду пользоваться, и другим посоветую."},"feedback":{"positive":0,"voted":false},"galleryImages":[{"id":"518601101-132089166/0ed5e824-85bb-488f-98f2-b48016d61cb7.jpeg","small":"https://resources.cdn-kaspi.kz/img/p/r/518601101-132089166/0ed5e824-85bb-488f-98f2-b48016d61cb7.jpeg?format=review_small","medium":"https://resources.cdn-kaspi.kz/img/p/r/518601101-132089166/0ed5e824-85bb-488f-98f2-b48016d61cb7.jpeg?format=review_medium","large":"https://resources.cdn-kaspi.kz/img/p/r/518601101-132089166/0ed5e824-85bb-488f-98f2-b48016d61cb7.jpeg?format=review_large"},{"id":"518601101-132089166/32fe4c5e-2b27-4d8b-a9a6-44b64d268690.jpeg","small":"https://resources.cdn-kaspi.kz/img/p/r/518601101-132089166/32fe4c5e-2b27-4d8b-a9a6-44b64d268690.jpeg?format=review_small","medium":"https://resources.cdn-kaspi.kz/img/p/r/518601101-132089166/32fe4c5e-2b27-4d8b-a9a6-44b64d268690.jpeg?format=review_medium","large":"https://resources.cdn-kaspi.kz/img/p/r/518601101-132089166/32fe4c5e-2b27-4d8b-a9a6-44b64d268690.jpeg?format=review_large"},{"id":"518601101-132089166/3cc0f63e-d70a-448f-a75d-b2a62fd0a08f.jpeg","small":"https://resources.cdn-kaspi.kz/img/p/r/518601101-132089166/3cc0f63e-d70a-448f-a75d-b2a62fd0a08f.jpeg?format=review_small","medium":"https://resources.cdn-kaspi.kz/img/p/r/518601101-132089166/3cc0f63e-d70a-448f-a75d-b2a62fd0a08f.jpeg?format=review_medium","large":"https://resources.cdn-kaspi.kz/img/p/r/518601101-132089166/3cc0f63e-d70a-448f-a75d-b2a62fd0a08f.jpeg?format=review_large"},{"id":"518601101-132089166/206ce9cf-3a58-4604-994b-f37d61eaace2.jpeg","small":"https://resources.cdn-kaspi.kz/img/p/r/518601101-132089166/206ce9cf-3a58-4604-994b-f37d61eaace2.jpeg?format=review_small","medium":"https://resources.cdn-kaspi.kz/img/p/r/518601101-132089166/206ce9cf-3a58-4604-994b-f37d61eaace2.jpeg?format=review_medium","large":"https://resources.cdn-kaspi.kz/img/p/r/518601101-132089166/206ce9cf-3a58-4604-994b-f37d61eaace2.jpeg?format=review_large"}],"product":{"id":"132089166","name":"LARKO RF-лифтинг микротоковый массажер","categoryCode":"Master - Facial cleansing devices","categoryName":"Малая косметологическая техника","link":"https://kaspi.kz/shop/p/larko-rf-lifting-mikrotokovyi-massazher-132089166/"},"merchant":{"name":"LARKO-KZ","code":"17629423"},"editable":false,"editedByCustomer":false},{"id":"8a5c5fbc958da9df0195901fb52314f8","author":"Жанылсын","date":"13.03.2025","orderNumber":"512116512","rating":5,"comment":{"minus":"","plus":"","text":"Выглядит очень даже хорошо, доставка пришла сегодня, ещё не пользовались."},"feedback":{"positive":0,"voted":false},"galleryImages":[{"id":"512116512-132089166/e885abd8-492d-4d81-98b9-707a7129ac15.jpeg","small":"https://resources.cdn-kaspi.kz/img/p/r/512116512-132089166/e885abd8-492d-4d81-98b9-707a7129ac15.jpeg?format=review_small","medium":"https://resources.cdn-kaspi.kz/img/p/r/512116512-132089166/e885abd8-492d-4d81-98b9-707a7129ac15.jpeg?format=review_medium","large":"https://resources.cdn-kaspi.kz/img/p/r/512116512-132089166/e885abd8-492d-4d81-98b9-707a7129ac15.jpeg?format=review_large"},{"id":"512116512-132089166/6d7b79b3-4807-40ef-9501-fd7aeced9e89.jpeg","small":"https://resources.cdn-kaspi.kz/img/p/r/512116512-132089166/6d7b79b3-4807-40ef-9501-fd7aeced9e89.jpeg?format=review_small","medium":"https://resources.cdn-kaspi.kz/img/p/r/512116512-132089166/6d7b79b3-4807-40ef-9501-fd7aeced9e89.jpeg?format=review_medium","large":"https://resources.cdn-kaspi.kz/img/p/r/512116512-132089166/6d7b79b3-4807-40ef-9501-fd7aeced9e89.jpeg?format=review_large"},{"id":"512116512-132089166/85b5d716-847f-43fc-a4fa-2daf502cf317.jpeg","small":"https://resources.cdn-kaspi.kz/img/p/r/512116512-132089166/85b5d716-847f-43fc-a4fa-2daf502cf317.jpeg?format=review_small","medium":"https://resources.cdn-kaspi.kz/img/p/r/512116512-132089166/85b5d716-847f-43fc-a4fa-2daf502cf317.jpeg?format=review_medium","large":"https://resources.cdn-kaspi.kz/img/p/r/512116512-132089166/85b5d716-847f-43fc-a4fa-2daf502cf317.jpeg?format=review_large"},{"id":"512116512-132089166/64f598ec-ffbb-4f22-8e03-4d6ab9bffc46.jpeg","small":"https://resources.cdn-kaspi.kz/img/p/r/512116512-132089166/64f598ec-ffbb-4f22-8e03-4d6ab9bffc46.jpeg?format=review_small","medium":"https://resources.cdn-kaspi.kz/img/p/r/512116512-132089166/64f598ec-ffbb-4f22-8e03-4d6ab9bffc46.jpeg?format=review_medium","large":"https://resources.cdn-kaspi.kz/img/p/r/512116512-132089166/64f598ec-ffbb-4f22-8e03-4d6ab9bffc46.jpeg?format=review_large"},{"id":"512116512-132089166/ed04152b-c698-46e7-9a42-394c2e1ce21b.jpeg","small":"https://resources.cdn-kaspi.kz/img/p/r/512116512-132089166/ed04152b-c698-46e7-9a42-394c2e1ce21b.jpeg?format=review_small","medium":"https://resources.cdn-kaspi.kz/img/p/r/512116512-132089166/ed04152b-c698-46e7-9a42-394c2e1ce21b.jpeg?format=review_medium","large":"https://resources.cdn-kaspi.kz/img/p/r/512116512-132089166/ed04152b-c698-46e7-9a42-394c2e1ce21b.jpeg?format=review_large"}],"product":{"id":"132089166","name":"LARKO RF-лифтинг микротоковый массажер","categoryCode":"Master - Facial cleansing devices","categoryName":"Малая косметологическая техника","link":"https://kaspi.kz/shop/p/larko-rf-lifting-mikrotokovyi-massazher-132089166/"},"merchant":{"name":"LARKO-KZ","code":"17629423"},"editable":false,"editedByCustomer":false},{"id":"8a5c0c3c958d7f7001958ec5fbee05a3","author":"Айнура","date":"13.03.2025","orderNumber":"513788914","rating":5,"comment":{"minus":"","plus":"","text":"Керемет жақсы екен екінші күн болды, ұнап жатыр. Уақытында жеткізіп берді."},"feedback":{"positive":1,"voted":false},"product":{"id":"132089166","name":"LARKO RF-лифтинг микротоковый массажер","categoryCode":"Master - Facial cleansing devices","categoryName":"Малая косметологическая техника","link":"https://kaspi.kz/shop/p/larko-rf-lifting-mikrotokovyi-massazher-132089166/"},"merchant":{"name":"LARKO-KZ","code":"17629423"},"editable":false,"editedByCustomer":false},{"id":"8a5ceb109573e542019576c41c301476","author":"Медет","date":"13.03.2025","orderNumber":"506570855","rating":4,"comment":{"minus":"","plus":"","text":"Подарил, говорит хорошая вещь для лица. Упаковали не очень."},"feedback":{"positive":0,"voted":false},"product":{"id":"132089166","name":"LARKO RF-лифтинг микротоковый массажер","categoryCode":"Master - Facial cleansing devices","categoryName":"Малая косметологическая техника","link":"https://kaspi.kz/shop/p/larko-rf-lifting-mikrotokovyi-massazher-132089166/"},"merchant":{"name":"LARKO-KZ","code":"17629423"},"editable":false,"editedByCustomer":false},{"id":"8a5c1b52956c83500195884163fd0d78","author":"Мила","date":"12.03.2025","orderNumber":"511067441","rating":5,"comment":{"minus":"","plus":"","text":"Заказ пришел раньше срока, упакован отлично. Начала курс массажа, после первых сеансов уже виден результат."},"feedback":{"positive":0,"voted":false},"product":{"id":"132089166","name":"LARKO RF-лифтинг микротоковый массажер","categoryCode":"Master - Facial cleansing devices","categoryName":"Малая косметологическая техника","link":"https://kaspi.kz/shop/p/larko-rf-lifting-mikrotokovyi-massazher-132089166/"},"merchant":{"name":"LARKO-KZ","code":"17629423"},"editable":false,"editedByCustomer":false},{"id":"8a5c07b0957e110101957ebd541c01ca","author":"Ади","date":"10.03.2025","orderNumber":"512754377","rating":5,"comment":{"minus":"","plus":"","text":"Товар хороший, результат видно сразу после применения."},"feedback":{"positive":0,"voted":false},"product":{"id":"132089166","name":"LARKO RF-лифтинг микротоковый массажер","categoryCode":"Master - Facial cleansing devices","categoryName":"Малая косметологическая техника","link":"https://kaspi.kz/shop/p/larko-rf-lifting-mikrotokovyi-massazher-132089166/"},"merchant":{"name":"LARKO-KZ","code":"17629423"},"editable":false,"editedByCustomer":false},{"id":"8a5c5d89953676fe01955c16aff4439c","author":"Нуржамал","date":"03.03.2025","orderNumber":"506461443","rating":5,"comment":{"minus":"","plus":"","text":"Благодарю продавца larko. kz за оригинальный, микротоковый аппарат, который приятно держать в руках и получать удовольствие от массажа. Заказывала с другого города, доставили адресату в срок. Отличный подарок на 8 марта, рекомендую."},"feedback":{"positive":1,"voted":false},"product":{"id":"132089166","name":"LARKO RF-лифтинг микротоковый массажер","categoryCode":"Master - Facial cleansing devices","categoryName":"Малая косметологическая техника","link":"https://kaspi.kz/shop/p/larko-rf-lifting-mikrotokovyi-massazher-132089166/"},"merchant":{"name":"LARKO-KZ","code":"17629423"},"editable":false,"editedByCustomer":false},{"id":"8a5c0a92953676ea01954bb69262737a","author":"Сандугаш","date":"28.02.2025","orderNumber":"495046947","rating":5,"comment":{"minus":"","plus":"","text":"Ну сам по себе массажёр хороший. Но результата пока не вижу."},"feedback":{"positive":3,"voted":false},"product":{"id":"132089166","name":"LARKO RF-лифтинг микротоковый массажер","categoryCode":"Master - Facial cleansing devices","categoryName":"Малая косметологическая техника","link":"https://kaspi.kz/shop/p/larko-rf-lifting-mikrotokovyi-massazher-132089166/"},"merchant":{"name":"LARKO-KZ","code":"17629423"},"editable":false,"editedByCustomer":false},{"id":"8a5c3f0f951221d5019527eb7f34004b","author":"Айжан","date":"21.02.2025","orderNumber":"502493905","rating":5,"comment":{"minus":"","plus":"","text":"Очень качественная, после первого применения виден результат. Мне понравилась. Спасибо Larko-kz, доставка быстрая."},"feedback":{"positive":0,"voted":false},"product":{"id":"132089166","name":"LARKO RF-лифтинг микротоковый массажер","categoryCode":"Master - Facial cleansing devices","categoryName":"Малая косметологическая техника","link":"https://kaspi.kz/shop/p/larko-rf-lifting-mikrotokovyi-massazher-132089166/"},"merchant":{"name":"LARKO-KZ","code":"17629423"},"editable":false,"editedByCustomer":false},{"id":"8a5c548d94f2d7230194f4f4cb8a0c18","author":"Нагима","date":"11.02.2025","orderNumber":"492417938","rating":5,"comment":{"minus":"","plus":"","text":"Соответствует своей цене, для начинающих с аппаратами самое то."},"feedback":{"positive":0,"voted":false},"product":{"id":"132089166","name":"LARKO RF-лифтинг микротоковый массажер","categoryCode":"Master - Facial cleansing devices","categoryName":"Малая косметологическая техника","link":"https://kaspi.kz/shop/p/larko-rf-lifting-mikrotokovyi-massazher-132089166/"},"merchant":{"name":"LARKO-KZ","code":"17629423"},"editable":false,"editedByCustomer":false},{"id":"8a5c54a794e39c480194e5a85dd90cb4","author":"Светлана","date":"08.02.2025","orderNumber":"491899491","rating":5,"comment":{"minus":"","plus":"","text":"Очень аккуратный. Лёгкий в использовании. Уже опробовала. Очень понравился. Надеюсь на долгое использование. Спасибо продавцу."},"feedback":{"positive":0,"voted":false},"product":{"id":"132089166","name":"LARKO RF-лифтинг микротоковый массажер","categoryCode":"Master - Facial cleansing devices","categoryName":"Малая косметологическая техника","link":"https://kaspi.kz/shop/p/larko-rf-lifting-mikrotokovyi-massazher-132089166/"},"merchant":{"name":"LARKO-KZ","code":"17629423"},"editable":false,"editedByCustomer":false},{"id":"8a5c5c8e94d5fb840194d9226d740452","author":"Татьяна","date":"06.02.2025","orderNumber":"487603888","rating":5,"comment":{"minus":"","plus":"","text":"Все понравилось, даже после первого использования на утро меньше отёки и более свежее состояние кожи."},"feedback":{"positive":0,"voted":false},"product":{"id":"132089166","name":"LARKO RF-лифтинг микротоковый массажер","categoryCode":"Master - Facial cleansing devices","categoryName":"Малая косметологическая техника","link":"https://kaspi.kz/shop/p/larko-rf-lifting-mikrotokovyi-massazher-132089166/"},"merchant":{"name":"LARKO-KZ","code":"17629423"},"editable":false,"editedByCustomer":false},{"id":"8a5c3f0494ab5d750194bc81411d1e83","author":"Айнаш","date":"31.01.2025","orderNumber":"488558536","rating":5,"comment":{"minus":"","plus":"","text":"Товар доставили быстро! Спасибо Larko-KZ! Массажер аккуратненький, компактный!"},"feedback":{"positive":1,"voted":false},"product":{"id":"132089166","name":"LARKO RF-лифтинг микротоковый массажер","categoryCode":"Master - Facial cleansing devices","categoryName":"Малая косметологическая техника","link":"https://kaspi.kz/shop/p/larko-rf-lifting-mikrotokovyi-massazher-132089166/"},"merchant":{"name":"LARKO-KZ","code":"17629423"},"editable":false,"editedByCustomer":false},{"id":"8a5c1dca9468757b01949945d0344961","author":"Елена","date":"24.01.2025","orderNumber":"483533999","rating":5,"comment":{"minus":"","plus":"","text":"Спасибо магазину LARKO-KZ и Каспи. Микротоковый массажёр пришёл в целости и сохранности. Всё работает. Спасибо за подарочек, контактный гель. Процветания вашему магазину!"},"feedback":{"positive":2,"voted":false},"product":{"id":"132089166","name":"LARKO RF-лифтинг микротоковый массажер","categoryCode":"Master - Facial cleansing devices","categoryName":"Малая косметологическая техника","link":"https://kaspi.kz/shop/p/larko-rf-lifting-mikrotokovyi-massazher-132089166/"},"merchant":{"name":"LARKO-KZ","code":"17629423"},"editable":false,"editedByCustomer":false},{"id":"8a5cc06e9491547d0194917220bd0013","author":"Мақпал","date":"23.01.2025","orderNumber":"484564149","rating":5,"comment":{"minus":"","plus":"","text":"Все работает. Пока все режимы не опробовала."},"feedback":{"positive":0,"voted":false},"product":{"id":"132089166","name":"LARKO RF-лифтинг микротоковый массажер","categoryCode":"Master - Facial cleansing devices","categoryName":"Малая косметологическая техника","link":"https://kaspi.kz/shop/p/larko-rf-lifting-mikrotokovyi-massazher-132089166/"},"merchant":{"name":"LARKO-KZ","code":"17629423"},"editable":false,"editedByCustomer":false},{"id":"8a5c306b946876ee01946f693ceb0e10","author":"Ирина","date":"16.01.2025","orderNumber":"481207163","rating":5,"comment":{"minus":"","plus":"","text":"Аппарат супер, советую к покупке, на других маркетплейсах стоит намного дороже, спасибо магазину larko, за крутой и недорогой аппарат и оперативную доставку."},"feedback":{"positive":5,"voted":false},"product":{"id":"132089166","name":"LARKO RF-лифтинг микротоковый массажер","categoryCode":"Master - Facial cleansing devices","categoryName":"Малая косметологическая техника","link":"https://kaspi.kz/shop/p/larko-rf-lifting-mikrotokovyi-massazher-132089166/"},"merchant":{"name":"LARKO-KZ","code":"17629423"},"editable":false,"editedByCustomer":false}]}