{"data":[{"id":"8a5c30729618f3d20196433d175d429f","author":"Виктория","date":"17.04.2025","orderNumber":"534244568","rating":5,"comment":{"minus":"","plus":"","text":"Спасибо за качественную сумку, пришло быстро очень, за эти деньги отличная сумка!"},"feedback":{"positive":0,"voted":false},"galleryImages":[{"id":"534244568-132469285/2941818c-4819-42a0-bbf2-0178d251849a.jpeg","small":"https://resources.cdn-kaspi.kz/img/p/r/534244568-132469285/2941818c-4819-42a0-bbf2-0178d251849a.jpeg?format=review_small","medium":"https://resources.cdn-kaspi.kz/img/p/r/534244568-132469285/2941818c-4819-42a0-bbf2-0178d251849a.jpeg?format=review_medium","large":"https://resources.cdn-kaspi.kz/img/p/r/534244568-132469285/2941818c-4819-42a0-bbf2-0178d251849a.jpeg?format=review_large"}],"product":{"id":"132469285","name":"Сумка LARKO bag black 30 л черный","categoryCode":"Master - Sport duffels","categoryName":"Спортивные сумки и чехлы","link":"https://kaspi.kz/shop/p/sumka-larko-bag-black-30-l-chernyi-132469285/"},"merchant":{"name":"LARKO-KZ","code":"17629423"},"editable":false,"editedByCustomer":false},{"id":"8a5cadc29618f2fa01963d42264228dd","author":"Ирина","date":"16.04.2025","orderNumber":"533222358","rating":5,"comment":{"minus":"","plus":"","text":"Получила сумку! Все супер! Заказом довольна! Магазин Larko-kz! Все было доставлено в тот же день! Качество супер! Всем советую!"},"feedback":{"positive":0,"voted":false},"product":{"id":"132469285","name":"Сумка LARKO bag black 30 л черный","categoryCode":"Master - Sport duffels","categoryName":"Спортивные сумки и чехлы","link":"https://kaspi.kz/shop/p/sumka-larko-bag-black-30-l-chernyi-132469285/"},"merchant":{"name":"LARKO-KZ","code":"17629423"},"editable":false,"editedByCustomer":false},{"id":"8a5c1cad9618f312019623c1ef8f3f93","author":"Жахат","date":"11.04.2025","orderNumber":"528956279","rating":5,"comment":{"minus":"","plus":"","text":"Вместительная, удобная. Быстрая доставка. Отсек для влажных и для обуви вещей мог бы быть побольше, в остальном все устраивает."},"feedback":{"positive":0,"voted":false},"product":{"id":"132469285","name":"Сумка LARKO bag black 30 л черный","categoryCode":"Master - Sport duffels","categoryName":"Спортивные сумки и чехлы","link":"https://kaspi.kz/shop/p/sumka-larko-bag-black-30-l-chernyi-132469285/"},"merchant":{"name":"LARKO-KZ","code":"17629423"},"editable":false,"editedByCustomer":false},{"id":"8a5cb3c89618f39301961f39cfa227db","author":"Мадина","date":"10.04.2025","orderNumber":"527085075","rating":5,"comment":{"minus":"","plus":"","text":"Сумка топ."},"feedback":{"positive":0,"voted":false},"product":{"id":"132469285","name":"Сумка LARKO bag black 30 л черный","categoryCode":"Master - Sport duffels","categoryName":"Спортивные сумки и чехлы","link":"https://kaspi.kz/shop/p/sumka-larko-bag-black-30-l-chernyi-132469285/"},"merchant":{"name":"LARKO-KZ","code":"17629423"},"editable":false,"editedByCustomer":false},{"id":"8a5c6228961336ca0196141da02b0257","author":"Юрий","date":"08.04.2025","orderNumber":"529157921","rating":5,"comment":{"minus":"","plus":"","text":"Товар пришел в срок, качество хорошее."},"feedback":{"positive":0,"voted":false},"product":{"id":"132469285","name":"Сумка LARKO bag black 30 л черный","categoryCode":"Master - Sport duffels","categoryName":"Спортивные сумки и чехлы","link":"https://kaspi.kz/shop/p/sumka-larko-bag-black-30-l-chernyi-132469285/"},"merchant":{"name":"LARKO-KZ","code":"17629423"},"editable":false,"editedByCustomer":false},{"id":"8a5c67ce960e30a10196105503110c3a","author":"Мадина","date":"07.04.2025","orderNumber":"527710030","rating":5,"comment":{"minus":"","plus":"","text":"Өте ыңғайлы және сапалы Жаттығуға керек заттардың бәрі сыйып тұр — киім, аяқ киім, сүлгі және ерекше ұнағаны су бөтелкесі үшін бөлек орын бар. Ішкі қалтасына да ұсақ заттарды салған ыңғайлы. Дизайны да әдемі, стильді көрінеді."},"feedback":{"positive":0,"voted":false},"product":{"id":"132469285","name":"Сумка LARKO bag black 30 л черный","categoryCode":"Master - Sport duffels","categoryName":"Спортивные сумки и чехлы","link":"https://kaspi.kz/shop/p/sumka-larko-bag-black-30-l-chernyi-132469285/"},"merchant":{"name":"LARKO-KZ","code":"17629423"},"editable":false,"editedByCustomer":false},{"id":"8a5c1b579603fbae01960576463e0593","author":"Rasulzhon","date":"05.04.2025","orderNumber":"527445095","rating":5,"comment":{"minus":"","plus":"","text":"Для тренировок очень идеально."},"feedback":{"positive":0,"voted":false},"product":{"id":"132469285","name":"Сумка LARKO bag black 30 л черный","categoryCode":"Master - Sport duffels","categoryName":"Спортивные сумки и чехлы","link":"https://kaspi.kz/shop/p/sumka-larko-bag-black-30-l-chernyi-132469285/"},"merchant":{"name":"LARKO-KZ","code":"17629423"},"editable":false,"editedByCustomer":false},{"id":"8a5c196b95dabaad0195e5b8cea9318f","author":"Елена","date":"30.03.2025","orderNumber":"520326606","rating":5,"comment":{"minus":"","plus":"","text":"Отличная сумка, рекомендую, удобная, вместительная и много карманов."},"feedback":{"positive":0,"voted":false},"product":{"id":"132469285","name":"Сумка LARKO bag black 30 л черный","categoryCode":"Master - Sport duffels","categoryName":"Спортивные сумки и чехлы","link":"https://kaspi.kz/shop/p/sumka-larko-bag-black-30-l-chernyi-132469285/"},"merchant":{"name":"LARKO-KZ","code":"17629423"},"editable":false,"editedByCustomer":false},{"id":"8a5c6a1595c616b50195dce4ebc96d79","author":"Гузель","date":"28.03.2025","orderNumber":"522763147","rating":5,"comment":{"minus":"","plus":"","text":"Отличная сумка вполне вместительная, и удобная идеально для тренировок и похода, переезда. Товар пришёл в сроки."},"feedback":{"positive":0,"voted":false},"galleryImages":[{"id":"522763147-132469285/ff6ab5e0-11c8-49a8-8af1-b860e068d248.jpeg","small":"https://resources.cdn-kaspi.kz/img/p/r/522763147-132469285/ff6ab5e0-11c8-49a8-8af1-b860e068d248.jpeg?format=review_small","medium":"https://resources.cdn-kaspi.kz/img/p/r/522763147-132469285/ff6ab5e0-11c8-49a8-8af1-b860e068d248.jpeg?format=review_medium","large":"https://resources.cdn-kaspi.kz/img/p/r/522763147-132469285/ff6ab5e0-11c8-49a8-8af1-b860e068d248.jpeg?format=review_large"}],"product":{"id":"132469285","name":"Сумка LARKO bag black 30 л черный","categoryCode":"Master - Sport duffels","categoryName":"Спортивные сумки и чехлы","link":"https://kaspi.kz/shop/p/sumka-larko-bag-black-30-l-chernyi-132469285/"},"merchant":{"name":"LARKO-KZ","code":"17629423"},"editable":false,"editedByCustomer":false},{"id":"8a5c580695acfd8b0195be7809de717e","author":"Самал","date":"22.03.2025","orderNumber":"516801603","rating":1,"comment":{"minus":"","plus":"","text":"Качество плохое."},"feedback":{"positive":1,"voted":false},"product":{"id":"132469285","name":"Сумка LARKO bag black 30 л черный","categoryCode":"Master - Sport duffels","categoryName":"Спортивные сумки и чехлы","link":"https://kaspi.kz/shop/p/sumka-larko-bag-black-30-l-chernyi-132469285/"},"merchant":{"name":"LARKO-KZ","code":"17629423"},"editable":false,"editedByCustomer":false},{"id":"8a5cba5a95acfcd60195b971f6aa584c","author":"Акжан","date":"21.03.2025","orderNumber":"516633897","rating":5,"comment":{"minus":"","plus":"","text":"Сумка супер. Очень вместительная."},"feedback":{"positive":0,"voted":false},"galleryImages":[{"id":"516633897-132469285/b863feed-91a3-40af-8ded-15683c575cbd.jpeg","small":"https://resources.cdn-kaspi.kz/img/p/r/516633897-132469285/b863feed-91a3-40af-8ded-15683c575cbd.jpeg?format=review_small","medium":"https://resources.cdn-kaspi.kz/img/p/r/516633897-132469285/b863feed-91a3-40af-8ded-15683c575cbd.jpeg?format=review_medium","large":"https://resources.cdn-kaspi.kz/img/p/r/516633897-132469285/b863feed-91a3-40af-8ded-15683c575cbd.jpeg?format=review_large"}],"product":{"id":"132469285","name":"Сумка LARKO bag black 30 л черный","categoryCode":"Master - Sport duffels","categoryName":"Спортивные сумки и чехлы","link":"https://kaspi.kz/shop/p/sumka-larko-bag-black-30-l-chernyi-132469285/"},"merchant":{"name":"LARKO-KZ","code":"17629423"},"editable":false,"editedByCustomer":false},{"id":"8a5c80839590f3c2019594def3370dd7","author":"Наталья","date":"14.03.2025","orderNumber":"513709937","rating":5,"comment":{"minus":"","plus":"","text":"Спасибо магазину и курьеру. Сумка хорошая, вместительная, прошита хорошо, замки целые, хорошие."},"feedback":{"positive":0,"voted":false},"product":{"id":"132469285","name":"Сумка LARKO bag black 30 л черный","categoryCode":"Master - Sport duffels","categoryName":"Спортивные сумки и чехлы","link":"https://kaspi.kz/shop/p/sumka-larko-bag-black-30-l-chernyi-132469285/"},"merchant":{"name":"LARKO-KZ","code":"17629423"},"editable":false,"editedByCustomer":false},{"id":"8a5ce3cd95451b42019555f27c5a4a22","author":"Назыгүл","date":"02.03.2025","orderNumber":"505160397","rating":5,"comment":{"minus":"","plus":"","text":"Өте ыңғайлы, көлемі де жақсы. Және тез келді, көп рақмет."},"feedback":{"positive":0,"voted":false},"product":{"id":"132469285","name":"Сумка LARKO bag black 30 л черный","categoryCode":"Master - Sport duffels","categoryName":"Спортивные сумки и чехлы","link":"https://kaspi.kz/shop/p/sumka-larko-bag-black-30-l-chernyi-132469285/"},"merchant":{"name":"LARKO-KZ","code":"17629423"},"editable":false,"editedByCustomer":false},{"id":"8a5cd49d953675e3019551d5e20913c9","author":"Дарын","date":"01.03.2025","orderNumber":"504378285","rating":5,"comment":{"minus":"","plus":"","text":"Сумка классная, не ожидал хорошую качество за такие деньги, но был в восторге."},"feedback":{"positive":0,"voted":false},"product":{"id":"132469285","name":"Сумка LARKO bag black 30 л черный","categoryCode":"Master - Sport duffels","categoryName":"Спортивные сумки и чехлы","link":"https://kaspi.kz/shop/p/sumka-larko-bag-black-30-l-chernyi-132469285/"},"merchant":{"name":"LARKO-KZ","code":"17629423"},"editable":false,"editedByCustomer":false},{"id":"8a5c306495129a0801952d0fcd941af1","author":"Арсланбек","date":"22.02.2025","orderNumber":"501613898","rating":5,"comment":{"minus":"","plus":"","text":"Стоит своих денег, очень многофункциональный, вид приятный, спасибо магазину Larko-kz."},"feedback":{"positive":0,"voted":false},"product":{"id":"132469285","name":"Сумка LARKO bag black 30 л черный","categoryCode":"Master - Sport duffels","categoryName":"Спортивные сумки и чехлы","link":"https://kaspi.kz/shop/p/sumka-larko-bag-black-30-l-chernyi-132469285/"},"merchant":{"name":"LARKO-KZ","code":"17629423"},"editable":false,"editedByCustomer":false},{"id":"8a5c3f0f951221d5019519b062c735cc","author":"Шыңғыс","date":"18.02.2025","orderNumber":"500725277","rating":5,"comment":{"minus":"","plus":"","text":"Качество хорошее для его стоимости."},"feedback":{"positive":0,"voted":false},"product":{"id":"132469285","name":"Сумка LARKO bag black 30 л черный","categoryCode":"Master - Sport duffels","categoryName":"Спортивные сумки и чехлы","link":"https://kaspi.kz/shop/p/sumka-larko-bag-black-30-l-chernyi-132469285/"},"merchant":{"name":"LARKO-KZ","code":"17629423"},"editable":false,"editedByCustomer":false},{"id":"8a5c1ddc94deacfe0194e4b71e492748","author":"Дильшат","date":"08.02.2025","orderNumber":"490822936","rating":2,"comment":{"minus":"","plus":"","text":"Не выдержала первой тренировки."},"feedback":{"positive":0,"voted":false},"galleryImages":[{"id":"490822936-132469285/62b2a363-9f6c-4085-8c01-84d03d8050db.jpeg","small":"https://resources.cdn-kaspi.kz/img/p/r/490822936-132469285/62b2a363-9f6c-4085-8c01-84d03d8050db.jpeg?format=review_small","medium":"https://resources.cdn-kaspi.kz/img/p/r/490822936-132469285/62b2a363-9f6c-4085-8c01-84d03d8050db.jpeg?format=review_medium","large":"https://resources.cdn-kaspi.kz/img/p/r/490822936-132469285/62b2a363-9f6c-4085-8c01-84d03d8050db.jpeg?format=review_large"}],"product":{"id":"132469285","name":"Сумка LARKO bag black 30 л черный","categoryCode":"Master - Sport duffels","categoryName":"Спортивные сумки и чехлы","link":"https://kaspi.kz/shop/p/sumka-larko-bag-black-30-l-chernyi-132469285/"},"merchant":{"name":"LARKO-KZ","code":"17629423"},"editable":false,"editedByCustomer":false},{"id":"8a5c555094ab5c700194b2ee06b51035","author":"Сарбиназ","date":"29.01.2025","orderNumber":"487854339","rating":5,"comment":{"minus":"","plus":"","text":"Классно. Очень хороший. Рекомендую для цены строить."},"feedback":{"positive":1,"voted":false},"product":{"id":"132469285","name":"Сумка LARKO bag black 30 л черный","categoryCode":"Master - Sport duffels","categoryName":"Спортивные сумки и чехлы","link":"https://kaspi.kz/shop/p/sumka-larko-bag-black-30-l-chernyi-132469285/"},"merchant":{"name":"LARKO-KZ","code":"17629423"},"editable":false,"editedByCustomer":false},{"id":"8a5c658d940195d701945b5c0d9f75a6","author":"Айғаным","date":"14.01.2025","orderNumber":"474341251","rating":5,"comment":{"minus":"","plus":"","text":"Хорошая сумка, за 3 тыс даже отличная, конечно не ожидайте что будет супер крутая, мне срочно нужна была сумка так как свою оставила кое-где, и мне доставили очень быстро."},"feedback":{"positive":1,"voted":false},"product":{"id":"132469285","name":"Сумка LARKO bag black 30 л черный","categoryCode":"Master - Sport duffels","categoryName":"Спортивные сумки и чехлы","link":"https://kaspi.kz/shop/p/sumka-larko-bag-black-30-l-chernyi-132469285/"},"merchant":{"name":"LARKO-KZ","code":"17629423"},"editable":false,"editedByCustomer":false}]}