{"data":[{"id":"8a5c02349618f32b0196259982b74d13","author":"Айнұр","date":"11.04.2025","orderNumber":"526015808","rating":4,"comment":{"minus":"","plus":"","text":"Бриджи оказались короче, чем на фото. Рекомендую брать свой размер."},"feedback":{"positive":0,"voted":false},"product":{"id":"112039157","name":"Шорты бриджи 2XL Сауна для похудения с эффектом сауны LARKO","categoryCode":"Master - Clothes for slimming","categoryName":"Одежда для похудения","link":"https://kaspi.kz/shop/p/shorty-bridzhi-2xl-sauna-dlja-pohudenija-s-effektom-sauny-larko-112039157/"},"merchant":{"name":"LARKO-KZ","code":"17629423"},"editable":false,"editedByCustomer":false},{"id":"8a5c44bc95262ddb019528e4a3ca141d","author":"Камалия","date":"21.02.2025","orderNumber":"500205667","rating":5,"comment":{"minus":"","plus":"","text":"Шорты супер, доставили раньше, благодарю Каспи за супер обслуживание, мне понравилось всё, обращайтесь к продавцу магазин а Ларко."},"feedback":{"positive":0,"voted":false},"product":{"id":"112039157","name":"Шорты бриджи 2XL Сауна для похудения с эффектом сауны LARKO","categoryCode":"Master - Clothes for slimming","categoryName":"Одежда для похудения","link":"https://kaspi.kz/shop/p/shorty-bridzhi-2xl-sauna-dlja-pohudenija-s-effektom-sauny-larko-112039157/"},"merchant":{"name":"LARKO-KZ","code":"17629423"},"editable":false,"editedByCustomer":false},{"id":"8a5c3f0494ab5d750194c267e2182811","author":"Испангуль","date":"01.02.2025","orderNumber":"487827236","rating":5,"comment":{"minus":"","plus":"","text":"Все отлично, качество."},"feedback":{"positive":0,"voted":false},"product":{"id":"112039157","name":"Шорты бриджи 2XL Сауна для похудения с эффектом сауны LARKO","categoryCode":"Master - Clothes for slimming","categoryName":"Одежда для похудения","link":"https://kaspi.kz/shop/p/shorty-bridzhi-2xl-sauna-dlja-pohudenija-s-effektom-sauny-larko-112039157/"},"merchant":{"name":"LARKO-KZ","code":"17629423"},"editable":false,"editedByCustomer":false},{"id":"8a5c528294ab5c380194c162b007243a","author":"Жадра","date":"01.02.2025","orderNumber":"487338748","rating":5,"comment":{"minus":"","plus":"","text":"Очень хорошие бриджи от ларко, мне прям понравилось, и в правду все потеет, всем советую девочки, очень быстро пришло спасибо за быструю доставку хожу и потею. Теперь заказала футболку."},"feedback":{"positive":0,"voted":false},"product":{"id":"112039157","name":"Шорты бриджи 2XL Сауна для похудения с эффектом сауны LARKO","categoryCode":"Master - Clothes for slimming","categoryName":"Одежда для похудения","link":"https://kaspi.kz/shop/p/shorty-bridzhi-2xl-sauna-dlja-pohudenija-s-effektom-sauny-larko-112039157/"},"merchant":{"name":"LARKO-KZ","code":"17629423"},"editable":false,"editedByCustomer":false},{"id":"8a5c582e949155fe019492afaaa501ac","author":"Гульшара","date":"23.01.2025","orderNumber":"481565977","rating":5,"comment":{"minus":"","plus":"","text":"Шорты хорошего качества. Размер подошёл. Получила сегодня. Буду в них заниматься, посмотрим на результат."},"feedback":{"positive":0,"voted":false},"product":{"id":"112039157","name":"Шорты бриджи 2XL Сауна для похудения с эффектом сауны LARKO","categoryCode":"Master - Clothes for slimming","categoryName":"Одежда для похудения","link":"https://kaspi.kz/shop/p/shorty-bridzhi-2xl-sauna-dlja-pohudenija-s-effektom-sauny-larko-112039157/"},"merchant":{"name":"LARKO-KZ","code":"17629423"},"editable":false,"editedByCustomer":false},{"id":"8a5c85b594687642019469a2186a0245","author":"Адилям","date":"15.01.2025","orderNumber":"480695863","rating":5,"comment":{"minus":"","plus":"","text":"Шорты мне очень понравились, размер подошёл, спасибо магазину LARKO-KZ, быстро отправили. Качество супер."},"feedback":{"positive":0,"voted":false},"product":{"id":"112039157","name":"Шорты бриджи 2XL Сауна для похудения с эффектом сауны LARKO","categoryCode":"Master - Clothes for slimming","categoryName":"Одежда для похудения","link":"https://kaspi.kz/shop/p/shorty-bridzhi-2xl-sauna-dlja-pohudenija-s-effektom-sauny-larko-112039157/"},"merchant":{"name":"LARKO-KZ","code":"17629423"},"editable":false,"editedByCustomer":false},{"id":"8a5c809f9401954401943b2024525017","author":"Марина","date":"06.01.2025","orderNumber":"469760752","rating":5,"comment":{"minus":"","plus":"","text":"Классные шорты."},"feedback":{"positive":0,"voted":false},"product":{"id":"112039157","name":"Шорты бриджи 2XL Сауна для похудения с эффектом сауны LARKO","categoryCode":"Master - Clothes for slimming","categoryName":"Одежда для похудения","link":"https://kaspi.kz/shop/p/shorty-bridzhi-2xl-sauna-dlja-pohudenija-s-effektom-sauny-larko-112039157/"},"merchant":{"name":"LARKO-KZ","code":"17629423"},"editable":false,"editedByCustomer":false},{"id":"8a5cc3be940196e901940d8a48221b1b","author":"Қымбат","date":"28.12.2024","orderNumber":"470097297","rating":4,"comment":{"minus":"","plus":"","text":"Шорты классные, все как на фото, единственное это доставка, я оплатила экспресс доставку до 12:00, но на час опоздали."},"feedback":{"positive":0,"voted":false},"product":{"id":"112039157","name":"Шорты бриджи 2XL Сауна для похудения с эффектом сауны LARKO","categoryCode":"Master - Clothes for slimming","categoryName":"Одежда для похудения","link":"https://kaspi.kz/shop/p/shorty-bridzhi-2xl-sauna-dlja-pohudenija-s-effektom-sauny-larko-112039157/"},"merchant":{"name":"LARKO-KZ","code":"17629423"},"editable":false,"editedByCustomer":false},{"id":"8a5c55459366cbeb0193680d207a036f","author":"Севара","date":"26.11.2024","orderNumber":"449786166","rating":5,"comment":{"minus":"","plus":"","text":"Бриджи классные, качество отличное."},"feedback":{"positive":1,"voted":false},"product":{"id":"112039157","name":"Шорты бриджи 2XL Сауна для похудения с эффектом сауны LARKO","categoryCode":"Master - Clothes for slimming","categoryName":"Одежда для похудения","link":"https://kaspi.kz/shop/p/shorty-bridzhi-2xl-sauna-dlja-pohudenija-s-effektom-sauny-larko-112039157/"},"merchant":{"name":"LARKO-KZ","code":"17629423"},"editable":false,"editedByCustomer":false},{"id":"8a5cd5949347bea801934ea95a6a0c76","author":"Мольдир","date":"21.11.2024","orderNumber":"442477559","rating":5,"comment":{"minus":"","plus":"","text":"Жақсы."},"feedback":{"positive":0,"voted":false},"product":{"id":"112039157","name":"Шорты бриджи 2XL Сауна для похудения с эффектом сауны LARKO","categoryCode":"Master - Clothes for slimming","categoryName":"Одежда для похудения","link":"https://kaspi.kz/shop/p/shorty-bridzhi-2xl-sauna-dlja-pohudenija-s-effektom-sauny-larko-112039157/"},"merchant":{"name":"LARKO-KZ","code":"17629423"},"editable":false,"editedByCustomer":false},{"id":"8a5cd265930f272101931217ea860468","author":"Роза","date":"09.11.2024","orderNumber":"439777204","rating":5,"comment":{"minus":"","plus":"","text":"Мне очень понравилось. Материал качественный, мягкий, приятный к телу. На свой 50 я заказала 2/3 Xl. Ещё буду заказывать. Быстро доставили. Спасибо магазин LARKO и Каспи."},"feedback":{"positive":0,"voted":false},"product":{"id":"112039157","name":"Шорты бриджи 2XL Сауна для похудения с эффектом сауны LARKO","categoryCode":"Master - Clothes for slimming","categoryName":"Одежда для похудения","link":"https://kaspi.kz/shop/p/shorty-bridzhi-2xl-sauna-dlja-pohudenija-s-effektom-sauny-larko-112039157/"},"merchant":{"name":"LARKO-KZ","code":"17629423"},"editable":false,"editedByCustomer":false},{"id":"8a5c2c3692fbebf90192fcab8a1c02f3","author":"Жанна","date":"05.11.2024","orderNumber":"436811035","rating":5,"comment":{"minus":"","plus":"","text":"На свой 50 р. взяла 2хл/3хл. Не прогадала с размером. Хорошо сели, не давят. Ткань плотная, прошиты шорты хорошо. На тренажёре быстрым шагом через 15 мин была вся мокрая. Надеюсь, будет хороший результат. Шорты советую. Брала в магазине LARKO."},"feedback":{"positive":1,"voted":false},"galleryImages":[{"id":"436811035-112039157/3e815062-bc6c-4c47-bf13-1fc7c9cd8975.jpeg","small":"https://resources.cdn-kaspi.kz/img/p/r/436811035-112039157/3e815062-bc6c-4c47-bf13-1fc7c9cd8975.jpeg?format=review_small","medium":"https://resources.cdn-kaspi.kz/img/p/r/436811035-112039157/3e815062-bc6c-4c47-bf13-1fc7c9cd8975.jpeg?format=review_medium","large":"https://resources.cdn-kaspi.kz/img/p/r/436811035-112039157/3e815062-bc6c-4c47-bf13-1fc7c9cd8975.jpeg?format=review_large"},{"id":"436811035-112039157/9c05af9d-b249-42ea-9ee3-858f122f5c21.jpeg","small":"https://resources.cdn-kaspi.kz/img/p/r/436811035-112039157/9c05af9d-b249-42ea-9ee3-858f122f5c21.jpeg?format=review_small","medium":"https://resources.cdn-kaspi.kz/img/p/r/436811035-112039157/9c05af9d-b249-42ea-9ee3-858f122f5c21.jpeg?format=review_medium","large":"https://resources.cdn-kaspi.kz/img/p/r/436811035-112039157/9c05af9d-b249-42ea-9ee3-858f122f5c21.jpeg?format=review_large"}],"product":{"id":"112039157","name":"Шорты бриджи 2XL Сауна для похудения с эффектом сауны LARKO","categoryCode":"Master - Clothes for slimming","categoryName":"Одежда для похудения","link":"https://kaspi.kz/shop/p/shorty-bridzhi-2xl-sauna-dlja-pohudenija-s-effektom-sauny-larko-112039157/"},"merchant":{"name":"LARKO-KZ","code":"17629423"},"editable":false,"editedByCustomer":false},{"id":"8a5c8595924c486f01925b7a0f3e1c82","author":"Шолпан","date":"05.10.2024","orderNumber":"419515627","rating":5,"comment":{"minus":"","plus":"","text":"Спасибо Каспи, товар пришел раньше срока, материал хороший лёгкий, размер пришел в пору, всем советую утягивает хорошо."},"feedback":{"positive":0,"voted":false},"product":{"id":"112039157","name":"Шорты бриджи 2XL Сауна для похудения с эффектом сауны LARKO","categoryCode":"Master - Clothes for slimming","categoryName":"Одежда для похудения","link":"https://kaspi.kz/shop/p/shorty-bridzhi-2xl-sauna-dlja-pohudenija-s-effektom-sauny-larko-112039157/"},"merchant":{"name":"LARKO-KZ","code":"17629423"},"editable":false,"editedByCustomer":false},{"id":"8a5c6205920df40a019224428c322d01","author":"Анастасия","date":"24.09.2024","orderNumber":"399316623","rating":5,"comment":{"minus":"","plus":"","text":"Бриджи хорошие. Доставили быстро, спасибо Каспи."},"feedback":{"positive":0,"voted":false},"product":{"id":"112039157","name":"Шорты бриджи 2XL Сауна для похудения с эффектом сауны LARKO","categoryCode":"Master - Clothes for slimming","categoryName":"Одежда для похудения","link":"https://kaspi.kz/shop/p/shorty-bridzhi-2xl-sauna-dlja-pohudenija-s-effektom-sauny-larko-112039157/"},"merchant":{"name":"LARKO-KZ","code":"17629423"},"editable":false,"editedByCustomer":false},{"id":"8a5c658191f94a0f0191ff2d43c00e60","author":"Гулбахар","date":"17.09.2024","orderNumber":"411484350","rating":5,"comment":{"minus":"","plus":"","text":"Товар хороший."},"feedback":{"positive":0,"voted":false},"product":{"id":"112039157","name":"Шорты бриджи 2XL Сауна для похудения с эффектом сауны LARKO","categoryCode":"Master - Clothes for slimming","categoryName":"Одежда для похудения","link":"https://kaspi.kz/shop/p/shorty-bridzhi-2xl-sauna-dlja-pohudenija-s-effektom-sauny-larko-112039157/"},"merchant":{"name":"LARKO-KZ","code":"17629423"},"editable":false,"editedByCustomer":false},{"id":"8a5cd27291e42d820191e51b93ad0136","author":"Айдана","date":"12.09.2024","orderNumber":"368226264","rating":5,"comment":{"minus":"","plus":"","text":"Товар соответствует своему описанию."},"feedback":{"positive":0,"voted":false},"product":{"id":"112039157","name":"Шорты бриджи 2XL Сауна для похудения с эффектом сауны LARKO","categoryCode":"Master - Clothes for slimming","categoryName":"Одежда для похудения","link":"https://kaspi.kz/shop/p/shorty-bridzhi-2xl-sauna-dlja-pohudenija-s-effektom-sauny-larko-112039157/"},"merchant":{"name":"LARKO-KZ","code":"17629423"},"editable":false,"editedByCustomer":false},{"id":"8a5c9839916da868019170253800057d","author":"Ольга","date":"20.08.2024","orderNumber":"396689074","rating":1,"comment":{"minus":"","plus":"","text":"Качество отвратительное, после первой тренировки внутреннее покрытие (пленка) стало облазить."},"feedback":{"positive":0,"voted":false},"product":{"id":"112039157","name":"Шорты бриджи 2XL Сауна для похудения с эффектом сауны LARKO","categoryCode":"Master - Clothes for slimming","categoryName":"Одежда для похудения","link":"https://kaspi.kz/shop/p/shorty-bridzhi-2xl-sauna-dlja-pohudenija-s-effektom-sauny-larko-112039157/"},"merchant":{"name":"LARKO-KZ","code":"17629423"},"editable":false,"editedByCustomer":false},{"id":"8a5c2c228fc2474d018fc27230140027","author":"Жанна","date":"29.05.2024","orderNumber":"359491547","rating":5,"comment":{"minus":"","plus":"","text":"Шорты бриджи өте жақсы екен. Өзіме қатты ұнады. Алғаныма еш өкінбеймін!."},"feedback":{"positive":0,"voted":false},"product":{"id":"112039157","name":"Шорты бриджи 2XL Сауна для похудения с эффектом сауны LARKO","categoryCode":"Master - Clothes for slimming","categoryName":"Одежда для похудения","link":"https://kaspi.kz/shop/p/shorty-bridzhi-2xl-sauna-dlja-pohudenija-s-effektom-sauny-larko-112039157/"},"merchant":{"name":"LARKO-KZ","code":"17629423"},"editable":false,"editedByCustomer":false},{"id":"8a5ca0968f5b4b00018f5cbf494f01ab","author":"Нурсулу","date":"09.05.2024","orderNumber":"354451524","rating":1,"comment":{"minus":"","plus":"","text":"Не айтамын."},"feedback":{"positive":1,"voted":false},"product":{"id":"112039157","name":"Шорты бриджи 2XL Сауна для похудения с эффектом сауны LARKO","categoryCode":"Master - Clothes for slimming","categoryName":"Одежда для похудения","link":"https://kaspi.kz/shop/p/shorty-bridzhi-2xl-sauna-dlja-pohudenija-s-effektom-sauny-larko-112039157/"},"merchant":{"name":"LARKO-KZ","code":"17629423"},"editable":false,"editedByCustomer":false}]}