{"data":[{"id":"8a5cfab59641b76901964f1037633b5c","author":"Шахида","date":"19.04.2025","orderNumber":"533627108","rating":5,"comment":{"minus":"","plus":"","text":"Пришел даже на день раньше, хорошо упакован. По качеству очень хорошо прошитый и сидит идеально, боялась что будет маленький или же наоборот, но все подошло идеально, спасибо мне очень понравился."},"feedback":{"positive":0,"voted":false},"product":{"id":"110818355","name":"Пояс LARKO saunabelt M","categoryCode":"Master - Clothes for slimming","categoryName":"Одежда для похудения","link":"https://kaspi.kz/shop/p/pojas-larko-saunabelt-m-110818355/"},"merchant":{"name":"LARKO-KZ","code":"17629423"},"editable":false,"editedByCustomer":false},{"id":"8a5c30729618f3d201964da2fac86d00","author":"Татьяна","date":"19.04.2025","orderNumber":"533977396","rating":5,"comment":{"minus":"","plus":"","text":"Хорошее качество. Размер в размер."},"feedback":{"positive":0,"voted":false},"product":{"id":"110818355","name":"Пояс LARKO saunabelt M","categoryCode":"Master - Clothes for slimming","categoryName":"Одежда для похудения","link":"https://kaspi.kz/shop/p/pojas-larko-saunabelt-m-110818355/"},"merchant":{"name":"LARKO-KZ","code":"17629423"},"editable":false,"editedByCustomer":false},{"id":"8a5c1df096325a380196344013960b98","author":"Асем","date":"14.04.2025","orderNumber":"530440394","rating":5,"comment":{"minus":"","plus":"","text":"Второй раз беру Larko, товар подошел, спасибо."},"feedback":{"positive":0,"voted":false},"product":{"id":"110818355","name":"Пояс LARKO saunabelt M","categoryCode":"Master - Clothes for slimming","categoryName":"Одежда для похудения","link":"https://kaspi.kz/shop/p/pojas-larko-saunabelt-m-110818355/"},"merchant":{"name":"LARKO-KZ","code":"17629423"},"editable":false,"editedByCustomer":false},{"id":"8a5c1cad9618f312019624eafa8a478f","author":"Раиса","date":"11.04.2025","orderNumber":"529470842","rating":5,"comment":{"minus":"","plus":"","text":"Классный пояс, при занятии спортом +50% к уничтожению «спасательного круга». Если телосложение крупное - размер нужно брать больше!"},"feedback":{"positive":0,"voted":false},"galleryImages":[{"id":"529470842-110818355/389864f0-bdc9-42be-8727-dc85f9463c64.jpeg","small":"https://resources.cdn-kaspi.kz/img/p/r/529470842-110818355/389864f0-bdc9-42be-8727-dc85f9463c64.jpeg?format=review_small","medium":"https://resources.cdn-kaspi.kz/img/p/r/529470842-110818355/389864f0-bdc9-42be-8727-dc85f9463c64.jpeg?format=review_medium","large":"https://resources.cdn-kaspi.kz/img/p/r/529470842-110818355/389864f0-bdc9-42be-8727-dc85f9463c64.jpeg?format=review_large"}],"product":{"id":"110818355","name":"Пояс LARKO saunabelt M","categoryCode":"Master - Clothes for slimming","categoryName":"Одежда для похудения","link":"https://kaspi.kz/shop/p/pojas-larko-saunabelt-m-110818355/"},"merchant":{"name":"LARKO-KZ","code":"17629423"},"editable":false,"editedByCustomer":false},{"id":"8a5c5fbf9618f30801961f3bb6b5289e","author":"Елизавета","date":"10.04.2025","orderNumber":"506392925","rating":5,"comment":{"minus":"","plus":"","text":"Хотела оставить отзыв, все очень нравится, по размеру подошел + растягивается, эластичность и ткань нормальная. Здравствуйте."},"feedback":{"positive":0,"voted":false},"product":{"id":"110818355","name":"Пояс LARKO saunabelt M","categoryCode":"Master - Clothes for slimming","categoryName":"Одежда для похудения","link":"https://kaspi.kz/shop/p/pojas-larko-saunabelt-m-110818355/"},"merchant":{"name":"LARKO-KZ","code":"17629423"},"editable":false,"editedByCustomer":false},{"id":"8a5c67e59590f35d0195915524cc00ed","author":"Дамира","date":"14.03.2025","orderNumber":"512036130","rating":5,"comment":{"minus":"","plus":"","text":"Получила, еле одела. Взяла размер М. Но видимо так и нужно, чтоб был эффект. Буду в нем крутить обруч, чтоб уже наверняка схуднуть в талии."},"feedback":{"positive":0,"voted":false},"product":{"id":"110818355","name":"Пояс LARKO saunabelt M","categoryCode":"Master - Clothes for slimming","categoryName":"Одежда для похудения","link":"https://kaspi.kz/shop/p/pojas-larko-saunabelt-m-110818355/"},"merchant":{"name":"LARKO-KZ","code":"17629423"},"editable":false,"editedByCustomer":true},{"id":"8a5c5d8b95021f5d019527556f404c58","author":"Ұлпан","date":"21.02.2025","orderNumber":"491163709","rating":5,"comment":{"minus":"","plus":"","text":"Отличный инструмент для тех, кто занимается спортом, во время тренировки утягивает живот."},"feedback":{"positive":0,"voted":false},"product":{"id":"110818355","name":"Пояс LARKO saunabelt M","categoryCode":"Master - Clothes for slimming","categoryName":"Одежда для похудения","link":"https://kaspi.kz/shop/p/pojas-larko-saunabelt-m-110818355/"},"merchant":{"name":"LARKO-KZ","code":"17629423"},"editable":false,"editedByCustomer":false},{"id":"8a5c11aa9401960201940cacf7b11802","author":"Меруерт","date":"28.12.2024","orderNumber":"468971649","rating":5,"comment":{"minus":"","plus":"","text":"Размер дұрыс алмаппын, бірақ сонда да керемет екен."},"feedback":{"positive":0,"voted":false},"product":{"id":"110818355","name":"Пояс LARKO saunabelt M","categoryCode":"Master - Clothes for slimming","categoryName":"Одежда для похудения","link":"https://kaspi.kz/shop/p/pojas-larko-saunabelt-m-110818355/"},"merchant":{"name":"LARKO-KZ","code":"17629423"},"editable":false,"editedByCustomer":false},{"id":"8a5cc06b939557940193f389f5ea100f","author":"Назым","date":"23.12.2024","orderNumber":"468887053","rating":5,"comment":{"minus":"","plus":"","text":"Заказала этот товар, очень крутой, мне понравился, сегодня целый день одевала, думаю все уйдет живот."},"feedback":{"positive":0,"voted":false},"product":{"id":"110818355","name":"Пояс LARKO saunabelt M","categoryCode":"Master - Clothes for slimming","categoryName":"Одежда для похудения","link":"https://kaspi.kz/shop/p/pojas-larko-saunabelt-m-110818355/"},"merchant":{"name":"LARKO-KZ","code":"17629423"},"editable":false,"editedByCustomer":false},{"id":"8a5cfe09939556420193e377e18b798f","author":"Салтанат","date":"20.12.2024","orderNumber":"466806022","rating":5,"comment":{"minus":"","plus":"","text":"Классный пояс, второй раз беру в этом магазине, очень нравится."},"feedback":{"positive":0,"voted":false},"product":{"id":"110818355","name":"Пояс LARKO saunabelt M","categoryCode":"Master - Clothes for slimming","categoryName":"Одежда для похудения","link":"https://kaspi.kz/shop/p/pojas-larko-saunabelt-m-110818355/"},"merchant":{"name":"LARKO-KZ","code":"17629423"},"editable":false,"editedByCustomer":false},{"id":"8a5ce3de9347bdba019359861ea71b68","author":"Зарина","date":"23.11.2024","orderNumber":"447004055","rating":5,"comment":{"minus":"","plus":"","text":"Очень приятно и удобно. Размер в размер."},"feedback":{"positive":0,"voted":false},"product":{"id":"110818355","name":"Пояс LARKO saunabelt M","categoryCode":"Master - Clothes for slimming","categoryName":"Одежда для похудения","link":"https://kaspi.kz/shop/p/pojas-larko-saunabelt-m-110818355/"},"merchant":{"name":"LARKO-KZ","code":"17629423"},"editable":false,"editedByCustomer":false},{"id":"8a5cd2469347c061019352a43c8a10cb","author":"Валентина","date":"22.11.2024","orderNumber":"445299391","rating":5,"comment":{"minus":"","plus":"","text":"Спасибочки огромное. Быстрая доставка. Качество хорошее. Буду носить и ждать результат."},"feedback":{"positive":0,"voted":false},"product":{"id":"110818355","name":"Пояс LARKO saunabelt M","categoryCode":"Master - Clothes for slimming","categoryName":"Одежда для похудения","link":"https://kaspi.kz/shop/p/pojas-larko-saunabelt-m-110818355/"},"merchant":{"name":"LARKO-KZ","code":"17629423"},"editable":false,"editedByCustomer":false},{"id":"8a5cfaae9347bd8101934f8a08fc0e84","author":"Дарина","date":"21.11.2024","orderNumber":"445325351","rating":1,"comment":{"minus":"","plus":"","text":"Просят написать отзыв положительный за 500 тенге. Пояс заказал М размер, пришел S, маленький как на ребенка. "},"feedback":{"positive":0,"voted":false},"product":{"id":"110818355","name":"Пояс LARKO saunabelt M","categoryCode":"Master - Clothes for slimming","categoryName":"Одежда для похудения","link":"https://kaspi.kz/shop/p/pojas-larko-saunabelt-m-110818355/"},"merchant":{"name":"LARKO-KZ","code":"17629423"},"editable":false,"editedByCustomer":true},{"id":"8a5cbec49347c03801934a6addc106fe","author":"Гаухар","date":"20.11.2024","orderNumber":"445613661","rating":5,"comment":{"minus":"","plus":"","text":"Пояс пришел раньше времени. Доставка супер оперативно. Очень сильно понравился товар. Спасибо Larko."},"feedback":{"positive":0,"voted":false},"product":{"id":"110818355","name":"Пояс LARKO saunabelt M","categoryCode":"Master - Clothes for slimming","categoryName":"Одежда для похудения","link":"https://kaspi.kz/shop/p/pojas-larko-saunabelt-m-110818355/"},"merchant":{"name":"LARKO-KZ","code":"17629423"},"editable":false,"editedByCustomer":true},{"id":"8a5c2c3c924c495201925cd209d02033","author":"Жамиля","date":"05.10.2024","orderNumber":"420170178","rating":5,"comment":{"minus":"","plus":"","text":"Отличный пояс, надо брать на размер больше немного маломерит."},"feedback":{"positive":0,"voted":false},"product":{"id":"110818355","name":"Пояс LARKO saunabelt M","categoryCode":"Master - Clothes for slimming","categoryName":"Одежда для похудения","link":"https://kaspi.kz/shop/p/pojas-larko-saunabelt-m-110818355/"},"merchant":{"name":"LARKO-KZ","code":"17629423"},"editable":false,"editedByCustomer":false},{"id":"8a5cce4e90d8917c0190eaab1b99256b","author":"Маржан","date":"25.07.2024","orderNumber":"386530142","rating":1,"comment":{"minus":"","plus":"","text":"Өте кішкентай, не созылмайды, аяқ жатқанда жоғары жатқанда киілмейді,."},"feedback":{"positive":1,"voted":false},"product":{"id":"110818355","name":"Пояс LARKO saunabelt M","categoryCode":"Master - Clothes for slimming","categoryName":"Одежда для похудения","link":"https://kaspi.kz/shop/p/pojas-larko-saunabelt-m-110818355/"},"merchant":{"name":"LARKO-KZ","code":"17629423"},"editable":false,"editedByCustomer":false},{"id":"8a5ca8c28ecb44c6018eff83275f494a","author":"Жанерке","date":"21.04.2024","orderNumber":"344381376","rating":5,"comment":{"minus":"","plus":"","text":"Мен өзіме алып қолданып жүрмін. результаты күшті."},"feedback":{"positive":0,"voted":false},"product":{"id":"110818355","name":"Пояс LARKO saunabelt M","categoryCode":"Master - Clothes for slimming","categoryName":"Одежда для похудения","link":"https://kaspi.kz/shop/p/pojas-larko-saunabelt-m-110818355/"},"merchant":{"name":"LARKO-KZ","code":"17629423"},"editable":false,"editedByCustomer":false},{"id":"8a5ca0828e949362018e94964e6b0004","author":"Айганым","date":"02.04.2024","orderNumber":"342205151","rating":1,"comment":{"minus":"","plus":"","text":"Размер подошел, но очень коротенький. Я не знаю, может модели на которых они шили были короткими людьми. Мне он явно не подошел. Не рекомендую однозначно."},"feedback":{"positive":1,"voted":false},"product":{"id":"110818355","name":"Пояс LARKO saunabelt M","categoryCode":"Master - Clothes for slimming","categoryName":"Одежда для похудения","link":"https://kaspi.kz/shop/p/pojas-larko-saunabelt-m-110818355/"},"merchant":{"name":"LARKO-KZ","code":"17629423"},"editable":false,"editedByCustomer":false},{"id":"8a5c60cc8e56f3bf018e7b44d8573b5b","author":"Алия","date":"26.03.2024","orderNumber":"339749074","rating":1,"comment":{"minus":"","plus":"","text":"Размер келмеді, кішкентай, 2 размерге даже."},"feedback":{"positive":2,"voted":false},"product":{"id":"110818355","name":"Пояс LARKO saunabelt M","categoryCode":"Master - Clothes for slimming","categoryName":"Одежда для похудения","link":"https://kaspi.kz/shop/p/pojas-larko-saunabelt-m-110818355/"},"merchant":{"name":"LARKO-KZ","code":"17629423"},"editable":false,"editedByCustomer":false},{"id":"8a5c2cc58e6ede43018e7018daf402de","author":"Азира","date":"24.03.2024","orderNumber":"339724854","rating":3,"comment":{"minus":"","plus":"","text":"Прям сауна, эффект жок."},"feedback":{"positive":0,"voted":false},"product":{"id":"110818355","name":"Пояс LARKO saunabelt M","categoryCode":"Master - Clothes for slimming","categoryName":"Одежда для похудения","link":"https://kaspi.kz/shop/p/pojas-larko-saunabelt-m-110818355/"},"merchant":{"name":"LARKO-KZ","code":"17629423"},"editable":false,"editedByCustomer":false},{"id":"8a5c85898e2b5361018e2c885b3a0120","author":"Камиля","date":"11.03.2024","orderNumber":"330030471","rating":5,"comment":{"minus":"","plus":"","text":"Пояс хорошего качества! Советую! Доставили быстро. Результат есть!"},"feedback":{"positive":0,"voted":false},"product":{"id":"110818355","name":"Пояс LARKO saunabelt M","categoryCode":"Master - Clothes for slimming","categoryName":"Одежда для похудения","link":"https://kaspi.kz/shop/p/pojas-larko-saunabelt-m-110818355/"},"merchant":{"name":"LARKO-KZ","code":"17629423"},"editable":false,"editedByCustomer":false},{"id":"8a5c5aac8e0d19a7018e0d2af4bd001d","author":"Гулжамал","date":"05.03.2024","orderNumber":"330543756","rating":5,"comment":{"minus":"","plus":"","text":"Жақсы. Маған ұнады."},"feedback":{"positive":0,"voted":false},"product":{"id":"110818355","name":"Пояс LARKO saunabelt M","categoryCode":"Master - Clothes for slimming","categoryName":"Одежда для похудения","link":"https://kaspi.kz/shop/p/pojas-larko-saunabelt-m-110818355/"},"merchant":{"name":"LARKO-KZ","code":"17629423"},"editable":false,"editedByCustomer":false},{"id":"8a5cfaa48d398aea018d8ea504db72cf","author":"Айжан","date":"09.02.2024","orderNumber":"322830753","rating":4,"comment":{"minus":"","plus":"","text":"Пояс хороший, но не подошел по размеру."},"feedback":{"positive":2,"voted":false},"product":{"id":"110818355","name":"Пояс LARKO saunabelt M","categoryCode":"Master - Clothes for slimming","categoryName":"Одежда для похудения","link":"https://kaspi.kz/shop/p/pojas-larko-saunabelt-m-110818355/"},"merchant":{"name":"LARKO-KZ","code":"17629423"},"editable":false,"editedByCustomer":false},{"id":"8a5c222d8d05b4b2018d07636203024f","author":"Дина","date":"14.01.2024","orderNumber":"307956144","rating":5,"comment":{"minus":"","plus":"","text":"Отличный пояс, эффект чувствуется сразу. Утягивает живот и не заметен под одеждой! На тренировки самое то! Спасибо большое Larko-kz! Спасибо Каспи за быструю доставку!"},"feedback":{"positive":0,"voted":false},"product":{"id":"110818355","name":"Пояс LARKO saunabelt M","categoryCode":"Master - Clothes for slimming","categoryName":"Одежда для похудения","link":"https://kaspi.kz/shop/p/pojas-larko-saunabelt-m-110818355/"},"merchant":{"name":"LARKO-KZ","code":"17629423"},"editable":false,"editedByCustomer":false},{"id":"8a5c2cf688adac13018910a978800aea","author":"Людмила","date":"04.07.2023","orderNumber":"266289608","rating":5,"comment":{"minus":"","plus":"Хорошо утягивает, эффект сауны заметен сразу! Мне очень нравится!","text":"Советую всем девушкам желающим уменьшить талию."},"feedback":{"positive":1,"voted":false},"product":{"id":"110818355","name":"Пояс LARKO saunabelt M","categoryCode":"Master - Clothes for slimming","categoryName":"Одежда для похудения","link":"https://kaspi.kz/shop/p/pojas-larko-saunabelt-m-110818355/"},"merchant":null,"editable":false,"editedByCustomer":false}]}