{"data":[{"id":"8a5cfab59641b76901965414d9414e2e","author":"Аксулу","date":"20.04.2025","orderNumber":"530419138","rating":5,"comment":{"minus":"","plus":"","text":"Очень удобно, просто слов нет."},"feedback":{"positive":0,"voted":false},"product":{"id":"124527973","name":"LARKO orthosisright бандаж на голеностопный сустав черный, синий, белый размер S","categoryCode":"Master - Bandages and orthoses","categoryName":"Бандажи и ортезы","link":"https://kaspi.kz/shop/p/larko-orthosisright-bandazh-na-golenostopnyi-sustav-chernyi-sinii-belyi-razmer-s-124527973/"},"merchant":{"name":"LARKO-KZ","code":"17629423"},"editable":false,"editedByCustomer":false},{"id":"8a5c820c960e3e0f01960f2be34b02f4","author":"Дана","date":"07.04.2025","orderNumber":"527097631","rating":5,"comment":{"minus":"","plus":"","text":"Классная вещь, удобно ходить. Берегите ножки. Спасибо продавцу. Будьте здоровы."},"feedback":{"positive":0,"voted":false},"galleryImages":[{"id":"527097631-124527973/ed1a8508-51ad-4bc3-aace-b28c5e4135c2.jpeg","small":"https://resources.cdn-kaspi.kz/img/p/r/527097631-124527973/ed1a8508-51ad-4bc3-aace-b28c5e4135c2.jpeg?format=review_small","medium":"https://resources.cdn-kaspi.kz/img/p/r/527097631-124527973/ed1a8508-51ad-4bc3-aace-b28c5e4135c2.jpeg?format=review_medium","large":"https://resources.cdn-kaspi.kz/img/p/r/527097631-124527973/ed1a8508-51ad-4bc3-aace-b28c5e4135c2.jpeg?format=review_large"}],"product":{"id":"124527973","name":"LARKO orthosisright бандаж на голеностопный сустав черный, синий, белый размер S","categoryCode":"Master - Bandages and orthoses","categoryName":"Бандажи и ортезы","link":"https://kaspi.kz/shop/p/larko-orthosisright-bandazh-na-golenostopnyi-sustav-chernyi-sinii-belyi-razmer-s-124527973/"},"merchant":{"name":"LARKO-KZ","code":"17629423"},"editable":false,"editedByCustomer":false},{"id":"8a5c80839590f3c20195a9a04d590a6e","author":"Алена","date":"18.03.2025","orderNumber":"514621608","rating":5,"comment":{"minus":"","plus":"","text":"Очень удобный бандаж, полностью заменяет гипс."},"feedback":{"positive":0,"voted":false},"product":{"id":"124527973","name":"LARKO orthosisright бандаж на голеностопный сустав черный, синий, белый размер S","categoryCode":"Master - Bandages and orthoses","categoryName":"Бандажи и ортезы","link":"https://kaspi.kz/shop/p/larko-orthosisright-bandazh-na-golenostopnyi-sustav-chernyi-sinii-belyi-razmer-s-124527973/"},"merchant":{"name":"LARKO-KZ","code":"17629423"},"editable":false,"editedByCustomer":false},{"id":"8a5c020c959cf25d01959f1051e40ec6","author":"Марина","date":"16.03.2025","orderNumber":"514385077","rating":5,"comment":{"minus":"","plus":"","text":"Доставили раньше срока, ортез подошёл, спасибо большое, достойная замена гипса при переломе."},"feedback":{"positive":0,"voted":false},"galleryImages":[{"id":"514385077-124527973/16a920fe-d186-4e23-bc57-1d049a0262c2.jpeg","small":"https://resources.cdn-kaspi.kz/img/p/r/514385077-124527973/16a920fe-d186-4e23-bc57-1d049a0262c2.jpeg?format=review_small","medium":"https://resources.cdn-kaspi.kz/img/p/r/514385077-124527973/16a920fe-d186-4e23-bc57-1d049a0262c2.jpeg?format=review_medium","large":"https://resources.cdn-kaspi.kz/img/p/r/514385077-124527973/16a920fe-d186-4e23-bc57-1d049a0262c2.jpeg?format=review_large"}],"product":{"id":"124527973","name":"LARKO orthosisright бандаж на голеностопный сустав черный, синий, белый размер S","categoryCode":"Master - Bandages and orthoses","categoryName":"Бандажи и ортезы","link":"https://kaspi.kz/shop/p/larko-orthosisright-bandazh-na-golenostopnyi-sustav-chernyi-sinii-belyi-razmer-s-124527973/"},"merchant":{"name":"LARKO-KZ","code":"17629423"},"editable":false,"editedByCustomer":false},{"id":"8a5c306494dead580194f56291ee01a0","author":"Перизат","date":"11.02.2025","orderNumber":"492330094","rating":5,"comment":{"minus":"","plus":"","text":"Я довольна покупкой. Хорошо фиксируется на ноге, ощущение комфорта."},"feedback":{"positive":0,"voted":false},"product":{"id":"124527973","name":"LARKO orthosisright бандаж на голеностопный сустав черный, синий, белый размер S","categoryCode":"Master - Bandages and orthoses","categoryName":"Бандажи и ортезы","link":"https://kaspi.kz/shop/p/larko-orthosisright-bandazh-na-golenostopnyi-sustav-chernyi-sinii-belyi-razmer-s-124527973/"},"merchant":{"name":"LARKO-KZ","code":"17629423"},"editable":false,"editedByCustomer":false},{"id":"8a5c51fd946875a60194826a04c52917","author":"Мейірхат","date":"20.01.2025","orderNumber":"467464690","rating":5,"comment":{"minus":"","plus":"","text":"Спасибо магазину Larko. kz. Размер подошел. Цена намного ниже, чем в аптеках, а так же очень быстрая доставка. Спасибо большое."},"feedback":{"positive":0,"voted":false},"product":{"id":"124527973","name":"LARKO orthosisright бандаж на голеностопный сустав черный, синий, белый размер S","categoryCode":"Master - Bandages and orthoses","categoryName":"Бандажи и ортезы","link":"https://kaspi.kz/shop/p/larko-orthosisright-bandazh-na-golenostopnyi-sustav-chernyi-sinii-belyi-razmer-s-124527973/"},"merchant":{"name":"LARKO-KZ","code":"17629423"},"editable":false,"editedByCustomer":false},{"id":"8a5cd4a294019711019408454a3c0f89","author":"Камшат","date":"27.12.2024","orderNumber":"471224493","rating":5,"comment":{"minus":"","plus":"","text":"Очень удобный бандаж, с надёжным укреплением. Своевременная быстрая доставка, отличное качество."},"feedback":{"positive":0,"voted":false},"product":{"id":"124527973","name":"LARKO orthosisright бандаж на голеностопный сустав черный, синий, белый размер S","categoryCode":"Master - Bandages and orthoses","categoryName":"Бандажи и ортезы","link":"https://kaspi.kz/shop/p/larko-orthosisright-bandazh-na-golenostopnyi-sustav-chernyi-sinii-belyi-razmer-s-124527973/"},"merchant":{"name":"LARKO-KZ","code":"17629423"},"editable":false,"editedByCustomer":false},{"id":"8a5c4ed9939557590193f4a65a30118d","author":"Альбина","date":"23.12.2024","orderNumber":"466699665","rating":5,"comment":{"minus":"","plus":"","text":"Был как-то странно упакован. Сам бандаж намного лучше гипса, очень комфортно!"},"feedback":{"positive":0,"voted":false},"product":{"id":"124527973","name":"LARKO orthosisright бандаж на голеностопный сустав черный, синий, белый размер S","categoryCode":"Master - Bandages and orthoses","categoryName":"Бандажи и ортезы","link":"https://kaspi.kz/shop/p/larko-orthosisright-bandazh-na-golenostopnyi-sustav-chernyi-sinii-belyi-razmer-s-124527973/"},"merchant":{"name":"LARKO-KZ","code":"17629423"},"editable":false,"editedByCustomer":false},{"id":"8a5c528d939556e10193b601836a367e","author":"Людмила","date":"11.12.2024","orderNumber":"459642692","rating":5,"comment":{"minus":"","plus":"","text":"Спасибо огромное! Хорошая штука. Заказала ребенку, прямо хорошо подошёл."},"feedback":{"positive":0,"voted":false},"galleryImages":[{"id":"459642692-124527973/2c1506dc-343a-4e2d-8528-a8331d027a90.jpeg","small":"https://resources.cdn-kaspi.kz/img/p/r/459642692-124527973/2c1506dc-343a-4e2d-8528-a8331d027a90.jpeg?format=review_small","medium":"https://resources.cdn-kaspi.kz/img/p/r/459642692-124527973/2c1506dc-343a-4e2d-8528-a8331d027a90.jpeg?format=review_medium","large":"https://resources.cdn-kaspi.kz/img/p/r/459642692-124527973/2c1506dc-343a-4e2d-8528-a8331d027a90.jpeg?format=review_large"}],"product":{"id":"124527973","name":"LARKO orthosisright бандаж на голеностопный сустав черный, синий, белый размер S","categoryCode":"Master - Bandages and orthoses","categoryName":"Бандажи и ортезы","link":"https://kaspi.kz/shop/p/larko-orthosisright-bandazh-na-golenostopnyi-sustav-chernyi-sinii-belyi-razmer-s-124527973/"},"merchant":{"name":"LARKO-KZ","code":"17629423"},"editable":false,"editedByCustomer":false},{"id":"8a5c5da792fbed0f019316d7f8b52318","author":"Александра","date":"10.11.2024","orderNumber":"438650338","rating":5,"comment":{"minus":"","plus":"","text":"Лучше чем гипс, удобней, легче. Но не угадала с размером. У меня 37, а палец чуть выпирает, ну ничего страшного, это не навсегда."},"feedback":{"positive":0,"voted":false},"product":{"id":"124527973","name":"LARKO orthosisright бандаж на голеностопный сустав черный, синий, белый размер S","categoryCode":"Master - Bandages and orthoses","categoryName":"Бандажи и ортезы","link":"https://kaspi.kz/shop/p/larko-orthosisright-bandazh-na-golenostopnyi-sustav-chernyi-sinii-belyi-razmer-s-124527973/"},"merchant":{"name":"LARKO-KZ","code":"17629423"},"editable":false,"editedByCustomer":false}]}