{"data":[{"id":"8a5cadc29618f2fa01965d4e7e712ac4","author":"Ботагоз","date":"22.04.2025","orderNumber":"535932927","rating":5,"comment":{"minus":"","plus":"","text":"Понравилось. Качественный, мягкий, удобный."},"feedback":{"positive":0,"voted":false},"product":{"id":"131614933","name":"Стринги LARKO Shapingbeige2 бежевый M","categoryCode":"Master - Women panties","categoryName":"Женские трусы","link":"https://kaspi.kz/shop/p/stringi-larko-shapingbeige2-bezhevyi-m-131614933/"},"merchant":{"name":"LARKO-KZ","code":"17629423"},"editable":false,"editedByCustomer":false},{"id":"8a5cadc29618f2fa01963ed6255f3415","author":"Асет","date":"16.04.2025","orderNumber":"510054083","rating":5,"comment":{"minus":"","plus":"","text":"Жене понравились. Хорошая однако вещь."},"feedback":{"positive":0,"voted":false},"product":{"id":"131614933","name":"Стринги LARKO Shapingbeige2 бежевый M","categoryCode":"Master - Women panties","categoryName":"Женские трусы","link":"https://kaspi.kz/shop/p/stringi-larko-shapingbeige2-bezhevyi-m-131614933/"},"merchant":{"name":"LARKO-KZ","code":"17629423"},"editable":false,"editedByCustomer":false}]}