{"data":[{"id":"8a5c54a8964c16f601965baeafe13cb3","author":"Мубарак","date":"22.04.2025","orderNumber":"534674382","rating":4,"comment":{"minus":"","plus":"","text":"Гигрометр хороший, есть показатель температуры по Цельсию и форенгейту. Кроме того, показывает время в формате 24 часа. Единственный минус - нет подсветки, чтобы заглянуть в ночное время."},"feedback":{"positive":0,"voted":false},"product":{"id":"136606740","name":"LARKO гигрометр Square Big Hygrometer 8218","categoryCode":"Master - Hygrometers","categoryName":"Гигрометры","link":"https://kaspi.kz/shop/p/larko-gigrometr-square-big-hygrometer-8218-136606740/"},"merchant":{"name":"LARKO-KZ","code":"17629423"},"editable":false,"editedByCustomer":false},{"id":"8a5c1cad9618f3120196484cbd8c59d1","author":"Шамшинур","date":"18.04.2025","orderNumber":"531694858","rating":5,"comment":{"minus":"","plus":"","text":"Отличный гигрометр."},"feedback":{"positive":0,"voted":false},"product":{"id":"136606740","name":"LARKO гигрометр Square Big Hygrometer 8218","categoryCode":"Master - Hygrometers","categoryName":"Гигрометры","link":"https://kaspi.kz/shop/p/larko-gigrometr-square-big-hygrometer-8218-136606740/"},"merchant":{"name":"LARKO-KZ","code":"17629423"},"editable":false,"editedByCustomer":false},{"id":"8a5cf33595f524530196106174b87ac9","author":"Салтанат","date":"07.04.2025","orderNumber":"523316955","rating":5,"comment":{"minus":"","plus":"","text":"Товар супер! Доставили быстро."},"feedback":{"positive":0,"voted":false},"galleryImages":[{"id":"523316955-136606740/a3ea75e9-a1ff-42a5-bad0-887bacdbf67d.jpeg","small":"https://resources.cdn-kaspi.kz/img/p/r/523316955-136606740/a3ea75e9-a1ff-42a5-bad0-887bacdbf67d.jpeg?format=review_small","medium":"https://resources.cdn-kaspi.kz/img/p/r/523316955-136606740/a3ea75e9-a1ff-42a5-bad0-887bacdbf67d.jpeg?format=review_medium","large":"https://resources.cdn-kaspi.kz/img/p/r/523316955-136606740/a3ea75e9-a1ff-42a5-bad0-887bacdbf67d.jpeg?format=review_large"},{"id":"523316955-136606740/6a30132c-ae78-48b6-b292-22df2e0cddca.jpeg","small":"https://resources.cdn-kaspi.kz/img/p/r/523316955-136606740/6a30132c-ae78-48b6-b292-22df2e0cddca.jpeg?format=review_small","medium":"https://resources.cdn-kaspi.kz/img/p/r/523316955-136606740/6a30132c-ae78-48b6-b292-22df2e0cddca.jpeg?format=review_medium","large":"https://resources.cdn-kaspi.kz/img/p/r/523316955-136606740/6a30132c-ae78-48b6-b292-22df2e0cddca.jpeg?format=review_large"}],"product":{"id":"136606740","name":"LARKO гигрометр Square Big Hygrometer 8218","categoryCode":"Master - Hygrometers","categoryName":"Гигрометры","link":"https://kaspi.kz/shop/p/larko-gigrometr-square-big-hygrometer-8218-136606740/"},"merchant":{"name":"LARKO-KZ","code":"17629423"},"editable":false,"editedByCustomer":false},{"id":"8a5c251a95f526360196100cfd56779d","author":"Елена","date":"07.04.2025","orderNumber":"524397258","rating":5,"comment":{"minus":"","plus":"","text":"Отличный компактный гигрометр."},"feedback":{"positive":0,"voted":false},"product":{"id":"136606740","name":"LARKO гигрометр Square Big Hygrometer 8218","categoryCode":"Master - Hygrometers","categoryName":"Гигрометры","link":"https://kaspi.kz/shop/p/larko-gigrometr-square-big-hygrometer-8218-136606740/"},"merchant":{"name":"LARKO-KZ","code":"17629423"},"editable":false,"editedByCustomer":false},{"id":"8a5ccd509604160c019605a2b04d06d5","author":"Талгат","date":"05.04.2025","orderNumber":"525259755","rating":5,"comment":{"minus":"","plus":"","text":"Пришло раньше времени. Классный гигрометр и часы два в одном! Можно крепить на металлическую поверхность, есть магнит и ушко для самореза, плюс на батарейке очень удобный. Спасибо продавцу."},"feedback":{"positive":0,"voted":false},"galleryImages":[{"id":"525259755-136606740/eaa9b11e-aafb-48b0-a7d8-21e3d1641fc8.jpeg","small":"https://resources.cdn-kaspi.kz/img/p/r/525259755-136606740/eaa9b11e-aafb-48b0-a7d8-21e3d1641fc8.jpeg?format=review_small","medium":"https://resources.cdn-kaspi.kz/img/p/r/525259755-136606740/eaa9b11e-aafb-48b0-a7d8-21e3d1641fc8.jpeg?format=review_medium","large":"https://resources.cdn-kaspi.kz/img/p/r/525259755-136606740/eaa9b11e-aafb-48b0-a7d8-21e3d1641fc8.jpeg?format=review_large"},{"id":"525259755-136606740/dcbfea81-7de9-40e8-a960-405b7619b86e.jpeg","small":"https://resources.cdn-kaspi.kz/img/p/r/525259755-136606740/dcbfea81-7de9-40e8-a960-405b7619b86e.jpeg?format=review_small","medium":"https://resources.cdn-kaspi.kz/img/p/r/525259755-136606740/dcbfea81-7de9-40e8-a960-405b7619b86e.jpeg?format=review_medium","large":"https://resources.cdn-kaspi.kz/img/p/r/525259755-136606740/dcbfea81-7de9-40e8-a960-405b7619b86e.jpeg?format=review_large"},{"id":"525259755-136606740/2fd76c47-9b77-4dfc-b99a-647faa081af2.jpeg","small":"https://resources.cdn-kaspi.kz/img/p/r/525259755-136606740/2fd76c47-9b77-4dfc-b99a-647faa081af2.jpeg?format=review_small","medium":"https://resources.cdn-kaspi.kz/img/p/r/525259755-136606740/2fd76c47-9b77-4dfc-b99a-647faa081af2.jpeg?format=review_medium","large":"https://resources.cdn-kaspi.kz/img/p/r/525259755-136606740/2fd76c47-9b77-4dfc-b99a-647faa081af2.jpeg?format=review_large"},{"id":"525259755-136606740/2cb8c5d7-5d7b-47b5-a310-868878027f65.jpeg","small":"https://resources.cdn-kaspi.kz/img/p/r/525259755-136606740/2cb8c5d7-5d7b-47b5-a310-868878027f65.jpeg?format=review_small","medium":"https://resources.cdn-kaspi.kz/img/p/r/525259755-136606740/2cb8c5d7-5d7b-47b5-a310-868878027f65.jpeg?format=review_medium","large":"https://resources.cdn-kaspi.kz/img/p/r/525259755-136606740/2cb8c5d7-5d7b-47b5-a310-868878027f65.jpeg?format=review_large"},{"id":"525259755-136606740/e863177e-dcc3-4862-8cba-b1ab8c3f51a6.jpeg","small":"https://resources.cdn-kaspi.kz/img/p/r/525259755-136606740/e863177e-dcc3-4862-8cba-b1ab8c3f51a6.jpeg?format=review_small","medium":"https://resources.cdn-kaspi.kz/img/p/r/525259755-136606740/e863177e-dcc3-4862-8cba-b1ab8c3f51a6.jpeg?format=review_medium","large":"https://resources.cdn-kaspi.kz/img/p/r/525259755-136606740/e863177e-dcc3-4862-8cba-b1ab8c3f51a6.jpeg?format=review_large"}],"product":{"id":"136606740","name":"LARKO гигрометр Square Big Hygrometer 8218","categoryCode":"Master - Hygrometers","categoryName":"Гигрометры","link":"https://kaspi.kz/shop/p/larko-gigrometr-square-big-hygrometer-8218-136606740/"},"merchant":{"name":"LARKO-KZ","code":"17629423"},"editable":false,"editedByCustomer":false},{"id":"8a5cba5a95acfcd60195f02161a85530","author":"Гаухар","date":"01.04.2025","orderNumber":"522381585","rating":5,"comment":{"minus":"","plus":"","text":"Гигрометр хороший. Работает, показывает температуру, влажность и время. Даже календарь и будильник есть."},"feedback":{"positive":0,"voted":false},"product":{"id":"136606740","name":"LARKO гигрометр Square Big Hygrometer 8218","categoryCode":"Master - Hygrometers","categoryName":"Гигрометры","link":"https://kaspi.kz/shop/p/larko-gigrometr-square-big-hygrometer-8218-136606740/"},"merchant":{"name":"LARKO-KZ","code":"17629423"},"editable":false,"editedByCustomer":false}]}