{"data":[{"id":"8a5c1df096325a3801963400ba170968","author":"Андрей","date":"14.04.2025","orderNumber":"509432612","rating":5,"comment":{"minus":"","plus":"","text":"Не знаю как другим это вещь, но мне она очень понравилась, она мне очень помогает, когда начинаются боли в позвоночнике, у меня грыжа защемление седалищного нерва и сильные прострои из-за подъёма тежолога, я благодарен тому, кто придумал и разработал и изготовил эту петлю, не знаю как другим, но я доволен этим приобретением."},"feedback":{"positive":0,"voted":false},"product":{"id":"128788653","name":"LARKO Glissonloop","categoryCode":"Master - Resistance trainers","categoryName":"Тренировочные петли","link":"https://kaspi.kz/shop/p/larko-glissonloop-128788653/"},"merchant":{"name":"LARKO-KZ","code":"17629423"},"editable":false,"editedByCustomer":false},{"id":"8a5ca085963206ee019633eaf0eb092d","author":"Давлатбек","date":"14.04.2025","orderNumber":"521720409","rating":5,"comment":{"minus":"","plus":"","text":"Петля сделана качественно, со своими функциями справляется. Проходят шейные боли, вытягивает зажимы позвонков."},"feedback":{"positive":1,"voted":false},"product":{"id":"128788653","name":"LARKO Glissonloop","categoryCode":"Master - Resistance trainers","categoryName":"Тренировочные петли","link":"https://kaspi.kz/shop/p/larko-glissonloop-128788653/"},"merchant":{"name":"LARKO-KZ","code":"17629423"},"editable":false,"editedByCustomer":false},{"id":"8a5c30729618f3d2019633eb71ed01d2","author":"Кайрат","date":"14.04.2025","orderNumber":"491020191","rating":4,"comment":{"minus":"","plus":"","text":"Пришло быстро. За свою цену вполне хороший. Легкий, маленький и удобно складывается, можно таскать с собой в кармане куртки."},"feedback":{"positive":1,"voted":false},"product":{"id":"128788653","name":"LARKO Glissonloop","categoryCode":"Master - Resistance trainers","categoryName":"Тренировочные петли","link":"https://kaspi.kz/shop/p/larko-glissonloop-128788653/"},"merchant":{"name":"LARKO-KZ","code":"17629423"},"editable":false,"editedByCustomer":false},{"id":"8a5c1cad9618f312019633d896cb02c2","author":"Кайдар","date":"14.04.2025","orderNumber":"492394777","rating":5,"comment":{"minus":"","plus":"","text":"Очень хорошая вещь, рекомендую, только выбирайте под свой вес."},"feedback":{"positive":1,"voted":false},"product":{"id":"128788653","name":"LARKO Glissonloop","categoryCode":"Master - Resistance trainers","categoryName":"Тренировочные петли","link":"https://kaspi.kz/shop/p/larko-glissonloop-128788653/"},"merchant":{"name":"LARKO-KZ","code":"17629423"},"editable":false,"editedByCustomer":false},{"id":"8a5ca085963206ee019633d53ea00875","author":"Лязат","date":"14.04.2025","orderNumber":"514647757","rating":5,"comment":{"minus":"","plus":"","text":"Товар доставлен вовремя! Со всеми комплектующим! Огромное спасибо! Очень прост в использовании! Рекомендуем!"},"feedback":{"positive":1,"voted":false},"product":{"id":"128788653","name":"LARKO Glissonloop","categoryCode":"Master - Resistance trainers","categoryName":"Тренировочные петли","link":"https://kaspi.kz/shop/p/larko-glissonloop-128788653/"},"merchant":{"name":"LARKO-KZ","code":"17629423"},"editable":false,"editedByCustomer":false},{"id":"8a5c71f09401964701942a5241743ff3","author":"Сауле","date":"03.01.2025","orderNumber":"438711976","rating":5,"comment":{"minus":"","plus":"","text":"Классный товар. Помогает!"},"feedback":{"positive":1,"voted":false},"product":{"id":"128788653","name":"LARKO Glissonloop","categoryCode":"Master - Resistance trainers","categoryName":"Тренировочные петли","link":"https://kaspi.kz/shop/p/larko-glissonloop-128788653/"},"merchant":{"name":"LARKO-KZ","code":"17629423"},"editable":false,"editedByCustomer":false},{"id":"8a5c1dd1939557340193ee1b361e08fd","author":"Мади","date":"22.12.2024","orderNumber":"465555469","rating":5,"comment":{"minus":"","plus":"","text":"Тез келді, рахмет, сапасы."},"feedback":{"positive":2,"voted":false},"product":{"id":"128788653","name":"LARKO Glissonloop","categoryCode":"Master - Resistance trainers","categoryName":"Тренировочные петли","link":"https://kaspi.kz/shop/p/larko-glissonloop-128788653/"},"merchant":{"name":"LARKO-KZ","code":"17629423"},"editable":false,"editedByCustomer":false},{"id":"8a5c5eaa9366cc42019370ece52e0f9b","author":"Мухтар","date":"28.11.2024","orderNumber":"449739185","rating":5,"comment":{"minus":"","plus":"","text":"Жақсы ұнады, рахмет."},"feedback":{"positive":1,"voted":false},"product":{"id":"128788653","name":"LARKO Glissonloop","categoryCode":"Master - Resistance trainers","categoryName":"Тренировочные петли","link":"https://kaspi.kz/shop/p/larko-glissonloop-128788653/"},"merchant":{"name":"LARKO-KZ","code":"17629423"},"editable":false,"editedByCustomer":false},{"id":"8a5cc62d933d6ae301933fbed12604d6","author":"Элёр","date":"21.11.2024","orderNumber":"446570745","rating":1,"comment":{"minus":"","plus":"","text":"Туфта голимая, чисто детям брать годовалым, комментарии не читайте, сами себе пишут, в частности компания Larko-KZ не сделала ничего, что бы разрешить данную ситуацию, написали товар не подлежит возврату и скинули видео, как правильно надевать этот ошейник."},"feedback":{"positive":12,"voted":false},"product":{"id":"128788653","name":"LARKO Glissonloop","categoryCode":"Master - Resistance trainers","categoryName":"Тренировочные петли","link":"https://kaspi.kz/shop/p/larko-glissonloop-128788653/"},"merchant":{"name":"LARKO-KZ","code":"17629423"},"editable":false,"editedByCustomer":false},{"id":"8a5c2ad29338f44e019339637c4d0156","author":"Валерий","date":"17.11.2024","orderNumber":"434673850","rating":5,"comment":{"minus":"","plus":"","text":"Легко собирается и настраивается."},"feedback":{"positive":1,"voted":false},"product":{"id":"128788653","name":"LARKO Glissonloop","categoryCode":"Master - Resistance trainers","categoryName":"Тренировочные петли","link":"https://kaspi.kz/shop/p/larko-glissonloop-128788653/"},"merchant":{"name":"LARKO-KZ","code":"17629423"},"editable":false,"editedByCustomer":false},{"id":"8a5cfaae9309f4f501930cdea58a0431","author":"Жансая","date":"08.11.2024","orderNumber":"438611851","rating":5,"comment":{"minus":"","plus":"","text":"Получили! Качество и сервис супер."},"feedback":{"positive":1,"voted":false},"product":{"id":"128788653","name":"LARKO Glissonloop","categoryCode":"Master - Resistance trainers","categoryName":"Тренировочные петли","link":"https://kaspi.kz/shop/p/larko-glissonloop-128788653/"},"merchant":{"name":"LARKO-KZ","code":"17629423"},"editable":false,"editedByCustomer":false},{"id":"8a5c67e19300de1e01930c1a015b0e1c","author":"Сымбат","date":"08.11.2024","orderNumber":"435694645","rating":5,"comment":{"minus":"","plus":"","text":"Работает как надо."},"feedback":{"positive":1,"voted":false},"product":{"id":"128788653","name":"LARKO Glissonloop","categoryCode":"Master - Resistance trainers","categoryName":"Тренировочные петли","link":"https://kaspi.kz/shop/p/larko-glissonloop-128788653/"},"merchant":{"name":"LARKO-KZ","code":"17629423"},"editable":false,"editedByCustomer":false},{"id":"8a5c2cee93004c41019302751501056b","author":"Екатерина","date":"06.11.2024","orderNumber":"437960849","rating":5,"comment":{"minus":"","plus":"","text":"Спасибо за быструю доставку. Товар хорошего качества, только собрала, завтра буду пробовать в использовании."},"feedback":{"positive":1,"voted":false},"product":{"id":"128788653","name":"LARKO Glissonloop","categoryCode":"Master - Resistance trainers","categoryName":"Тренировочные петли","link":"https://kaspi.kz/shop/p/larko-glissonloop-128788653/"},"merchant":{"name":"LARKO-KZ","code":"17629423"},"editable":false,"editedByCustomer":false},{"id":"8a5cc62d92750b680192c151a72f71f2","author":"Валентина","date":"25.10.2024","orderNumber":"430061188","rating":5,"comment":{"minus":"","plus":"","text":"Хорошо растягивает шею, мне понравилось."},"feedback":{"positive":1,"voted":false},"product":{"id":"128788653","name":"LARKO Glissonloop","categoryCode":"Master - Resistance trainers","categoryName":"Тренировочные петли","link":"https://kaspi.kz/shop/p/larko-glissonloop-128788653/"},"merchant":{"name":"LARKO-KZ","code":"17629423"},"editable":false,"editedByCustomer":false},{"id":"8a5cc3a392b740ca0192b980090e040d","author":"Александра","date":"23.10.2024","orderNumber":"430451202","rating":5,"comment":{"minus":"","plus":"","text":"Спасибо, быстрая доставка, качественный товар."},"feedback":{"positive":1,"voted":false},"product":{"id":"128788653","name":"LARKO Glissonloop","categoryCode":"Master - Resistance trainers","categoryName":"Тренировочные петли","link":"https://kaspi.kz/shop/p/larko-glissonloop-128788653/"},"merchant":{"name":"LARKO-KZ","code":"17629423"},"editable":false,"editedByCustomer":false},{"id":"8a5c118692a83a320192a884ca270044","author":"Мурат","date":"20.10.2024","orderNumber":"428230582","rating":5,"comment":{"minus":"","plus":"","text":"Доставили вовремя, упаковано хорошо. Качество изделия хорошее, крючок крепкий, механизм работает без нареканий."},"feedback":{"positive":1,"voted":false},"product":{"id":"128788653","name":"LARKO Glissonloop","categoryCode":"Master - Resistance trainers","categoryName":"Тренировочные петли","link":"https://kaspi.kz/shop/p/larko-glissonloop-128788653/"},"merchant":{"name":"LARKO-KZ","code":"17629423"},"editable":false,"editedByCustomer":false}]}