{"data":[{"id":"8a5c1cad9618f312019634b873410b1e","author":"Анель","date":"16.04.2025","orderNumber":"531146890","rating":5,"comment":{"minus":"","plus":"","text":"Күшті прям."},"feedback":{"positive":0,"voted":false},"galleryImages":[{"id":"531146890-110482220/a922dcd0-9349-4f27-8fe4-0cc129bc8a63.jpeg","small":"https://resources.cdn-kaspi.kz/img/p/r/531146890-110482220/a922dcd0-9349-4f27-8fe4-0cc129bc8a63.jpeg?format=review_small","medium":"https://resources.cdn-kaspi.kz/img/p/r/531146890-110482220/a922dcd0-9349-4f27-8fe4-0cc129bc8a63.jpeg?format=review_medium","large":"https://resources.cdn-kaspi.kz/img/p/r/531146890-110482220/a922dcd0-9349-4f27-8fe4-0cc129bc8a63.jpeg?format=review_large"}],"product":{"id":"110482220","name":"Майка LARKO майка на застежке с эффектом сауны L, XL","categoryCode":"Master - Clothes for slimming","categoryName":"Одежда для похудения","link":"https://kaspi.kz/shop/p/maika-larko-maika-na-zastezhke-s-effektom-sauny-l-xl-110482220/"},"merchant":{"name":"LARKO-KZ","code":"17629423"},"editable":false,"editedByCustomer":false},{"id":"8a5c5a82963235bc01963c539b592d22","author":"Марьяна","date":"16.04.2025","orderNumber":"529127612","rating":5,"comment":{"minus":"","plus":"","text":"Пишу отзыв после тренировки в этой майке, сидит идеально, не скользит по телу, хоть и тренировка была интенсивная, батуты, майка сидит плотно. Накопленную Влагу не пропускает вниз, рекомендую."},"feedback":{"positive":0,"voted":false},"product":{"id":"110482220","name":"Майка LARKO майка на застежке с эффектом сауны L, XL","categoryCode":"Master - Clothes for slimming","categoryName":"Одежда для похудения","link":"https://kaspi.kz/shop/p/maika-larko-maika-na-zastezhke-s-effektom-sauny-l-xl-110482220/"},"merchant":{"name":"LARKO-KZ","code":"17629423"},"editable":false,"editedByCustomer":false},{"id":"8a5c580695acfd8b0195f2a089e365a0","author":"Мөлдір","date":"01.04.2025","orderNumber":"515625434","rating":5,"comment":{"minus":"","plus":"","text":"Доставили раньше срока, довольна покупкой. За свою цену хорошая вещь. Спасибо магазину Larko-kz. Советую всем."},"feedback":{"positive":0,"voted":false},"product":{"id":"110482220","name":"Майка LARKO майка на застежке с эффектом сауны L, XL","categoryCode":"Master - Clothes for slimming","categoryName":"Одежда для похудения","link":"https://kaspi.kz/shop/p/maika-larko-maika-na-zastezhke-s-effektom-sauny-l-xl-110482220/"},"merchant":{"name":"LARKO-KZ","code":"17629423"},"editable":false,"editedByCustomer":false},{"id":"8a5c621095caf9cc0195f03eed342e78","author":"Гульжан","date":"01.04.2025","orderNumber":"515464533","rating":5,"comment":{"minus":"","plus":"","text":"Доставили раньше срока. Качество отличное, самое главное нет посторонних запахов. Работает на 100%! Ношу во время тренировок и дома! Покупкой довольна! Спасибо."},"feedback":{"positive":0,"voted":false},"product":{"id":"110482220","name":"Майка LARKO майка на застежке с эффектом сауны L, XL","categoryCode":"Master - Clothes for slimming","categoryName":"Одежда для похудения","link":"https://kaspi.kz/shop/p/maika-larko-maika-na-zastezhke-s-effektom-sauny-l-xl-110482220/"},"merchant":{"name":"LARKO-KZ","code":"17629423"},"editable":false,"editedByCustomer":false},{"id":"8a5c9dbc95acfdf50195f02f653c52b6","author":"Зарина","date":"01.04.2025","orderNumber":"514733842","rating":5,"comment":{"minus":"","plus":"","text":"Хорошая майка и лосины для тренировок самое то."},"feedback":{"positive":0,"voted":false},"product":{"id":"110482220","name":"Майка LARKO майка на застежке с эффектом сауны L, XL","categoryCode":"Master - Clothes for slimming","categoryName":"Одежда для похудения","link":"https://kaspi.kz/shop/p/maika-larko-maika-na-zastezhke-s-effektom-sauny-l-xl-110482220/"},"merchant":{"name":"LARKO-KZ","code":"17629423"},"editable":false,"editedByCustomer":false},{"id":"8a5cc38595acfcab0195c742323a12a3","author":"Қалдыкүл","date":"24.03.2025","orderNumber":"519517953","rating":5,"comment":{"minus":"","plus":"","text":"Очень понравилось, качество очень хорошее, советую покупать."},"feedback":{"positive":0,"voted":false},"product":{"id":"110482220","name":"Майка LARKO майка на застежке с эффектом сауны L, XL","categoryCode":"Master - Clothes for slimming","categoryName":"Одежда для похудения","link":"https://kaspi.kz/shop/p/maika-larko-maika-na-zastezhke-s-effektom-sauny-l-xl-110482220/"},"merchant":{"name":"LARKO-KZ","code":"17629423"},"editable":false,"editedByCustomer":false},{"id":"8a5c555095367619019551a4cafb11ae","author":"Дана","date":"01.03.2025","orderNumber":"501405743","rating":5,"comment":{"minus":"","plus":"","text":"Качество отличное. Получила свою майку и повторили заказ для дочи. Спасибо магазину LARKO KZ за быструю доставку."},"feedback":{"positive":0,"voted":false},"product":{"id":"110482220","name":"Майка LARKO майка на застежке с эффектом сауны L, XL","categoryCode":"Master - Clothes for slimming","categoryName":"Одежда для похудения","link":"https://kaspi.kz/shop/p/maika-larko-maika-na-zastezhke-s-effektom-sauny-l-xl-110482220/"},"merchant":{"name":"LARKO-KZ","code":"17629423"},"editable":false,"editedByCustomer":false},{"id":"8a5c370b953676280195519341f61069","author":"Дана","date":"01.03.2025","orderNumber":"505380655","rating":5,"comment":{"minus":"","plus":"","text":"Качество отличное. Получила свою майку и сразу повторили заказ для дочи. Спасибо магазину LARKO KZ."},"feedback":{"positive":0,"voted":false},"product":{"id":"110482220","name":"Майка LARKO майка на застежке с эффектом сауны L, XL","categoryCode":"Master - Clothes for slimming","categoryName":"Одежда для похудения","link":"https://kaspi.kz/shop/p/maika-larko-maika-na-zastezhke-s-effektom-sauny-l-xl-110482220/"},"merchant":{"name":"LARKO-KZ","code":"17629423"},"editable":false,"editedByCustomer":true},{"id":"8a5c5550953676190195482cc0a36c2b","author":"Алтыннур","date":"27.02.2025","orderNumber":"503466480","rating":5,"comment":{"minus":"","plus":"","text":"Майка бүгін келді өте тамаша екен ішті керемет тартып тұрады екен кеудені ұстап тұрады. Маған қатты ұнады размері дәл келді жаттығу жасағанда жақсы екен терлеуге. Ларко дүкеніне және Каспи сервисіне мың алғыс! Алыңыздар, өкінбейсіздер!."},"feedback":{"positive":0,"voted":false},"product":{"id":"110482220","name":"Майка LARKO майка на застежке с эффектом сауны L, XL","categoryCode":"Master - Clothes for slimming","categoryName":"Одежда для похудения","link":"https://kaspi.kz/shop/p/maika-larko-maika-na-zastezhke-s-effektom-sauny-l-xl-110482220/"},"merchant":{"name":"LARKO-KZ","code":"17629423"},"editable":false,"editedByCustomer":false},{"id":"8a5c19519536765d0195425918054c12","author":"Бейбит","date":"27.02.2025","orderNumber":"502477874","rating":5,"comment":{"minus":"","plus":"","text":"Покупкой довольна! Очень понравился, швы аккуратные, всё супер! Доставили на день раньше, спасибо магазину Larko!"},"feedback":{"positive":0,"voted":false},"product":{"id":"110482220","name":"Майка LARKO майка на застежке с эффектом сауны L, XL","categoryCode":"Master - Clothes for slimming","categoryName":"Одежда для похудения","link":"https://kaspi.kz/shop/p/maika-larko-maika-na-zastezhke-s-effektom-sauny-l-xl-110482220/"},"merchant":{"name":"LARKO-KZ","code":"17629423"},"editable":false,"editedByCustomer":false},{"id":"8a5c5d9b9401953a01945df4510675f6","author":"Наргиза","date":"13.01.2025","orderNumber":"477921313","rating":5,"comment":{"minus":"","plus":"","text":"Очень довольна покупкой, отличная майка, эффект сауны действительно есть, спасибо большое. Рекомендую."},"feedback":{"positive":0,"voted":false},"product":{"id":"110482220","name":"Майка LARKO майка на застежке с эффектом сауны L, XL","categoryCode":"Master - Clothes for slimming","categoryName":"Одежда для похудения","link":"https://kaspi.kz/shop/p/maika-larko-maika-na-zastezhke-s-effektom-sauny-l-xl-110482220/"},"merchant":{"name":"LARKO-KZ","code":"17629423"},"editable":false,"editedByCustomer":false},{"id":"8a5c809f94019544019454e6ce7b6d66","author":"Залина","date":"11.01.2025","orderNumber":"476027051","rating":5,"comment":{"minus":"","plus":"","text":"Майка хорошая и в деле и по качеству покупаю второй раз."},"feedback":{"positive":0,"voted":false},"product":{"id":"110482220","name":"Майка LARKO майка на застежке с эффектом сауны L, XL","categoryCode":"Master - Clothes for slimming","categoryName":"Одежда для похудения","link":"https://kaspi.kz/shop/p/maika-larko-maika-na-zastezhke-s-effektom-sauny-l-xl-110482220/"},"merchant":{"name":"LARKO-KZ","code":"17629423"},"editable":false,"editedByCustomer":false},{"id":"8a5c933b9401967e0194163854002832","author":"Ақбота","date":"30.12.2024","orderNumber":"470927976","rating":5,"comment":{"minus":"","plus":"","text":"Майка супер. Сауна. Размер подошёл. Доставка раньше срока пришла. Советую, кто хочет сбросить вес, особенно на животе. Спасибо продавцам Larko и курьеру."},"feedback":{"positive":1,"voted":false},"product":{"id":"110482220","name":"Майка LARKO майка на застежке с эффектом сауны L, XL","categoryCode":"Master - Clothes for slimming","categoryName":"Одежда для похудения","link":"https://kaspi.kz/shop/p/maika-larko-maika-na-zastezhke-s-effektom-sauny-l-xl-110482220/"},"merchant":{"name":"LARKO-KZ","code":"17629423"},"editable":false,"editedByCustomer":false},{"id":"8a5cd5b993c87a210193c91ab5c400d3","author":"Алима","date":"15.12.2024","orderNumber":"463286909","rating":5,"comment":{"minus":"","plus":"","text":"Керемет маған қатты ұнады."},"feedback":{"positive":1,"voted":false},"product":{"id":"110482220","name":"Майка LARKO майка на застежке с эффектом сауны L, XL","categoryCode":"Master - Clothes for slimming","categoryName":"Одежда для похудения","link":"https://kaspi.kz/shop/p/maika-larko-maika-na-zastezhke-s-effektom-sauny-l-xl-110482220/"},"merchant":{"name":"LARKO-KZ","code":"17629423"},"editable":false,"editedByCustomer":false},{"id":"8a5ccd739395560a0193a1f1a6e517e8","author":"Балданай","date":"07.12.2024","orderNumber":"453502494","rating":5,"comment":{"minus":"","plus":"","text":"Өте жақсы, размер кешкентай болды."},"feedback":{"positive":0,"voted":false},"product":{"id":"110482220","name":"Майка LARKO майка на застежке с эффектом сауны L, XL","categoryCode":"Master - Clothes for slimming","categoryName":"Одежда для похудения","link":"https://kaspi.kz/shop/p/maika-larko-maika-na-zastezhke-s-effektom-sauny-l-xl-110482220/"},"merchant":{"name":"LARKO-KZ","code":"17629423"},"editable":false,"editedByCustomer":false},{"id":"8a5c0c369366cacd019391fb507b3a13","author":"Таңшолпан","date":"04.12.2024","orderNumber":"453756475","rating":5,"comment":{"minus":"","plus":"","text":"Получила свой заказ, классно, размер в точь точь. Спасибо большое, всем советую."},"feedback":{"positive":1,"voted":false},"product":{"id":"110482220","name":"Майка LARKO майка на застежке с эффектом сауны L, XL","categoryCode":"Master - Clothes for slimming","categoryName":"Одежда для похудения","link":"https://kaspi.kz/shop/p/maika-larko-maika-na-zastezhke-s-effektom-sauny-l-xl-110482220/"},"merchant":{"name":"LARKO-KZ","code":"17629423"},"editable":false,"editedByCustomer":false},{"id":"8a5c306c9366cc03019371c45e26116e","author":"Гульнар","date":"28.11.2024","orderNumber":"448710406","rating":5,"comment":{"minus":"","plus":"","text":"Хороший, размер точно подошел и доставили вовремя. Спасибо Каспи."},"feedback":{"positive":1,"voted":false},"product":{"id":"110482220","name":"Майка LARKO майка на застежке с эффектом сауны L, XL","categoryCode":"Master - Clothes for slimming","categoryName":"Одежда для похудения","link":"https://kaspi.kz/shop/p/maika-larko-maika-na-zastezhke-s-effektom-sauny-l-xl-110482220/"},"merchant":{"name":"LARKO-KZ","code":"17629423"},"editable":false,"editedByCustomer":false},{"id":"8a5cbef1931f0cf701933630f8732666","author":"Гаухар","date":"20.11.2024","orderNumber":"444523938","rating":5,"comment":{"minus":"","plus":"","text":"Классная майка очень удобная, сауна. Не натирает, не скатывается, качество хорошее."},"feedback":{"positive":2,"voted":false},"galleryImages":[{"id":"444523938-110482220/f3278216-7114-451c-aea3-322af89edde2.jpeg","small":"https://resources.cdn-kaspi.kz/img/p/r/444523938-110482220/f3278216-7114-451c-aea3-322af89edde2.jpeg?format=review_small","medium":"https://resources.cdn-kaspi.kz/img/p/r/444523938-110482220/f3278216-7114-451c-aea3-322af89edde2.jpeg?format=review_medium","large":"https://resources.cdn-kaspi.kz/img/p/r/444523938-110482220/f3278216-7114-451c-aea3-322af89edde2.jpeg?format=review_large"},{"id":"444523938-110482220/2f5eb892-b344-4a0f-8aaf-b2d7bb9eea3d.jpeg","small":"https://resources.cdn-kaspi.kz/img/p/r/444523938-110482220/2f5eb892-b344-4a0f-8aaf-b2d7bb9eea3d.jpeg?format=review_small","medium":"https://resources.cdn-kaspi.kz/img/p/r/444523938-110482220/2f5eb892-b344-4a0f-8aaf-b2d7bb9eea3d.jpeg?format=review_medium","large":"https://resources.cdn-kaspi.kz/img/p/r/444523938-110482220/2f5eb892-b344-4a0f-8aaf-b2d7bb9eea3d.jpeg?format=review_large"},{"id":"444523938-110482220/bce77932-b250-4d76-b1f4-f76299e6e7ce.jpeg","small":"https://resources.cdn-kaspi.kz/img/p/r/444523938-110482220/bce77932-b250-4d76-b1f4-f76299e6e7ce.jpeg?format=review_small","medium":"https://resources.cdn-kaspi.kz/img/p/r/444523938-110482220/bce77932-b250-4d76-b1f4-f76299e6e7ce.jpeg?format=review_medium","large":"https://resources.cdn-kaspi.kz/img/p/r/444523938-110482220/bce77932-b250-4d76-b1f4-f76299e6e7ce.jpeg?format=review_large"}],"product":{"id":"110482220","name":"Майка LARKO майка на застежке с эффектом сауны L, XL","categoryCode":"Master - Clothes for slimming","categoryName":"Одежда для похудения","link":"https://kaspi.kz/shop/p/maika-larko-maika-na-zastezhke-s-effektom-sauny-l-xl-110482220/"},"merchant":{"name":"LARKO-KZ","code":"17629423"},"editable":false,"editedByCustomer":false},{"id":"8a5c5c829334d386019334ffa0330045","author":"Перизат","date":"16.11.2024","orderNumber":"439787809","rating":5,"comment":{"minus":"","plus":"","text":"Тамаша зат, кеңес беремін қыздар."},"feedback":{"positive":1,"voted":false},"product":{"id":"110482220","name":"Майка LARKO майка на застежке с эффектом сауны L, XL","categoryCode":"Master - Clothes for slimming","categoryName":"Одежда для похудения","link":"https://kaspi.kz/shop/p/maika-larko-maika-na-zastezhke-s-effektom-sauny-l-xl-110482220/"},"merchant":{"name":"LARKO-KZ","code":"17629423"},"editable":false,"editedByCustomer":false},{"id":"8a5c0411931f0f3701932a5d65b81327","author":"Евгения","date":"14.11.2024","orderNumber":"444702168","rating":5,"comment":{"minus":"","plus":"","text":"Отличное качество, доставили в срок."},"feedback":{"positive":0,"voted":false},"product":{"id":"110482220","name":"Майка LARKO майка на застежке с эффектом сауны L, XL","categoryCode":"Master - Clothes for slimming","categoryName":"Одежда для похудения","link":"https://kaspi.kz/shop/p/maika-larko-maika-na-zastezhke-s-effektom-sauny-l-xl-110482220/"},"merchant":{"name":"LARKO-KZ","code":"17629423"},"editable":false,"editedByCustomer":false},{"id":"8a5c7ab9931f0fb7019326133f580e98","author":"Айгерим","date":"13.11.2024","orderNumber":"441365032","rating":5,"comment":{"minus":"","plus":"","text":"Товар понравился, качество хорошее."},"feedback":{"positive":0,"voted":false},"product":{"id":"110482220","name":"Майка LARKO майка на застежке с эффектом сауны L, XL","categoryCode":"Master - Clothes for slimming","categoryName":"Одежда для похудения","link":"https://kaspi.kz/shop/p/maika-larko-maika-na-zastezhke-s-effektom-sauny-l-xl-110482220/"},"merchant":{"name":"LARKO-KZ","code":"17629423"},"editable":false,"editedByCustomer":false},{"id":"8a5c3043931f0d28019324de72b60ab6","author":"Кристина","date":"13.11.2024","orderNumber":"442611046","rating":5,"comment":{"minus":"","plus":"","text":"Майка хорошего качества. Покупкой довольна. Спасибо магазину LARKO-KZ."},"feedback":{"positive":0,"voted":false},"product":{"id":"110482220","name":"Майка LARKO майка на застежке с эффектом сауны L, XL","categoryCode":"Master - Clothes for slimming","categoryName":"Одежда для похудения","link":"https://kaspi.kz/shop/p/maika-larko-maika-na-zastezhke-s-effektom-sauny-l-xl-110482220/"},"merchant":{"name":"LARKO-KZ","code":"17629423"},"editable":false,"editedByCustomer":true},{"id":"8a5c51ef92fbecc80193121d43781e6f","author":"Роза","date":"09.11.2024","orderNumber":"439777204","rating":5,"comment":{"minus":"","plus":"","text":"Качество супер. Мне понравилось."},"feedback":{"positive":1,"voted":false},"product":{"id":"110482220","name":"Майка LARKO майка на застежке с эффектом сауны L, XL","categoryCode":"Master - Clothes for slimming","categoryName":"Одежда для похудения","link":"https://kaspi.kz/shop/p/maika-larko-maika-na-zastezhke-s-effektom-sauny-l-xl-110482220/"},"merchant":{"name":"LARKO-KZ","code":"17629423"},"editable":false,"editedByCustomer":false},{"id":"8a5c5da792fbed0f0193074cedfc13e1","author":"Баян","date":"07.11.2024","orderNumber":"437133412","rating":5,"comment":{"minus":"","plus":"","text":"Мен заказымды алдым размеріме тура сәйкес келді, өте жақсы екен."},"feedback":{"positive":0,"voted":false},"product":{"id":"110482220","name":"Майка LARKO майка на застежке с эффектом сауны L, XL","categoryCode":"Master - Clothes for slimming","categoryName":"Одежда для похудения","link":"https://kaspi.kz/shop/p/maika-larko-maika-na-zastezhke-s-effektom-sauny-l-xl-110482220/"},"merchant":{"name":"LARKO-KZ","code":"17629423"},"editable":false,"editedByCustomer":false},{"id":"8a5c5abc927508e90192bcc7ad216cde","author":"Татьяна","date":"24.10.2024","orderNumber":"429899853","rating":5,"comment":{"minus":"","plus":"","text":"Майка сауна подошла на размер 50-52. Сшита аккуратно, нигде не вызывает дискомфорт. Ткань мягкая, тянущаяся приятная на ощупь."},"feedback":{"positive":2,"voted":false},"product":{"id":"110482220","name":"Майка LARKO майка на застежке с эффектом сауны L, XL","categoryCode":"Master - Clothes for slimming","categoryName":"Одежда для похудения","link":"https://kaspi.kz/shop/p/maika-larko-maika-na-zastezhke-s-effektom-sauny-l-xl-110482220/"},"merchant":{"name":"LARKO-KZ","code":"17629423"},"editable":false,"editedByCustomer":false},{"id":"8a5c980992a5682b0192a5a9a9c3007d","author":"Есмира","date":"19.10.2024","orderNumber":"426841709","rating":5,"comment":{"minus":"","plus":"","text":"Майка как раз только в лямках немного больше, а так ощущается жар помыла в ней минут десять и вспотела."},"feedback":{"positive":1,"voted":false},"product":{"id":"110482220","name":"Майка LARKO майка на застежке с эффектом сауны L, XL","categoryCode":"Master - Clothes for slimming","categoryName":"Одежда для похудения","link":"https://kaspi.kz/shop/p/maika-larko-maika-na-zastezhke-s-effektom-sauny-l-xl-110482220/"},"merchant":{"name":"LARKO-KZ","code":"17629423"},"editable":false,"editedByCustomer":false},{"id":"8a5c96839275078701927abe8a930d4b","author":"Меруерт","date":"11.10.2024","orderNumber":"421525161","rating":5,"comment":{"minus":"","plus":"","text":"Керемет екен, жақсы нәтиже болып жатыр."},"feedback":{"positive":0,"voted":false},"product":{"id":"110482220","name":"Майка LARKO майка на застежке с эффектом сауны L, XL","categoryCode":"Master - Clothes for slimming","categoryName":"Одежда для похудения","link":"https://kaspi.kz/shop/p/maika-larko-maika-na-zastezhke-s-effektom-sauny-l-xl-110482220/"},"merchant":{"name":"LARKO-KZ","code":"17629423"},"editable":false,"editedByCustomer":false},{"id":"8a5cd5ab92234dd2019223edc12001ac","author":"Индира","date":"24.09.2024","orderNumber":"413559268","rating":5,"comment":{"minus":"","plus":"","text":"Костюм хороший действительно. Но мне было большевато. Заказала. Да запах есть, но после стирки уже пройдет. Качество отличное."},"feedback":{"positive":1,"voted":false},"product":{"id":"110482220","name":"Майка LARKO майка на застежке с эффектом сауны L, XL","categoryCode":"Master - Clothes for slimming","categoryName":"Одежда для похудения","link":"https://kaspi.kz/shop/p/maika-larko-maika-na-zastezhke-s-effektom-sauny-l-xl-110482220/"},"merchant":{"name":"LARKO-KZ","code":"17629423"},"editable":false,"editedByCustomer":false},{"id":"8a5c5d8d9149e5dd01914c6de60d05a8","author":"Айгерим","date":"13.08.2024","orderNumber":"393605235","rating":5,"comment":{"minus":"","plus":"","text":"На мой 52-54 взяла L-XL. Обтягивает, но не давит и дышит свободно. Тянется материал легко. Прикольная майка. После треников буду еще заказывать. Короче понравилось."},"feedback":{"positive":2,"voted":false},"product":{"id":"110482220","name":"Майка LARKO майка на застежке с эффектом сауны L, XL","categoryCode":"Master - Clothes for slimming","categoryName":"Одежда для похудения","link":"https://kaspi.kz/shop/p/maika-larko-maika-na-zastezhke-s-effektom-sauny-l-xl-110482220/"},"merchant":{"name":"LARKO-KZ","code":"17629423"},"editable":false,"editedByCustomer":false},{"id":"8a5cee6e90d8900b0190efe2c6572d9f","author":"Толкын","date":"27.07.2024","orderNumber":"354527185","rating":5,"comment":{"minus":"","plus":"","text":"Майка качество супер."},"feedback":{"positive":0,"voted":false},"galleryImages":[{"id":"354527185-110482220/a8a1d3b6-c113-426b-86cb-cfd234fa2711.jpeg","small":"https://resources.cdn-kaspi.kz/img/p/r/354527185-110482220/a8a1d3b6-c113-426b-86cb-cfd234fa2711.jpeg?format=review_small","medium":"https://resources.cdn-kaspi.kz/img/p/r/354527185-110482220/a8a1d3b6-c113-426b-86cb-cfd234fa2711.jpeg?format=review_medium","large":"https://resources.cdn-kaspi.kz/img/p/r/354527185-110482220/a8a1d3b6-c113-426b-86cb-cfd234fa2711.jpeg?format=review_large"},{"id":"354527185-110482220/3c42d60f-c38d-4b26-ae3e-57361bab2269.jpeg","small":"https://resources.cdn-kaspi.kz/img/p/r/354527185-110482220/3c42d60f-c38d-4b26-ae3e-57361bab2269.jpeg?format=review_small","medium":"https://resources.cdn-kaspi.kz/img/p/r/354527185-110482220/3c42d60f-c38d-4b26-ae3e-57361bab2269.jpeg?format=review_medium","large":"https://resources.cdn-kaspi.kz/img/p/r/354527185-110482220/3c42d60f-c38d-4b26-ae3e-57361bab2269.jpeg?format=review_large"},{"id":"354527185-110482220/f8bac404-5d68-46d6-b80b-8840c2f7d220.jpeg","small":"https://resources.cdn-kaspi.kz/img/p/r/354527185-110482220/f8bac404-5d68-46d6-b80b-8840c2f7d220.jpeg?format=review_small","medium":"https://resources.cdn-kaspi.kz/img/p/r/354527185-110482220/f8bac404-5d68-46d6-b80b-8840c2f7d220.jpeg?format=review_medium","large":"https://resources.cdn-kaspi.kz/img/p/r/354527185-110482220/f8bac404-5d68-46d6-b80b-8840c2f7d220.jpeg?format=review_large"},{"id":"354527185-110482220/be8bf759-8fd0-4ac4-bb37-940c4317204a.jpeg","small":"https://resources.cdn-kaspi.kz/img/p/r/354527185-110482220/be8bf759-8fd0-4ac4-bb37-940c4317204a.jpeg?format=review_small","medium":"https://resources.cdn-kaspi.kz/img/p/r/354527185-110482220/be8bf759-8fd0-4ac4-bb37-940c4317204a.jpeg?format=review_medium","large":"https://resources.cdn-kaspi.kz/img/p/r/354527185-110482220/be8bf759-8fd0-4ac4-bb37-940c4317204a.jpeg?format=review_large"},{"id":"354527185-110482220/04312224-7369-4a74-903e-6dc3802ecf9e.jpeg","small":"https://resources.cdn-kaspi.kz/img/p/r/354527185-110482220/04312224-7369-4a74-903e-6dc3802ecf9e.jpeg?format=review_small","medium":"https://resources.cdn-kaspi.kz/img/p/r/354527185-110482220/04312224-7369-4a74-903e-6dc3802ecf9e.jpeg?format=review_medium","large":"https://resources.cdn-kaspi.kz/img/p/r/354527185-110482220/04312224-7369-4a74-903e-6dc3802ecf9e.jpeg?format=review_large"}],"product":{"id":"110482220","name":"Майка LARKO майка на застежке с эффектом сауны L, XL","categoryCode":"Master - Clothes for slimming","categoryName":"Одежда для похудения","link":"https://kaspi.kz/shop/p/maika-larko-maika-na-zastezhke-s-effektom-sauny-l-xl-110482220/"},"merchant":{"name":"LARKO-KZ","code":"17629423"},"editable":false,"editedByCustomer":false},{"id":"8a5c7a9990d88f4a0190ef4913cb2b4a","author":"Саяна","date":"26.07.2024","orderNumber":"350778354","rating":5,"comment":{"minus":"","plus":"","text":"Отличная майка, эффект сауны хороший, качественная, крепкая ткань и молния отлично держится, спасибо!"},"feedback":{"positive":0,"voted":false},"product":{"id":"110482220","name":"Майка LARKO майка на застежке с эффектом сауны L, XL","categoryCode":"Master - Clothes for slimming","categoryName":"Одежда для похудения","link":"https://kaspi.kz/shop/p/maika-larko-maika-na-zastezhke-s-effektom-sauny-l-xl-110482220/"},"merchant":{"name":"LARKO-KZ","code":"17629423"},"editable":false,"editedByCustomer":false},{"id":"8a5ca8c28ecb44c6018f2b028d547ccd","author":"Лилия","date":"29.04.2024","orderNumber":"351834125","rating":4,"comment":{"minus":"","plus":"","text":"Хороший товар, но мне оказался большим. Придется ушивать."},"feedback":{"positive":0,"voted":false},"product":{"id":"110482220","name":"Майка LARKO майка на застежке с эффектом сауны L, XL","categoryCode":"Master - Clothes for slimming","categoryName":"Одежда для похудения","link":"https://kaspi.kz/shop/p/maika-larko-maika-na-zastezhke-s-effektom-sauny-l-xl-110482220/"},"merchant":{"name":"LARKO-KZ","code":"17629423"},"editable":false,"editedByCustomer":false},{"id":"8a5c5ea38de9c0af018e1d4086ac59fe","author":"Елена","date":"08.03.2024","orderNumber":"333432346","rating":5,"comment":{"minus":"","plus":"","text":"Хороший товар."},"feedback":{"positive":0,"voted":false},"product":{"id":"110482220","name":"Майка LARKO майка на застежке с эффектом сауны L, XL","categoryCode":"Master - Clothes for slimming","categoryName":"Одежда для похудения","link":"https://kaspi.kz/shop/p/maika-larko-maika-na-zastezhke-s-effektom-sauny-l-xl-110482220/"},"merchant":{"name":"LARKO-KZ","code":"17629423"},"editable":false,"editedByCustomer":false},{"id":"8a5ce3cc8d5d0a11018d5e9baac301eb","author":"Эльмира","date":"31.01.2024","orderNumber":"320680604","rating":5,"comment":{"minus":"","plus":"","text":"Оте керемет."},"feedback":{"positive":1,"voted":false},"product":{"id":"110482220","name":"Майка LARKO майка на застежке с эффектом сауны L, XL","categoryCode":"Master - Clothes for slimming","categoryName":"Одежда для похудения","link":"https://kaspi.kz/shop/p/maika-larko-maika-na-zastezhke-s-effektom-sauny-l-xl-110482220/"},"merchant":{"name":"LARKO-KZ","code":"17629423"},"editable":false,"editedByCustomer":false},{"id":"8a5c0a9a8d10213b018d17817c7912ca","author":"Жансая","date":"17.01.2024","orderNumber":"313476520","rating":5,"comment":{"minus":"","plus":"","text":"Отличный товар. Ношу и потею."},"feedback":{"positive":1,"voted":false},"product":{"id":"110482220","name":"Майка LARKO майка на застежке с эффектом сауны L, XL","categoryCode":"Master - Clothes for slimming","categoryName":"Одежда для похудения","link":"https://kaspi.kz/shop/p/maika-larko-maika-na-zastezhke-s-effektom-sauny-l-xl-110482220/"},"merchant":{"name":"LARKO-KZ","code":"17629423"},"editable":false,"editedByCustomer":false},{"id":"8a5c7abd8ca51083018cd8bd189e4e24","author":"Ұлмекен","date":"05.01.2024","orderNumber":"314560203","rating":5,"comment":{"minus":"","plus":"","text":"Супер. Хорошее качество. Материал хороший, плотный. Рекомендую всем."},"feedback":{"positive":1,"voted":false},"product":{"id":"110482220","name":"Майка LARKO майка на застежке с эффектом сауны L, XL","categoryCode":"Master - Clothes for slimming","categoryName":"Одежда для похудения","link":"https://kaspi.kz/shop/p/maika-larko-maika-na-zastezhke-s-effektom-sauny-l-xl-110482220/"},"merchant":{"name":"LARKO-KZ","code":"17629423"},"editable":false,"editedByCustomer":false},{"id":"8a5c52928bf03f35018bfbf625872240","author":"Жансая","date":"23.11.2023","orderNumber":"294619100","rating":5,"comment":{"minus":"","plus":"","text":"Мне понравилась, советую всем."},"feedback":{"positive":1,"voted":false},"product":{"id":"110482220","name":"Майка LARKO майка на застежке с эффектом сауны L, XL","categoryCode":"Master - Clothes for slimming","categoryName":"Одежда для похудения","link":"https://kaspi.kz/shop/p/maika-larko-maika-na-zastezhke-s-effektom-sauny-l-xl-110482220/"},"merchant":{"name":"LARKO-KZ","code":"17629423"},"editable":false,"editedByCustomer":false},{"id":"8a5c96848b461c18018b4d68cb7915e7","author":"Жулдыз","date":"22.10.2023","orderNumber":"283175558","rating":5,"comment":{"minus":"","plus":"","text":"Тауар тамаша, маған қатты ұнады! Сапасы тамаша. Осы поясты барлықтарыңызға алуға кеңес беремін!"},"feedback":{"positive":1,"voted":false},"product":{"id":"110482220","name":"Майка LARKO майка на застежке с эффектом сауны L, XL","categoryCode":"Master - Clothes for slimming","categoryName":"Одежда для похудения","link":"https://kaspi.kz/shop/p/maika-larko-maika-na-zastezhke-s-effektom-sauny-l-xl-110482220/"},"merchant":{"name":"LARKO","code":"14901053"},"editable":false,"editedByCustomer":false},{"id":"8a5cfe278b38395d018b42303f021898","author":"Камшат","date":"18.10.2023","orderNumber":"283584316","rating":5,"comment":{"minus":"","plus":"","text":"Я очень довольна, хорошо полностью живот закрывает и потеешь, для фитнеса как раз нужная вещь."},"feedback":{"positive":0,"voted":false},"product":{"id":"110482220","name":"Майка LARKO майка на застежке с эффектом сауны L, XL","categoryCode":"Master - Clothes for slimming","categoryName":"Одежда для похудения","link":"https://kaspi.kz/shop/p/maika-larko-maika-na-zastezhke-s-effektom-sauny-l-xl-110482220/"},"merchant":{"name":"LARKO","code":"14901053"},"editable":false,"editedByCustomer":false},{"id":"8a5c197a8afe212a018b14f2058a38d9","author":"Арайлым","date":"09.10.2023","orderNumber":"289468932","rating":5,"comment":{"minus":"","plus":"","text":"Качество супер, доставка быстрая. Рекомендую продавца."},"feedback":{"positive":0,"voted":false},"product":{"id":"110482220","name":"Майка LARKO майка на застежке с эффектом сауны L, XL","categoryCode":"Master - Clothes for slimming","categoryName":"Одежда для похудения","link":"https://kaspi.kz/shop/p/maika-larko-maika-na-zastezhke-s-effektom-sauny-l-xl-110482220/"},"merchant":{"name":"LARKO","code":"14901053"},"editable":false,"editedByCustomer":false},{"id":"8a5c22128ae5eba4018af519dcbc1799","author":"Оксана","date":"03.10.2023","orderNumber":"287353776","rating":5,"comment":{"minus":"","plus":"","text":"Очень нравится, всё супер."},"feedback":{"positive":1,"voted":false},"product":{"id":"110482220","name":"Майка LARKO майка на застежке с эффектом сауны L, XL","categoryCode":"Master - Clothes for slimming","categoryName":"Одежда для похудения","link":"https://kaspi.kz/shop/p/maika-larko-maika-na-zastezhke-s-effektom-sauny-l-xl-110482220/"},"merchant":{"name":"LARKO","code":"14901053"},"editable":false,"editedByCustomer":false},{"id":"8a5c2cec8ab0ab92018ab6a095e00984","author":"Лагыл","date":"25.09.2023","orderNumber":"285409977","rating":5,"comment":{"minus":"","plus":"","text":"Очень классный размер, подошло, рекомендую продавца!"},"feedback":{"positive":0,"voted":false},"product":{"id":"110482220","name":"Майка LARKO майка на застежке с эффектом сауны L, XL","categoryCode":"Master - Clothes for slimming","categoryName":"Одежда для похудения","link":"https://kaspi.kz/shop/p/maika-larko-maika-na-zastezhke-s-effektom-sauny-l-xl-110482220/"},"merchant":{"name":"LARKO","code":"14901053"},"editable":false,"editedByCustomer":false},{"id":"8a5c0c388a73009b018a94561e483316","author":"Гульфайра","date":"14.09.2023","orderNumber":"283166784","rating":5,"comment":{"minus":"","plus":"","text":"Хорошее качество. Товар пришел раньше времени. Материал хороший, плотный. Рекомендую продавца."},"feedback":{"positive":4,"voted":false},"product":{"id":"110482220","name":"Майка LARKO майка на застежке с эффектом сауны L, XL","categoryCode":"Master - Clothes for slimming","categoryName":"Одежда для похудения","link":"https://kaspi.kz/shop/p/maika-larko-maika-na-zastezhke-s-effektom-sauny-l-xl-110482220/"},"merchant":{"name":"LARKO","code":"14901053"},"editable":false,"editedByCustomer":false},{"id":"8a5cdd4e8a68b271018a6a9904300469","author":"Алёна","date":"07.09.2023","orderNumber":"271601627","rating":5,"comment":{"minus":"","plus":"","text":"Термо майка отлично помогает для похудения. Испытанно лично на себе. Помогает сбросить вес, одеваю когда занимаюсь гимнастикой. Рекомендую."},"feedback":{"positive":8,"voted":false},"product":{"id":"110482220","name":"Майка LARKO майка на застежке с эффектом сауны L, XL","categoryCode":"Master - Clothes for slimming","categoryName":"Одежда для похудения","link":"https://kaspi.kz/shop/p/maika-larko-maika-na-zastezhke-s-effektom-sauny-l-xl-110482220/"},"merchant":{"name":"LARKO","code":"14901053"},"editable":false,"editedByCustomer":false},{"id":"8a5ce3c18a0178f7018a18bafd073014","author":"Фадиме","date":"06.09.2023","orderNumber":"278406591","rating":5,"comment":{"minus":"","plus":"","text":"Отличный корсет. Эффект сауны  просто бомба! За 30 минут уже был эффект  сауны. Рекомендую. Ткань мягкая, удобная. Рекомендую продавца!"},"feedback":{"positive":3,"voted":false},"product":{"id":"110482220","name":"Майка LARKO майка на застежке с эффектом сауны L, XL","categoryCode":"Master - Clothes for slimming","categoryName":"Одежда для похудения","link":"https://kaspi.kz/shop/p/maika-larko-maika-na-zastezhke-s-effektom-sauny-l-xl-110482220/"},"merchant":{"name":"LARKO","code":"14901053"},"editable":false,"editedByCustomer":false},{"id":"8a5c0c6c891e8625018926ad800c0d92","author":"Гульжан","date":"07.07.2023","orderNumber":"267792764","rating":5,"comment":{"minus":"","plus":"","text":"Өтте жақсы, размер жағынан консультант көмектесті. Размер тура келді. Очень хорошо рекомендую. Кемшілік жоқ. Өтте жақсы. Ойымнан шықты. Алуға кеңес берем. Доставили вовремя. Уақтылы жеткізілді, жеткізу қызыметі жақсы."},"feedback":{"positive":12,"voted":false},"product":{"id":"110482220","name":"Майка LARKO майка на застежке с эффектом сауны L, XL","categoryCode":"Master - Clothes for slimming","categoryName":"Одежда для похудения","link":"https://kaspi.kz/shop/p/maika-larko-maika-na-zastezhke-s-effektom-sauny-l-xl-110482220/"},"merchant":null,"editable":false,"editedByCustomer":false}]}