{"data":[{"id":"8a5c5a82963235bc019639ac43a42554","author":"Анэль","date":"15.04.2025","orderNumber":"531423656","rating":5,"comment":{"minus":"","plus":"","text":"Очень удобный."},"feedback":{"positive":0,"voted":false},"product":{"id":"131972135","name":"LARKO бандаж Bandagplaster1 универсальный","categoryCode":"Master - Brachioclavicular region","categoryName":"Плечевоключичный отдел","link":"https://kaspi.kz/shop/p/larko-bandazh-bandagplaster1-universal-nyi-131972135/"},"merchant":{"name":"LARKO-KZ","code":"17629423"},"editable":false,"editedByCustomer":false},{"id":"8a5c5a82963235bc01963933b8b92143","author":"Акжанат","date":"15.04.2025","orderNumber":"529325652","rating":5,"comment":{"minus":"","plus":"","text":"Бандаж очень удобный! Доставили быстро!"},"feedback":{"positive":0,"voted":false},"product":{"id":"131972135","name":"LARKO бандаж Bandagplaster1 универсальный","categoryCode":"Master - Brachioclavicular region","categoryName":"Плечевоключичный отдел","link":"https://kaspi.kz/shop/p/larko-bandazh-bandagplaster1-universal-nyi-131972135/"},"merchant":{"name":"LARKO-KZ","code":"17629423"},"editable":false,"editedByCustomer":false},{"id":"8a5c3c37962d50d501962f7688d60c90","author":"Лейла","date":"14.04.2025","orderNumber":"530481486","rating":5,"comment":{"minus":"","plus":"","text":"Бандаж точно нужно было мне. Очень удобный. Недорого. Качество супер."},"feedback":{"positive":1,"voted":false},"product":{"id":"131972135","name":"LARKO бандаж Bandagplaster1 универсальный","categoryCode":"Master - Brachioclavicular region","categoryName":"Плечевоключичный отдел","link":"https://kaspi.kz/shop/p/larko-bandazh-bandagplaster1-universal-nyi-131972135/"},"merchant":{"name":"LARKO-KZ","code":"17629423"},"editable":false,"editedByCustomer":false},{"id":"8a5c5fbf9618f30801962f5be3be7087","author":"Ералы","date":"13.04.2025","orderNumber":"529595642","rating":5,"comment":{"minus":"","plus":"","text":"Бандаж очень удобный и мягкий, я доволен."},"feedback":{"positive":0,"voted":false},"product":{"id":"131972135","name":"LARKO бандаж Bandagplaster1 универсальный","categoryCode":"Master - Brachioclavicular region","categoryName":"Плечевоключичный отдел","link":"https://kaspi.kz/shop/p/larko-bandazh-bandagplaster1-universal-nyi-131972135/"},"merchant":{"name":"LARKO-KZ","code":"17629423"},"editable":false,"editedByCustomer":false},{"id":"8a5c02349618f32b01961add070613b0","author":"Наталья","date":"09.04.2025","orderNumber":"528594199","rating":3,"comment":{"minus":"","plus":"","text":"Бандаж хорошего качества, очень удобный, звезды сняла т. к материал другой - не сетка, а плотный толстый материал, но тоже неплохо фиксирует."},"feedback":{"positive":0,"voted":false},"galleryImages":[{"id":"528594199-131972135/e22b0094-9834-44c2-95f4-b235d5292875.jpeg","small":"https://resources.cdn-kaspi.kz/img/p/r/528594199-131972135/e22b0094-9834-44c2-95f4-b235d5292875.jpeg?format=review_small","medium":"https://resources.cdn-kaspi.kz/img/p/r/528594199-131972135/e22b0094-9834-44c2-95f4-b235d5292875.jpeg?format=review_medium","large":"https://resources.cdn-kaspi.kz/img/p/r/528594199-131972135/e22b0094-9834-44c2-95f4-b235d5292875.jpeg?format=review_large"},{"id":"528594199-131972135/570c75ec-80be-45d3-a061-c5f71688963d.jpeg","small":"https://resources.cdn-kaspi.kz/img/p/r/528594199-131972135/570c75ec-80be-45d3-a061-c5f71688963d.jpeg?format=review_small","medium":"https://resources.cdn-kaspi.kz/img/p/r/528594199-131972135/570c75ec-80be-45d3-a061-c5f71688963d.jpeg?format=review_medium","large":"https://resources.cdn-kaspi.kz/img/p/r/528594199-131972135/570c75ec-80be-45d3-a061-c5f71688963d.jpeg?format=review_large"},{"id":"528594199-131972135/24d3a369-9950-4cb8-b12b-cc3b52de89ff.jpeg","small":"https://resources.cdn-kaspi.kz/img/p/r/528594199-131972135/24d3a369-9950-4cb8-b12b-cc3b52de89ff.jpeg?format=review_small","medium":"https://resources.cdn-kaspi.kz/img/p/r/528594199-131972135/24d3a369-9950-4cb8-b12b-cc3b52de89ff.jpeg?format=review_medium","large":"https://resources.cdn-kaspi.kz/img/p/r/528594199-131972135/24d3a369-9950-4cb8-b12b-cc3b52de89ff.jpeg?format=review_large"},{"id":"528594199-131972135/2aeccf89-60c0-4130-9beb-b30c000290ee.jpeg","small":"https://resources.cdn-kaspi.kz/img/p/r/528594199-131972135/2aeccf89-60c0-4130-9beb-b30c000290ee.jpeg?format=review_small","medium":"https://resources.cdn-kaspi.kz/img/p/r/528594199-131972135/2aeccf89-60c0-4130-9beb-b30c000290ee.jpeg?format=review_medium","large":"https://resources.cdn-kaspi.kz/img/p/r/528594199-131972135/2aeccf89-60c0-4130-9beb-b30c000290ee.jpeg?format=review_large"},{"id":"528594199-131972135/d40e61f3-d8cb-4960-bbbb-a77843163ce6.jpeg","small":"https://resources.cdn-kaspi.kz/img/p/r/528594199-131972135/d40e61f3-d8cb-4960-bbbb-a77843163ce6.jpeg?format=review_small","medium":"https://resources.cdn-kaspi.kz/img/p/r/528594199-131972135/d40e61f3-d8cb-4960-bbbb-a77843163ce6.jpeg?format=review_medium","large":"https://resources.cdn-kaspi.kz/img/p/r/528594199-131972135/d40e61f3-d8cb-4960-bbbb-a77843163ce6.jpeg?format=review_large"}],"product":{"id":"131972135","name":"LARKO бандаж Bandagplaster1 универсальный","categoryCode":"Master - Brachioclavicular region","categoryName":"Плечевоключичный отдел","link":"https://kaspi.kz/shop/p/larko-bandazh-bandagplaster1-universal-nyi-131972135/"},"merchant":{"name":"LARKO-KZ","code":"17629423"},"editable":false,"editedByCustomer":false},{"id":"8a5cf33595f52453019614af9a9009cc","author":"Мадина","date":"08.04.2025","orderNumber":"528114176","rating":5,"comment":{"minus":"","plus":"","text":"Очень хороший бандаж, качество хорошее, понравился."},"feedback":{"positive":0,"voted":false},"product":{"id":"131972135","name":"LARKO бандаж Bandagplaster1 универсальный","categoryCode":"Master - Brachioclavicular region","categoryName":"Плечевоключичный отдел","link":"https://kaspi.kz/shop/p/larko-bandazh-bandagplaster1-universal-nyi-131972135/"},"merchant":{"name":"LARKO-KZ","code":"17629423"},"editable":false,"editedByCustomer":false},{"id":"8a5c64f695f5245a01960fbb444c7435","author":"Balgynbyek","date":"07.04.2025","orderNumber":"527774879","rating":5,"comment":{"minus":"","plus":"","text":"Өте керемет бандаж. Мен сатып алдым ыңғайлы әрі сәнді. Басқада адамдарға алуға кеңес беремін."},"feedback":{"positive":0,"voted":false},"galleryImages":[{"id":"527774879-131972135/40512a45-45e3-44d1-bc1f-b33393de2779.jpeg","small":"https://resources.cdn-kaspi.kz/img/p/r/527774879-131972135/40512a45-45e3-44d1-bc1f-b33393de2779.jpeg?format=review_small","medium":"https://resources.cdn-kaspi.kz/img/p/r/527774879-131972135/40512a45-45e3-44d1-bc1f-b33393de2779.jpeg?format=review_medium","large":"https://resources.cdn-kaspi.kz/img/p/r/527774879-131972135/40512a45-45e3-44d1-bc1f-b33393de2779.jpeg?format=review_large"}],"product":{"id":"131972135","name":"LARKO бандаж Bandagplaster1 универсальный","categoryCode":"Master - Brachioclavicular region","categoryName":"Плечевоключичный отдел","link":"https://kaspi.kz/shop/p/larko-bandazh-bandagplaster1-universal-nyi-131972135/"},"merchant":{"name":"LARKO-KZ","code":"17629423"},"editable":false,"editedByCustomer":false},{"id":"8a5c580695acfd8b0195dc727f52793c","author":"Олеся","date":"28.03.2025","orderNumber":"522703015","rating":5,"comment":{"minus":"","plus":"","text":"Бандаж очень удобный, очень хорошо поддерживает руку. Не давит на шее, что очень важно."},"feedback":{"positive":1,"voted":false},"product":{"id":"131972135","name":"LARKO бандаж Bandagplaster1 универсальный","categoryCode":"Master - Brachioclavicular region","categoryName":"Плечевоключичный отдел","link":"https://kaspi.kz/shop/p/larko-bandazh-bandagplaster1-universal-nyi-131972135/"},"merchant":{"name":"LARKO-KZ","code":"17629423"},"editable":false,"editedByCustomer":false},{"id":"8a5c1ddc95175b850195199e3a3f159b","author":"Сауя","date":"18.02.2025","orderNumber":"498225214","rating":5,"comment":{"minus":"","plus":"","text":"Товар как на фото. Очень удобно. У меня проблемы с двумя руками. Вешаю обе руки, а когда надо висит одна рука. Взяла, потому что просто пользоваться, не надо никого просить помочь."},"feedback":{"positive":1,"voted":false},"product":{"id":"131972135","name":"LARKO бандаж Bandagplaster1 универсальный","categoryCode":"Master - Brachioclavicular region","categoryName":"Плечевоключичный отдел","link":"https://kaspi.kz/shop/p/larko-bandazh-bandagplaster1-universal-nyi-131972135/"},"merchant":{"name":"LARKO-KZ","code":"17629423"},"editable":false,"editedByCustomer":false}]}