{"data":[{"id":"8a5c5db5963cc0dd01965e45bb690bac","author":"Сахидам","date":"22.04.2025","orderNumber":"532012506","rating":5,"comment":{"minus":"","plus":"","text":"Очень хороший бюстгальтер, ткань приятная, ничего не давит. Буду заказывать еще. Спасибо магазину Каспи и Larko-kz."},"feedback":{"positive":0,"voted":false},"product":{"id":"122018286","name":"LARKO bra бежевый 48-50","categoryCode":"Master - Maternity bras","categoryName":"Бюстгальтеры для беременных","link":"https://kaspi.kz/shop/p/larko-bra-bezhevyi-48-50-122018286/"},"merchant":{"name":"LARKO-KZ","code":"17629423"},"editable":false,"editedByCustomer":false},{"id":"8a5c5fbf9618f3080196359bdd250f01","author":"Меруерт","date":"14.04.2025","orderNumber":"531722679","rating":5,"comment":{"minus":"","plus":"","text":"Отличное качество, заказываю второй раз. Очень удобные."},"feedback":{"positive":0,"voted":false},"product":{"id":"122018286","name":"LARKO bra бежевый 48-50","categoryCode":"Master - Maternity bras","categoryName":"Бюстгальтеры для беременных","link":"https://kaspi.kz/shop/p/larko-bra-bezhevyi-48-50-122018286/"},"merchant":{"name":"LARKO-KZ","code":"17629423"},"editable":false,"editedByCustomer":false},{"id":"8a5ce3c8956c83ae0195852a47827e61","author":"Музафар","date":"11.03.2025","orderNumber":"511001246","rating":5,"comment":{"minus":"","plus":"","text":"Спасибо, супруга в восторге. Сам материал и пошив очень хорошего качества."},"feedback":{"positive":0,"voted":false},"product":{"id":"122018286","name":"LARKO bra бежевый 48-50","categoryCode":"Master - Maternity bras","categoryName":"Бюстгальтеры для беременных","link":"https://kaspi.kz/shop/p/larko-bra-bezhevyi-48-50-122018286/"},"merchant":{"name":"LARKO-KZ","code":"17629423"},"editable":false,"editedByCustomer":false},{"id":"8a5c1ddc94deacfe01951313912412a6","author":"Анар","date":"17.02.2025","orderNumber":"472631195","rating":5,"comment":{"minus":"","plus":"","text":"Нужно брать на размер больше, размер на размер идут."},"feedback":{"positive":0,"voted":false},"product":{"id":"122018286","name":"LARKO bra бежевый 48-50","categoryCode":"Master - Maternity bras","categoryName":"Бюстгальтеры для беременных","link":"https://kaspi.kz/shop/p/larko-bra-bezhevyi-48-50-122018286/"},"merchant":{"name":"LARKO-KZ","code":"17629423"},"editable":false,"editedByCustomer":false},{"id":"8a5cb9d394dead960194e754e1873be2","author":"Анжела","date":"09.02.2025","orderNumber":"447698974","rating":5,"comment":{"minus":"","plus":"","text":"Отличное качество. Размер подошёл. Советую. Продавцу спасибо."},"feedback":{"positive":0,"voted":false},"product":{"id":"122018286","name":"LARKO bra бежевый 48-50","categoryCode":"Master - Maternity bras","categoryName":"Бюстгальтеры для беременных","link":"https://kaspi.kz/shop/p/larko-bra-bezhevyi-48-50-122018286/"},"merchant":{"name":"LARKO-KZ","code":"17629423"},"editable":false,"editedByCustomer":false},{"id":"8a5cfa849468769a01947d7a096422e3","author":"Талгат","date":"19.01.2025","orderNumber":"476353319","rating":5,"comment":{"minus":"","plus":"","text":"Удобные."},"feedback":{"positive":0,"voted":false},"galleryImages":[{"id":"476353319-122018286/eacca0a8-2a15-453e-90a4-f4586bb59453.jpeg","small":"https://resources.cdn-kaspi.kz/img/p/r/476353319-122018286/eacca0a8-2a15-453e-90a4-f4586bb59453.jpeg?format=review_small","medium":"https://resources.cdn-kaspi.kz/img/p/r/476353319-122018286/eacca0a8-2a15-453e-90a4-f4586bb59453.jpeg?format=review_medium","large":"https://resources.cdn-kaspi.kz/img/p/r/476353319-122018286/eacca0a8-2a15-453e-90a4-f4586bb59453.jpeg?format=review_large"},{"id":"476353319-122018286/b4b0e52a-fb50-4aa0-88b1-b1d8c2e2d267.jpeg","small":"https://resources.cdn-kaspi.kz/img/p/r/476353319-122018286/b4b0e52a-fb50-4aa0-88b1-b1d8c2e2d267.jpeg?format=review_small","medium":"https://resources.cdn-kaspi.kz/img/p/r/476353319-122018286/b4b0e52a-fb50-4aa0-88b1-b1d8c2e2d267.jpeg?format=review_medium","large":"https://resources.cdn-kaspi.kz/img/p/r/476353319-122018286/b4b0e52a-fb50-4aa0-88b1-b1d8c2e2d267.jpeg?format=review_large"},{"id":"476353319-122018286/04267aa2-701c-4a18-8156-73e4bdb8168a.jpeg","small":"https://resources.cdn-kaspi.kz/img/p/r/476353319-122018286/04267aa2-701c-4a18-8156-73e4bdb8168a.jpeg?format=review_small","medium":"https://resources.cdn-kaspi.kz/img/p/r/476353319-122018286/04267aa2-701c-4a18-8156-73e4bdb8168a.jpeg?format=review_medium","large":"https://resources.cdn-kaspi.kz/img/p/r/476353319-122018286/04267aa2-701c-4a18-8156-73e4bdb8168a.jpeg?format=review_large"},{"id":"476353319-122018286/0ef99a10-4319-4e6a-84c8-09d4f4ca2610.jpeg","small":"https://resources.cdn-kaspi.kz/img/p/r/476353319-122018286/0ef99a10-4319-4e6a-84c8-09d4f4ca2610.jpeg?format=review_small","medium":"https://resources.cdn-kaspi.kz/img/p/r/476353319-122018286/0ef99a10-4319-4e6a-84c8-09d4f4ca2610.jpeg?format=review_medium","large":"https://resources.cdn-kaspi.kz/img/p/r/476353319-122018286/0ef99a10-4319-4e6a-84c8-09d4f4ca2610.jpeg?format=review_large"},{"id":"476353319-122018286/7fe1a03c-69b3-49b8-b815-6c24fc91ae11.jpeg","small":"https://resources.cdn-kaspi.kz/img/p/r/476353319-122018286/7fe1a03c-69b3-49b8-b815-6c24fc91ae11.jpeg?format=review_small","medium":"https://resources.cdn-kaspi.kz/img/p/r/476353319-122018286/7fe1a03c-69b3-49b8-b815-6c24fc91ae11.jpeg?format=review_medium","large":"https://resources.cdn-kaspi.kz/img/p/r/476353319-122018286/7fe1a03c-69b3-49b8-b815-6c24fc91ae11.jpeg?format=review_large"}],"product":{"id":"122018286","name":"LARKO bra бежевый 48-50","categoryCode":"Master - Maternity bras","categoryName":"Бюстгальтеры для беременных","link":"https://kaspi.kz/shop/p/larko-bra-bezhevyi-48-50-122018286/"},"merchant":{"name":"LARKO-KZ","code":"17629423"},"editable":false,"editedByCustomer":false},{"id":"8a5ce80e946875d00194789c67511b71","author":"Альфина","date":"18.01.2025","orderNumber":"481228270","rating":5,"comment":{"minus":"","plus":"","text":"Качество супер, мне очень понравилось."},"feedback":{"positive":0,"voted":false},"product":{"id":"122018286","name":"LARKO bra бежевый 48-50","categoryCode":"Master - Maternity bras","categoryName":"Бюстгальтеры для беременных","link":"https://kaspi.kz/shop/p/larko-bra-bezhevyi-48-50-122018286/"},"merchant":{"name":"LARKO-KZ","code":"17629423"},"editable":false,"editedByCustomer":false},{"id":"8a5ca0a5940195ed0194646f03e77fa7","author":"Камилям","date":"14.01.2025","orderNumber":"478788335","rating":5,"comment":{"minus":"","plus":"","text":"Второй раз покупаю. Качество супер."},"feedback":{"positive":0,"voted":false},"product":{"id":"122018286","name":"LARKO bra бежевый 48-50","categoryCode":"Master - Maternity bras","categoryName":"Бюстгальтеры для беременных","link":"https://kaspi.kz/shop/p/larko-bra-bezhevyi-48-50-122018286/"},"merchant":{"name":"LARKO-KZ","code":"17629423"},"editable":false,"editedByCustomer":false},{"id":"8a5ceb50940195cd01940c1c966a1626","author":"Адияару","date":"28.12.2024","orderNumber":"470630724","rating":5,"comment":{"minus":"","plus":"","text":"Хорошие, мягкие."},"feedback":{"positive":0,"voted":false},"product":{"id":"122018286","name":"LARKO bra бежевый 48-50","categoryCode":"Master - Maternity bras","categoryName":"Бюстгальтеры для беременных","link":"https://kaspi.kz/shop/p/larko-bra-bezhevyi-48-50-122018286/"},"merchant":{"name":"LARKO-KZ","code":"17629423"},"editable":false,"editedByCustomer":false},{"id":"8a5c78259401969f0194047d978608de","author":"Арайлым","date":"27.12.2024","orderNumber":"467383381","rating":5,"comment":{"minus":"","plus":"","text":"Не давит нигде, удобный."},"feedback":{"positive":0,"voted":false},"product":{"id":"122018286","name":"LARKO bra бежевый 48-50","categoryCode":"Master - Maternity bras","categoryName":"Бюстгальтеры для беременных","link":"https://kaspi.kz/shop/p/larko-bra-bezhevyi-48-50-122018286/"},"merchant":{"name":"LARKO-KZ","code":"17629423"},"editable":false,"editedByCustomer":false},{"id":"8a5c7abd9366cafe019388a68cac2dd6","author":"Каламкас","date":"02.12.2024","orderNumber":"453078042","rating":5,"comment":{"minus":"","plus":"","text":"Хорошего качества бюстгальтер, для кормящих мам то, что надо. Упаковано хорошо, доставка своевременно. Спасибо продавцу LARKO. KZ. Рекомендую."},"feedback":{"positive":0,"voted":false},"product":{"id":"122018286","name":"LARKO bra бежевый 48-50","categoryCode":"Master - Maternity bras","categoryName":"Бюстгальтеры для беременных","link":"https://kaspi.kz/shop/p/larko-bra-bezhevyi-48-50-122018286/"},"merchant":{"name":"LARKO-KZ","code":"17629423"},"editable":false,"editedByCustomer":false},{"id":"8a5c73799366cab301936cbf2d870a0b","author":"Карина","date":"27.11.2024","orderNumber":"449643638","rating":5,"comment":{"minus":"","plus":"","text":"Ткань ну очень приятная к телу."},"feedback":{"positive":0,"voted":false},"galleryImages":[{"id":"449643638-122018286/541e9958-5144-48d9-b1cc-578a75888e48.jpeg","small":"https://resources.cdn-kaspi.kz/img/p/r/449643638-122018286/541e9958-5144-48d9-b1cc-578a75888e48.jpeg?format=review_small","medium":"https://resources.cdn-kaspi.kz/img/p/r/449643638-122018286/541e9958-5144-48d9-b1cc-578a75888e48.jpeg?format=review_medium","large":"https://resources.cdn-kaspi.kz/img/p/r/449643638-122018286/541e9958-5144-48d9-b1cc-578a75888e48.jpeg?format=review_large"}],"product":{"id":"122018286","name":"LARKO bra бежевый 48-50","categoryCode":"Master - Maternity bras","categoryName":"Бюстгальтеры для беременных","link":"https://kaspi.kz/shop/p/larko-bra-bezhevyi-48-50-122018286/"},"merchant":{"name":"LARKO-KZ","code":"17629423"},"editable":false,"editedByCustomer":false},{"id":"8a5c5abe931f0df401932f09141e1ae9","author":"Фариза","date":"15.11.2024","orderNumber":"433665591","rating":5,"comment":{"minus":"","plus":"","text":"Очень приятно к телу, материал мягкий! Спасибо за доставку!"},"feedback":{"positive":0,"voted":false},"product":{"id":"122018286","name":"LARKO bra бежевый 48-50","categoryCode":"Master - Maternity bras","categoryName":"Бюстгальтеры для беременных","link":"https://kaspi.kz/shop/p/larko-bra-bezhevyi-48-50-122018286/"},"merchant":{"name":"LARKO-KZ","code":"17629423"},"editable":false,"editedByCustomer":false}]}