{"data":[{"id":"8a5c3c3896280d6d01962a501dd00be4","author":"Салтанат","date":"12.04.2025","orderNumber":"530194680","rating":5,"comment":{"minus":"","plus":"","text":"Коврик брала для дочери 11 лет. Доставили в срок. Без нареканий. Всё аккуратненько, нет заломов, вмятин. Небольшой запах присутствует, но не критично. Цвет так как на фотографии. Спасибо. Ребенок доволен."},"feedback":{"positive":1,"voted":false},"galleryImages":[{"id":"530194680-112843341/0a10436a-a602-4a65-85d5-b56a436fd6c4.jpeg","small":"https://resources.cdn-kaspi.kz/img/p/r/530194680-112843341/0a10436a-a602-4a65-85d5-b56a436fd6c4.jpeg?format=review_small","medium":"https://resources.cdn-kaspi.kz/img/p/r/530194680-112843341/0a10436a-a602-4a65-85d5-b56a436fd6c4.jpeg?format=review_medium","large":"https://resources.cdn-kaspi.kz/img/p/r/530194680-112843341/0a10436a-a602-4a65-85d5-b56a436fd6c4.jpeg?format=review_large"},{"id":"530194680-112843341/74beaefe-c05f-4192-b6d5-2c919bd22603.jpeg","small":"https://resources.cdn-kaspi.kz/img/p/r/530194680-112843341/74beaefe-c05f-4192-b6d5-2c919bd22603.jpeg?format=review_small","medium":"https://resources.cdn-kaspi.kz/img/p/r/530194680-112843341/74beaefe-c05f-4192-b6d5-2c919bd22603.jpeg?format=review_medium","large":"https://resources.cdn-kaspi.kz/img/p/r/530194680-112843341/74beaefe-c05f-4192-b6d5-2c919bd22603.jpeg?format=review_large"}],"product":{"id":"112843341","name":"LARKO yogapurple1 183х61x0.8 см розовый","categoryCode":"Master - Exercise mats","categoryName":"Коврики для занятий йогой и фитнесом","link":"https://kaspi.kz/shop/p/larko-yogapurple1-183h61x0-8-sm-rozovyi-112843341/"},"merchant":{"name":"LARKO-KZ","code":"17629423"},"editable":false,"editedByCustomer":false},{"id":"8a5c1cad9618f31201961ea8142823f6","author":"Арман","date":"10.04.2025","orderNumber":"530381548","rating":5,"comment":{"minus":"","plus":"","text":"Цепкость, оптимальная толщина, расцветка, тактильно приятный."},"feedback":{"positive":0,"voted":false},"galleryImages":[{"id":"530381548-112843341/85c8949c-dae4-429e-8da7-16edcde38c4c.jpeg","small":"https://resources.cdn-kaspi.kz/img/p/r/530381548-112843341/85c8949c-dae4-429e-8da7-16edcde38c4c.jpeg?format=review_small","medium":"https://resources.cdn-kaspi.kz/img/p/r/530381548-112843341/85c8949c-dae4-429e-8da7-16edcde38c4c.jpeg?format=review_medium","large":"https://resources.cdn-kaspi.kz/img/p/r/530381548-112843341/85c8949c-dae4-429e-8da7-16edcde38c4c.jpeg?format=review_large"},{"id":"530381548-112843341/1fc98cd7-3856-4058-8c3c-c13a0f8b2a91.jpeg","small":"https://resources.cdn-kaspi.kz/img/p/r/530381548-112843341/1fc98cd7-3856-4058-8c3c-c13a0f8b2a91.jpeg?format=review_small","medium":"https://resources.cdn-kaspi.kz/img/p/r/530381548-112843341/1fc98cd7-3856-4058-8c3c-c13a0f8b2a91.jpeg?format=review_medium","large":"https://resources.cdn-kaspi.kz/img/p/r/530381548-112843341/1fc98cd7-3856-4058-8c3c-c13a0f8b2a91.jpeg?format=review_large"}],"product":{"id":"112843341","name":"LARKO yogapurple1 183х61x0.8 см розовый","categoryCode":"Master - Exercise mats","categoryName":"Коврики для занятий йогой и фитнесом","link":"https://kaspi.kz/shop/p/larko-yogapurple1-183h61x0-8-sm-rozovyi-112843341/"},"merchant":{"name":"LARKO-KZ","code":"17629423"},"editable":false,"editedByCustomer":false},{"id":"8a5c557a960201c801960204df9d000c","author":"Лаура","date":"04.04.2025","orderNumber":"526467645","rating":5,"comment":{"minus":"","plus":"","text":"Коврик понравился, не скользит, нет неприятного запаха. Хорошее качество."},"feedback":{"positive":0,"voted":false},"galleryImages":[{"id":"526467645-112843341/a719de3e-d21f-40ba-bf05-f9b1f24825b9.jpeg","small":"https://resources.cdn-kaspi.kz/img/p/r/526467645-112843341/a719de3e-d21f-40ba-bf05-f9b1f24825b9.jpeg?format=review_small","medium":"https://resources.cdn-kaspi.kz/img/p/r/526467645-112843341/a719de3e-d21f-40ba-bf05-f9b1f24825b9.jpeg?format=review_medium","large":"https://resources.cdn-kaspi.kz/img/p/r/526467645-112843341/a719de3e-d21f-40ba-bf05-f9b1f24825b9.jpeg?format=review_large"},{"id":"526467645-112843341/e0f0d829-fd48-48c7-bcf5-9565656e4966.jpeg","small":"https://resources.cdn-kaspi.kz/img/p/r/526467645-112843341/e0f0d829-fd48-48c7-bcf5-9565656e4966.jpeg?format=review_small","medium":"https://resources.cdn-kaspi.kz/img/p/r/526467645-112843341/e0f0d829-fd48-48c7-bcf5-9565656e4966.jpeg?format=review_medium","large":"https://resources.cdn-kaspi.kz/img/p/r/526467645-112843341/e0f0d829-fd48-48c7-bcf5-9565656e4966.jpeg?format=review_large"},{"id":"526467645-112843341/689c5455-2277-43e1-87bd-23eef470fd7b.jpeg","small":"https://resources.cdn-kaspi.kz/img/p/r/526467645-112843341/689c5455-2277-43e1-87bd-23eef470fd7b.jpeg?format=review_small","medium":"https://resources.cdn-kaspi.kz/img/p/r/526467645-112843341/689c5455-2277-43e1-87bd-23eef470fd7b.jpeg?format=review_medium","large":"https://resources.cdn-kaspi.kz/img/p/r/526467645-112843341/689c5455-2277-43e1-87bd-23eef470fd7b.jpeg?format=review_large"}],"product":{"id":"112843341","name":"LARKO yogapurple1 183х61x0.8 см розовый","categoryCode":"Master - Exercise mats","categoryName":"Коврики для занятий йогой и фитнесом","link":"https://kaspi.kz/shop/p/larko-yogapurple1-183h61x0-8-sm-rozovyi-112843341/"},"merchant":{"name":"LARKO-KZ","code":"17629423"},"editable":false,"editedByCustomer":false},{"id":"8a5c9dbc95acfdf50195eaec37963893","author":"Асем","date":"31.03.2025","orderNumber":"521063100","rating":5,"comment":{"minus":"","plus":"","text":"Отличный коврик, без запаха, рекомендую."},"feedback":{"positive":1,"voted":false},"galleryImages":[{"id":"521063100-112843341/4dc42b0a-726e-4001-bc5b-eed45b257fb7.jpeg","small":"https://resources.cdn-kaspi.kz/img/p/r/521063100-112843341/4dc42b0a-726e-4001-bc5b-eed45b257fb7.jpeg?format=review_small","medium":"https://resources.cdn-kaspi.kz/img/p/r/521063100-112843341/4dc42b0a-726e-4001-bc5b-eed45b257fb7.jpeg?format=review_medium","large":"https://resources.cdn-kaspi.kz/img/p/r/521063100-112843341/4dc42b0a-726e-4001-bc5b-eed45b257fb7.jpeg?format=review_large"}],"product":{"id":"112843341","name":"LARKO yogapurple1 183х61x0.8 см розовый","categoryCode":"Master - Exercise mats","categoryName":"Коврики для занятий йогой и фитнесом","link":"https://kaspi.kz/shop/p/larko-yogapurple1-183h61x0-8-sm-rozovyi-112843341/"},"merchant":{"name":"LARKO-KZ","code":"17629423"},"editable":false,"editedByCustomer":false},{"id":"8a5c196b95dabaad0195e738d0aa3d41","author":"Анатолий","date":"30.03.2025","orderNumber":"521116338","rating":5,"comment":{"minus":"","plus":"","text":"Отлично. Без запаха. Толще других. Доволен, рекомендую. Доставлен раньше."},"feedback":{"positive":0,"voted":false},"galleryImages":[{"id":"521116338-112843341/f3fc2d6b-a67b-4f1f-a0cc-57cb5edccb5c.jpeg","small":"https://resources.cdn-kaspi.kz/img/p/r/521116338-112843341/f3fc2d6b-a67b-4f1f-a0cc-57cb5edccb5c.jpeg?format=review_small","medium":"https://resources.cdn-kaspi.kz/img/p/r/521116338-112843341/f3fc2d6b-a67b-4f1f-a0cc-57cb5edccb5c.jpeg?format=review_medium","large":"https://resources.cdn-kaspi.kz/img/p/r/521116338-112843341/f3fc2d6b-a67b-4f1f-a0cc-57cb5edccb5c.jpeg?format=review_large"}],"product":{"id":"112843341","name":"LARKO yogapurple1 183х61x0.8 см розовый","categoryCode":"Master - Exercise mats","categoryName":"Коврики для занятий йогой и фитнесом","link":"https://kaspi.kz/shop/p/larko-yogapurple1-183h61x0-8-sm-rozovyi-112843341/"},"merchant":{"name":"LARKO-KZ","code":"17629423"},"editable":false,"editedByCustomer":false},{"id":"8a5cc38595acfcab0195de44a46705a4","author":"Елена","date":"29.03.2025","orderNumber":"503716765","rating":5,"comment":{"minus":"","plus":"","text":"Покупала коврик дочери на 8 марта. Дочь очень довольна. Толщина коврика хорошая. Под валиками не проминается."},"feedback":{"positive":2,"voted":false},"galleryImages":[{"id":"503716765-112843341/5cea9cc3-c877-4c50-b20f-1178298c0252.jpeg","small":"https://resources.cdn-kaspi.kz/img/p/r/503716765-112843341/5cea9cc3-c877-4c50-b20f-1178298c0252.jpeg?format=review_small","medium":"https://resources.cdn-kaspi.kz/img/p/r/503716765-112843341/5cea9cc3-c877-4c50-b20f-1178298c0252.jpeg?format=review_medium","large":"https://resources.cdn-kaspi.kz/img/p/r/503716765-112843341/5cea9cc3-c877-4c50-b20f-1178298c0252.jpeg?format=review_large"},{"id":"503716765-112843341/fcd4afcb-d012-42ac-bc12-eb4d843620d5.jpeg","small":"https://resources.cdn-kaspi.kz/img/p/r/503716765-112843341/fcd4afcb-d012-42ac-bc12-eb4d843620d5.jpeg?format=review_small","medium":"https://resources.cdn-kaspi.kz/img/p/r/503716765-112843341/fcd4afcb-d012-42ac-bc12-eb4d843620d5.jpeg?format=review_medium","large":"https://resources.cdn-kaspi.kz/img/p/r/503716765-112843341/fcd4afcb-d012-42ac-bc12-eb4d843620d5.jpeg?format=review_large"}],"product":{"id":"112843341","name":"LARKO yogapurple1 183х61x0.8 см розовый","categoryCode":"Master - Exercise mats","categoryName":"Коврики для занятий йогой и фитнесом","link":"https://kaspi.kz/shop/p/larko-yogapurple1-183h61x0-8-sm-rozovyi-112843341/"},"merchant":{"name":"LARKO-KZ","code":"17629423"},"editable":false,"editedByCustomer":false},{"id":"8a5c9dbc95acfdf50195dbb0606b7000","author":"Камшат","date":"28.03.2025","orderNumber":"516088642","rating":5,"comment":{"minus":"","plus":"","text":"Сапасы өте жақсы, ешқандай иіс жоқ өзіме ұнады. Көрсетілген уақытта жеткізді. Рақмет сапалы тауар үшін."},"feedback":{"positive":2,"voted":false},"galleryImages":[{"id":"516088642-112843341/c12fc131-67c2-4977-b082-8eb9988904a4.jpeg","small":"https://resources.cdn-kaspi.kz/img/p/r/516088642-112843341/c12fc131-67c2-4977-b082-8eb9988904a4.jpeg?format=review_small","medium":"https://resources.cdn-kaspi.kz/img/p/r/516088642-112843341/c12fc131-67c2-4977-b082-8eb9988904a4.jpeg?format=review_medium","large":"https://resources.cdn-kaspi.kz/img/p/r/516088642-112843341/c12fc131-67c2-4977-b082-8eb9988904a4.jpeg?format=review_large"},{"id":"516088642-112843341/3367dae6-0c32-4d9e-9781-0da2237f1e08.jpeg","small":"https://resources.cdn-kaspi.kz/img/p/r/516088642-112843341/3367dae6-0c32-4d9e-9781-0da2237f1e08.jpeg?format=review_small","medium":"https://resources.cdn-kaspi.kz/img/p/r/516088642-112843341/3367dae6-0c32-4d9e-9781-0da2237f1e08.jpeg?format=review_medium","large":"https://resources.cdn-kaspi.kz/img/p/r/516088642-112843341/3367dae6-0c32-4d9e-9781-0da2237f1e08.jpeg?format=review_large"}],"product":{"id":"112843341","name":"LARKO yogapurple1 183х61x0.8 см розовый","categoryCode":"Master - Exercise mats","categoryName":"Коврики для занятий йогой и фитнесом","link":"https://kaspi.kz/shop/p/larko-yogapurple1-183h61x0-8-sm-rozovyi-112843341/"},"merchant":{"name":"LARKO-KZ","code":"17629423"},"editable":false,"editedByCustomer":false},{"id":"8a5c405695d51bda0195dba672631a7c","author":"Людмила","date":"28.03.2025","orderNumber":"510927027","rating":5,"comment":{"minus":"","plus":"","text":"Отличный коврик для занятий! Форму держит, заломов после складывания не остаётся. Без запаха! Советую к покупке!"},"feedback":{"positive":0,"voted":false},"product":{"id":"112843341","name":"LARKO yogapurple1 183х61x0.8 см розовый","categoryCode":"Master - Exercise mats","categoryName":"Коврики для занятий йогой и фитнесом","link":"https://kaspi.kz/shop/p/larko-yogapurple1-183h61x0-8-sm-rozovyi-112843341/"},"merchant":{"name":"LARKO-KZ","code":"17629423"},"editable":false,"editedByCustomer":false},{"id":"8a5cba5a95acfcd60195dba2e4ba7232","author":"Сергей","date":"28.03.2025","orderNumber":"506364386","rating":5,"comment":{"minus":"","plus":"","text":"Всем привет! Купил жене для утренней зарядки, жалко стало её колени на ковре, теперь каждое утро - она на нем! Прекрасный коврик!"},"feedback":{"positive":1,"voted":false},"product":{"id":"112843341","name":"LARKO yogapurple1 183х61x0.8 см розовый","categoryCode":"Master - Exercise mats","categoryName":"Коврики для занятий йогой и фитнесом","link":"https://kaspi.kz/shop/p/larko-yogapurple1-183h61x0-8-sm-rozovyi-112843341/"},"merchant":{"name":"LARKO-KZ","code":"17629423"},"editable":false,"editedByCustomer":false},{"id":"8a5cf14e95d559c30195d65d2d640256","author":"Римма","date":"27.03.2025","orderNumber":"520421832","rating":5,"comment":{"minus":"","plus":"","text":"Коврик замечательный, толщина хорошая, удобный в использовании. Самое главное не пахнет резиной. За такую цену шикарно."},"feedback":{"positive":0,"voted":false},"product":{"id":"112843341","name":"LARKO yogapurple1 183х61x0.8 см розовый","categoryCode":"Master - Exercise mats","categoryName":"Коврики для занятий йогой и фитнесом","link":"https://kaspi.kz/shop/p/larko-yogapurple1-183h61x0-8-sm-rozovyi-112843341/"},"merchant":{"name":"LARKO-KZ","code":"17629423"},"editable":false,"editedByCustomer":false},{"id":"8a5c6a1895c1299e0195c1e3391201ff","author":"Нуризат","date":"26.03.2025","orderNumber":"518254938","rating":5,"comment":{"minus":"","plus":"","text":"Коврик өте керемет сапада келді. LARKO-KZ сіздерге үлкен рақмет. Алуға 100% кеңес беремін."},"feedback":{"positive":0,"voted":false},"product":{"id":"112843341","name":"LARKO yogapurple1 183х61x0.8 см розовый","categoryCode":"Master - Exercise mats","categoryName":"Коврики для занятий йогой и фитнесом","link":"https://kaspi.kz/shop/p/larko-yogapurple1-183h61x0-8-sm-rozovyi-112843341/"},"merchant":{"name":"LARKO-KZ","code":"17629423"},"editable":false,"editedByCustomer":false},{"id":"8a5c196495bbcd2a0195bce1aae0035f","author":"Салтанат","date":"22.03.2025","orderNumber":"513394427","rating":5,"comment":{"minus":"","plus":"","text":"Коврик отличный. Мягкий, суставам легче стало. Есть ремешок удобный. Спасибо магазину."},"feedback":{"positive":2,"voted":false},"product":{"id":"112843341","name":"LARKO yogapurple1 183х61x0.8 см розовый","categoryCode":"Master - Exercise mats","categoryName":"Коврики для занятий йогой и фитнесом","link":"https://kaspi.kz/shop/p/larko-yogapurple1-183h61x0-8-sm-rozovyi-112843341/"},"merchant":{"name":"LARKO-KZ","code":"17629423"},"editable":false,"editedByCustomer":false},{"id":"8a5c9dbc95acfdf50195b1dd1c222722","author":"Акмарал","date":"20.03.2025","orderNumber":"517005474","rating":5,"comment":{"minus":"","plus":"","text":"Коврик доставили раньше времени. Качество отличное, плотный как раз для тех у кого болят колени! Цвет приятный."},"feedback":{"positive":1,"voted":false},"product":{"id":"112843341","name":"LARKO yogapurple1 183х61x0.8 см розовый","categoryCode":"Master - Exercise mats","categoryName":"Коврики для занятий йогой и фитнесом","link":"https://kaspi.kz/shop/p/larko-yogapurple1-183h61x0-8-sm-rozovyi-112843341/"},"merchant":{"name":"LARKO-KZ","code":"17629423"},"editable":false,"editedByCustomer":false},{"id":"8a5c67e59590f35d01959ea956544bec","author":"Жәмила","date":"16.03.2025","orderNumber":"514798541","rating":5,"comment":{"minus":"","plus":"","text":"Да мне понравилось, очень красивая и качественная вещь. Спасибо. Курьера раньше времени привез и спасибо Каспи, быстро и доступно, я довольна. И дочка тоже хочет таких и еще будем заказывать."},"feedback":{"positive":1,"voted":false},"product":{"id":"112843341","name":"LARKO yogapurple1 183х61x0.8 см розовый","categoryCode":"Master - Exercise mats","categoryName":"Коврики для занятий йогой и фитнесом","link":"https://kaspi.kz/shop/p/larko-yogapurple1-183h61x0-8-sm-rozovyi-112843341/"},"merchant":{"name":"LARKO-KZ","code":"17629423"},"editable":false,"editedByCustomer":false},{"id":"8a5c0421953b173301953c52a31504be","author":"Наталья","date":"25.02.2025","orderNumber":"502416310","rating":5,"comment":{"minus":"","plus":"","text":"Коврик очень хороший, плотный, коленям очень комфортно, именно такой искала."},"feedback":{"positive":0,"voted":false},"product":{"id":"112843341","name":"LARKO yogapurple1 183х61x0.8 см розовый","categoryCode":"Master - Exercise mats","categoryName":"Коврики для занятий йогой и фитнесом","link":"https://kaspi.kz/shop/p/larko-yogapurple1-183h61x0-8-sm-rozovyi-112843341/"},"merchant":{"name":"LARKO-KZ","code":"17629423"},"editable":false,"editedByCustomer":false},{"id":"8a5cd48694cbc2e40194d004b3d505a9","author":"Айдана","date":"04.02.2025","orderNumber":"490004299","rating":5,"comment":{"minus":"","plus":"","text":"Я заказала через Каспи коврик для йоги. Вчера пришел, очень рада. Доставка пришла в срок. Спасибо продавцу!"},"feedback":{"positive":0,"voted":false},"galleryImages":[{"id":"490004299-112843341/205f3f6d-0532-4fb1-abd2-42974bf21b56.jpeg","small":"https://resources.cdn-kaspi.kz/img/p/r/490004299-112843341/205f3f6d-0532-4fb1-abd2-42974bf21b56.jpeg?format=review_small","medium":"https://resources.cdn-kaspi.kz/img/p/r/490004299-112843341/205f3f6d-0532-4fb1-abd2-42974bf21b56.jpeg?format=review_medium","large":"https://resources.cdn-kaspi.kz/img/p/r/490004299-112843341/205f3f6d-0532-4fb1-abd2-42974bf21b56.jpeg?format=review_large"},{"id":"490004299-112843341/93397e9e-3801-4916-8d2c-000d7d65911f.jpeg","small":"https://resources.cdn-kaspi.kz/img/p/r/490004299-112843341/93397e9e-3801-4916-8d2c-000d7d65911f.jpeg?format=review_small","medium":"https://resources.cdn-kaspi.kz/img/p/r/490004299-112843341/93397e9e-3801-4916-8d2c-000d7d65911f.jpeg?format=review_medium","large":"https://resources.cdn-kaspi.kz/img/p/r/490004299-112843341/93397e9e-3801-4916-8d2c-000d7d65911f.jpeg?format=review_large"}],"product":{"id":"112843341","name":"LARKO yogapurple1 183х61x0.8 см розовый","categoryCode":"Master - Exercise mats","categoryName":"Коврики для занятий йогой и фитнесом","link":"https://kaspi.kz/shop/p/larko-yogapurple1-183h61x0-8-sm-rozovyi-112843341/"},"merchant":{"name":"LARKO-KZ","code":"17629423"},"editable":false,"editedByCustomer":false},{"id":"8a5cdd7994c50f1a0194c698decc0272","author":"Марина","date":"02.02.2025","orderNumber":"486561658","rating":5,"comment":{"minus":"","plus":"","text":"Коврик супер."},"feedback":{"positive":0,"voted":false},"product":{"id":"112843341","name":"LARKO yogapurple1 183х61x0.8 см розовый","categoryCode":"Master - Exercise mats","categoryName":"Коврики для занятий йогой и фитнесом","link":"https://kaspi.kz/shop/p/larko-yogapurple1-183h61x0-8-sm-rozovyi-112843341/"},"merchant":{"name":"LARKO-KZ","code":"17629423"},"editable":false,"editedByCustomer":false},{"id":"8a5c0a9094ab5d390194b820648d18b9","author":"Меруерт","date":"30.01.2025","orderNumber":"488508800","rating":5,"comment":{"minus":"","plus":"","text":"Какая она классная, запаха нет, толщина хорошая, приятный цвет, отличная длина, качественная!"},"feedback":{"positive":0,"voted":false},"product":{"id":"112843341","name":"LARKO yogapurple1 183х61x0.8 см розовый","categoryCode":"Master - Exercise mats","categoryName":"Коврики для занятий йогой и фитнесом","link":"https://kaspi.kz/shop/p/larko-yogapurple1-183h61x0-8-sm-rozovyi-112843341/"},"merchant":{"name":"LARKO-KZ","code":"17629423"},"editable":false,"editedByCustomer":false},{"id":"8a5c1c9794967add019497365a5400aa","author":"Гүльнұр","date":"24.01.2025","orderNumber":"476401949","rating":5,"comment":{"minus":"","plus":"","text":"Мне понравился коврик. Качество хорошее, удобно заниматься, не скользит. Советую."},"feedback":{"positive":0,"voted":false},"product":{"id":"112843341","name":"LARKO yogapurple1 183х61x0.8 см розовый","categoryCode":"Master - Exercise mats","categoryName":"Коврики для занятий йогой и фитнесом","link":"https://kaspi.kz/shop/p/larko-yogapurple1-183h61x0-8-sm-rozovyi-112843341/"},"merchant":{"name":"LARKO-KZ","code":"17629423"},"editable":false,"editedByCustomer":false},{"id":"8a5c9829946875a1019479d985d41f72","author":"Татьяна","date":"18.01.2025","orderNumber":"482186796","rating":5,"comment":{"minus":"","plus":"","text":"Супер! Качество отличное, очень понравился коврик для йоги. Доставка вовремя."},"feedback":{"positive":0,"voted":false},"product":{"id":"112843341","name":"LARKO yogapurple1 183х61x0.8 см розовый","categoryCode":"Master - Exercise mats","categoryName":"Коврики для занятий йогой и фитнесом","link":"https://kaspi.kz/shop/p/larko-yogapurple1-183h61x0-8-sm-rozovyi-112843341/"},"merchant":{"name":"LARKO-KZ","code":"17629423"},"editable":false,"editedByCustomer":false},{"id":"8a5c307b94019612019464b1e2c200d9","author":"Асель","date":"14.01.2025","orderNumber":"477379059","rating":5,"comment":{"minus":"","plus":"","text":"Очень клевый коврик, за такую цену качество супер взяла для тренировок пилатеса."},"feedback":{"positive":0,"voted":false},"galleryImages":[{"id":"477379059-112843341/27087d48-a15e-4d82-ac6c-67e5f8007314.jpeg","small":"https://resources.cdn-kaspi.kz/img/p/r/477379059-112843341/27087d48-a15e-4d82-ac6c-67e5f8007314.jpeg?format=review_small","medium":"https://resources.cdn-kaspi.kz/img/p/r/477379059-112843341/27087d48-a15e-4d82-ac6c-67e5f8007314.jpeg?format=review_medium","large":"https://resources.cdn-kaspi.kz/img/p/r/477379059-112843341/27087d48-a15e-4d82-ac6c-67e5f8007314.jpeg?format=review_large"},{"id":"477379059-112843341/312895e8-cf90-4025-8428-49df664e168a.jpeg","small":"https://resources.cdn-kaspi.kz/img/p/r/477379059-112843341/312895e8-cf90-4025-8428-49df664e168a.jpeg?format=review_small","medium":"https://resources.cdn-kaspi.kz/img/p/r/477379059-112843341/312895e8-cf90-4025-8428-49df664e168a.jpeg?format=review_medium","large":"https://resources.cdn-kaspi.kz/img/p/r/477379059-112843341/312895e8-cf90-4025-8428-49df664e168a.jpeg?format=review_large"},{"id":"477379059-112843341/57845a72-38e9-4d12-860d-7c526ea96fb2.jpeg","small":"https://resources.cdn-kaspi.kz/img/p/r/477379059-112843341/57845a72-38e9-4d12-860d-7c526ea96fb2.jpeg?format=review_small","medium":"https://resources.cdn-kaspi.kz/img/p/r/477379059-112843341/57845a72-38e9-4d12-860d-7c526ea96fb2.jpeg?format=review_medium","large":"https://resources.cdn-kaspi.kz/img/p/r/477379059-112843341/57845a72-38e9-4d12-860d-7c526ea96fb2.jpeg?format=review_large"}],"product":{"id":"112843341","name":"LARKO yogapurple1 183х61x0.8 см розовый","categoryCode":"Master - Exercise mats","categoryName":"Коврики для занятий йогой и фитнесом","link":"https://kaspi.kz/shop/p/larko-yogapurple1-183h61x0-8-sm-rozovyi-112843341/"},"merchant":{"name":"LARKO-KZ","code":"17629423"},"editable":false,"editedByCustomer":false},{"id":"8a5c3c289401960e019455de3daf6e3b","author":"Өскенбай","date":"11.01.2025","orderNumber":"476591598","rating":5,"comment":{"minus":"","plus":"","text":"Дүкенге рахмет, тапсырыспен қанағаттандым тауар өте сапалы."},"feedback":{"positive":0,"voted":false},"product":{"id":"112843341","name":"LARKO yogapurple1 183х61x0.8 см розовый","categoryCode":"Master - Exercise mats","categoryName":"Коврики для занятий йогой и фитнесом","link":"https://kaspi.kz/shop/p/larko-yogapurple1-183h61x0-8-sm-rozovyi-112843341/"},"merchant":{"name":"LARKO-KZ","code":"17629423"},"editable":false,"editedByCustomer":false},{"id":"8a5c1b7f944e31f9019450ff4d3a0527","author":"Арна","date":"10.01.2025","orderNumber":"477904857","rating":5,"comment":{"minus":"","plus":"","text":"Хороший коврик, не пахнет, не скользит. Идеально!"},"feedback":{"positive":1,"voted":false},"galleryImages":[{"id":"477904857-112843341/4ce067b9-74ce-40bd-8a29-76738725d082.jpeg","small":"https://resources.cdn-kaspi.kz/img/p/r/477904857-112843341/4ce067b9-74ce-40bd-8a29-76738725d082.jpeg?format=review_small","medium":"https://resources.cdn-kaspi.kz/img/p/r/477904857-112843341/4ce067b9-74ce-40bd-8a29-76738725d082.jpeg?format=review_medium","large":"https://resources.cdn-kaspi.kz/img/p/r/477904857-112843341/4ce067b9-74ce-40bd-8a29-76738725d082.jpeg?format=review_large"},{"id":"477904857-112843341/a424fea8-82ca-4dc0-b641-e71e517c6e30.jpeg","small":"https://resources.cdn-kaspi.kz/img/p/r/477904857-112843341/a424fea8-82ca-4dc0-b641-e71e517c6e30.jpeg?format=review_small","medium":"https://resources.cdn-kaspi.kz/img/p/r/477904857-112843341/a424fea8-82ca-4dc0-b641-e71e517c6e30.jpeg?format=review_medium","large":"https://resources.cdn-kaspi.kz/img/p/r/477904857-112843341/a424fea8-82ca-4dc0-b641-e71e517c6e30.jpeg?format=review_large"}],"product":{"id":"112843341","name":"LARKO yogapurple1 183х61x0.8 см розовый","categoryCode":"Master - Exercise mats","categoryName":"Коврики для занятий йогой и фитнесом","link":"https://kaspi.kz/shop/p/larko-yogapurple1-183h61x0-8-sm-rozovyi-112843341/"},"merchant":{"name":"LARKO-KZ","code":"17629423"},"editable":false,"editedByCustomer":false},{"id":"8a5c921e944e533e019450a0b70b0423","author":"Алибек","date":"10.01.2025","orderNumber":"476018836","rating":5,"comment":{"minus":"","plus":"","text":"Отличный мат, выполняет все свои функции на отлично. Советую!"},"feedback":{"positive":0,"voted":false},"product":{"id":"112843341","name":"LARKO yogapurple1 183х61x0.8 см розовый","categoryCode":"Master - Exercise mats","categoryName":"Коврики для занятий йогой и фитнесом","link":"https://kaspi.kz/shop/p/larko-yogapurple1-183h61x0-8-sm-rozovyi-112843341/"},"merchant":{"name":"LARKO-KZ","code":"17629423"},"editable":false,"editedByCustomer":false},{"id":"8a5c64fa940195710194139770752653","author":"Марал","date":"05.01.2025","orderNumber":"471369397","rating":5,"comment":{"minus":"","plus":"","text":"Доставили раньше срока, что порадовало. Коврик соответствует описанию, именно то, что я искала, не тонкий и не скользящий, определенно 5."},"feedback":{"positive":0,"voted":false},"galleryImages":[{"id":"471369397-112843341/16584b69-5842-44ea-b1b0-b76e5f25e2f3.jpeg","small":"https://resources.cdn-kaspi.kz/img/p/r/471369397-112843341/16584b69-5842-44ea-b1b0-b76e5f25e2f3.jpeg?format=review_small","medium":"https://resources.cdn-kaspi.kz/img/p/r/471369397-112843341/16584b69-5842-44ea-b1b0-b76e5f25e2f3.jpeg?format=review_medium","large":"https://resources.cdn-kaspi.kz/img/p/r/471369397-112843341/16584b69-5842-44ea-b1b0-b76e5f25e2f3.jpeg?format=review_large"},{"id":"471369397-112843341/dee2711c-ee9d-4742-b03e-8fc45035e3d1.jpeg","small":"https://resources.cdn-kaspi.kz/img/p/r/471369397-112843341/dee2711c-ee9d-4742-b03e-8fc45035e3d1.jpeg?format=review_small","medium":"https://resources.cdn-kaspi.kz/img/p/r/471369397-112843341/dee2711c-ee9d-4742-b03e-8fc45035e3d1.jpeg?format=review_medium","large":"https://resources.cdn-kaspi.kz/img/p/r/471369397-112843341/dee2711c-ee9d-4742-b03e-8fc45035e3d1.jpeg?format=review_large"}],"product":{"id":"112843341","name":"LARKO yogapurple1 183х61x0.8 см розовый","categoryCode":"Master - Exercise mats","categoryName":"Коврики для занятий йогой и фитнесом","link":"https://kaspi.kz/shop/p/larko-yogapurple1-183h61x0-8-sm-rozovyi-112843341/"},"merchant":{"name":"LARKO-KZ","code":"17629423"},"editable":false,"editedByCustomer":false},{"id":"8a5c52919401965e019410ff50a61f23","author":"Умит","date":"29.12.2024","orderNumber":"471761673","rating":5,"comment":{"minus":"","plus":"","text":"Отличный коврик согласно описанию."},"feedback":{"positive":0,"voted":false},"product":{"id":"112843341","name":"LARKO yogapurple1 183х61x0.8 см розовый","categoryCode":"Master - Exercise mats","categoryName":"Коврики для занятий йогой и фитнесом","link":"https://kaspi.kz/shop/p/larko-yogapurple1-183h61x0-8-sm-rozovyi-112843341/"},"merchant":{"name":"LARKO-KZ","code":"17629423"},"editable":false,"editedByCustomer":false},{"id":"8a5c67f793fc4a210193fd7933680415","author":"Светлана","date":"25.12.2024","orderNumber":"461542993","rating":5,"comment":{"minus":"","plus":"","text":"Коврик супер. До этого покупала и все не то. На йоге приходилось подстилать одеяла для мягкости. Или скользили руки и ноги. Этот же коврик закрыл все моменты, которые беспокоили. Занимаюсь с удовольствием и больше не беспокоюсь. Рекомендую."},"feedback":{"positive":0,"voted":false},"product":{"id":"112843341","name":"LARKO yogapurple1 183х61x0.8 см розовый","categoryCode":"Master - Exercise mats","categoryName":"Коврики для занятий йогой и фитнесом","link":"https://kaspi.kz/shop/p/larko-yogapurple1-183h61x0-8-sm-rozovyi-112843341/"},"merchant":{"name":"LARKO-KZ","code":"17629423"},"editable":false,"editedByCustomer":false},{"id":"8a5c1b64939556a20193c6802dc44fc2","author":"Кали","date":"14.12.2024","orderNumber":"460472370","rating":5,"comment":{"minus":"","plus":"","text":"Рахмет. Покупали в подарок. Очень понравился."},"feedback":{"positive":0,"voted":false},"product":{"id":"112843341","name":"LARKO yogapurple1 183х61x0.8 см розовый","categoryCode":"Master - Exercise mats","categoryName":"Коврики для занятий йогой и фитнесом","link":"https://kaspi.kz/shop/p/larko-yogapurple1-183h61x0-8-sm-rozovyi-112843341/"},"merchant":{"name":"LARKO-KZ","code":"17629423"},"editable":false,"editedByCustomer":false},{"id":"8a5c3f879366cbe801936da726db0bef","author":"Гүлмира","date":"27.11.2024","orderNumber":"449768747","rating":5,"comment":{"minus":"","plus":"","text":"Коврик супер. Толстый, цвет красивый. Быстро доставили. Спасибо."},"feedback":{"positive":0,"voted":false},"product":{"id":"112843341","name":"LARKO yogapurple1 183х61x0.8 см розовый","categoryCode":"Master - Exercise mats","categoryName":"Коврики для занятий йогой и фитнесом","link":"https://kaspi.kz/shop/p/larko-yogapurple1-183h61x0-8-sm-rozovyi-112843341/"},"merchant":{"name":"LARKO-KZ","code":"17629423"},"editable":false,"editedByCustomer":false},{"id":"8a5cf7a29347bf38019349ae0f3204ad","author":"Айнур","date":"20.11.2024","orderNumber":"446651748","rating":5,"comment":{"minus":"","plus":"","text":"Коврик хороший, качество просто супер. Доставили раньше срока. Благодарю."},"feedback":{"positive":0,"voted":false},"product":{"id":"112843341","name":"LARKO yogapurple1 183х61x0.8 см розовый","categoryCode":"Master - Exercise mats","categoryName":"Коврики для занятий йогой и фитнесом","link":"https://kaspi.kz/shop/p/larko-yogapurple1-183h61x0-8-sm-rozovyi-112843341/"},"merchant":{"name":"LARKO-KZ","code":"17629423"},"editable":false,"editedByCustomer":false},{"id":"8a5cee55931f0dca019334316d8920e1","author":"Асемгуль","date":"16.11.2024","orderNumber":"440912598","rating":5,"comment":{"minus":"","plus":"","text":"Классный коврик, смотрится стильно, и по толщине идеальный."},"feedback":{"positive":0,"voted":false},"product":{"id":"112843341","name":"LARKO yogapurple1 183х61x0.8 см розовый","categoryCode":"Master - Exercise mats","categoryName":"Коврики для занятий йогой и фитнесом","link":"https://kaspi.kz/shop/p/larko-yogapurple1-183h61x0-8-sm-rozovyi-112843341/"},"merchant":{"name":"LARKO-KZ","code":"17629423"},"editable":false,"editedByCustomer":false},{"id":"8a5ca081931f0c600193301e9a411bf5","author":"Асель","date":"15.11.2024","orderNumber":"442746291","rating":5,"comment":{"minus":"","plus":"","text":"Без запаха, мягкий коврик, понравился."},"feedback":{"positive":0,"voted":false},"galleryImages":[{"id":"442746291-112843341/cd116e7b-975a-4e1a-9162-e8a99db0ea84.jpeg","small":"https://resources.cdn-kaspi.kz/img/p/r/442746291-112843341/cd116e7b-975a-4e1a-9162-e8a99db0ea84.jpeg?format=review_small","medium":"https://resources.cdn-kaspi.kz/img/p/r/442746291-112843341/cd116e7b-975a-4e1a-9162-e8a99db0ea84.jpeg?format=review_medium","large":"https://resources.cdn-kaspi.kz/img/p/r/442746291-112843341/cd116e7b-975a-4e1a-9162-e8a99db0ea84.jpeg?format=review_large"}],"product":{"id":"112843341","name":"LARKO yogapurple1 183х61x0.8 см розовый","categoryCode":"Master - Exercise mats","categoryName":"Коврики для занятий йогой и фитнесом","link":"https://kaspi.kz/shop/p/larko-yogapurple1-183h61x0-8-sm-rozovyi-112843341/"},"merchant":{"name":"LARKO-KZ","code":"17629423"},"editable":false,"editedByCustomer":false},{"id":"8a5ca8dc8b8ffc38018b9fd4df980807","author":"Акжаркын","date":"05.11.2023","orderNumber":"287558253","rating":5,"comment":{"minus":"","plus":"","text":"Коврик просто супер! Качество."},"feedback":{"positive":0,"voted":false},"product":{"id":"112843341","name":"LARKO yogapurple1 183х61x0.8 см розовый","categoryCode":"Master - Exercise mats","categoryName":"Коврики для занятий йогой и фитнесом","link":"https://kaspi.kz/shop/p/larko-yogapurple1-183h61x0-8-sm-rozovyi-112843341/"},"merchant":{"name":"LARKO","code":"14901053"},"editable":false,"editedByCustomer":false},{"id":"8a5c251d8b8531a5018b85c38a450271","author":"Эрик","date":"02.11.2023","orderNumber":"287457599","rating":5,"comment":{"minus":"","plus":"","text":"Отличный коврик для занятий дома без обуви, именно такой искал, со своей задачей справился, локти и колени благодарят по линолеуму не скользит, качество хорошее, мягкий, приятный материал, оправдал ожидания, покупкой доволен."},"feedback":{"positive":1,"voted":false},"product":{"id":"112843341","name":"LARKO yogapurple1 183х61x0.8 см розовый","categoryCode":"Master - Exercise mats","categoryName":"Коврики для занятий йогой и фитнесом","link":"https://kaspi.kz/shop/p/larko-yogapurple1-183h61x0-8-sm-rozovyi-112843341/"},"merchant":{"name":"LARKO","code":"14901053"},"editable":false,"editedByCustomer":false},{"id":"8a5c2f708b5fef6a018b6add754f1a46","author":"Айсулу","date":"26.10.2023","orderNumber":"286654520","rating":5,"comment":{"minus":"","plus":"","text":"Купила коврик LARKO, супер коврик мягкий, и при этом не продавливается, не скользит, и расцветка и рисунок на коврике радует глаз, благодарю и большое спасибо за быструю доставку, рекомендую."},"feedback":{"positive":1,"voted":false},"product":{"id":"112843341","name":"LARKO yogapurple1 183х61x0.8 см розовый","categoryCode":"Master - Exercise mats","categoryName":"Коврики для занятий йогой и фитнесом","link":"https://kaspi.kz/shop/p/larko-yogapurple1-183h61x0-8-sm-rozovyi-112843341/"},"merchant":{"name":"LARKO","code":"14901053"},"editable":false,"editedByCustomer":false},{"id":"8a5c197a8afe212a018b1d2be1cd4758","author":"Бибигуль","date":"11.10.2023","orderNumber":"287185187","rating":5,"comment":{"minus":"","plus":"","text":"Коврик хороший, доставили быстро."},"feedback":{"positive":0,"voted":false},"product":{"id":"112843341","name":"LARKO yogapurple1 183х61x0.8 см розовый","categoryCode":"Master - Exercise mats","categoryName":"Коврики для занятий йогой и фитнесом","link":"https://kaspi.kz/shop/p/larko-yogapurple1-183h61x0-8-sm-rozovyi-112843341/"},"merchant":{"name":"LARKO","code":"14901053"},"editable":false,"editedByCustomer":false},{"id":"8a5cfa9e8ad49ba9018ad7a5ccd60694","author":"Валерий","date":"27.09.2023","orderNumber":"285652986","rating":5,"comment":{"minus":"","plus":"","text":"Очень хороший."},"feedback":{"positive":0,"voted":false},"product":{"id":"112843341","name":"LARKO yogapurple1 183х61x0.8 см розовый","categoryCode":"Master - Exercise mats","categoryName":"Коврики для занятий йогой и фитнесом","link":"https://kaspi.kz/shop/p/larko-yogapurple1-183h61x0-8-sm-rozovyi-112843341/"},"merchant":{"name":"LARKO","code":"14901053"},"editable":false,"editedByCustomer":false},{"id":"8a5c405c8ad49ba5018ad53acd1400cf","author":"Виктория","date":"27.09.2023","orderNumber":"285709098","rating":5,"comment":{"minus":"","plus":"","text":"Спасибо. Детям понравился, на танцах ребенку сказали- какой красивый коврик."},"feedback":{"positive":0,"voted":false},"product":{"id":"112843341","name":"LARKO yogapurple1 183х61x0.8 см розовый","categoryCode":"Master - Exercise mats","categoryName":"Коврики для занятий йогой и фитнесом","link":"https://kaspi.kz/shop/p/larko-yogapurple1-183h61x0-8-sm-rozovyi-112843341/"},"merchant":{"name":"LARKO","code":"14901053"},"editable":false,"editedByCustomer":false},{"id":"8a5c78158abc4951018ac26356450958","author":"Виктор","date":"23.09.2023","orderNumber":"285234081","rating":5,"comment":{"minus":"","plus":"","text":"Хороший коврик, не тонкий, не скользит. Для тренировок самое то."},"feedback":{"positive":0,"voted":false},"product":{"id":"112843341","name":"LARKO yogapurple1 183х61x0.8 см розовый","categoryCode":"Master - Exercise mats","categoryName":"Коврики для занятий йогой и фитнесом","link":"https://kaspi.kz/shop/p/larko-yogapurple1-183h61x0-8-sm-rozovyi-112843341/"},"merchant":{"name":"LARKO","code":"14901053"},"editable":false,"editedByCustomer":false}]}