{"data":[{"id":"8a5c5a82963235bc01965d5e576a32db","author":"Диана","date":"22.04.2025","orderNumber":"510102310","rating":5,"comment":{"minus":"","plus":"","text":"Очень классный, удобный бюстгальтер, размер тоже подошел."},"feedback":{"positive":0,"voted":false},"product":{"id":"121553718","name":"LARKO br1 бежевый 46-48","categoryCode":"Master - Maternity bras","categoryName":"Бюстгальтеры для беременных","link":"https://kaspi.kz/shop/p/larko-br1-bezhevyi-46-48-121553718/"},"merchant":{"name":"LARKO-KZ","code":"17629423"},"editable":false,"editedByCustomer":false},{"id":"8a5c5fbf9618f30801965cff0f6e29d2","author":"Аида","date":"22.04.2025","orderNumber":"533084143","rating":5,"comment":{"minus":"","plus":"","text":"Брать нужно на размер больше, а может и на два, особенно тем, кто не любит, чтобы жало в объеме. Качество неплохое, цена соответствует, накладки можно убрать. Внутри шов натирает, как будто пластмассовый с одной стороны, его можно обмотать или зашить. Буду заказывать ещё, спасибо."},"feedback":{"positive":0,"voted":false},"product":{"id":"121553718","name":"LARKO br1 бежевый 46-48","categoryCode":"Master - Maternity bras","categoryName":"Бюстгальтеры для беременных","link":"https://kaspi.kz/shop/p/larko-br1-bezhevyi-46-48-121553718/"},"merchant":{"name":"LARKO-KZ","code":"17629423"},"editable":false,"editedByCustomer":false},{"id":"8a5c30729618f3d201965cd4803327fa","author":"Еркежан","date":"22.04.2025","orderNumber":"504201880","rating":5,"comment":{"minus":"","plus":"","text":"Очень удобный, хороший."},"feedback":{"positive":0,"voted":false},"product":{"id":"121553718","name":"LARKO br1 бежевый 46-48","categoryCode":"Master - Maternity bras","categoryName":"Бюстгальтеры для беременных","link":"https://kaspi.kz/shop/p/larko-br1-bezhevyi-46-48-121553718/"},"merchant":{"name":"LARKO-KZ","code":"17629423"},"editable":false,"editedByCustomer":false},{"id":"8a5c44bc95262ddb01953254b8943f58","author":"Александра","date":"23.02.2025","orderNumber":"503140838","rating":5,"comment":{"minus":"","plus":"","text":"Качество супер, очень удобный. Чашки при желании можно вытащить."},"feedback":{"positive":0,"voted":false},"product":{"id":"121553718","name":"LARKO br1 бежевый 46-48","categoryCode":"Master - Maternity bras","categoryName":"Бюстгальтеры для беременных","link":"https://kaspi.kz/shop/p/larko-br1-bezhevyi-46-48-121553718/"},"merchant":{"name":"LARKO-KZ","code":"17629423"},"editable":false,"editedByCustomer":false},{"id":"8a5c1ddc94deacfe0194e0378ff80e11","author":"Диана","date":"07.02.2025","orderNumber":"490857085","rating":5,"comment":{"minus":"","plus":"","text":"Бюстгальтер супер."},"feedback":{"positive":0,"voted":false},"product":{"id":"121553718","name":"LARKO br1 бежевый 46-48","categoryCode":"Master - Maternity bras","categoryName":"Бюстгальтеры для беременных","link":"https://kaspi.kz/shop/p/larko-br1-bezhevyi-46-48-121553718/"},"merchant":{"name":"LARKO-KZ","code":"17629423"},"editable":false,"editedByCustomer":false},{"id":"8a5c96b294cbc2770194cc9c51e302ec","author":"Маржан","date":"03.02.2025","orderNumber":"489804020","rating":5,"comment":{"minus":"","plus":"","text":"Бюстгальтер очень понравился, доставили в срок. Размер подошел, качество тоже очень хорошее, нигде не жмет, ткань приятная к телу."},"feedback":{"positive":0,"voted":false},"galleryImages":[{"id":"489804020-121553718/b4a156fe-1148-41c1-a577-7c6be8523bbd.jpeg","small":"https://resources.cdn-kaspi.kz/img/p/r/489804020-121553718/b4a156fe-1148-41c1-a577-7c6be8523bbd.jpeg?format=review_small","medium":"https://resources.cdn-kaspi.kz/img/p/r/489804020-121553718/b4a156fe-1148-41c1-a577-7c6be8523bbd.jpeg?format=review_medium","large":"https://resources.cdn-kaspi.kz/img/p/r/489804020-121553718/b4a156fe-1148-41c1-a577-7c6be8523bbd.jpeg?format=review_large"},{"id":"489804020-121553718/e4f82c30-74c9-46f6-a536-d604564212de.jpeg","small":"https://resources.cdn-kaspi.kz/img/p/r/489804020-121553718/e4f82c30-74c9-46f6-a536-d604564212de.jpeg?format=review_small","medium":"https://resources.cdn-kaspi.kz/img/p/r/489804020-121553718/e4f82c30-74c9-46f6-a536-d604564212de.jpeg?format=review_medium","large":"https://resources.cdn-kaspi.kz/img/p/r/489804020-121553718/e4f82c30-74c9-46f6-a536-d604564212de.jpeg?format=review_large"},{"id":"489804020-121553718/c94887b8-7ef7-4b5a-873b-7d496ead8004.jpeg","small":"https://resources.cdn-kaspi.kz/img/p/r/489804020-121553718/c94887b8-7ef7-4b5a-873b-7d496ead8004.jpeg?format=review_small","medium":"https://resources.cdn-kaspi.kz/img/p/r/489804020-121553718/c94887b8-7ef7-4b5a-873b-7d496ead8004.jpeg?format=review_medium","large":"https://resources.cdn-kaspi.kz/img/p/r/489804020-121553718/c94887b8-7ef7-4b5a-873b-7d496ead8004.jpeg?format=review_large"}],"product":{"id":"121553718","name":"LARKO br1 бежевый 46-48","categoryCode":"Master - Maternity bras","categoryName":"Бюстгальтеры для беременных","link":"https://kaspi.kz/shop/p/larko-br1-bezhevyi-46-48-121553718/"},"merchant":{"name":"LARKO-KZ","code":"17629423"},"editable":false,"editedByCustomer":false},{"id":"8a5c197b94687599019475a1ca781917","author":"Асел","date":"17.01.2025","orderNumber":"479583272","rating":5,"comment":{"minus":"","plus":"","text":"С размером не прогадала, сел идеально! Качество довольна!"},"feedback":{"positive":0,"voted":false},"product":{"id":"121553718","name":"LARKO br1 бежевый 46-48","categoryCode":"Master - Maternity bras","categoryName":"Бюстгальтеры для беременных","link":"https://kaspi.kz/shop/p/larko-br1-bezhevyi-46-48-121553718/"},"merchant":{"name":"LARKO-KZ","code":"17629423"},"editable":false,"editedByCustomer":false},{"id":"8a5c0c399401957c0194657486ea02af","author":"Жайна","date":"14.01.2025","orderNumber":"480056425","rating":5,"comment":{"minus":"","plus":"","text":"Качество идеально, спасибо за быструю доставку."},"feedback":{"positive":0,"voted":false},"product":{"id":"121553718","name":"LARKO br1 бежевый 46-48","categoryCode":"Master - Maternity bras","categoryName":"Бюстгальтеры для беременных","link":"https://kaspi.kz/shop/p/larko-br1-bezhevyi-46-48-121553718/"},"merchant":{"name":"LARKO-KZ","code":"17629423"},"editable":false,"editedByCustomer":false},{"id":"8a5cc3919347be2e0193628be5ea25e7","author":"Асем","date":"13.12.2024","orderNumber":"448568693","rating":5,"comment":{"minus":"","plus":"","text":"Берілген уақында келді заказ, качествосы керемет. Рахмет Larko-kz Каспи магазин."},"feedback":{"positive":0,"voted":false},"galleryImages":[{"id":"448568693-121553718/8a9e0346-0079-4fc7-afb6-46614a8ec31e.jpeg","small":"https://resources.cdn-kaspi.kz/img/p/r/448568693-121553718/8a9e0346-0079-4fc7-afb6-46614a8ec31e.jpeg?format=review_small","medium":"https://resources.cdn-kaspi.kz/img/p/r/448568693-121553718/8a9e0346-0079-4fc7-afb6-46614a8ec31e.jpeg?format=review_medium","large":"https://resources.cdn-kaspi.kz/img/p/r/448568693-121553718/8a9e0346-0079-4fc7-afb6-46614a8ec31e.jpeg?format=review_large"},{"id":"448568693-121553718/2113e5f8-6e04-4958-853e-5b9e062519dd.jpeg","small":"https://resources.cdn-kaspi.kz/img/p/r/448568693-121553718/2113e5f8-6e04-4958-853e-5b9e062519dd.jpeg?format=review_small","medium":"https://resources.cdn-kaspi.kz/img/p/r/448568693-121553718/2113e5f8-6e04-4958-853e-5b9e062519dd.jpeg?format=review_medium","large":"https://resources.cdn-kaspi.kz/img/p/r/448568693-121553718/2113e5f8-6e04-4958-853e-5b9e062519dd.jpeg?format=review_large"},{"id":"448568693-121553718/75bf83f3-0df4-4873-8e67-9f150202fd54.jpeg","small":"https://resources.cdn-kaspi.kz/img/p/r/448568693-121553718/75bf83f3-0df4-4873-8e67-9f150202fd54.jpeg?format=review_small","medium":"https://resources.cdn-kaspi.kz/img/p/r/448568693-121553718/75bf83f3-0df4-4873-8e67-9f150202fd54.jpeg?format=review_medium","large":"https://resources.cdn-kaspi.kz/img/p/r/448568693-121553718/75bf83f3-0df4-4873-8e67-9f150202fd54.jpeg?format=review_large"},{"id":"448568693-121553718/e55d3dc5-d6ce-4ed3-a66b-da72e6f2f9ca.jpeg","small":"https://resources.cdn-kaspi.kz/img/p/r/448568693-121553718/e55d3dc5-d6ce-4ed3-a66b-da72e6f2f9ca.jpeg?format=review_small","medium":"https://resources.cdn-kaspi.kz/img/p/r/448568693-121553718/e55d3dc5-d6ce-4ed3-a66b-da72e6f2f9ca.jpeg?format=review_medium","large":"https://resources.cdn-kaspi.kz/img/p/r/448568693-121553718/e55d3dc5-d6ce-4ed3-a66b-da72e6f2f9ca.jpeg?format=review_large"}],"product":{"id":"121553718","name":"LARKO br1 бежевый 46-48","categoryCode":"Master - Maternity bras","categoryName":"Бюстгальтеры для беременных","link":"https://kaspi.kz/shop/p/larko-br1-bezhevyi-46-48-121553718/"},"merchant":{"name":"LARKO-KZ","code":"17629423"},"editable":false,"editedByCustomer":false},{"id":"8a5ca09d939556c90193a55daa981a3d","author":"Айша","date":"08.12.2024","orderNumber":"458076563","rating":5,"comment":{"minus":"","plus":"","text":"Отличное качество и очень удобный."},"feedback":{"positive":0,"voted":false},"product":{"id":"121553718","name":"LARKO br1 бежевый 46-48","categoryCode":"Master - Maternity bras","categoryName":"Бюстгальтеры для беременных","link":"https://kaspi.kz/shop/p/larko-br1-bezhevyi-46-48-121553718/"},"merchant":{"name":"LARKO-KZ","code":"17629423"},"editable":false,"editedByCustomer":false},{"id":"8a5cdd4793809f0c0193821ce31102a9","author":"Арина","date":"01.12.2024","orderNumber":"452331013","rating":5,"comment":{"minus":"","plus":"","text":"Бюстгальтер очень понравился. Ткань приятная, удобная для ношения и кормления. + доставили раньше времени. Спасибо продавцу LARKO-KZ и Каспи."},"feedback":{"positive":0,"voted":false},"product":{"id":"121553718","name":"LARKO br1 бежевый 46-48","categoryCode":"Master - Maternity bras","categoryName":"Бюстгальтеры для беременных","link":"https://kaspi.kz/shop/p/larko-br1-bezhevyi-46-48-121553718/"},"merchant":{"name":"LARKO-KZ","code":"17629423"},"editable":false,"editedByCustomer":false},{"id":"8a5c1b4993809ee9019381d6d19e0240","author":"Лаззат","date":"01.12.2024","orderNumber":"451418235","rating":5,"comment":{"minus":"","plus":"","text":"Тура ойымдағыдай керемет."},"feedback":{"positive":0,"voted":false},"product":{"id":"121553718","name":"LARKO br1 бежевый 46-48","categoryCode":"Master - Maternity bras","categoryName":"Бюстгальтеры для беременных","link":"https://kaspi.kz/shop/p/larko-br1-bezhevyi-46-48-121553718/"},"merchant":{"name":"LARKO-KZ","code":"17629423"},"editable":false,"editedByCustomer":false},{"id":"8a5c96ab934285bb01934392894101df","author":"Айгерим","date":"19.11.2024","orderNumber":"443969129","rating":5,"comment":{"minus":"","plus":"","text":"Отличного качества."},"feedback":{"positive":0,"voted":false},"product":{"id":"121553718","name":"LARKO br1 бежевый 46-48","categoryCode":"Master - Maternity bras","categoryName":"Бюстгальтеры для беременных","link":"https://kaspi.kz/shop/p/larko-br1-bezhevyi-46-48-121553718/"},"merchant":{"name":"LARKO-KZ","code":"17629423"},"editable":false,"editedByCustomer":false},{"id":"8a5c44b3931f0ff001932d8cc20e17bf","author":"Айсулу","date":"15.11.2024","orderNumber":"437630103","rating":5,"comment":{"minus":"","plus":"","text":"Все как на фото, подошел по размеру. Спасибо LARKO-KZ за быструю доставку."},"feedback":{"positive":0,"voted":false},"product":{"id":"121553718","name":"LARKO br1 бежевый 46-48","categoryCode":"Master - Maternity bras","categoryName":"Бюстгальтеры для беременных","link":"https://kaspi.kz/shop/p/larko-br1-bezhevyi-46-48-121553718/"},"merchant":{"name":"LARKO-KZ","code":"17629423"},"editable":false,"editedByCustomer":false},{"id":"8a5cbef1931f0cf701932bdfb974172d","author":"Жанар","date":"14.11.2024","orderNumber":"444460986","rating":5,"comment":{"minus":"","plus":"","text":"Качественный бюстгальтер, магазин Larko помогли подобрать правильный размер. Привезли доставкой до двери день в день! Советую брать!"},"feedback":{"positive":0,"voted":false},"product":{"id":"121553718","name":"LARKO br1 бежевый 46-48","categoryCode":"Master - Maternity bras","categoryName":"Бюстгальтеры для беременных","link":"https://kaspi.kz/shop/p/larko-br1-bezhevyi-46-48-121553718/"},"merchant":{"name":"LARKO-KZ","code":"17629423"},"editable":false,"editedByCustomer":false},{"id":"8a5ce3f892fbece801931a4b5fdf25b9","author":"Алина","date":"11.11.2024","orderNumber":"432595406","rating":5,"comment":{"minus":"","plus":"","text":"Матасы өте күшті жұп-жұмсақ ұнады, рахмет."},"feedback":{"positive":0,"voted":false},"galleryImages":[{"id":"432595406-121553718/1cf512ee-f78d-4139-9ca7-4bb9b361c118.jpeg","small":"https://resources.cdn-kaspi.kz/img/p/r/432595406-121553718/1cf512ee-f78d-4139-9ca7-4bb9b361c118.jpeg?format=review_small","medium":"https://resources.cdn-kaspi.kz/img/p/r/432595406-121553718/1cf512ee-f78d-4139-9ca7-4bb9b361c118.jpeg?format=review_medium","large":"https://resources.cdn-kaspi.kz/img/p/r/432595406-121553718/1cf512ee-f78d-4139-9ca7-4bb9b361c118.jpeg?format=review_large"},{"id":"432595406-121553718/56875642-69de-4d9f-9fa7-6bf6e9958ba7.jpeg","small":"https://resources.cdn-kaspi.kz/img/p/r/432595406-121553718/56875642-69de-4d9f-9fa7-6bf6e9958ba7.jpeg?format=review_small","medium":"https://resources.cdn-kaspi.kz/img/p/r/432595406-121553718/56875642-69de-4d9f-9fa7-6bf6e9958ba7.jpeg?format=review_medium","large":"https://resources.cdn-kaspi.kz/img/p/r/432595406-121553718/56875642-69de-4d9f-9fa7-6bf6e9958ba7.jpeg?format=review_large"},{"id":"432595406-121553718/c2973687-3b38-4c97-9e36-3acace8b4412.jpeg","small":"https://resources.cdn-kaspi.kz/img/p/r/432595406-121553718/c2973687-3b38-4c97-9e36-3acace8b4412.jpeg?format=review_small","medium":"https://resources.cdn-kaspi.kz/img/p/r/432595406-121553718/c2973687-3b38-4c97-9e36-3acace8b4412.jpeg?format=review_medium","large":"https://resources.cdn-kaspi.kz/img/p/r/432595406-121553718/c2973687-3b38-4c97-9e36-3acace8b4412.jpeg?format=review_large"}],"product":{"id":"121553718","name":"LARKO br1 бежевый 46-48","categoryCode":"Master - Maternity bras","categoryName":"Бюстгальтеры для беременных","link":"https://kaspi.kz/shop/p/larko-br1-bezhevyi-46-48-121553718/"},"merchant":{"name":"LARKO-KZ","code":"17629423"},"editable":false,"editedByCustomer":false},{"id":"8a5c1cbb92fbee1f019310226dfc1b77","author":"Замира","date":"09.11.2024","orderNumber":"438569457","rating":5,"comment":{"minus":"","plus":"","text":"Хорошее качество, приятный материал. Я заказала два мне оба подошли. Быстрая доставка. Спасибо."},"feedback":{"positive":0,"voted":false},"product":{"id":"121553718","name":"LARKO br1 бежевый 46-48","categoryCode":"Master - Maternity bras","categoryName":"Бюстгальтеры для беременных","link":"https://kaspi.kz/shop/p/larko-br1-bezhevyi-46-48-121553718/"},"merchant":{"name":"LARKO-KZ","code":"17629423"},"editable":false,"editedByCustomer":false},{"id":"8a5c60d192e5fd360192f34eea551af9","author":"Мира","date":"03.11.2024","orderNumber":"434790285","rating":4,"comment":{"minus":"","plus":"","text":"Бюстгальтер хороший, но размер положили ХЛ вместо Л, очень разочарована, так как брала Л, специально на размер больше, а получилось что на 2 размера."},"feedback":{"positive":1,"voted":false},"product":{"id":"121553718","name":"LARKO br1 бежевый 46-48","categoryCode":"Master - Maternity bras","categoryName":"Бюстгальтеры для беременных","link":"https://kaspi.kz/shop/p/larko-br1-bezhevyi-46-48-121553718/"},"merchant":{"name":"LARKO-KZ","code":"17629423"},"editable":false,"editedByCustomer":false},{"id":"8a5c4ed4912ac2a801917126fe816f45","author":"Айсулу","date":"20.08.2024","orderNumber":"398046883","rating":5,"comment":{"minus":"","plus":"","text":"Ткань плотный, чашки тоже что хорошо! К телу приятно."},"feedback":{"positive":0,"voted":false},"product":{"id":"121553718","name":"LARKO br1 бежевый 46-48","categoryCode":"Master - Maternity bras","categoryName":"Бюстгальтеры для беременных","link":"https://kaspi.kz/shop/p/larko-br1-bezhevyi-46-48-121553718/"},"merchant":{"name":"LARKO-KZ","code":"17629423"},"editable":false,"editedByCustomer":false}]}