{"data":[{"id":"8a5cdd5c931f0f45019342ed93f334e8","author":"Анна","date":"19.11.2024","orderNumber":"446051213","rating":5,"comment":{"minus":"","plus":"","text":"Хорошо держит спину, подошёл по размеру."},"feedback":{"positive":0,"voted":false},"product":{"id":"112138263","name":"LARKO на грудопоясничный отдел Корректор осанки posture черный 3XL","categoryCode":"Master - Posture correctors","categoryName":"Корректоры осанки","link":"https://kaspi.kz/shop/p/larko-na-grudopojasnichnyi-otdel-korrektor-osanki-posture-chernyi-3xl-112138263/"},"merchant":{"name":"LARKO-KZ","code":"17629423"},"editable":false,"editedByCustomer":false},{"id":"8a5cd4aa93007fe301931056e70312bb","author":"Селена","date":"09.11.2024","orderNumber":"437926609","rating":5,"comment":{"minus":"","plus":"","text":"Приобрела корректор осанки LARKO для грудопоясничного отдела и осталась довольна! Корректор выполнен из качественных материалов, мягкий и не натирает, что позволяет носить его даже под одеждой. Сначала было немного непривычно, но уже через несколько дней использования заметила, что держу спину ровнее, а боль в спине стала меньше. Корректор отлично фиксирует осанку, но при этом не сковывает движения. Главное – подобрать подходящий размер, чтобы он сидел комфортно. Рекомендую тем, кто хочет улучшить осанку и избавиться от дискомфорта в спине."},"feedback":{"positive":0,"voted":false},"product":{"id":"112138263","name":"LARKO на грудопоясничный отдел Корректор осанки posture черный 3XL","categoryCode":"Master - Posture correctors","categoryName":"Корректоры осанки","link":"https://kaspi.kz/shop/p/larko-na-grudopojasnichnyi-otdel-korrektor-osanki-posture-chernyi-3xl-112138263/"},"merchant":{"name":"LARKO-KZ","code":"17629423"},"editable":false,"editedByCustomer":false},{"id":"8a5cce4292275007019228178b77014b","author":"Лиза","date":"25.09.2024","orderNumber":"376446634","rating":5,"comment":{"minus":"","plus":"","text":"Спасибо. С качеством товара довольна."},"feedback":{"positive":0,"voted":false},"product":{"id":"112138263","name":"LARKO на грудопоясничный отдел Корректор осанки posture черный 3XL","categoryCode":"Master - Posture correctors","categoryName":"Корректоры осанки","link":"https://kaspi.kz/shop/p/larko-na-grudopojasnichnyi-otdel-korrektor-osanki-posture-chernyi-3xl-112138263/"},"merchant":{"name":"LARKO-KZ","code":"17629423"},"editable":false,"editedByCustomer":false},{"id":"8a5c3f0d8febcb4001900114e190247f","author":"Шынар","date":"10.06.2024","orderNumber":"356303916","rating":5,"comment":{"minus":"","plus":"","text":"Ыңғайлы, жақсы Рахмет."},"feedback":{"positive":0,"voted":false},"product":{"id":"112138263","name":"LARKO на грудопоясничный отдел Корректор осанки posture черный 3XL","categoryCode":"Master - Posture correctors","categoryName":"Корректоры осанки","link":"https://kaspi.kz/shop/p/larko-na-grudopojasnichnyi-otdel-korrektor-osanki-posture-chernyi-3xl-112138263/"},"merchant":{"name":"LARKO-KZ","code":"17629423"},"editable":false,"editedByCustomer":false},{"id":"8a5c64db8f941da8018f96bb2ee50601","author":"Алевтина","date":"20.05.2024","orderNumber":"356862810","rating":2,"comment":{"minus":"","plus":"","text":"К сожалению, нет инструкции. И качество не очень."},"feedback":{"positive":1,"voted":false},"product":{"id":"112138263","name":"LARKO на грудопоясничный отдел Корректор осанки posture черный 3XL","categoryCode":"Master - Posture correctors","categoryName":"Корректоры осанки","link":"https://kaspi.kz/shop/p/larko-na-grudopojasnichnyi-otdel-korrektor-osanki-posture-chernyi-3xl-112138263/"},"merchant":{"name":"LARKO-KZ","code":"17629423"},"editable":false,"editedByCustomer":false},{"id":"8a5c7aab8f279670018f58ac17b932a1","author":"Ерасыл","date":"08.05.2024","orderNumber":"353371541","rating":1,"comment":{"minus":"","plus":"","text":"Товар очень плохой. Не держит."},"feedback":{"positive":1,"voted":false},"product":{"id":"112138263","name":"LARKO на грудопоясничный отдел Корректор осанки posture черный 3XL","categoryCode":"Master - Posture correctors","categoryName":"Корректоры осанки","link":"https://kaspi.kz/shop/p/larko-na-grudopojasnichnyi-otdel-korrektor-osanki-posture-chernyi-3xl-112138263/"},"merchant":{"name":"LARKO-KZ","code":"17629423"},"editable":false,"editedByCustomer":false},{"id":"8a5c5caf8f08b025018f09aeadbd00c1","author":"Юлия","date":"23.04.2024","orderNumber":"344606753","rating":3,"comment":{"minus":"","plus":"","text":"Из плюсов легкий. На размер 54 не очень хорошо держат липучки на животе и спину не очень жестко, нужна помощь при надевании, сразу не разобралась как нужно. До 54 размера думаю будет норм."},"feedback":{"positive":1,"voted":false},"product":{"id":"112138263","name":"LARKO на грудопоясничный отдел Корректор осанки posture черный 3XL","categoryCode":"Master - Posture correctors","categoryName":"Корректоры осанки","link":"https://kaspi.kz/shop/p/larko-na-grudopojasnichnyi-otdel-korrektor-osanki-posture-chernyi-3xl-112138263/"},"merchant":{"name":"LARKO-KZ","code":"17629423"},"editable":false,"editedByCustomer":false},{"id":"8a5c0c268eea39a1018eebe19c8f02d4","author":"Раушан","date":"17.04.2024","orderNumber":"341261397","rating":2,"comment":{"minus":"","plus":"","text":"Матасы өте жұмсақ екен."},"feedback":{"positive":0,"voted":false},"product":{"id":"112138263","name":"LARKO на грудопоясничный отдел Корректор осанки posture черный 3XL","categoryCode":"Master - Posture correctors","categoryName":"Корректоры осанки","link":"https://kaspi.kz/shop/p/larko-na-grudopojasnichnyi-otdel-korrektor-osanki-posture-chernyi-3xl-112138263/"},"merchant":{"name":"LARKO-KZ","code":"17629423"},"editable":false,"editedByCustomer":false},{"id":"8a5c659e8ea25389018ebbfa2a792d80","author":"Салтанат","date":"08.04.2024","orderNumber":"342464371","rating":1,"comment":{"minus":"","plus":"","text":"Ужасный, даже не держатся."},"feedback":{"positive":0,"voted":false},"product":{"id":"112138263","name":"LARKO на грудопоясничный отдел Корректор осанки posture черный 3XL","categoryCode":"Master - Posture correctors","categoryName":"Корректоры осанки","link":"https://kaspi.kz/shop/p/larko-na-grudopojasnichnyi-otdel-korrektor-osanki-posture-chernyi-3xl-112138263/"},"merchant":{"name":"LARKO-KZ","code":"17629423"},"editable":false,"editedByCustomer":false},{"id":"8a5c64f08e7f91a1018e9dc7ba7d340c","author":"Наталья","date":"02.04.2024","orderNumber":"341109090","rating":5,"comment":{"minus":"","plus":"","text":"Корректор понравился, очень удобный, слегка прогревает спину выравнивает. Получила раньше срока, большое спасибо покупкой довольна. Удобно в нем находиться, прошит хорошо."},"feedback":{"positive":0,"voted":false},"product":{"id":"112138263","name":"LARKO на грудопоясничный отдел Корректор осанки posture черный 3XL","categoryCode":"Master - Posture correctors","categoryName":"Корректоры осанки","link":"https://kaspi.kz/shop/p/larko-na-grudopojasnichnyi-otdel-korrektor-osanki-posture-chernyi-3xl-112138263/"},"merchant":{"name":"LARKO-KZ","code":"17629423"},"editable":false,"editedByCustomer":false}]}