{"data":[{"id":"8a5c5a82963235bc019657eb1b131bcf","author":"Гульмаржан","date":"21.04.2025","orderNumber":"526704255","rating":5,"comment":{"minus":"","plus":"","text":"Купила себе эту красивую швабру она такая необычная, полы моет хорошо, очень удобно, спасибо за такой дизайн, я только из за дизайна купила кажись."},"feedback":{"positive":0,"voted":false},"product":{"id":"132476484","name":"LARKO комплект для уборки stainless, серебристый","categoryCode":"Master - Mops","categoryName":"Швабры и насадки","link":"https://kaspi.kz/shop/p/larko-komplekt-dlja-uborki-stainless-serebristyi-132476484/"},"merchant":{"name":"LARKO-KZ","code":"17629423"},"editable":false,"editedByCustomer":false},{"id":"8a5c196b95dabaad0195eed917626287","author":"Наталья","date":"01.04.2025","orderNumber":"523512444","rating":5,"comment":{"minus":"","plus":"","text":"Удобная в использовании, тряпка хорошо собирает мусор, удобная длинная ручка, покупкой довольна."},"feedback":{"positive":0,"voted":false},"product":{"id":"132476484","name":"LARKO комплект для уборки stainless, серебристый","categoryCode":"Master - Mops","categoryName":"Швабры и насадки","link":"https://kaspi.kz/shop/p/larko-komplekt-dlja-uborki-stainless-serebristyi-132476484/"},"merchant":{"name":"LARKO-KZ","code":"17629423"},"editable":false,"editedByCustomer":false},{"id":"8a5c580695acfd8b0195ed0e75b3504f","author":"Юлия","date":"31.03.2025","orderNumber":"523323084","rating":5,"comment":{"minus":"","plus":"","text":"Очень довольна покупкой! Во-первых - пришло на два дня раньше срока! Спасибо за оперативность! Во вторых, очень нравится дизайн. Кафель моет просто супер, блестит без усилий. Ручки сухие, полы чистые, а это самое главное! Спасибо."},"feedback":{"positive":0,"voted":false},"galleryImages":[{"id":"523323084-132476484/6c339c71-46ea-47ff-a57f-522011975d25.jpeg","small":"https://resources.cdn-kaspi.kz/img/p/r/523323084-132476484/6c339c71-46ea-47ff-a57f-522011975d25.jpeg?format=review_small","medium":"https://resources.cdn-kaspi.kz/img/p/r/523323084-132476484/6c339c71-46ea-47ff-a57f-522011975d25.jpeg?format=review_medium","large":"https://resources.cdn-kaspi.kz/img/p/r/523323084-132476484/6c339c71-46ea-47ff-a57f-522011975d25.jpeg?format=review_large"}],"product":{"id":"132476484","name":"LARKO комплект для уборки stainless, серебристый","categoryCode":"Master - Mops","categoryName":"Швабры и насадки","link":"https://kaspi.kz/shop/p/larko-komplekt-dlja-uborki-stainless-serebristyi-132476484/"},"merchant":{"name":"LARKO-KZ","code":"17629423"},"editable":false,"editedByCustomer":false},{"id":"8a5c6a1595c616b50195ec0a24523417","author":"Вадим","date":"31.03.2025","orderNumber":"513032614","rating":5,"comment":{"minus":"","plus":"","text":"Идеально вписалось в интерьер маленькой ванной комнаты, ну и прекрасно работает. Но непривычно сначала немного."},"feedback":{"positive":0,"voted":false},"product":{"id":"132476484","name":"LARKO комплект для уборки stainless, серебристый","categoryCode":"Master - Mops","categoryName":"Швабры и насадки","link":"https://kaspi.kz/shop/p/larko-komplekt-dlja-uborki-stainless-serebristyi-132476484/"},"merchant":{"name":"LARKO-KZ","code":"17629423"},"editable":false,"editedByCustomer":false},{"id":"8a5ce3e49588cdf60195905ecddf3a6f","author":"Екатерина","date":"13.03.2025","orderNumber":"513453909","rating":5,"comment":{"minus":"","plus":"","text":"Купила этот стильный и удобный комплект. Красивый дизайн. Ведро устойчивое, объем воды 8л. Швабра очень маневренная, не тяжёлая, мыть удобно, ручка длинная. Удобно сливать воду, открыв клапан у дна ведра. Хорошо отмывает кафельный пол, если он сильно загрязнен. Доставили в день заказа. К покупке рекомендую!"},"feedback":{"positive":1,"voted":false},"galleryImages":[{"id":"513453909-132476484/f998e23c-d510-402f-93e1-3cc1cb91d8c4.jpeg","small":"https://resources.cdn-kaspi.kz/img/p/r/513453909-132476484/f998e23c-d510-402f-93e1-3cc1cb91d8c4.jpeg?format=review_small","medium":"https://resources.cdn-kaspi.kz/img/p/r/513453909-132476484/f998e23c-d510-402f-93e1-3cc1cb91d8c4.jpeg?format=review_medium","large":"https://resources.cdn-kaspi.kz/img/p/r/513453909-132476484/f998e23c-d510-402f-93e1-3cc1cb91d8c4.jpeg?format=review_large"},{"id":"513453909-132476484/84673ee4-cf1e-4b0f-87b0-46eb859d87e3.jpeg","small":"https://resources.cdn-kaspi.kz/img/p/r/513453909-132476484/84673ee4-cf1e-4b0f-87b0-46eb859d87e3.jpeg?format=review_small","medium":"https://resources.cdn-kaspi.kz/img/p/r/513453909-132476484/84673ee4-cf1e-4b0f-87b0-46eb859d87e3.jpeg?format=review_medium","large":"https://resources.cdn-kaspi.kz/img/p/r/513453909-132476484/84673ee4-cf1e-4b0f-87b0-46eb859d87e3.jpeg?format=review_large"},{"id":"513453909-132476484/92d083d9-9bb1-40f8-b55f-a74379a12a06.jpeg","small":"https://resources.cdn-kaspi.kz/img/p/r/513453909-132476484/92d083d9-9bb1-40f8-b55f-a74379a12a06.jpeg?format=review_small","medium":"https://resources.cdn-kaspi.kz/img/p/r/513453909-132476484/92d083d9-9bb1-40f8-b55f-a74379a12a06.jpeg?format=review_medium","large":"https://resources.cdn-kaspi.kz/img/p/r/513453909-132476484/92d083d9-9bb1-40f8-b55f-a74379a12a06.jpeg?format=review_large"}],"product":{"id":"132476484","name":"LARKO комплект для уборки stainless, серебристый","categoryCode":"Master - Mops","categoryName":"Швабры и насадки","link":"https://kaspi.kz/shop/p/larko-komplekt-dlja-uborki-stainless-serebristyi-132476484/"},"merchant":{"name":"LARKO-KZ","code":"17629423"},"editable":false,"editedByCustomer":false},{"id":"8a5c9db3956c82be0195764058fc32a4","author":"Бибигуль","date":"08.03.2025","orderNumber":"507509384","rating":4,"comment":{"minus":"","plus":"","text":"Мне очень понравилось, красивый дизайн, зеркальный, удобно держать."},"feedback":{"positive":1,"voted":false},"galleryImages":[{"id":"507509384-132476484/8977f756-e839-4662-b7f9-10765a90419b.jpeg","small":"https://resources.cdn-kaspi.kz/img/p/r/507509384-132476484/8977f756-e839-4662-b7f9-10765a90419b.jpeg?format=review_small","medium":"https://resources.cdn-kaspi.kz/img/p/r/507509384-132476484/8977f756-e839-4662-b7f9-10765a90419b.jpeg?format=review_medium","large":"https://resources.cdn-kaspi.kz/img/p/r/507509384-132476484/8977f756-e839-4662-b7f9-10765a90419b.jpeg?format=review_large"}],"product":{"id":"132476484","name":"LARKO комплект для уборки stainless, серебристый","categoryCode":"Master - Mops","categoryName":"Швабры и насадки","link":"https://kaspi.kz/shop/p/larko-komplekt-dlja-uborki-stainless-serebristyi-132476484/"},"merchant":{"name":"LARKO-KZ","code":"17629423"},"editable":false,"editedByCustomer":false},{"id":"8a5c0416954a43db019555790d753008","author":"Меруерт","date":"02.03.2025","orderNumber":"502735844","rating":3,"comment":{"minus":"","plus":"","text":"Сапасы төмен. Жуу ыңғайсыз. Су сығатыны өте ыңғайсыз жасалған. Су жан-жаққа төгіліп кете береді."},"feedback":{"positive":4,"voted":false},"product":{"id":"132476484","name":"LARKO комплект для уборки stainless, серебристый","categoryCode":"Master - Mops","categoryName":"Швабры и насадки","link":"https://kaspi.kz/shop/p/larko-komplekt-dlja-uborki-stainless-serebristyi-132476484/"},"merchant":{"name":"LARKO-KZ","code":"17629423"},"editable":false,"editedByCustomer":false},{"id":"8a5ce3cd95451b4201954fce7da9306c","author":"Наталия","date":"01.03.2025","orderNumber":"502202629","rating":5,"comment":{"minus":"","plus":"","text":"Покупкой довольна. Всё нравится и доставили раньше срока. Уборка проходит быстро и качественно."},"feedback":{"positive":1,"voted":false},"product":{"id":"132476484","name":"LARKO комплект для уборки stainless, серебристый","categoryCode":"Master - Mops","categoryName":"Швабры и насадки","link":"https://kaspi.kz/shop/p/larko-komplekt-dlja-uborki-stainless-serebristyi-132476484/"},"merchant":{"name":"LARKO-KZ","code":"17629423"},"editable":false,"editedByCustomer":false},{"id":"8a5c5d8b95021f5d019512aba5e85131","author":"Гульнара","date":"17.02.2025","orderNumber":"496218837","rating":5,"comment":{"minus":"","plus":"","text":"Реально удобно, если приноровиться.\nПротёрла потолок, стены, пол. \nХочешь -  в ведре отрой клапан и слей воду. Их там 3.\nТряпка очищается на ура.\n4 тряпки, но по паре разные. Попробовала отодрать одну. \"Намертво\" закреплена к швабре . Отлично.\nВид стильный."},"feedback":{"positive":1,"voted":false},"product":{"id":"132476484","name":"LARKO комплект для уборки stainless, серебристый","categoryCode":"Master - Mops","categoryName":"Швабры и насадки","link":"https://kaspi.kz/shop/p/larko-komplekt-dlja-uborki-stainless-serebristyi-132476484/"},"merchant":{"name":"LARKO-KZ","code":"17629423"},"editable":false,"editedByCustomer":true},{"id":"8a5cb9d894d9bc420194dac4e10301dd","author":"Самал","date":"06.02.2025","orderNumber":"491837832","rating":5,"comment":{"minus":"","plus":"","text":"Отличная швабра. Покупкой осталась довольна. Качественная, удобная. В комплекте идут 4 тряпки. Уборка квартиры заняла всего час не напрягаясь. Хорошо выжимает. Рекомендую."},"feedback":{"positive":1,"voted":false},"product":{"id":"132476484","name":"LARKO комплект для уборки stainless, серебристый","categoryCode":"Master - Mops","categoryName":"Швабры и насадки","link":"https://kaspi.kz/shop/p/larko-komplekt-dlja-uborki-stainless-serebristyi-132476484/"},"merchant":{"name":"LARKO-KZ","code":"17629423"},"editable":false,"editedByCustomer":false},{"id":"8a5cbefc946875870194a77f90ad5736","author":"Гулжайна","date":"27.01.2025","orderNumber":"478428066","rating":1,"comment":{"minus":"","plus":"","text":"Не понравился."},"feedback":{"positive":0,"voted":false},"product":{"id":"132476484","name":"LARKO комплект для уборки stainless, серебристый","categoryCode":"Master - Mops","categoryName":"Швабры и насадки","link":"https://kaspi.kz/shop/p/larko-komplekt-dlja-uborki-stainless-serebristyi-132476484/"},"merchant":{"name":"LARKO-KZ","code":"17629423"},"editable":false,"editedByCustomer":false},{"id":"8a5c0cd0946875840194a44b03e25451","author":"Елена","date":"27.01.2025","orderNumber":"484003713","rating":5,"comment":{"minus":"","plus":"","text":"Швабра с ведром понравилась сразу, ну очень красиво и стильно все сделано. Быстро пришла, раньше срока. Ну кайф теперь с уборкой и тряпочек много и для пола и для кафеля и потолка. Все супер. Спасибо большое за швабру."},"feedback":{"positive":2,"voted":false},"product":{"id":"132476484","name":"LARKO комплект для уборки stainless, серебристый","categoryCode":"Master - Mops","categoryName":"Швабры и насадки","link":"https://kaspi.kz/shop/p/larko-komplekt-dlja-uborki-stainless-serebristyi-132476484/"},"merchant":{"name":"LARKO-KZ","code":"17629423"},"editable":false,"editedByCustomer":false},{"id":"8a5c9abf9468765001948e3ea3763b6c","author":"Улбосын","date":"22.01.2025","orderNumber":"480909520","rating":5,"comment":{"minus":"","plus":"","text":"Супер, алғаныма куаныштымын, алдынгы швабра кірді сулап жагып тастайтын полга. Кафельдегі дақтарды кетірді, пароочиститель аламын деп отырганымда осы Швабра кездесіп калды, комплектте 4 тряпка бар. Екі турлі. Терезе, ламинат жууға болады деген, мен тек кафель жудым. Полға жабысып калады тряпка, оте жаксы тазалайды. Сал кол ауырып калады жаксы сыгады, бетіндегі суды сығатын қақпагы ашылып кетпейді, 1040 рет трямканы жуып колмен сыкпайсын, барлыгын швабра мен шелек аткарады. Таныстарыма усына аламын, рахмет продовецке, жане Каспийге."},"feedback":{"positive":2,"voted":false},"product":{"id":"132476484","name":"LARKO комплект для уборки stainless, серебристый","categoryCode":"Master - Mops","categoryName":"Швабры и насадки","link":"https://kaspi.kz/shop/p/larko-komplekt-dlja-uborki-stainless-serebristyi-132476484/"},"merchant":{"name":"LARKO-KZ","code":"17629423"},"editable":false,"editedByCustomer":false},{"id":"8a5c0415946875a601947959a3f81d9f","author":"Бахыт","date":"18.01.2025","orderNumber":"482330107","rating":5,"comment":{"minus":"","plus":"","text":"Получила комплект для уборки Larko, очень довольна покупкой. В комплекте 4 тряпок, качественный металл, нержавеющий. Ранее брали швабры пластмассовые, но они часто ломались. Надеюсь комплект от Larko надолго прослужит."},"feedback":{"positive":1,"voted":false},"product":{"id":"132476484","name":"LARKO комплект для уборки stainless, серебристый","categoryCode":"Master - Mops","categoryName":"Швабры и насадки","link":"https://kaspi.kz/shop/p/larko-komplekt-dlja-uborki-stainless-serebristyi-132476484/"},"merchant":{"name":"LARKO-KZ","code":"17629423"},"editable":false,"editedByCustomer":false},{"id":"8a5c70d5946875ab019474629f4f1628","author":"Айгерим","date":"17.01.2025","orderNumber":"476575635","rating":5,"comment":{"minus":"","plus":"","text":"Хорошая швабра, отжим работает, в комплекте 2 насадки, спасибо за дополнительные 2 насадки, в общем 4 насадки."},"feedback":{"positive":1,"voted":false},"galleryImages":[{"id":"476575635-132476484/e7bf4dce-a60f-47f1-a5c0-ab15897eca96.jpeg","small":"https://resources.cdn-kaspi.kz/img/p/r/476575635-132476484/e7bf4dce-a60f-47f1-a5c0-ab15897eca96.jpeg?format=review_small","medium":"https://resources.cdn-kaspi.kz/img/p/r/476575635-132476484/e7bf4dce-a60f-47f1-a5c0-ab15897eca96.jpeg?format=review_medium","large":"https://resources.cdn-kaspi.kz/img/p/r/476575635-132476484/e7bf4dce-a60f-47f1-a5c0-ab15897eca96.jpeg?format=review_large"},{"id":"476575635-132476484/17f84c1e-c1d9-4c1a-abc0-29d6ccb8762e.jpeg","small":"https://resources.cdn-kaspi.kz/img/p/r/476575635-132476484/17f84c1e-c1d9-4c1a-abc0-29d6ccb8762e.jpeg?format=review_small","medium":"https://resources.cdn-kaspi.kz/img/p/r/476575635-132476484/17f84c1e-c1d9-4c1a-abc0-29d6ccb8762e.jpeg?format=review_medium","large":"https://resources.cdn-kaspi.kz/img/p/r/476575635-132476484/17f84c1e-c1d9-4c1a-abc0-29d6ccb8762e.jpeg?format=review_large"}],"product":{"id":"132476484","name":"LARKO комплект для уборки stainless, серебристый","categoryCode":"Master - Mops","categoryName":"Швабры и насадки","link":"https://kaspi.kz/shop/p/larko-komplekt-dlja-uborki-stainless-serebristyi-132476484/"},"merchant":{"name":"LARKO-KZ","code":"17629423"},"editable":false,"editedByCustomer":false},{"id":"8a5cfa849468769a019473cc526b1437","author":"Майра","date":"17.01.2025","orderNumber":"481866595","rating":5,"comment":{"minus":"","plus":"","text":"По моему, все просто хорошо."},"feedback":{"positive":0,"voted":false},"galleryImages":[{"id":"481866595-132476484/1d0c4f47-2e3f-47cf-80bd-56cd4e118c06.jpeg","small":"https://resources.cdn-kaspi.kz/img/p/r/481866595-132476484/1d0c4f47-2e3f-47cf-80bd-56cd4e118c06.jpeg?format=review_small","medium":"https://resources.cdn-kaspi.kz/img/p/r/481866595-132476484/1d0c4f47-2e3f-47cf-80bd-56cd4e118c06.jpeg?format=review_medium","large":"https://resources.cdn-kaspi.kz/img/p/r/481866595-132476484/1d0c4f47-2e3f-47cf-80bd-56cd4e118c06.jpeg?format=review_large"},{"id":"481866595-132476484/c00b693d-7b4d-446b-af70-b6c7e342ed17.jpeg","small":"https://resources.cdn-kaspi.kz/img/p/r/481866595-132476484/c00b693d-7b4d-446b-af70-b6c7e342ed17.jpeg?format=review_small","medium":"https://resources.cdn-kaspi.kz/img/p/r/481866595-132476484/c00b693d-7b4d-446b-af70-b6c7e342ed17.jpeg?format=review_medium","large":"https://resources.cdn-kaspi.kz/img/p/r/481866595-132476484/c00b693d-7b4d-446b-af70-b6c7e342ed17.jpeg?format=review_large"}],"product":{"id":"132476484","name":"LARKO комплект для уборки stainless, серебристый","categoryCode":"Master - Mops","categoryName":"Швабры и насадки","link":"https://kaspi.kz/shop/p/larko-komplekt-dlja-uborki-stainless-serebristyi-132476484/"},"merchant":{"name":"LARKO-KZ","code":"17629423"},"editable":false,"editedByCustomer":false},{"id":"8a5c64fa94019571019460a8c3ce7dcd","author":"Бахыт","date":"13.01.2025","orderNumber":"479468672","rating":5,"comment":{"minus":"","plus":"","text":"Доставили вовремя, спасибо большое! Товаром довольна."},"feedback":{"positive":0,"voted":false},"product":{"id":"132476484","name":"LARKO комплект для уборки stainless, серебристый","categoryCode":"Master - Mops","categoryName":"Швабры и насадки","link":"https://kaspi.kz/shop/p/larko-komplekt-dlja-uborki-stainless-serebristyi-132476484/"},"merchant":{"name":"LARKO-KZ","code":"17629423"},"editable":false,"editedByCustomer":false},{"id":"8a5c1b659453863601945576dbc002ef","author":"Айгуль","date":"11.01.2025","orderNumber":"478302686","rating":5,"comment":{"minus":"","plus":"","text":"Добрый день! Очень довольна этой компанией, быстро доставили в срок и еще бесплатно и товар отличного качества. Мы все искали удобную швабру с ведром и здесь нам понравился качество товара и мы очень довольны даже попробовали уже."},"feedback":{"positive":0,"voted":false},"product":{"id":"132476484","name":"LARKO комплект для уборки stainless, серебристый","categoryCode":"Master - Mops","categoryName":"Швабры и насадки","link":"https://kaspi.kz/shop/p/larko-komplekt-dlja-uborki-stainless-serebristyi-132476484/"},"merchant":{"name":"LARKO-KZ","code":"17629423"},"editable":false,"editedByCustomer":false},{"id":"8a5cc632944412eb019444f7e2fa00ae","author":"Барно","date":"08.01.2025","orderNumber":"475580640","rating":5,"comment":{"minus":"","plus":"","text":"Очень понравился комплект для уборки, просто чудо. Я давно хотела такой комплект, швабра супер, с ней можно протирать полы даже в трудно доступных местах, отжим тоже хорош."},"feedback":{"positive":3,"voted":false},"product":{"id":"132476484","name":"LARKO комплект для уборки stainless, серебристый","categoryCode":"Master - Mops","categoryName":"Швабры и насадки","link":"https://kaspi.kz/shop/p/larko-komplekt-dlja-uborki-stainless-serebristyi-132476484/"},"merchant":{"name":"LARKO-KZ","code":"17629423"},"editable":false,"editedByCustomer":false}]}