{"data":[{"id":"8a5c1df796376544019638d831f60675","author":"Александр","date":"15.04.2025","orderNumber":"531870783","rating":5,"comment":{"minus":"","plus":"","text":"Тренажер классный! Мощный, удобный, качественный! Надеюсь прослужит долго!"},"feedback":{"positive":0,"voted":false},"galleryImages":[{"id":"531870783-132065480/86c057c5-f5b5-4737-a344-d31aac1534f0.jpeg","small":"https://resources.cdn-kaspi.kz/img/p/r/531870783-132065480/86c057c5-f5b5-4737-a344-d31aac1534f0.jpeg?format=review_small","medium":"https://resources.cdn-kaspi.kz/img/p/r/531870783-132065480/86c057c5-f5b5-4737-a344-d31aac1534f0.jpeg?format=review_medium","large":"https://resources.cdn-kaspi.kz/img/p/r/531870783-132065480/86c057c5-f5b5-4737-a344-d31aac1534f0.jpeg?format=review_large"},{"id":"531870783-132065480/4a5cd317-c582-4587-8a86-fba0c363614c.jpeg","small":"https://resources.cdn-kaspi.kz/img/p/r/531870783-132065480/4a5cd317-c582-4587-8a86-fba0c363614c.jpeg?format=review_small","medium":"https://resources.cdn-kaspi.kz/img/p/r/531870783-132065480/4a5cd317-c582-4587-8a86-fba0c363614c.jpeg?format=review_medium","large":"https://resources.cdn-kaspi.kz/img/p/r/531870783-132065480/4a5cd317-c582-4587-8a86-fba0c363614c.jpeg?format=review_large"}],"product":{"id":"132065480","name":"LARKO Rollerkvadbl черный","categoryCode":"Master - Ab rollers","categoryName":"Ролики для пресса","link":"https://kaspi.kz/shop/p/larko-rollerkvadbl-chernyi-132065480/"},"merchant":{"name":"LARKO-KZ","code":"17629423"},"editable":false,"editedByCustomer":false},{"id":"8a5c6a1595c616b50195d352bb3a4522","author":"Мольдыр","date":"26.03.2025","orderNumber":"493900891","rating":5,"comment":{"minus":"","plus":"","text":"Очень хорошего качества! Удобный в использовании. Можно смотреть по телефону любимый сериал не считая сколько было сделано пресса так как есть электронное табло который показывает количество сделанного пресса. Я рада, что выбрала эту модель и эту фирму."},"feedback":{"positive":0,"voted":false},"product":{"id":"132065480","name":"LARKO Rollerkvadbl черный","categoryCode":"Master - Ab rollers","categoryName":"Ролики для пресса","link":"https://kaspi.kz/shop/p/larko-rollerkvadbl-chernyi-132065480/"},"merchant":{"name":"LARKO-KZ","code":"17629423"},"editable":false,"editedByCustomer":false},{"id":"8a5cc38595acfcab0195d26f749a4a1d","author":"Гульнара","date":"26.03.2025","orderNumber":"491885238","rating":5,"comment":{"minus":"","plus":"","text":"Тренажёр отличный, не пожалела, что заказала именно этот товар."},"feedback":{"positive":0,"voted":false},"product":{"id":"132065480","name":"LARKO Rollerkvadbl черный","categoryCode":"Master - Ab rollers","categoryName":"Ролики для пресса","link":"https://kaspi.kz/shop/p/larko-rollerkvadbl-chernyi-132065480/"},"merchant":{"name":"LARKO-KZ","code":"17629423"},"editable":false,"editedByCustomer":false},{"id":"8a5c6a1595c616b50195d1c67f483642","author":"Мухтар","date":"26.03.2025","orderNumber":"499341100","rating":5,"comment":{"minus":"","plus":"","text":"Спасибо большое, очень хороший ролик."},"feedback":{"positive":0,"voted":false},"product":{"id":"132065480","name":"LARKO Rollerkvadbl черный","categoryCode":"Master - Ab rollers","categoryName":"Ролики для пресса","link":"https://kaspi.kz/shop/p/larko-rollerkvadbl-chernyi-132065480/"},"merchant":{"name":"LARKO-KZ","code":"17629423"},"editable":false,"editedByCustomer":false},{"id":"8a5c580695acfd8b0195d1686faf43c2","author":"Назарбек","date":"26.03.2025","orderNumber":"493447402","rating":5,"comment":{"minus":"","plus":"","text":"Мне очень понравился, взял для всей семьи, все пользуемся. Очень мощный такой, привезли раньше срока, доставка быстрая."},"feedback":{"positive":0,"voted":false},"product":{"id":"132065480","name":"LARKO Rollerkvadbl черный","categoryCode":"Master - Ab rollers","categoryName":"Ролики для пресса","link":"https://kaspi.kz/shop/p/larko-rollerkvadbl-chernyi-132065480/"},"merchant":{"name":"LARKO-KZ","code":"17629423"},"editable":false,"editedByCustomer":false},{"id":"8a5c194995d05e370195d1563c7602c2","author":"Эльман","date":"26.03.2025","orderNumber":"479181857","rating":5,"comment":{"minus":"","plus":"","text":"Хороший товар."},"feedback":{"positive":0,"voted":false},"product":{"id":"132065480","name":"LARKO Rollerkvadbl черный","categoryCode":"Master - Ab rollers","categoryName":"Ролики для пресса","link":"https://kaspi.kz/shop/p/larko-rollerkvadbl-chernyi-132065480/"},"merchant":{"name":"LARKO-KZ","code":"17629423"},"editable":false,"editedByCustomer":false},{"id":"8a5c6a1595c616b50195d1520ef233d8","author":"Давлат","date":"26.03.2025","orderNumber":"491611812","rating":5,"comment":{"minus":"","plus":"","text":"Качественные ролик для пресса."},"feedback":{"positive":0,"voted":false},"product":{"id":"132065480","name":"LARKO Rollerkvadbl черный","categoryCode":"Master - Ab rollers","categoryName":"Ролики для пресса","link":"https://kaspi.kz/shop/p/larko-rollerkvadbl-chernyi-132065480/"},"merchant":{"name":"LARKO-KZ","code":"17629423"},"editable":false,"editedByCustomer":false},{"id":"8a5c60d394ab5c760194c340ada6281d","author":"Ауыт","date":"05.02.2025","orderNumber":"488292809","rating":5,"comment":{"minus":"","plus":"","text":"Мен алғашында екі дөңгелекті ролик алғам. Шынын айтсам, екі дөңгелектісі кішкене болғандықтан, маған тым қолайсыз болды. Денем сыймай, еркін қимыл жасай алмай жүрдім. Кейін осы төрт дөңгелекті ролик назарымды қатты аударды. Содан төрт дөңгелекті осы роликке тапсырыс беріп едім. Көрсетілген уақыттан бір күн бұрын қолыма тигізді. Төрт дөңгелекті роликтің сапасына айтар жоқ, тамаша жасалған. Әдемі. Екі дөңгелекті роликпен жаттығу жасағанда тайға мінгендей болып жүруші едім, мына төрт дөңгелектісімен жаттығу жасағанда бейне атқа мінгендей болдым. Ат болғанда да жай ат емес, төрт аяғы төсіне тиетін тайпалған жорға атқа мінгендей күй кештім. Өте жайлы екен. Егер ролик алғыларыңыз келсе, ойланбастан осы роликке тапсырыс беріңіздер! Ешқашан өкінбейсіздер! "},"feedback":{"positive":2,"voted":false},"galleryImages":[{"id":"488292809-132065480/fe542cc8-3da8-456f-8801-3393ffb8a983.jpeg","small":"https://resources.cdn-kaspi.kz/img/p/r/488292809-132065480/fe542cc8-3da8-456f-8801-3393ffb8a983.jpeg?format=review_small","medium":"https://resources.cdn-kaspi.kz/img/p/r/488292809-132065480/fe542cc8-3da8-456f-8801-3393ffb8a983.jpeg?format=review_medium","large":"https://resources.cdn-kaspi.kz/img/p/r/488292809-132065480/fe542cc8-3da8-456f-8801-3393ffb8a983.jpeg?format=review_large"},{"id":"488292809-132065480/f0353c00-7b85-4660-8dfe-4fc1b83052f2.jpeg","small":"https://resources.cdn-kaspi.kz/img/p/r/488292809-132065480/f0353c00-7b85-4660-8dfe-4fc1b83052f2.jpeg?format=review_small","medium":"https://resources.cdn-kaspi.kz/img/p/r/488292809-132065480/f0353c00-7b85-4660-8dfe-4fc1b83052f2.jpeg?format=review_medium","large":"https://resources.cdn-kaspi.kz/img/p/r/488292809-132065480/f0353c00-7b85-4660-8dfe-4fc1b83052f2.jpeg?format=review_large"}],"product":{"id":"132065480","name":"LARKO Rollerkvadbl черный","categoryCode":"Master - Ab rollers","categoryName":"Ролики для пресса","link":"https://kaspi.kz/shop/p/larko-rollerkvadbl-chernyi-132065480/"},"merchant":{"name":"LARKO-KZ","code":"17629423"},"editable":false,"editedByCustomer":false},{"id":"8a5c4ec694ab5c300194bd1defb3208f","author":"Сергей","date":"31.01.2025","orderNumber":"488946608","rating":5,"comment":{"minus":"","plus":"","text":"Тренажёр супер из суперов! Особая благодарность изобретателю! Я очень доволен, всем любителям спорта рекомендую, качество отличное! Каспи Магазин очень внимательно относится к покупателям. Доставка точно в срок!"},"feedback":{"positive":0,"voted":false},"product":{"id":"132065480","name":"LARKO Rollerkvadbl черный","categoryCode":"Master - Ab rollers","categoryName":"Ролики для пресса","link":"https://kaspi.kz/shop/p/larko-rollerkvadbl-chernyi-132065480/"},"merchant":{"name":"LARKO-KZ","code":"17629423"},"editable":false,"editedByCustomer":false},{"id":"8a5c64e3946876990194a8bd00b65a9a","author":"Биржан","date":"27.01.2025","orderNumber":"485867833","rating":5,"comment":{"minus":"","plus":"","text":"Хороший товар, качественный.. Теперь ночну пресс качат"},"feedback":{"positive":0,"voted":false},"product":{"id":"132065480","name":"LARKO Rollerkvadbl черный","categoryCode":"Master - Ab rollers","categoryName":"Ролики для пресса","link":"https://kaspi.kz/shop/p/larko-rollerkvadbl-chernyi-132065480/"},"merchant":{"name":"LARKO-KZ","code":"17629423"},"editable":false,"editedByCustomer":true},{"id":"8a5c1c9294a5dacf0194a69ac3d200b2","author":"Жандос","date":"27.01.2025","orderNumber":"478703572","rating":5,"comment":{"minus":"","plus":"","text":"Товар привезли раньше срока. Тот самый тренажер для похудения. Качественный. Молодцы, так держать."},"feedback":{"positive":0,"voted":false},"product":{"id":"132065480","name":"LARKO Rollerkvadbl черный","categoryCode":"Master - Ab rollers","categoryName":"Ролики для пресса","link":"https://kaspi.kz/shop/p/larko-rollerkvadbl-chernyi-132065480/"},"merchant":{"name":"LARKO-KZ","code":"17629423"},"editable":false,"editedByCustomer":false},{"id":"8a5c373a9468761c01946934f8b0010d","author":"Канат","date":"23.01.2025","orderNumber":"477656508","rating":5,"comment":{"minus":"","plus":"","text":"Күшті болып келді, бізге қатты ұнады, сапасы мықты екен."},"feedback":{"positive":1,"voted":false},"galleryImages":[{"id":"477656508-132065480/baeb6948-74a8-48dc-83dd-446a8697581e.jpeg","small":"https://resources.cdn-kaspi.kz/img/p/r/477656508-132065480/baeb6948-74a8-48dc-83dd-446a8697581e.jpeg?format=review_small","medium":"https://resources.cdn-kaspi.kz/img/p/r/477656508-132065480/baeb6948-74a8-48dc-83dd-446a8697581e.jpeg?format=review_medium","large":"https://resources.cdn-kaspi.kz/img/p/r/477656508-132065480/baeb6948-74a8-48dc-83dd-446a8697581e.jpeg?format=review_large"},{"id":"477656508-132065480/071b56e7-669a-4b90-8ee1-1ea1a9b67bf3.jpeg","small":"https://resources.cdn-kaspi.kz/img/p/r/477656508-132065480/071b56e7-669a-4b90-8ee1-1ea1a9b67bf3.jpeg?format=review_small","medium":"https://resources.cdn-kaspi.kz/img/p/r/477656508-132065480/071b56e7-669a-4b90-8ee1-1ea1a9b67bf3.jpeg?format=review_medium","large":"https://resources.cdn-kaspi.kz/img/p/r/477656508-132065480/071b56e7-669a-4b90-8ee1-1ea1a9b67bf3.jpeg?format=review_large"}],"product":{"id":"132065480","name":"LARKO Rollerkvadbl черный","categoryCode":"Master - Ab rollers","categoryName":"Ролики для пресса","link":"https://kaspi.kz/shop/p/larko-rollerkvadbl-chernyi-132065480/"},"merchant":{"name":"LARKO-KZ","code":"17629423"},"editable":false,"editedByCustomer":false},{"id":"8a5ce80e946875d001947c919d0a21f4","author":"Айзада","date":"19.01.2025","orderNumber":"480238497","rating":5,"comment":{"minus":"","plus":"","text":"Супер. Сапасы өте жақсы, роликтері қалың және өте сенімді қолғалады екен. Жолдасыма сыйлығым ұнады, арықтау үшін алған едік, нәтижесін күтеміз.  arko дүкеніне Рахмет уақытынан ерте жеткізді."},"feedback":{"positive":0,"voted":false},"product":{"id":"132065480","name":"LARKO Rollerkvadbl черный","categoryCode":"Master - Ab rollers","categoryName":"Ролики для пресса","link":"https://kaspi.kz/shop/p/larko-rollerkvadbl-chernyi-132065480/"},"merchant":{"name":"LARKO-KZ","code":"17629423"},"editable":false,"editedByCustomer":false},{"id":"8a5c373a9468761c019474ad09ff1731","author":"Асхатжан","date":"17.01.2025","orderNumber":"481015099","rating":5,"comment":{"minus":"","plus":"","text":"Товар өз уақытында келді, сатушыға және жеткізу лерге рахмет. Тапсырыс беру товарға алуға іңғайлы."},"feedback":{"positive":0,"voted":false},"product":{"id":"132065480","name":"LARKO Rollerkvadbl черный","categoryCode":"Master - Ab rollers","categoryName":"Ролики для пресса","link":"https://kaspi.kz/shop/p/larko-rollerkvadbl-chernyi-132065480/"},"merchant":{"name":"LARKO-KZ","code":"17629423"},"editable":false,"editedByCustomer":false},{"id":"8a5c64fa940195710194543257856b42","author":"Галия","date":"13.01.2025","orderNumber":"469478171","rating":5,"comment":{"minus":"","plus":"","text":"Удобен и легок в использовании, советую купить."},"feedback":{"positive":1,"voted":false},"product":{"id":"132065480","name":"LARKO Rollerkvadbl черный","categoryCode":"Master - Ab rollers","categoryName":"Ролики для пресса","link":"https://kaspi.kz/shop/p/larko-rollerkvadbl-chernyi-132065480/"},"merchant":{"name":"LARKO-KZ","code":"17629423"},"editable":false,"editedByCustomer":false},{"id":"8a5c60e99401954d0194543175046c69","author":"Галия","date":"13.01.2025","orderNumber":"469481873","rating":5,"comment":{"minus":"","plus":"","text":"Понравилось, легок и удобен в использовании, советую."},"feedback":{"positive":0,"voted":false},"galleryImages":[{"id":"469481873-132065480/54a5af80-5fe1-48f7-868b-d9fc4a834fbb.jpeg","small":"https://resources.cdn-kaspi.kz/img/p/r/469481873-132065480/54a5af80-5fe1-48f7-868b-d9fc4a834fbb.jpeg?format=review_small","medium":"https://resources.cdn-kaspi.kz/img/p/r/469481873-132065480/54a5af80-5fe1-48f7-868b-d9fc4a834fbb.jpeg?format=review_medium","large":"https://resources.cdn-kaspi.kz/img/p/r/469481873-132065480/54a5af80-5fe1-48f7-868b-d9fc4a834fbb.jpeg?format=review_large"},{"id":"469481873-132065480/a2a7d313-c232-4bca-84da-c46160374eb7.jpeg","small":"https://resources.cdn-kaspi.kz/img/p/r/469481873-132065480/a2a7d313-c232-4bca-84da-c46160374eb7.jpeg?format=review_small","medium":"https://resources.cdn-kaspi.kz/img/p/r/469481873-132065480/a2a7d313-c232-4bca-84da-c46160374eb7.jpeg?format=review_medium","large":"https://resources.cdn-kaspi.kz/img/p/r/469481873-132065480/a2a7d313-c232-4bca-84da-c46160374eb7.jpeg?format=review_large"}],"product":{"id":"132065480","name":"LARKO Rollerkvadbl черный","categoryCode":"Master - Ab rollers","categoryName":"Ролики для пресса","link":"https://kaspi.kz/shop/p/larko-rollerkvadbl-chernyi-132065480/"},"merchant":{"name":"LARKO-KZ","code":"17629423"},"editable":false,"editedByCustomer":false},{"id":"8a5c0c399401957c019437425c894bf7","author":"Жарас","date":"05.01.2025","orderNumber":"470939374","rating":5,"comment":{"minus":"","plus":"","text":"Өте жақсы сапалы тез келді."},"feedback":{"positive":1,"voted":false},"product":{"id":"132065480","name":"LARKO Rollerkvadbl черный","categoryCode":"Master - Ab rollers","categoryName":"Ролики для пресса","link":"https://kaspi.kz/shop/p/larko-rollerkvadbl-chernyi-132065480/"},"merchant":{"name":"LARKO-KZ","code":"17629423"},"editable":false,"editedByCustomer":false}]}