{"data":[{"id":"8a5c5db5963cc0dd0196619770bd1208","author":"Арайлым","date":"23.04.2025","orderNumber":"506611861","rating":5,"comment":{"minus":"","plus":"","text":"Сапасы жақсы. Қолданып жүрміз. Уақытылы келді. Маған ұнады."},"feedback":{"positive":0,"voted":false},"galleryImages":[{"id":"506611861-132113279/f42b97b1-0b3f-47fa-8987-f6948d9067ef.jpeg","small":"https://resources.cdn-kaspi.kz/img/p/r/506611861-132113279/f42b97b1-0b3f-47fa-8987-f6948d9067ef.jpeg?format=review_small","medium":"https://resources.cdn-kaspi.kz/img/p/r/506611861-132113279/f42b97b1-0b3f-47fa-8987-f6948d9067ef.jpeg?format=review_medium","large":"https://resources.cdn-kaspi.kz/img/p/r/506611861-132113279/f42b97b1-0b3f-47fa-8987-f6948d9067ef.jpeg?format=review_large"},{"id":"506611861-132113279/33c08dec-4199-495a-96ba-41af780ef560.jpeg","small":"https://resources.cdn-kaspi.kz/img/p/r/506611861-132113279/33c08dec-4199-495a-96ba-41af780ef560.jpeg?format=review_small","medium":"https://resources.cdn-kaspi.kz/img/p/r/506611861-132113279/33c08dec-4199-495a-96ba-41af780ef560.jpeg?format=review_medium","large":"https://resources.cdn-kaspi.kz/img/p/r/506611861-132113279/33c08dec-4199-495a-96ba-41af780ef560.jpeg?format=review_large"},{"id":"506611861-132113279/16f00959-4c6d-43a3-a090-aa2a599cdded.jpeg","small":"https://resources.cdn-kaspi.kz/img/p/r/506611861-132113279/16f00959-4c6d-43a3-a090-aa2a599cdded.jpeg?format=review_small","medium":"https://resources.cdn-kaspi.kz/img/p/r/506611861-132113279/16f00959-4c6d-43a3-a090-aa2a599cdded.jpeg?format=review_medium","large":"https://resources.cdn-kaspi.kz/img/p/r/506611861-132113279/16f00959-4c6d-43a3-a090-aa2a599cdded.jpeg?format=review_large"},{"id":"506611861-132113279/527c154c-a670-40f5-b70d-1f2698ef1c98.jpeg","small":"https://resources.cdn-kaspi.kz/img/p/r/506611861-132113279/527c154c-a670-40f5-b70d-1f2698ef1c98.jpeg?format=review_small","medium":"https://resources.cdn-kaspi.kz/img/p/r/506611861-132113279/527c154c-a670-40f5-b70d-1f2698ef1c98.jpeg?format=review_medium","large":"https://resources.cdn-kaspi.kz/img/p/r/506611861-132113279/527c154c-a670-40f5-b70d-1f2698ef1c98.jpeg?format=review_large"},{"id":"506611861-132113279/befeb64c-b070-4e76-af74-24381ec95bb7.jpeg","small":"https://resources.cdn-kaspi.kz/img/p/r/506611861-132113279/befeb64c-b070-4e76-af74-24381ec95bb7.jpeg?format=review_small","medium":"https://resources.cdn-kaspi.kz/img/p/r/506611861-132113279/befeb64c-b070-4e76-af74-24381ec95bb7.jpeg?format=review_medium","large":"https://resources.cdn-kaspi.kz/img/p/r/506611861-132113279/befeb64c-b070-4e76-af74-24381ec95bb7.jpeg?format=review_large"}],"product":{"id":"132113279","name":"LARKO Rollerblue голубой","categoryCode":"Master - Ab rollers","categoryName":"Ролики для пресса","link":"https://kaspi.kz/shop/p/larko-rollerblue-goluboi-132113279/"},"merchant":{"name":"LARKO-KZ","code":"17629423"},"editable":false,"editedByCustomer":false},{"id":"8a5c30729618f3d201966178871338f9","author":"Азизхан","date":"23.04.2025","orderNumber":"528075913","rating":5,"comment":{"minus":"","plus":"","text":"Тауар өте ыңғайлы, қолдануға жеңіл пайдалы."},"feedback":{"positive":1,"voted":false},"product":{"id":"132113279","name":"LARKO Rollerblue голубой","categoryCode":"Master - Ab rollers","categoryName":"Ролики для пресса","link":"https://kaspi.kz/shop/p/larko-rollerblue-goluboi-132113279/"},"merchant":{"name":"LARKO-KZ","code":"17629423"},"editable":false,"editedByCustomer":false},{"id":"8a5c5db5963cc0dd01965eccd4c10d82","author":"Куралай","date":"22.04.2025","orderNumber":"528915070","rating":5,"comment":{"minus":"","plus":"","text":"Доставка была вовремя. Спасибо большое. Тренажёр очень удобен, лёгкий, эффективен. Пользуюсь в течение двух недель, результат есть подтянулись мышцы живота, предплечья."},"feedback":{"positive":0,"voted":false},"galleryImages":[{"id":"528915070-132113279/6be20bd3-13b5-4a66-8ba5-c41d031633dd.jpeg","small":"https://resources.cdn-kaspi.kz/img/p/r/528915070-132113279/6be20bd3-13b5-4a66-8ba5-c41d031633dd.jpeg?format=review_small","medium":"https://resources.cdn-kaspi.kz/img/p/r/528915070-132113279/6be20bd3-13b5-4a66-8ba5-c41d031633dd.jpeg?format=review_medium","large":"https://resources.cdn-kaspi.kz/img/p/r/528915070-132113279/6be20bd3-13b5-4a66-8ba5-c41d031633dd.jpeg?format=review_large"}],"product":{"id":"132113279","name":"LARKO Rollerblue голубой","categoryCode":"Master - Ab rollers","categoryName":"Ролики для пресса","link":"https://kaspi.kz/shop/p/larko-rollerblue-goluboi-132113279/"},"merchant":{"name":"LARKO-KZ","code":"17629423"},"editable":false,"editedByCustomer":false},{"id":"8a5cfab59641b76901965d5b4b576fbc","author":"Аскар","date":"22.04.2025","orderNumber":"532657616","rating":5,"comment":{"minus":"","plus":"","text":"Товарлы алдым, маған ұнады. Алуға кеңес беремін. Уақытыңды келді. Сатушылар көп рахмет."},"feedback":{"positive":0,"voted":false},"product":{"id":"132113279","name":"LARKO Rollerblue голубой","categoryCode":"Master - Ab rollers","categoryName":"Ролики для пресса","link":"https://kaspi.kz/shop/p/larko-rollerblue-goluboi-132113279/"},"merchant":{"name":"LARKO-KZ","code":"17629423"},"editable":false,"editedByCustomer":false},{"id":"8a5c30729618f3d201965cfcc67528e4","author":"Кайрат","date":"22.04.2025","orderNumber":"531905128","rating":5,"comment":{"minus":"","plus":"","text":"Товар пришел вовремя, даже очень быстро, очень рад покупке. Теперь скажу о самом тренажёре: Очень компактный и удобный, отличный вариант для занятий спортом дома, очень рады покупке. Советую."},"feedback":{"positive":0,"voted":false},"product":{"id":"132113279","name":"LARKO Rollerblue голубой","categoryCode":"Master - Ab rollers","categoryName":"Ролики для пресса","link":"https://kaspi.kz/shop/p/larko-rollerblue-goluboi-132113279/"},"merchant":{"name":"LARKO-KZ","code":"17629423"},"editable":false,"editedByCustomer":false},{"id":"8a5cadc29618f2fa01965cf459ce280a","author":"Айгуль","date":"22.04.2025","orderNumber":"504076607","rating":5,"comment":{"minus":"","plus":"","text":"Отличный тренажёр. Доставили раньше срока. Занимаемся всей семьёй. Все очень довольны."},"feedback":{"positive":0,"voted":false},"product":{"id":"132113279","name":"LARKO Rollerblue голубой","categoryCode":"Master - Ab rollers","categoryName":"Ролики для пресса","link":"https://kaspi.kz/shop/p/larko-rollerblue-goluboi-132113279/"},"merchant":{"name":"LARKO-KZ","code":"17629423"},"editable":false,"editedByCustomer":false},{"id":"8a5c54a8964c16f601965cef133742e3","author":"Әсел","date":"22.04.2025","orderNumber":"518213059","rating":5,"comment":{"minus":"","plus":"","text":"Очень удобное."},"feedback":{"positive":0,"voted":false},"product":{"id":"132113279","name":"LARKO Rollerblue голубой","categoryCode":"Master - Ab rollers","categoryName":"Ролики для пресса","link":"https://kaspi.kz/shop/p/larko-rollerblue-goluboi-132113279/"},"merchant":{"name":"LARKO-KZ","code":"17629423"},"editable":false,"editedByCustomer":true},{"id":"8a5cadc29618f2fa01961addcd5713cb","author":"Аяулым","date":"09.04.2025","orderNumber":"528165466","rating":5,"comment":{"minus":"","plus":"","text":"Отличный тренажер! Удобный, стабильный и легко регулируемый. Помогает развить выносливость и улучшить координацию. Компактный, не занимает много места и подходит для всех уровней подготовки. Рекомендую!"},"feedback":{"positive":0,"voted":false},"galleryImages":[{"id":"528165466-132113279/b3a3fa7f-c47f-4c1c-8846-3422c208a96b.jpeg","small":"https://resources.cdn-kaspi.kz/img/p/r/528165466-132113279/b3a3fa7f-c47f-4c1c-8846-3422c208a96b.jpeg?format=review_small","medium":"https://resources.cdn-kaspi.kz/img/p/r/528165466-132113279/b3a3fa7f-c47f-4c1c-8846-3422c208a96b.jpeg?format=review_medium","large":"https://resources.cdn-kaspi.kz/img/p/r/528165466-132113279/b3a3fa7f-c47f-4c1c-8846-3422c208a96b.jpeg?format=review_large"}],"product":{"id":"132113279","name":"LARKO Rollerblue голубой","categoryCode":"Master - Ab rollers","categoryName":"Ролики для пресса","link":"https://kaspi.kz/shop/p/larko-rollerblue-goluboi-132113279/"},"merchant":{"name":"LARKO-KZ","code":"17629423"},"editable":false,"editedByCustomer":false},{"id":"8a5cc38595acfcab0195f0553dd554fd","author":"Молдир","date":"01.04.2025","orderNumber":"518143561","rating":5,"comment":{"minus":"","plus":"","text":"Мне очень понравилось. Всем советую. Тренируюсь утром и вечером. Результат стал уже заметно."},"feedback":{"positive":0,"voted":false},"product":{"id":"132113279","name":"LARKO Rollerblue голубой","categoryCode":"Master - Ab rollers","categoryName":"Ролики для пресса","link":"https://kaspi.kz/shop/p/larko-rollerblue-goluboi-132113279/"},"merchant":{"name":"LARKO-KZ","code":"17629423"},"editable":false,"editedByCustomer":false},{"id":"8a5c5d89953676fe0195477caf196465","author":"Гаухар","date":"05.03.2025","orderNumber":"505467333","rating":5,"comment":{"minus":"","plus":"","text":"Ролик өте ұнады. Качествасыда жаксы. Жане тез жетты. Керемет."},"feedback":{"positive":1,"voted":false},"galleryImages":[{"id":"505467333-132113279/f024e319-025b-4517-9932-1ae1cec5ad7a.jpeg","small":"https://resources.cdn-kaspi.kz/img/p/r/505467333-132113279/f024e319-025b-4517-9932-1ae1cec5ad7a.jpeg?format=review_small","medium":"https://resources.cdn-kaspi.kz/img/p/r/505467333-132113279/f024e319-025b-4517-9932-1ae1cec5ad7a.jpeg?format=review_medium","large":"https://resources.cdn-kaspi.kz/img/p/r/505467333-132113279/f024e319-025b-4517-9932-1ae1cec5ad7a.jpeg?format=review_large"}],"product":{"id":"132113279","name":"LARKO Rollerblue голубой","categoryCode":"Master - Ab rollers","categoryName":"Ролики для пресса","link":"https://kaspi.kz/shop/p/larko-rollerblue-goluboi-132113279/"},"merchant":{"name":"LARKO-KZ","code":"17629423"},"editable":false,"editedByCustomer":false},{"id":"8a5cc634954fb6ba019551718b97084d","author":"Таңат","date":"01.03.2025","orderNumber":"502929830","rating":2,"comment":{"minus":"","plus":"","text":"Артка дұрыс қайтпайды."},"feedback":{"positive":2,"voted":false},"product":{"id":"132113279","name":"LARKO Rollerblue голубой","categoryCode":"Master - Ab rollers","categoryName":"Ролики для пресса","link":"https://kaspi.kz/shop/p/larko-rollerblue-goluboi-132113279/"},"merchant":{"name":"LARKO-KZ","code":"17629423"},"editable":false,"editedByCustomer":false},{"id":"8a5c67d794874024019488d1251b02f5","author":"Шекербек","date":"21.01.2025","orderNumber":"480244736","rating":5,"comment":{"minus":"","plus":"","text":"То, что надо."},"feedback":{"positive":0,"voted":false},"product":{"id":"132113279","name":"LARKO Rollerblue голубой","categoryCode":"Master - Ab rollers","categoryName":"Ролики для пресса","link":"https://kaspi.kz/shop/p/larko-rollerblue-goluboi-132113279/"},"merchant":{"name":"LARKO-KZ","code":"17629423"},"editable":false,"editedByCustomer":false},{"id":"8a5c25559468766001948322d7372b9a","author":"Мухтар","date":"20.01.2025","orderNumber":"480422006","rating":5,"comment":{"minus":"","plus":"","text":"Хороший товар."},"feedback":{"positive":0,"voted":false},"product":{"id":"132113279","name":"LARKO Rollerblue голубой","categoryCode":"Master - Ab rollers","categoryName":"Ролики для пресса","link":"https://kaspi.kz/shop/p/larko-rollerblue-goluboi-132113279/"},"merchant":{"name":"LARKO-KZ","code":"17629423"},"editable":false,"editedByCustomer":false},{"id":"8a5ca09c9468767601947e1cdc532406","author":"Аббас","date":"19.01.2025","orderNumber":"479160426","rating":5,"comment":{"minus":"","plus":"","text":"Өте керемет сапада келді."},"feedback":{"positive":0,"voted":false},"product":{"id":"132113279","name":"LARKO Rollerblue голубой","categoryCode":"Master - Ab rollers","categoryName":"Ролики для пресса","link":"https://kaspi.kz/shop/p/larko-rollerblue-goluboi-132113279/"},"merchant":{"name":"LARKO-KZ","code":"17629423"},"editable":false,"editedByCustomer":false},{"id":"8a5c70d5946875ab01947a52854020ed","author":"Оксана","date":"18.01.2025","orderNumber":"480256257","rating":5,"comment":{"minus":"","plus":"","text":"Спасибо большое, покупкой очень довольна. Доставка пришла вовремя, тренажёр хороший. Благодарю."},"feedback":{"positive":1,"voted":false},"product":{"id":"132113279","name":"LARKO Rollerblue голубой","categoryCode":"Master - Ab rollers","categoryName":"Ролики для пресса","link":"https://kaspi.kz/shop/p/larko-rollerblue-goluboi-132113279/"},"merchant":{"name":"LARKO-KZ","code":"17629423"},"editable":false,"editedByCustomer":false},{"id":"8a5ceb7a9468769e019475767d85182b","author":"Шолпан","date":"17.01.2025","orderNumber":"479853563","rating":5,"comment":{"minus":"","plus":"","text":"Күшті зат екен, рахмет."},"feedback":{"positive":1,"voted":false},"product":{"id":"132113279","name":"LARKO Rollerblue голубой","categoryCode":"Master - Ab rollers","categoryName":"Ролики для пресса","link":"https://kaspi.kz/shop/p/larko-rollerblue-goluboi-132113279/"},"merchant":{"name":"LARKO-KZ","code":"17629423"},"editable":false,"editedByCustomer":false},{"id":"8a5c7ab0946876a401946f3439150d2f","author":"Женис","date":"16.01.2025","orderNumber":"476405031","rating":5,"comment":{"minus":"","plus":"","text":"Молодцы, отличная вещь."},"feedback":{"positive":0,"voted":false},"product":{"id":"132113279","name":"LARKO Rollerblue голубой","categoryCode":"Master - Ab rollers","categoryName":"Ролики для пресса","link":"https://kaspi.kz/shop/p/larko-rollerblue-goluboi-132113279/"},"merchant":{"name":"LARKO-KZ","code":"17629423"},"editable":false,"editedByCustomer":false},{"id":"8a5c02319401952501944f090c5d6430","author":"Назерке","date":"10.01.2025","orderNumber":"469224748","rating":5,"comment":{"minus":"","plus":"","text":"Классный ролик для пресса, советую!"},"feedback":{"positive":1,"voted":false},"galleryImages":[{"id":"469224748-132113279/e0efe543-4de3-4754-9d0f-5ad4870b8313.jpeg","small":"https://resources.cdn-kaspi.kz/img/p/r/469224748-132113279/e0efe543-4de3-4754-9d0f-5ad4870b8313.jpeg?format=review_small","medium":"https://resources.cdn-kaspi.kz/img/p/r/469224748-132113279/e0efe543-4de3-4754-9d0f-5ad4870b8313.jpeg?format=review_medium","large":"https://resources.cdn-kaspi.kz/img/p/r/469224748-132113279/e0efe543-4de3-4754-9d0f-5ad4870b8313.jpeg?format=review_large"},{"id":"469224748-132113279/44da78ee-120a-416e-9f01-c040ecae0d8d.jpeg","small":"https://resources.cdn-kaspi.kz/img/p/r/469224748-132113279/44da78ee-120a-416e-9f01-c040ecae0d8d.jpeg?format=review_small","medium":"https://resources.cdn-kaspi.kz/img/p/r/469224748-132113279/44da78ee-120a-416e-9f01-c040ecae0d8d.jpeg?format=review_medium","large":"https://resources.cdn-kaspi.kz/img/p/r/469224748-132113279/44da78ee-120a-416e-9f01-c040ecae0d8d.jpeg?format=review_large"}],"product":{"id":"132113279","name":"LARKO Rollerblue голубой","categoryCode":"Master - Ab rollers","categoryName":"Ролики для пресса","link":"https://kaspi.kz/shop/p/larko-rollerblue-goluboi-132113279/"},"merchant":{"name":"LARKO-KZ","code":"17629423"},"editable":false,"editedByCustomer":false},{"id":"8a5c221e940195a201944ae9cc686007","author":"Нурсултон","date":"09.01.2025","orderNumber":"474913707","rating":5,"comment":{"minus":"","plus":"","text":"Өте керемет."},"feedback":{"positive":1,"voted":false},"product":{"id":"132113279","name":"LARKO Rollerblue голубой","categoryCode":"Master - Ab rollers","categoryName":"Ролики для пресса","link":"https://kaspi.kz/shop/p/larko-rollerblue-goluboi-132113279/"},"merchant":{"name":"LARKO-KZ","code":"17629423"},"editable":false,"editedByCustomer":false},{"id":"8a5c4eea94019521019445e6649c5b91","author":"Василий","date":"08.01.2025","orderNumber":"474343146","rating":5,"comment":{"minus":"","plus":"","text":"Ролик понравился. Пришел раньше срока. Спасибо магазину. Хорошая вещь."},"feedback":{"positive":1,"voted":false},"product":{"id":"132113279","name":"LARKO Rollerblue голубой","categoryCode":"Master - Ab rollers","categoryName":"Ролики для пресса","link":"https://kaspi.kz/shop/p/larko-rollerblue-goluboi-132113279/"},"merchant":{"name":"LARKO-KZ","code":"17629423"},"editable":false,"editedByCustomer":false},{"id":"8a5c809f94019544019444e0471f5a3e","author":"Салтанат","date":"08.01.2025","orderNumber":"473502280","rating":5,"comment":{"minus":"","plus":"","text":"Рахмет керемет екен, уақытынан бұрын жеткізілді."},"feedback":{"positive":0,"voted":false},"product":{"id":"132113279","name":"LARKO Rollerblue голубой","categoryCode":"Master - Ab rollers","categoryName":"Ролики для пресса","link":"https://kaspi.kz/shop/p/larko-rollerblue-goluboi-132113279/"},"merchant":{"name":"LARKO-KZ","code":"17629423"},"editable":false,"editedByCustomer":false},{"id":"8a5cfaa89401952d019403ca25cb0831","author":"Асылбек","date":"26.12.2024","orderNumber":"469922169","rating":5,"comment":{"minus":"","plus":"","text":"Керемет, уақытында жеткізілді."},"feedback":{"positive":0,"voted":false},"product":{"id":"132113279","name":"LARKO Rollerblue голубой","categoryCode":"Master - Ab rollers","categoryName":"Ролики для пресса","link":"https://kaspi.kz/shop/p/larko-rollerblue-goluboi-132113279/"},"merchant":{"name":"LARKO-KZ","code":"17629423"},"editable":false,"editedByCustomer":false},{"id":"8a5c2f4394019611019403733e45068f","author":"Анна","date":"26.12.2024","orderNumber":"469305288","rating":5,"comment":{"minus":"","plus":"","text":"Спасибо за доставку товара, пришёл раньше. Ролик хорошо упакован, в хорошем качестве. Брала в подарок, подарок удался."},"feedback":{"positive":0,"voted":false},"galleryImages":[{"id":"469305288-132113279/af4d3149-8aa9-4ed2-bf35-b5c3fe9bd49d.jpeg","small":"https://resources.cdn-kaspi.kz/img/p/r/469305288-132113279/af4d3149-8aa9-4ed2-bf35-b5c3fe9bd49d.jpeg?format=review_small","medium":"https://resources.cdn-kaspi.kz/img/p/r/469305288-132113279/af4d3149-8aa9-4ed2-bf35-b5c3fe9bd49d.jpeg?format=review_medium","large":"https://resources.cdn-kaspi.kz/img/p/r/469305288-132113279/af4d3149-8aa9-4ed2-bf35-b5c3fe9bd49d.jpeg?format=review_large"},{"id":"469305288-132113279/f56165c1-bdf3-4b3a-bc38-1437a38643a1.jpeg","small":"https://resources.cdn-kaspi.kz/img/p/r/469305288-132113279/f56165c1-bdf3-4b3a-bc38-1437a38643a1.jpeg?format=review_small","medium":"https://resources.cdn-kaspi.kz/img/p/r/469305288-132113279/f56165c1-bdf3-4b3a-bc38-1437a38643a1.jpeg?format=review_medium","large":"https://resources.cdn-kaspi.kz/img/p/r/469305288-132113279/f56165c1-bdf3-4b3a-bc38-1437a38643a1.jpeg?format=review_large"},{"id":"469305288-132113279/cddb7b94-d4d8-44b0-b23d-2bb9624055d2.jpeg","small":"https://resources.cdn-kaspi.kz/img/p/r/469305288-132113279/cddb7b94-d4d8-44b0-b23d-2bb9624055d2.jpeg?format=review_small","medium":"https://resources.cdn-kaspi.kz/img/p/r/469305288-132113279/cddb7b94-d4d8-44b0-b23d-2bb9624055d2.jpeg?format=review_medium","large":"https://resources.cdn-kaspi.kz/img/p/r/469305288-132113279/cddb7b94-d4d8-44b0-b23d-2bb9624055d2.jpeg?format=review_large"}],"product":{"id":"132113279","name":"LARKO Rollerblue голубой","categoryCode":"Master - Ab rollers","categoryName":"Ролики для пресса","link":"https://kaspi.kz/shop/p/larko-rollerblue-goluboi-132113279/"},"merchant":{"name":"LARKO-KZ","code":"17629423"},"editable":false,"editedByCustomer":false}]}