{"data":[{"id":"8a5cadc29618f2fa01964564d4d15063","author":"Нургуль","date":"18.04.2025","orderNumber":"532685408","rating":5,"comment":{"minus":"","plus":"","text":"Классно утягивают, я довольна."},"feedback":{"positive":0,"voted":false},"product":{"id":"128860743","name":"Шорты LARKO shortsblack черный 42-44","categoryCode":"Master - Women shapewear","categoryName":"Женское корректирующее белье","link":"https://kaspi.kz/shop/p/shorty-larko-shortsblack-chernyi-42-44-128860743/"},"merchant":{"name":"LARKO-KZ","code":"17629423"},"editable":false,"editedByCustomer":false},{"id":"8a5c1cad9618f312019644684cfb4f88","author":"Камилям","date":"17.04.2025","orderNumber":"527400370","rating":5,"comment":{"minus":"","plus":"","text":"Качество, доставка быстрая, хорошо утягивают."},"feedback":{"positive":0,"voted":false},"product":{"id":"128860743","name":"Шорты LARKO shortsblack черный 42-44","categoryCode":"Master - Women shapewear","categoryName":"Женское корректирующее белье","link":"https://kaspi.kz/shop/p/shorty-larko-shortsblack-chernyi-42-44-128860743/"},"merchant":{"name":"LARKO-KZ","code":"17629423"},"editable":false,"editedByCustomer":false},{"id":"8a5cadc29618f2fa0196432e1dac428e","author":"Акжаркын","date":"17.04.2025","orderNumber":"494756106","rating":5,"comment":{"minus":"","plus":"","text":"Очень удобные! Всем советую, хороший товар!"},"feedback":{"positive":0,"voted":false},"product":{"id":"128860743","name":"Шорты LARKO shortsblack черный 42-44","categoryCode":"Master - Women shapewear","categoryName":"Женское корректирующее белье","link":"https://kaspi.kz/shop/p/shorty-larko-shortsblack-chernyi-42-44-128860743/"},"merchant":{"name":"LARKO-KZ","code":"17629423"},"editable":false,"editedByCustomer":false},{"id":"8a5c9dbc95acfdf50195ae9f663e14fb","author":"Раъно","date":"19.03.2025","orderNumber":"517487506","rating":5,"comment":{"minus":"","plus":"","text":"Купила 44- 46, смотрю думала малы, одела спокойно, просто супер, сразу прям нет ничего лишнего, рекомендую всем женщинам, шикарно и уверено в нем, спасибо всем за своевременную доставку."},"feedback":{"positive":0,"voted":false},"product":{"id":"128860743","name":"Шорты LARKO shortsblack черный 42-44","categoryCode":"Master - Women shapewear","categoryName":"Женское корректирующее белье","link":"https://kaspi.kz/shop/p/shorty-larko-shortsblack-chernyi-42-44-128860743/"},"merchant":{"name":"LARKO-KZ","code":"17629423"},"editable":false,"editedByCustomer":false},{"id":"8a5c3f0f951221d50195332214664220","author":"Зәуреш","date":"23.02.2025","orderNumber":"502012038","rating":5,"comment":{"minus":"","plus":"","text":"Шорты качества супер, продавцам спасибо, быстро доставили."},"feedback":{"positive":0,"voted":false},"product":{"id":"128860743","name":"Шорты LARKO shortsblack черный 42-44","categoryCode":"Master - Women shapewear","categoryName":"Женское корректирующее белье","link":"https://kaspi.kz/shop/p/shorty-larko-shortsblack-chernyi-42-44-128860743/"},"merchant":{"name":"LARKO-KZ","code":"17629423"},"editable":false,"editedByCustomer":false},{"id":"8a5c197b94687599019493de349342e8","author":"Гульден","date":"23.01.2025","orderNumber":"449537221","rating":5,"comment":{"minus":"","plus":"","text":"Очень плотные, отличное качество и сильно утягивают, поэтому с размером не прогадайте."},"feedback":{"positive":0,"voted":false},"product":{"id":"128860743","name":"Шорты LARKO shortsblack черный 42-44","categoryCode":"Master - Women shapewear","categoryName":"Женское корректирующее белье","link":"https://kaspi.kz/shop/p/shorty-larko-shortsblack-chernyi-42-44-128860743/"},"merchant":{"name":"LARKO-KZ","code":"17629423"},"editable":false,"editedByCustomer":false},{"id":"8a5cd4a29401971101943f91637152cf","author":"Айша","date":"07.01.2025","orderNumber":"471914731","rating":5,"comment":{"minus":"","plus":"","text":"Классно сели."},"feedback":{"positive":0,"voted":false},"product":{"id":"128860743","name":"Шорты LARKO shortsblack черный 42-44","categoryCode":"Master - Women shapewear","categoryName":"Женское корректирующее белье","link":"https://kaspi.kz/shop/p/shorty-larko-shortsblack-chernyi-42-44-128860743/"},"merchant":{"name":"LARKO-KZ","code":"17629423"},"editable":false,"editedByCustomer":false},{"id":"8a5c9dbc9401956a019407b9f9e30e14","author":"Іңкәр","date":"27.12.2024","orderNumber":"471231163","rating":5,"comment":{"minus":"","plus":"","text":"Супер качество, благодаря косточкам не сворачивается вниз. В области живота всё собирает, складки мои исчезли! Нигде не жмет, дышится легко! Сервис магазина Ларко отличное! Предупредили, что нет того размера, которое я выбрала. Выбрали правильный для меня размер и не прогадали!"},"feedback":{"positive":0,"voted":false},"product":{"id":"128860743","name":"Шорты LARKO shortsblack черный 42-44","categoryCode":"Master - Women shapewear","categoryName":"Женское корректирующее белье","link":"https://kaspi.kz/shop/p/shorty-larko-shortsblack-chernyi-42-44-128860743/"},"merchant":{"name":"LARKO-KZ","code":"17629423"},"editable":false,"editedByCustomer":false},{"id":"8a5c4eea940195210194024412090309","author":"Амина","date":"26.12.2024","orderNumber":"468708154","rating":5,"comment":{"minus":"","plus":"","text":"Күшті екен, маған қатты ұнады."},"feedback":{"positive":0,"voted":false},"product":{"id":"128860743","name":"Шорты LARKO shortsblack черный 42-44","categoryCode":"Master - Women shapewear","categoryName":"Женское корректирующее белье","link":"https://kaspi.kz/shop/p/shorty-larko-shortsblack-chernyi-42-44-128860743/"},"merchant":{"name":"LARKO-KZ","code":"17629423"},"editable":false,"editedByCustomer":false},{"id":"8a5c85a3939a80c00193c5be498c4579","author":"Мөлдір","date":"14.12.2024","orderNumber":"461306757","rating":5,"comment":{"minus":"","plus":"","text":"Күшті."},"feedback":{"positive":0,"voted":false},"product":{"id":"128860743","name":"Шорты LARKO shortsblack черный 42-44","categoryCode":"Master - Women shapewear","categoryName":"Женское корректирующее белье","link":"https://kaspi.kz/shop/p/shorty-larko-shortsblack-chernyi-42-44-128860743/"},"merchant":{"name":"LARKO-KZ","code":"17629423"},"editable":false,"editedByCustomer":false},{"id":"8a5ccd739395560a0193c5be05234e44","author":"Мөлдір","date":"14.12.2024","orderNumber":"461309544","rating":5,"comment":{"minus":"","plus":"","text":"Күшті тартады екен прям екеу келді."},"feedback":{"positive":0,"voted":false},"product":{"id":"128860743","name":"Шорты LARKO shortsblack черный 42-44","categoryCode":"Master - Women shapewear","categoryName":"Женское корректирующее белье","link":"https://kaspi.kz/shop/p/shorty-larko-shortsblack-chernyi-42-44-128860743/"},"merchant":{"name":"LARKO-KZ","code":"17629423"},"editable":false,"editedByCustomer":false},{"id":"8a5cbedf9366cc8701939078ade83792","author":"Құндызай","date":"04.12.2024","orderNumber":"453703377","rating":5,"comment":{"minus":"","plus":"","text":"Шорты хорошего качества, хорошо утягивает живот. Давно хотела такие, но никак не могла найти вытягивающих, благодаря магазину вашему нашла, благодарю."},"feedback":{"positive":0,"voted":false},"product":{"id":"128860743","name":"Шорты LARKO shortsblack черный 42-44","categoryCode":"Master - Women shapewear","categoryName":"Женское корректирующее белье","link":"https://kaspi.kz/shop/p/shorty-larko-shortsblack-chernyi-42-44-128860743/"},"merchant":{"name":"LARKO-KZ","code":"17629423"},"editable":false,"editedByCustomer":false},{"id":"8a5cbedf9366cc87019368d822bf0553","author":"Айшолпан","date":"26.11.2024","orderNumber":"450771276","rating":5,"comment":{"minus":"","plus":"","text":"Супер, классно утягивает."},"feedback":{"positive":0,"voted":false},"product":{"id":"128860743","name":"Шорты LARKO shortsblack черный 42-44","categoryCode":"Master - Women shapewear","categoryName":"Женское корректирующее белье","link":"https://kaspi.kz/shop/p/shorty-larko-shortsblack-chernyi-42-44-128860743/"},"merchant":{"name":"LARKO-KZ","code":"17629423"},"editable":false,"editedByCustomer":false},{"id":"8a5cee0d92fbed240193198b00402454","author":"Аймен","date":"11.11.2024","orderNumber":"437829272","rating":5,"comment":{"minus":"","plus":"","text":"Алдым, качествосы күшті екенішті, жақсы тартады."},"feedback":{"positive":0,"voted":false},"product":{"id":"128860743","name":"Шорты LARKO shortsblack черный 42-44","categoryCode":"Master - Women shapewear","categoryName":"Женское корректирующее белье","link":"https://kaspi.kz/shop/p/shorty-larko-shortsblack-chernyi-42-44-128860743/"},"merchant":{"name":"LARKO-KZ","code":"17629423"},"editable":false,"editedByCustomer":false},{"id":"8a5c582992fbece90192fccef3ca03af","author":"Сағида","date":"05.11.2024","orderNumber":"435823802","rating":5,"comment":{"minus":"","plus":"","text":"Денеге өте ыңғайлы, жұмсақ, сапасы керемет."},"feedback":{"positive":0,"voted":false},"product":{"id":"128860743","name":"Шорты LARKO shortsblack черный 42-44","categoryCode":"Master - Women shapewear","categoryName":"Женское корректирующее белье","link":"https://kaspi.kz/shop/p/shorty-larko-shortsblack-chernyi-42-44-128860743/"},"merchant":{"name":"LARKO-KZ","code":"17629423"},"editable":false,"editedByCustomer":false}]}