{"data":[{"id":"8a5c5fbf9618f308019653da27e309c0","author":"Сабина","date":"20.04.2025","orderNumber":"534701044","rating":5,"comment":{"minus":"","plus":"","text":"Доставили в срок. Все целое. Удобный в использовании. Рекомендую к покупке."},"feedback":{"positive":0,"voted":false},"product":{"id":"131501532","name":"Эргорюкзак LARKO Ergobackpack1 до 15 серый","categoryCode":"Master - Ergobaby carriers and soft carriers","categoryName":"Эргорюкзаки и кенгуру для малышей","link":"https://kaspi.kz/shop/p/ergorjukzak-larko-ergobackpack1-do-15-seryi-131501532/"},"merchant":{"name":"LARKO-KZ","code":"17629423"},"editable":false,"editedByCustomer":false},{"id":"8a5c02349618f32b01961a8a0bff0f6e","author":"Сайынат","date":"11.04.2025","orderNumber":"509674346","rating":5,"comment":{"minus":"","plus":"","text":"Larko-kz өте сапалы зат, пайдасы өте көп болды бізге, баланы әрі-бері тасығанға өте қолайлы болды. 2 баласы бар аналар ойланбай заказ берсеңіздер болады."},"feedback":{"positive":0,"voted":false},"product":{"id":"131501532","name":"Эргорюкзак LARKO Ergobackpack1 до 15 серый","categoryCode":"Master - Ergobaby carriers and soft carriers","categoryName":"Эргорюкзаки и кенгуру для малышей","link":"https://kaspi.kz/shop/p/ergorjukzak-larko-ergobackpack1-do-15-seryi-131501532/"},"merchant":{"name":"LARKO-KZ","code":"17629423"},"editable":false,"editedByCustomer":false},{"id":"8a5cf33195acfd0d0195ec4005bc4729","author":"Құдайберді","date":"31.03.2025","orderNumber":"511626193","rating":1,"comment":{"minus":"","plus":"","text":"Порвался ремень, не выдержал. Пришлось шить."},"feedback":{"positive":0,"voted":false},"product":{"id":"131501532","name":"Эргорюкзак LARKO Ergobackpack1 до 15 серый","categoryCode":"Master - Ergobaby carriers and soft carriers","categoryName":"Эргорюкзаки и кенгуру для малышей","link":"https://kaspi.kz/shop/p/ergorjukzak-larko-ergobackpack1-do-15-seryi-131501532/"},"merchant":{"name":"LARKO-KZ","code":"17629423"},"editable":false,"editedByCustomer":true},{"id":"8a5c9dbc95acfdf50195d99714cf6c5d","author":"Улжан","date":"28.03.2025","orderNumber":"515342489","rating":5,"comment":{"minus":"","plus":"","text":"Өте ыңғайлы. Керек зат."},"feedback":{"positive":0,"voted":false},"galleryImages":[{"id":"515342489-131501532/729016ed-ccc5-4265-a918-cd2668d06134.jpeg","small":"https://resources.cdn-kaspi.kz/img/p/r/515342489-131501532/729016ed-ccc5-4265-a918-cd2668d06134.jpeg?format=review_small","medium":"https://resources.cdn-kaspi.kz/img/p/r/515342489-131501532/729016ed-ccc5-4265-a918-cd2668d06134.jpeg?format=review_medium","large":"https://resources.cdn-kaspi.kz/img/p/r/515342489-131501532/729016ed-ccc5-4265-a918-cd2668d06134.jpeg?format=review_large"}],"product":{"id":"131501532","name":"Эргорюкзак LARKO Ergobackpack1 до 15 серый","categoryCode":"Master - Ergobaby carriers and soft carriers","categoryName":"Эргорюкзаки и кенгуру для малышей","link":"https://kaspi.kz/shop/p/ergorjukzak-larko-ergobackpack1-do-15-seryi-131501532/"},"merchant":{"name":"LARKO-KZ","code":"17629423"},"editable":false,"editedByCustomer":false},{"id":"8a5cba5a95acfcd60195b911d51c4f20","author":"Евгения","date":"21.03.2025","orderNumber":"517194017","rating":5,"comment":{"minus":"","plus":"","text":"Нам понравилось) Качество хорошее) Но можно, было бы сверху помягче что -то придумать. Немного шее некомфортно. А так хороший товар, посмотрим как он покажет себя в носке."},"feedback":{"positive":0,"voted":false},"product":{"id":"131501532","name":"Эргорюкзак LARKO Ergobackpack1 до 15 серый","categoryCode":"Master - Ergobaby carriers and soft carriers","categoryName":"Эргорюкзаки и кенгуру для малышей","link":"https://kaspi.kz/shop/p/ergorjukzak-larko-ergobackpack1-do-15-seryi-131501532/"},"merchant":{"name":"LARKO-KZ","code":"17629423"},"editable":false,"editedByCustomer":false},{"id":"8a5c0c4395a6b6e20195a82b31e503e4","author":"Айзада","date":"18.03.2025","orderNumber":"509761675","rating":5,"comment":{"minus":"","plus":"","text":"Рюкзак хороший, отлично сшит и удобен в пользовании. Ребенок сидит отлично) спасибо за быструю доставку."},"feedback":{"positive":0,"voted":false},"product":{"id":"131501532","name":"Эргорюкзак LARKO Ergobackpack1 до 15 серый","categoryCode":"Master - Ergobaby carriers and soft carriers","categoryName":"Эргорюкзаки и кенгуру для малышей","link":"https://kaspi.kz/shop/p/ergorjukzak-larko-ergobackpack1-do-15-seryi-131501532/"},"merchant":{"name":"LARKO-KZ","code":"17629423"},"editable":false,"editedByCustomer":false},{"id":"8a5c5560959caf7801959e5fbef40707","author":"Айгерим","date":"16.03.2025","orderNumber":"514113867","rating":5,"comment":{"minus":"","plus":"","text":"Качество супер, очень удобная, советую."},"feedback":{"positive":0,"voted":false},"product":{"id":"131501532","name":"Эргорюкзак LARKO Ergobackpack1 до 15 серый","categoryCode":"Master - Ergobaby carriers and soft carriers","categoryName":"Эргорюкзаки и кенгуру для малышей","link":"https://kaspi.kz/shop/p/ergorjukzak-larko-ergobackpack1-do-15-seryi-131501532/"},"merchant":{"name":"LARKO-KZ","code":"17629423"},"editable":false,"editedByCustomer":false},{"id":"8a5c9db3956c82be019584dd360a7b56","author":"Арайлым","date":"14.03.2025","orderNumber":"511579049","rating":5,"comment":{"minus":"","plus":"","text":"Кенгуру очень хороший для новорожденным."},"feedback":{"positive":0,"voted":false},"product":{"id":"131501532","name":"Эргорюкзак LARKO Ergobackpack1 до 15 серый","categoryCode":"Master - Ergobaby carriers and soft carriers","categoryName":"Эргорюкзаки и кенгуру для малышей","link":"https://kaspi.kz/shop/p/ergorjukzak-larko-ergobackpack1-do-15-seryi-131501532/"},"merchant":{"name":"LARKO-KZ","code":"17629423"},"editable":false,"editedByCustomer":false},{"id":"8a5c67e59590f35d0195947007bd0bcd","author":"Камшат","date":"14.03.2025","orderNumber":"515339530","rating":3,"comment":{"minus":"","plus":"","text":"Ребенок в нем сидит! Хоть и мне комфортно но ребенку нет! Если носите в нем ребенка ноги сразу немеют, становятся фиолетовыми. Это не есть хорошо, деньги на ветер, лучше купила бы чуть дороже SlingEmma там ребенок не сидит, а ноги на М положении"},"feedback":{"positive":2,"voted":false},"product":{"id":"131501532","name":"Эргорюкзак LARKO Ergobackpack1 до 15 серый","categoryCode":"Master - Ergobaby carriers and soft carriers","categoryName":"Эргорюкзаки и кенгуру для малышей","link":"https://kaspi.kz/shop/p/ergorjukzak-larko-ergobackpack1-do-15-seryi-131501532/"},"merchant":{"name":"LARKO-KZ","code":"17629423"},"editable":false,"editedByCustomer":true},{"id":"8a5c9db3956c82be019585b7d4eb05bd","author":"Анида","date":"11.03.2025","orderNumber":"511155816","rating":5,"comment":{"minus":"","plus":"","text":"Хорошая удобная вещь."},"feedback":{"positive":0,"voted":false},"product":{"id":"131501532","name":"Эргорюкзак LARKO Ergobackpack1 до 15 серый","categoryCode":"Master - Ergobaby carriers and soft carriers","categoryName":"Эргорюкзаки и кенгуру для малышей","link":"https://kaspi.kz/shop/p/ergorjukzak-larko-ergobackpack1-do-15-seryi-131501532/"},"merchant":{"name":"LARKO-KZ","code":"17629423"},"editable":false,"editedByCustomer":false},{"id":"8a5c67fe954f9af601955c4c65993e01","author":"Айнур","date":"08.03.2025","orderNumber":"508345355","rating":5,"comment":{"minus":"","plus":"","text":"Качество хорошее."},"feedback":{"positive":0,"voted":false},"product":{"id":"131501532","name":"Эргорюкзак LARKO Ergobackpack1 до 15 серый","categoryCode":"Master - Ergobaby carriers and soft carriers","categoryName":"Эргорюкзаки и кенгуру для малышей","link":"https://kaspi.kz/shop/p/ergorjukzak-larko-ergobackpack1-do-15-seryi-131501532/"},"merchant":{"name":"LARKO-KZ","code":"17629423"},"editable":false,"editedByCustomer":false},{"id":"8a5ce3cd95451b4201955d49c9957601","author":"Назира","date":"03.03.2025","orderNumber":"507227605","rating":5,"comment":{"minus":"","plus":"","text":"Рюкзак замечательное, качество супер, ребёнку нравится, удобно, советую всем покупать такой рюкзак."},"feedback":{"positive":1,"voted":false},"galleryImages":[{"id":"507227605-131501532/31075803-8fae-4fca-b2e9-2666eae00807.jpeg","small":"https://resources.cdn-kaspi.kz/img/p/r/507227605-131501532/31075803-8fae-4fca-b2e9-2666eae00807.jpeg?format=review_small","medium":"https://resources.cdn-kaspi.kz/img/p/r/507227605-131501532/31075803-8fae-4fca-b2e9-2666eae00807.jpeg?format=review_medium","large":"https://resources.cdn-kaspi.kz/img/p/r/507227605-131501532/31075803-8fae-4fca-b2e9-2666eae00807.jpeg?format=review_large"},{"id":"507227605-131501532/174e1362-14ff-4a87-926d-3b4175ed04df.jpeg","small":"https://resources.cdn-kaspi.kz/img/p/r/507227605-131501532/174e1362-14ff-4a87-926d-3b4175ed04df.jpeg?format=review_small","medium":"https://resources.cdn-kaspi.kz/img/p/r/507227605-131501532/174e1362-14ff-4a87-926d-3b4175ed04df.jpeg?format=review_medium","large":"https://resources.cdn-kaspi.kz/img/p/r/507227605-131501532/174e1362-14ff-4a87-926d-3b4175ed04df.jpeg?format=review_large"},{"id":"507227605-131501532/0725cec2-707e-48e3-bff4-1f5e2357b607.jpeg","small":"https://resources.cdn-kaspi.kz/img/p/r/507227605-131501532/0725cec2-707e-48e3-bff4-1f5e2357b607.jpeg?format=review_small","medium":"https://resources.cdn-kaspi.kz/img/p/r/507227605-131501532/0725cec2-707e-48e3-bff4-1f5e2357b607.jpeg?format=review_medium","large":"https://resources.cdn-kaspi.kz/img/p/r/507227605-131501532/0725cec2-707e-48e3-bff4-1f5e2357b607.jpeg?format=review_large"},{"id":"507227605-131501532/4b23c5fd-0429-4190-8bc4-14218bd6fb64.jpeg","small":"https://resources.cdn-kaspi.kz/img/p/r/507227605-131501532/4b23c5fd-0429-4190-8bc4-14218bd6fb64.jpeg?format=review_small","medium":"https://resources.cdn-kaspi.kz/img/p/r/507227605-131501532/4b23c5fd-0429-4190-8bc4-14218bd6fb64.jpeg?format=review_medium","large":"https://resources.cdn-kaspi.kz/img/p/r/507227605-131501532/4b23c5fd-0429-4190-8bc4-14218bd6fb64.jpeg?format=review_large"},{"id":"507227605-131501532/0a871338-590e-416b-94bc-b3ce612d2343.jpeg","small":"https://resources.cdn-kaspi.kz/img/p/r/507227605-131501532/0a871338-590e-416b-94bc-b3ce612d2343.jpeg?format=review_small","medium":"https://resources.cdn-kaspi.kz/img/p/r/507227605-131501532/0a871338-590e-416b-94bc-b3ce612d2343.jpeg?format=review_medium","large":"https://resources.cdn-kaspi.kz/img/p/r/507227605-131501532/0a871338-590e-416b-94bc-b3ce612d2343.jpeg?format=review_large"}],"product":{"id":"131501532","name":"Эргорюкзак LARKO Ergobackpack1 до 15 серый","categoryCode":"Master - Ergobaby carriers and soft carriers","categoryName":"Эргорюкзаки и кенгуру для малышей","link":"https://kaspi.kz/shop/p/ergorjukzak-larko-ergobackpack1-do-15-seryi-131501532/"},"merchant":{"name":"LARKO-KZ","code":"17629423"},"editable":false,"editedByCustomer":false},{"id":"8a5cd49d953675e301953dfa2cbf3b49","author":"Айгерім","date":"25.02.2025","orderNumber":"480933206","rating":5,"comment":{"minus":"","plus":"","text":"Қатты ұнады. Сапасы күшті, уақытында жеткізіп."},"feedback":{"positive":0,"voted":false},"product":{"id":"131501532","name":"Эргорюкзак LARKO Ergobackpack1 до 15 серый","categoryCode":"Master - Ergobaby carriers and soft carriers","categoryName":"Эргорюкзаки и кенгуру для малышей","link":"https://kaspi.kz/shop/p/ergorjukzak-larko-ergobackpack1-do-15-seryi-131501532/"},"merchant":{"name":"LARKO-KZ","code":"17629423"},"editable":false,"editedByCustomer":false},{"id":"8a5c3f0f94deaec4019509b0e09565d4","author":"Гулжазира","date":"15.02.2025","orderNumber":"490314182","rating":5,"comment":{"minus":"","plus":"","text":"Сапасы жақсы, балада жақсы отырды, тура суреттегідей. Бірақ қанша дегенмен де арқаға, белге салмақ түседі екен. Немесе менің белім ауыратындықтан болар. Көп тағып жүре алмадым."},"feedback":{"positive":0,"voted":false},"product":{"id":"131501532","name":"Эргорюкзак LARKO Ergobackpack1 до 15 серый","categoryCode":"Master - Ergobaby carriers and soft carriers","categoryName":"Эргорюкзаки и кенгуру для малышей","link":"https://kaspi.kz/shop/p/ergorjukzak-larko-ergobackpack1-do-15-seryi-131501532/"},"merchant":{"name":"LARKO-KZ","code":"17629423"},"editable":false,"editedByCustomer":false},{"id":"8a5c528294ab5c380194c2099a062631","author":"Любовь","date":"01.02.2025","orderNumber":"487603291","rating":5,"comment":{"minus":"","plus":"","text":"Очень прочный, качественная фурнитура. Надёжный. Качество."},"feedback":{"positive":0,"voted":false},"product":{"id":"131501532","name":"Эргорюкзак LARKO Ergobackpack1 до 15 серый","categoryCode":"Master - Ergobaby carriers and soft carriers","categoryName":"Эргорюкзаки и кенгуру для малышей","link":"https://kaspi.kz/shop/p/ergorjukzak-larko-ergobackpack1-do-15-seryi-131501532/"},"merchant":{"name":"LARKO-KZ","code":"17629423"},"editable":false,"editedByCustomer":false},{"id":"8a5c983994ab5d4e0194ba9efc4719ec","author":"Кулжаркин","date":"31.01.2025","orderNumber":"486762752","rating":5,"comment":{"minus":"","plus":"","text":"Жеңіл, балаға ыңғайлы."},"feedback":{"positive":0,"voted":false},"product":{"id":"131501532","name":"Эргорюкзак LARKO Ergobackpack1 до 15 серый","categoryCode":"Master - Ergobaby carriers and soft carriers","categoryName":"Эргорюкзаки и кенгуру для малышей","link":"https://kaspi.kz/shop/p/ergorjukzak-larko-ergobackpack1-do-15-seryi-131501532/"},"merchant":{"name":"LARKO-KZ","code":"17629423"},"editable":false,"editedByCustomer":false},{"id":"8a5c1de894ab5d230194b6f54b9814ae","author":"Алия","date":"30.01.2025","orderNumber":"486261255","rating":5,"comment":{"minus":"","plus":"","text":"Очень хороший, удобно, спасибо вам."},"feedback":{"positive":0,"voted":false},"product":{"id":"131501532","name":"Эргорюкзак LARKO Ergobackpack1 до 15 серый","categoryCode":"Master - Ergobaby carriers and soft carriers","categoryName":"Эргорюкзаки и кенгуру для малышей","link":"https://kaspi.kz/shop/p/ergorjukzak-larko-ergobackpack1-do-15-seryi-131501532/"},"merchant":{"name":"LARKO-KZ","code":"17629423"},"editable":false,"editedByCustomer":false},{"id":"8a5c70d5946875ab0194a9450e965aca","author":"Мубарак","date":"28.01.2025","orderNumber":"485184229","rating":5,"comment":{"minus":"","plus":"","text":"Отличный товар за свою цену. Смотрел много вариантов рюкзака, остановился на этом, теперь жена может носить малыша с собой сутками. Кстати, доставили быстро."},"feedback":{"positive":0,"voted":false},"product":{"id":"131501532","name":"Эргорюкзак LARKO Ergobackpack1 до 15 серый","categoryCode":"Master - Ergobaby carriers and soft carriers","categoryName":"Эргорюкзаки и кенгуру для малышей","link":"https://kaspi.kz/shop/p/ergorjukzak-larko-ergobackpack1-do-15-seryi-131501532/"},"merchant":{"name":"LARKO-KZ","code":"17629423"},"editable":false,"editedByCustomer":false},{"id":"8a5c9abf9468765001949e5031ac4e4b","author":"Сабира","date":"25.01.2025","orderNumber":"485804616","rating":5,"comment":{"minus":"","plus":"","text":"Очень качественный и красивый цвет, нам понравился. Советую."},"feedback":{"positive":0,"voted":false},"product":{"id":"131501532","name":"Эргорюкзак LARKO Ergobackpack1 до 15 серый","categoryCode":"Master - Ergobaby carriers and soft carriers","categoryName":"Эргорюкзаки и кенгуру для малышей","link":"https://kaspi.kz/shop/p/ergorjukzak-larko-ergobackpack1-do-15-seryi-131501532/"},"merchant":{"name":"LARKO-KZ","code":"17629423"},"editable":false,"editedByCustomer":false},{"id":"8a5c5a859468758801949dbf814f4d44","author":"Фариза","date":"25.01.2025","orderNumber":"484258455","rating":5,"comment":{"minus":"","plus":"","text":"Отличный рюкзак, всем советую!"},"feedback":{"positive":0,"voted":false},"product":{"id":"131501532","name":"Эргорюкзак LARKO Ergobackpack1 до 15 серый","categoryCode":"Master - Ergobaby carriers and soft carriers","categoryName":"Эргорюкзаки и кенгуру для малышей","link":"https://kaspi.kz/shop/p/ergorjukzak-larko-ergobackpack1-do-15-seryi-131501532/"},"merchant":{"name":"LARKO-KZ","code":"17629423"},"editable":false,"editedByCustomer":false},{"id":"8a5c11bf946876ad0194753880381885","author":"Назгум","date":"17.01.2025","orderNumber":"481320309","rating":5,"comment":{"minus":"","plus":"","text":"Доставка быстрая, мне понравился, выглядит прочным, ребенку удобно."},"feedback":{"positive":0,"voted":false},"product":{"id":"131501532","name":"Эргорюкзак LARKO Ergobackpack1 до 15 серый","categoryCode":"Master - Ergobaby carriers and soft carriers","categoryName":"Эргорюкзаки и кенгуру для малышей","link":"https://kaspi.kz/shop/p/ergorjukzak-larko-ergobackpack1-do-15-seryi-131501532/"},"merchant":{"name":"LARKO-KZ","code":"17629423"},"editable":false,"editedByCustomer":false},{"id":"8a5c44a0946875c801946f4e0e260d7a","author":"Перизат","date":"16.01.2025","orderNumber":"479853063","rating":5,"comment":{"minus":"","plus":"","text":"Я в восторге от качества, супер находка для мамочек. Доставка быстрая, спасибо магазину и Каспи."},"feedback":{"positive":1,"voted":false},"galleryImages":[{"id":"479853063-131501532/90637dfc-ec4a-4f2b-a33f-2031b11c0390.jpeg","small":"https://resources.cdn-kaspi.kz/img/p/r/479853063-131501532/90637dfc-ec4a-4f2b-a33f-2031b11c0390.jpeg?format=review_small","medium":"https://resources.cdn-kaspi.kz/img/p/r/479853063-131501532/90637dfc-ec4a-4f2b-a33f-2031b11c0390.jpeg?format=review_medium","large":"https://resources.cdn-kaspi.kz/img/p/r/479853063-131501532/90637dfc-ec4a-4f2b-a33f-2031b11c0390.jpeg?format=review_large"}],"product":{"id":"131501532","name":"Эргорюкзак LARKO Ergobackpack1 до 15 серый","categoryCode":"Master - Ergobaby carriers and soft carriers","categoryName":"Эргорюкзаки и кенгуру для малышей","link":"https://kaspi.kz/shop/p/ergorjukzak-larko-ergobackpack1-do-15-seryi-131501532/"},"merchant":{"name":"LARKO-KZ","code":"17629423"},"editable":false,"editedByCustomer":false}]}