{"data":[{"id":"8a5c5db5963cc0dd01965e5205dd0be4","author":"Ерлан","date":"22.04.2025","orderNumber":"534876148","rating":5,"comment":{"minus":"","plus":"","text":"Отличная майка, ну на размер больше заказать надо оказывается."},"feedback":{"positive":0,"voted":false},"galleryImages":[{"id":"534876148-113104667/d5d565cb-4305-46f9-802e-da449e16dfec.jpeg","small":"https://resources.cdn-kaspi.kz/img/p/r/534876148-113104667/d5d565cb-4305-46f9-802e-da449e16dfec.jpeg?format=review_small","medium":"https://resources.cdn-kaspi.kz/img/p/r/534876148-113104667/d5d565cb-4305-46f9-802e-da449e16dfec.jpeg?format=review_medium","large":"https://resources.cdn-kaspi.kz/img/p/r/534876148-113104667/d5d565cb-4305-46f9-802e-da449e16dfec.jpeg?format=review_large"}],"product":{"id":"113104667","name":"Майка LARKO утягивающая мужская белая L","categoryCode":"Master - Clothes for slimming","categoryName":"Одежда для похудения","link":"https://kaspi.kz/shop/p/maika-larko-utjagivajuschaja-muzhskaja-belaja-l-113104667/"},"merchant":{"name":"LARKO-KZ","code":"17629423"},"editable":false,"editedByCustomer":true},{"id":"8a5c1cad9618f3120196536c54160787","author":"Равиль","date":"20.04.2025","orderNumber":"533903944","rating":5,"comment":{"minus":"","plus":"","text":"Отличная майка, хорошо утягивает, доставка раньше заявленного срока."},"feedback":{"positive":0,"voted":false},"galleryImages":[{"id":"533903944-113104667/6d5519bf-f76c-421c-8b36-042608e19cb5.jpeg","small":"https://resources.cdn-kaspi.kz/img/p/r/533903944-113104667/6d5519bf-f76c-421c-8b36-042608e19cb5.jpeg?format=review_small","medium":"https://resources.cdn-kaspi.kz/img/p/r/533903944-113104667/6d5519bf-f76c-421c-8b36-042608e19cb5.jpeg?format=review_medium","large":"https://resources.cdn-kaspi.kz/img/p/r/533903944-113104667/6d5519bf-f76c-421c-8b36-042608e19cb5.jpeg?format=review_large"},{"id":"533903944-113104667/71b96fbc-b2f1-42a8-97e9-7a463c3c158e.jpeg","small":"https://resources.cdn-kaspi.kz/img/p/r/533903944-113104667/71b96fbc-b2f1-42a8-97e9-7a463c3c158e.jpeg?format=review_small","medium":"https://resources.cdn-kaspi.kz/img/p/r/533903944-113104667/71b96fbc-b2f1-42a8-97e9-7a463c3c158e.jpeg?format=review_medium","large":"https://resources.cdn-kaspi.kz/img/p/r/533903944-113104667/71b96fbc-b2f1-42a8-97e9-7a463c3c158e.jpeg?format=review_large"},{"id":"533903944-113104667/9bab4ba2-7e59-4711-8587-5792bd174493.jpeg","small":"https://resources.cdn-kaspi.kz/img/p/r/533903944-113104667/9bab4ba2-7e59-4711-8587-5792bd174493.jpeg?format=review_small","medium":"https://resources.cdn-kaspi.kz/img/p/r/533903944-113104667/9bab4ba2-7e59-4711-8587-5792bd174493.jpeg?format=review_medium","large":"https://resources.cdn-kaspi.kz/img/p/r/533903944-113104667/9bab4ba2-7e59-4711-8587-5792bd174493.jpeg?format=review_large"}],"product":{"id":"113104667","name":"Майка LARKO утягивающая мужская белая L","categoryCode":"Master - Clothes for slimming","categoryName":"Одежда для похудения","link":"https://kaspi.kz/shop/p/maika-larko-utjagivajuschaja-muzhskaja-belaja-l-113104667/"},"merchant":{"name":"LARKO-KZ","code":"17629423"},"editable":false,"editedByCustomer":false},{"id":"8a5c64f695f5245a01960bcf2ec9694a","author":"Гульнара","date":"06.04.2025","orderNumber":"526344137","rating":5,"comment":{"minus":"","plus":"","text":"Качество материала супер, легкий и дышащий. Совет берите в размер, утягивает супер, чтоб маленькая не была. Упаковано хорошо."},"feedback":{"positive":0,"voted":false},"product":{"id":"113104667","name":"Майка LARKO утягивающая мужская белая L","categoryCode":"Master - Clothes for slimming","categoryName":"Одежда для похудения","link":"https://kaspi.kz/shop/p/maika-larko-utjagivajuschaja-muzhskaja-belaja-l-113104667/"},"merchant":{"name":"LARKO-KZ","code":"17629423"},"editable":false,"editedByCustomer":false},{"id":"8a5c980c9590f2e60195a85a9f137e56","author":"Александра","date":"18.03.2025","orderNumber":"515531626","rating":5,"comment":{"minus":"","plus":"","text":"Доставили на два дня раньше. Заказывали племяннику. Размер в размер. Всё отлично!"},"feedback":{"positive":0,"voted":false},"product":{"id":"113104667","name":"Майка LARKO утягивающая мужская белая L","categoryCode":"Master - Clothes for slimming","categoryName":"Одежда для похудения","link":"https://kaspi.kz/shop/p/maika-larko-utjagivajuschaja-muzhskaja-belaja-l-113104667/"},"merchant":{"name":"LARKO-KZ","code":"17629423"},"editable":false,"editedByCustomer":false},{"id":"8a5c980c9590f2e60195955fc4911c54","author":"Мәдина","date":"14.03.2025","orderNumber":"512583996","rating":5,"comment":{"minus":"","plus":"","text":"Майка действительно утягивает, заказали на размер меньше и это было правильным решением. Качество майки хорошее, хорошо утягивает и скрывает выпирающие бока и живот. Под кофты, рубашку самое то. Советую."},"feedback":{"positive":0,"voted":false},"product":{"id":"113104667","name":"Майка LARKO утягивающая мужская белая L","categoryCode":"Master - Clothes for slimming","categoryName":"Одежда для похудения","link":"https://kaspi.kz/shop/p/maika-larko-utjagivajuschaja-muzhskaja-belaja-l-113104667/"},"merchant":{"name":"LARKO-KZ","code":"17629423"},"editable":false,"editedByCustomer":false},{"id":"8a5cee599582a83a0195861d1f65186d","author":"Alina","date":"11.03.2025","orderNumber":"511963338","rating":5,"comment":{"minus":"","plus":"","text":"Беру не в первый раз, как всегда супер."},"feedback":{"positive":0,"voted":false},"product":{"id":"113104667","name":"Майка LARKO утягивающая мужская белая L","categoryCode":"Master - Clothes for slimming","categoryName":"Одежда для похудения","link":"https://kaspi.kz/shop/p/maika-larko-utjagivajuschaja-muzhskaja-belaja-l-113104667/"},"merchant":{"name":"LARKO-KZ","code":"17629423"},"editable":false,"editedByCustomer":false},{"id":"8a5c306495129a080195230681846284","author":"Муса","date":"20.02.2025","orderNumber":"498837172","rating":5,"comment":{"minus":"","plus":"","text":"Отличная майка, свои функции выполняет, заказом доволен."},"feedback":{"positive":0,"voted":false},"product":{"id":"113104667","name":"Майка LARKO утягивающая мужская белая L","categoryCode":"Master - Clothes for slimming","categoryName":"Одежда для похудения","link":"https://kaspi.kz/shop/p/maika-larko-utjagivajuschaja-muzhskaja-belaja-l-113104667/"},"merchant":{"name":"LARKO-KZ","code":"17629423"},"editable":false,"editedByCustomer":false},{"id":"8a5c3f0f951221d501951e72294f4e16","author":"Зауре","date":"19.02.2025","orderNumber":"498707807","rating":5,"comment":{"minus":"","plus":"","text":"Отлично! Рекомендую всем. Размер подошёл как раз, чувствую себя в майке хорошо. Цена приемлемая."},"feedback":{"positive":0,"voted":false},"product":{"id":"113104667","name":"Майка LARKO утягивающая мужская белая L","categoryCode":"Master - Clothes for slimming","categoryName":"Одежда для похудения","link":"https://kaspi.kz/shop/p/maika-larko-utjagivajuschaja-muzhskaja-belaja-l-113104667/"},"merchant":{"name":"LARKO-KZ","code":"17629423"},"editable":false,"editedByCustomer":false},{"id":"8a5cc38694ab5d2c0194bb14e7e71ace","author":"Александр","date":"31.01.2025","orderNumber":"487779834","rating":5,"comment":{"minus":"","plus":"","text":"Размер немного маленький, берите на размер больше. Но майка очень хорошая, заказал себе еще одну."},"feedback":{"positive":0,"voted":false},"product":{"id":"113104667","name":"Майка LARKO утягивающая мужская белая L","categoryCode":"Master - Clothes for slimming","categoryName":"Одежда для похудения","link":"https://kaspi.kz/shop/p/maika-larko-utjagivajuschaja-muzhskaja-belaja-l-113104667/"},"merchant":{"name":"LARKO-KZ","code":"17629423"},"editable":false,"editedByCustomer":false},{"id":"8a5c67fe9449085d01944bc2dc9a04f0","author":"Алма","date":"09.01.2025","orderNumber":"476840962","rating":5,"comment":{"minus":"","plus":"","text":"Товар уақытынан бұрын жетті. Майка сапасы тамаша. Рақмет."},"feedback":{"positive":0,"voted":false},"product":{"id":"113104667","name":"Майка LARKO утягивающая мужская белая L","categoryCode":"Master - Clothes for slimming","categoryName":"Одежда для похудения","link":"https://kaspi.kz/shop/p/maika-larko-utjagivajuschaja-muzhskaja-belaja-l-113104667/"},"merchant":{"name":"LARKO-KZ","code":"17629423"},"editable":false,"editedByCustomer":false},{"id":"8a5c62129300df640193061127be06e5","author":"Жансая","date":"07.11.2024","orderNumber":"437346737","rating":5,"comment":{"minus":"","plus":"","text":"Хорошая майка, утягивает, мужу понравилось."},"feedback":{"positive":0,"voted":false},"product":{"id":"113104667","name":"Майка LARKO утягивающая мужская белая L","categoryCode":"Master - Clothes for slimming","categoryName":"Одежда для похудения","link":"https://kaspi.kz/shop/p/maika-larko-utjagivajuschaja-muzhskaja-belaja-l-113104667/"},"merchant":{"name":"LARKO-KZ","code":"17629423"},"editable":false,"editedByCustomer":false},{"id":"8a5ce3df92707bd1019271a284240453","author":"Денис","date":"09.10.2024","orderNumber":"421842021","rating":5,"comment":{"minus":"","plus":"","text":"Качество хорошее, но заказывайте на размер больше. Хорошо, что послушал продавца по размеру! У меня L, но подошел XL."},"feedback":{"positive":0,"voted":false},"product":{"id":"113104667","name":"Майка LARKO утягивающая мужская белая L","categoryCode":"Master - Clothes for slimming","categoryName":"Одежда для похудения","link":"https://kaspi.kz/shop/p/maika-larko-utjagivajuschaja-muzhskaja-belaja-l-113104667/"},"merchant":{"name":"LARKO-KZ","code":"17629423"},"editable":false,"editedByCustomer":false},{"id":"8a5cfaaf9057f73c0190c49762c30444","author":"Канагат","date":"18.07.2024","orderNumber":"382471907","rating":1,"comment":{"minus":"","plus":"","text":"Не советую, обычная майка на много лучше."},"feedback":{"positive":2,"voted":false},"product":{"id":"113104667","name":"Майка LARKO утягивающая мужская белая L","categoryCode":"Master - Clothes for slimming","categoryName":"Одежда для похудения","link":"https://kaspi.kz/shop/p/maika-larko-utjagivajuschaja-muzhskaja-belaja-l-113104667/"},"merchant":{"name":"LARKO-KZ","code":"17629423"},"editable":false,"editedByCustomer":false},{"id":"8a5cfa8c8f7adaa2018f7c7a9ad204de","author":"Азамат","date":"15.05.2024","orderNumber":"356475594","rating":5,"comment":{"minus":"","plus":"","text":"Я думал, майка как майка, но это вообще как мед. эластичный бант скорее и ещё размер меньше."},"feedback":{"positive":1,"voted":false},"product":{"id":"113104667","name":"Майка LARKO утягивающая мужская белая L","categoryCode":"Master - Clothes for slimming","categoryName":"Одежда для похудения","link":"https://kaspi.kz/shop/p/maika-larko-utjagivajuschaja-muzhskaja-belaja-l-113104667/"},"merchant":{"name":"LARKO-KZ","code":"17629423"},"editable":false,"editedByCustomer":false},{"id":"8a5c07a38f0e5116018f0ee32c03008b","author":"Дания","date":"24.04.2024","orderNumber":"348861383","rating":3,"comment":{"minus":"","plus":"","text":"Майка в принципе не плохая, тонкая, особо сильно не утягивает."},"feedback":{"positive":3,"voted":false},"product":{"id":"113104667","name":"Майка LARKO утягивающая мужская белая L","categoryCode":"Master - Clothes for slimming","categoryName":"Одежда для похудения","link":"https://kaspi.kz/shop/p/maika-larko-utjagivajuschaja-muzhskaja-belaja-l-113104667/"},"merchant":{"name":"LARKO-KZ","code":"17629423"},"editable":false,"editedByCustomer":false},{"id":"8a5c984f8eb6b683018eb7006fd00043","author":"Владимир","date":"08.04.2024","orderNumber":"321684847","rating":1,"comment":{"minus":"","plus":"","text":"Не утягивает."},"feedback":{"positive":2,"voted":false},"product":{"id":"113104667","name":"Майка LARKO утягивающая мужская белая L","categoryCode":"Master - Clothes for slimming","categoryName":"Одежда для похудения","link":"https://kaspi.kz/shop/p/maika-larko-utjagivajuschaja-muzhskaja-belaja-l-113104667/"},"merchant":{"name":"LARKO-KZ","code":"17629423"},"editable":false,"editedByCustomer":false},{"id":"8a5c0c098eb3b2ae018eb3b4b2ed0005","author":"Руслан","date":"06.04.2024","orderNumber":"343002471","rating":3,"comment":{"minus":"","plus":"","text":"Не утягивает, просто майка."},"feedback":{"positive":2,"voted":false},"product":{"id":"113104667","name":"Майка LARKO утягивающая мужская белая L","categoryCode":"Master - Clothes for slimming","categoryName":"Одежда для похудения","link":"https://kaspi.kz/shop/p/maika-larko-utjagivajuschaja-muzhskaja-belaja-l-113104667/"},"merchant":{"name":"LARKO-KZ","code":"17629423"},"editable":false,"editedByCustomer":false},{"id":"8a5c54bc8d814bfc018d881e4b7708ba","author":"Антон","date":"08.02.2024","orderNumber":"315547923","rating":1,"comment":{"minus":"","plus":"","text":"На моё пузо майка нужна посерьёзнее."},"feedback":{"positive":5,"voted":false},"product":{"id":"113104667","name":"Майка LARKO утягивающая мужская белая L","categoryCode":"Master - Clothes for slimming","categoryName":"Одежда для похудения","link":"https://kaspi.kz/shop/p/maika-larko-utjagivajuschaja-muzhskaja-belaja-l-113104667/"},"merchant":{"name":"LARKO-KZ","code":"17629423"},"editable":false,"editedByCustomer":false},{"id":"8a5c222d8d05b4b2018d078735c80281","author":"Евгений","date":"14.01.2024","orderNumber":"316398942","rating":5,"comment":{"minus":"","plus":"","text":"Все супер! Мака подошла, сгладила пару см. Переживал за дискомфорт, но весь вечер проходил, даже не чувствуя на теле."},"feedback":{"positive":1,"voted":false},"product":{"id":"113104667","name":"Майка LARKO утягивающая мужская белая L","categoryCode":"Master - Clothes for slimming","categoryName":"Одежда для похудения","link":"https://kaspi.kz/shop/p/maika-larko-utjagivajuschaja-muzhskaja-belaja-l-113104667/"},"merchant":{"name":"LARKO-KZ","code":"17629423"},"editable":false,"editedByCustomer":false},{"id":"8a5cf7828d07562c018d076a274c0019","author":"Павел","date":"14.01.2024","orderNumber":"316400389","rating":5,"comment":{"minus":"","plus":"","text":"Отличная майка, хорошего тянется, подчеркивает осанку, и комфортно сидит на теле."},"feedback":{"positive":0,"voted":false},"product":{"id":"113104667","name":"Майка LARKO утягивающая мужская белая L","categoryCode":"Master - Clothes for slimming","categoryName":"Одежда для похудения","link":"https://kaspi.kz/shop/p/maika-larko-utjagivajuschaja-muzhskaja-belaja-l-113104667/"},"merchant":{"name":"LARKO-KZ","code":"17629423"},"editable":false,"editedByCustomer":false},{"id":"8a5c2ae58d065c52018d0764a9f501e3","author":"Карим","date":"14.01.2024","orderNumber":"315402358","rating":5,"comment":{"minus":"","plus":"","text":"Классная майка, хорошо утягивает живот."},"feedback":{"positive":0,"voted":false},"product":{"id":"113104667","name":"Майка LARKO утягивающая мужская белая L","categoryCode":"Master - Clothes for slimming","categoryName":"Одежда для похудения","link":"https://kaspi.kz/shop/p/maika-larko-utjagivajuschaja-muzhskaja-belaja-l-113104667/"},"merchant":{"name":"LARKO-KZ","code":"17629423"},"editable":false,"editedByCustomer":false},{"id":"8a5cd48d8ca46718018cda9cbd1053d3","author":"Aziza","date":"05.01.2024","orderNumber":"312861626","rating":5,"comment":{"minus":"","plus":"","text":"Отличный, нет слов."},"feedback":{"positive":0,"voted":false},"product":{"id":"113104667","name":"Майка LARKO утягивающая мужская белая L","categoryCode":"Master - Clothes for slimming","categoryName":"Одежда для похудения","link":"https://kaspi.kz/shop/p/maika-larko-utjagivajuschaja-muzhskaja-belaja-l-113104667/"},"merchant":{"name":"LARKO-KZ","code":"17629423"},"editable":false,"editedByCustomer":false}]}