{"data":[{"id":"8a5c02349618f32b01962f810f2671d5","author":"Ұлдана","date":"13.04.2025","orderNumber":"530659359","rating":5,"comment":{"minus":"","plus":"","text":"Спасибо большое, боди не чувствуется в теле, материал хороший! Советую всем!"},"feedback":{"positive":0,"voted":false},"product":{"id":"112871216","name":"Боди LARKO whitebody бежевый XL/2XL","categoryCode":"Master - Women shapewear","categoryName":"Женское корректирующее белье","link":"https://kaspi.kz/shop/p/bodi-larko-whitebody-bezhevyi-xl-2xl-112871216/"},"merchant":{"name":"LARKO-KZ","code":"17629423"},"editable":false,"editedByCustomer":false},{"id":"8a5c5ab6960e45900196101f591709dd","author":"Аружан","date":"07.04.2025","orderNumber":"512423752","rating":5,"comment":{"minus":"","plus":"","text":"Очень понравилась, качество очень даже хорошее, дочке тоже буду заказывать."},"feedback":{"positive":1,"voted":false},"product":{"id":"112871216","name":"Боди LARKO whitebody бежевый XL/2XL","categoryCode":"Master - Women shapewear","categoryName":"Женское корректирующее белье","link":"https://kaspi.kz/shop/p/bodi-larko-whitebody-bezhevyi-xl-2xl-112871216/"},"merchant":{"name":"LARKO-KZ","code":"17629423"},"editable":false,"editedByCustomer":false},{"id":"8a5c64f695f5245a01960fff8c077661","author":"Аида","date":"07.04.2025","orderNumber":"502768703","rating":4,"comment":{"minus":"","plus":"","text":"Нормальный буди, есть небольшой эффект утягивания."},"feedback":{"positive":0,"voted":false},"product":{"id":"112871216","name":"Боди LARKO whitebody бежевый XL/2XL","categoryCode":"Master - Women shapewear","categoryName":"Женское корректирующее белье","link":"https://kaspi.kz/shop/p/bodi-larko-whitebody-bezhevyi-xl-2xl-112871216/"},"merchant":{"name":"LARKO-KZ","code":"17629423"},"editable":false,"editedByCustomer":false},{"id":"8a5cf33595f5245301960fe12ac1768c","author":"Айгерим","date":"07.04.2025","orderNumber":"522860849","rating":5,"comment":{"minus":"","plus":"","text":"Алуға кеңес беремін, сапасы керемет."},"feedback":{"positive":1,"voted":false},"product":{"id":"112871216","name":"Боди LARKO whitebody бежевый XL/2XL","categoryCode":"Master - Women shapewear","categoryName":"Женское корректирующее белье","link":"https://kaspi.kz/shop/p/bodi-larko-whitebody-bezhevyi-xl-2xl-112871216/"},"merchant":{"name":"LARKO-KZ","code":"17629423"},"editable":false,"editedByCustomer":false},{"id":"8a5cfaa89401952d019460936b3d7e19","author":"Жамила","date":"13.01.2025","orderNumber":"479350323","rating":5,"comment":{"minus":"","plus":"","text":"Спасибо, доставили вовремя, ткань удобная, мягкая."},"feedback":{"positive":0,"voted":false},"product":{"id":"112871216","name":"Боди LARKO whitebody бежевый XL/2XL","categoryCode":"Master - Women shapewear","categoryName":"Женское корректирующее белье","link":"https://kaspi.kz/shop/p/bodi-larko-whitebody-bezhevyi-xl-2xl-112871216/"},"merchant":{"name":"LARKO-KZ","code":"17629423"},"editable":false,"editedByCustomer":false},{"id":"8a5c1b64939556a201939adac790091c","author":"Мадина","date":"06.12.2024","orderNumber":"453439167","rating":5,"comment":{"minus":"","plus":"","text":"Качество супер."},"feedback":{"positive":1,"voted":false},"galleryImages":[{"id":"453439167-112871216/aeb0964b-bc3a-4e6e-9f29-9bd340f4c57c.jpeg","small":"https://resources.cdn-kaspi.kz/img/p/r/453439167-112871216/aeb0964b-bc3a-4e6e-9f29-9bd340f4c57c.jpeg?format=review_small","medium":"https://resources.cdn-kaspi.kz/img/p/r/453439167-112871216/aeb0964b-bc3a-4e6e-9f29-9bd340f4c57c.jpeg?format=review_medium","large":"https://resources.cdn-kaspi.kz/img/p/r/453439167-112871216/aeb0964b-bc3a-4e6e-9f29-9bd340f4c57c.jpeg?format=review_large"}],"product":{"id":"112871216","name":"Боди LARKO whitebody бежевый XL/2XL","categoryCode":"Master - Women shapewear","categoryName":"Женское корректирующее белье","link":"https://kaspi.kz/shop/p/bodi-larko-whitebody-bezhevyi-xl-2xl-112871216/"},"merchant":{"name":"LARKO-KZ","code":"17629423"},"editable":false,"editedByCustomer":false},{"id":"8a5c373c931f0f08019320bcd1ab04b9","author":"Айгуль","date":"12.11.2024","orderNumber":"441224348","rating":5,"comment":{"minus":"","plus":"","text":"Отличное качество."},"feedback":{"positive":0,"voted":false},"product":{"id":"112871216","name":"Боди LARKO whitebody бежевый XL/2XL","categoryCode":"Master - Women shapewear","categoryName":"Женское корректирующее белье","link":"https://kaspi.kz/shop/p/bodi-larko-whitebody-bezhevyi-xl-2xl-112871216/"},"merchant":{"name":"LARKO-KZ","code":"17629423"},"editable":false,"editedByCustomer":false},{"id":"8a5c5eb79057f6af0190915aa8ba499e","author":"Сымбат","date":"08.07.2024","orderNumber":"308737536","rating":5,"comment":{"minus":"","plus":"","text":"Купила это боди от Ларко и просто в восторге! Материал очень мягкий и приятный к телу, не вызывает раздражения даже после целого дня носки. Сидит идеально, подчеркивает фигуру и хорошо тянется, не сковывая движений. Цвет также соответствует описанию и фотографии. Очень довольна покупкой, рекомендую!"},"feedback":{"positive":0,"voted":false},"product":{"id":"112871216","name":"Боди LARKO whitebody бежевый XL/2XL","categoryCode":"Master - Women shapewear","categoryName":"Женское корректирующее белье","link":"https://kaspi.kz/shop/p/bodi-larko-whitebody-bezhevyi-xl-2xl-112871216/"},"merchant":{"name":"LARKO-KZ","code":"17629423"},"editable":false,"editedByCustomer":false},{"id":"8a5c1c8490058b6d01904a00a79061e4","author":"Гулжанат","date":"24.06.2024","orderNumber":"371199448","rating":5,"comment":{"minus":"","plus":"","text":"Очень удобно, комфортно! Качество отличное, заказываю повторно в телесном цвете. Спасибо!"},"feedback":{"positive":1,"voted":false},"product":{"id":"112871216","name":"Боди LARKO whitebody бежевый XL/2XL","categoryCode":"Master - Women shapewear","categoryName":"Женское корректирующее белье","link":"https://kaspi.kz/shop/p/bodi-larko-whitebody-bezhevyi-xl-2xl-112871216/"},"merchant":{"name":"LARKO-KZ","code":"17629423"},"editable":false,"editedByCustomer":false},{"id":"8a5c5a868ecb44ae018f4d6010311e83","author":"Луиза","date":"06.05.2024","orderNumber":"353918944","rating":5,"comment":{"minus":"","plus":"","text":"Товар пришел вовремя, размер подошел. Утягивает хорошо, рекомендую."},"feedback":{"positive":0,"voted":false},"product":{"id":"112871216","name":"Боди LARKO whitebody бежевый XL/2XL","categoryCode":"Master - Women shapewear","categoryName":"Женское корректирующее белье","link":"https://kaspi.kz/shop/p/bodi-larko-whitebody-bezhevyi-xl-2xl-112871216/"},"merchant":{"name":"LARKO-KZ","code":"17629423"},"editable":false,"editedByCustomer":false},{"id":"8a5c52a98e075764018e09fb71000649","author":"Дана","date":"04.03.2024","orderNumber":"332508498","rating":5,"comment":{"minus":"","plus":"","text":"Размер сел идеально, материал плотный, утягивает хорошо в области живота, талии."},"feedback":{"positive":0,"voted":false},"product":{"id":"112871216","name":"Боди LARKO whitebody бежевый XL/2XL","categoryCode":"Master - Women shapewear","categoryName":"Женское корректирующее белье","link":"https://kaspi.kz/shop/p/bodi-larko-whitebody-bezhevyi-xl-2xl-112871216/"},"merchant":{"name":"LARKO-KZ","code":"17629423"},"editable":false,"editedByCustomer":false},{"id":"8a5c0a998c5dc23e018c5eae97d70392","author":"Анастасия","date":"14.12.2023","orderNumber":"304292420","rating":2,"comment":{"minus":"","plus":"","text":"Возможно я выбрала неправильный размер, но боди не сильно утягивает."},"feedback":{"positive":4,"voted":false},"product":{"id":"112871216","name":"Боди LARKO whitebody бежевый XL/2XL","categoryCode":"Master - Women shapewear","categoryName":"Женское корректирующее белье","link":"https://kaspi.kz/shop/p/bodi-larko-whitebody-bezhevyi-xl-2xl-112871216/"},"merchant":{"name":"LARKO-KZ","code":"17629423"},"editable":false,"editedByCustomer":false}]}