{"data":[{"id":"8a5c0416954a43db01956bde12a223fa","author":"Лязат","date":"06.03.2025","orderNumber":"509924696","rating":1,"comment":{"minus":"","plus":"","text":"Шнуровка очень тугая. Непонятно держит ногу или нет. Сложно надевать, так как туго там где пролазит нога."},"feedback":{"positive":1,"voted":false},"product":{"id":"132813987","name":"LARKO Ankle bandage бандаж на голеностопный сустав черный размер M","categoryCode":"Master - Bandages and orthoses","categoryName":"Бандажи и ортезы","link":"https://kaspi.kz/shop/p/larko-ankle-bandage-bandazh-na-golenostopnyi-sustav-chernyi-razmer-m-132813987/"},"merchant":{"name":"LARKO-KZ","code":"17629423"},"editable":false,"editedByCustomer":false},{"id":"8a5c370b9536762801956b982d690d3b","author":"Елена","date":"06.03.2025","orderNumber":"507561377","rating":5,"comment":{"minus":"","plus":"","text":"Всё отлично! Размер, качество."},"feedback":{"positive":0,"voted":false},"product":{"id":"132813987","name":"LARKO Ankle bandage бандаж на голеностопный сустав черный размер M","categoryCode":"Master - Bandages and orthoses","categoryName":"Бандажи и ортезы","link":"https://kaspi.kz/shop/p/larko-ankle-bandage-bandazh-na-golenostopnyi-sustav-chernyi-razmer-m-132813987/"},"merchant":{"name":"LARKO-KZ","code":"17629423"},"editable":false,"editedByCustomer":false},{"id":"8a5c548594ed478b0194effef9460f43","author":"Айгерім","date":"10.02.2025","orderNumber":"489789357","rating":5,"comment":{"minus":"","plus":"","text":"Все хорошо, размер как раз."},"feedback":{"positive":0,"voted":false},"product":{"id":"132813987","name":"LARKO Ankle bandage бандаж на голеностопный сустав черный размер M","categoryCode":"Master - Bandages and orthoses","categoryName":"Бандажи и ортезы","link":"https://kaspi.kz/shop/p/larko-ankle-bandage-bandazh-na-golenostopnyi-sustav-chernyi-razmer-m-132813987/"},"merchant":{"name":"LARKO-KZ","code":"17629423"},"editable":false,"editedByCustomer":false},{"id":"8a5c920194ab5c310194c5aee7f5295c","author":"Анар","date":"02.02.2025","orderNumber":"490153773","rating":5,"comment":{"minus":"","plus":"","text":"Хороший бандаж, приемлемая цена, буду надевать после гипса. Спасибо магазину и Каспи за оперативную доставку, сегодня улетаю и доставили в течение 3-х часов."},"feedback":{"positive":0,"voted":false},"product":{"id":"132813987","name":"LARKO Ankle bandage бандаж на голеностопный сустав черный размер M","categoryCode":"Master - Bandages and orthoses","categoryName":"Бандажи и ортезы","link":"https://kaspi.kz/shop/p/larko-ankle-bandage-bandazh-na-golenostopnyi-sustav-chernyi-razmer-m-132813987/"},"merchant":{"name":"LARKO-KZ","code":"17629423"},"editable":false,"editedByCustomer":false}]}