{"data":[{"id":"8a5c5db5963cc0dd019660d43fe90ef0","author":"Анастасия","date":"23.04.2025","orderNumber":"534970210","rating":5,"comment":{"minus":"","plus":"","text":"Товар хороший, спасибо всем."},"feedback":{"positive":0,"voted":false},"product":{"id":"135954088","name":"LARKO orthosisright бандаж на голеностопный сустав черный, белый, синий размер L","categoryCode":"Master - Bandages and orthoses","categoryName":"Бандажи и ортезы","link":"https://kaspi.kz/shop/p/larko-orthosisright-bandazh-na-golenostopnyi-sustav-chernyi-belyi-sinii-razmer-l-135954088/"},"merchant":{"name":"LARKO-KZ","code":"17629423"},"editable":false,"editedByCustomer":false},{"id":"8a5c5db5963cc0dd0196580a2b346e3f","author":"Жулдыз","date":"21.04.2025","orderNumber":"534767507","rating":5,"comment":{"minus":"","plus":"","text":"Покупала мужу, мужу очень понравился данный товар, легче чем гипс, передвигаться намного легче, спасибо доставка была вовремя."},"feedback":{"positive":0,"voted":false},"product":{"id":"135954088","name":"LARKO orthosisright бандаж на голеностопный сустав черный, белый, синий размер L","categoryCode":"Master - Bandages and orthoses","categoryName":"Бандажи и ортезы","link":"https://kaspi.kz/shop/p/larko-orthosisright-bandazh-na-golenostopnyi-sustav-chernyi-belyi-sinii-razmer-l-135954088/"},"merchant":{"name":"LARKO-KZ","code":"17629423"},"editable":false,"editedByCustomer":false},{"id":"8a5c5db5963cc0dd01963e9567e70a53","author":"Татьяна","date":"16.04.2025","orderNumber":"531045384","rating":5,"comment":{"minus":"","plus":"","text":"После каменного гипса это просто айс айс, очень удобный, нигде ни трёт, ни жмём. Удобен при передивании штанов. Очень легко одевается."},"feedback":{"positive":0,"voted":false},"galleryImages":[{"id":"531045384-135954088/8239ca56-c85b-4c16-8290-14efcf950e76.jpeg","small":"https://resources.cdn-kaspi.kz/img/p/r/531045384-135954088/8239ca56-c85b-4c16-8290-14efcf950e76.jpeg?format=review_small","medium":"https://resources.cdn-kaspi.kz/img/p/r/531045384-135954088/8239ca56-c85b-4c16-8290-14efcf950e76.jpeg?format=review_medium","large":"https://resources.cdn-kaspi.kz/img/p/r/531045384-135954088/8239ca56-c85b-4c16-8290-14efcf950e76.jpeg?format=review_large"},{"id":"531045384-135954088/7fa3a874-e014-47a2-9cac-9fcc3c96a4dc.jpeg","small":"https://resources.cdn-kaspi.kz/img/p/r/531045384-135954088/7fa3a874-e014-47a2-9cac-9fcc3c96a4dc.jpeg?format=review_small","medium":"https://resources.cdn-kaspi.kz/img/p/r/531045384-135954088/7fa3a874-e014-47a2-9cac-9fcc3c96a4dc.jpeg?format=review_medium","large":"https://resources.cdn-kaspi.kz/img/p/r/531045384-135954088/7fa3a874-e014-47a2-9cac-9fcc3c96a4dc.jpeg?format=review_large"},{"id":"531045384-135954088/0c57006e-43a2-479e-ab96-9caa1f12eec1.jpeg","small":"https://resources.cdn-kaspi.kz/img/p/r/531045384-135954088/0c57006e-43a2-479e-ab96-9caa1f12eec1.jpeg?format=review_small","medium":"https://resources.cdn-kaspi.kz/img/p/r/531045384-135954088/0c57006e-43a2-479e-ab96-9caa1f12eec1.jpeg?format=review_medium","large":"https://resources.cdn-kaspi.kz/img/p/r/531045384-135954088/0c57006e-43a2-479e-ab96-9caa1f12eec1.jpeg?format=review_large"}],"product":{"id":"135954088","name":"LARKO orthosisright бандаж на голеностопный сустав черный, белый, синий размер L","categoryCode":"Master - Bandages and orthoses","categoryName":"Бандажи и ортезы","link":"https://kaspi.kz/shop/p/larko-orthosisright-bandazh-na-golenostopnyi-sustav-chernyi-belyi-sinii-razmer-l-135954088/"},"merchant":{"name":"LARKO-KZ","code":"17629423"},"editable":false,"editedByCustomer":false},{"id":"8a5c5a81962d402301962f5daf150bfc","author":"Орынбасар","date":"13.04.2025","orderNumber":"531011558","rating":5,"comment":{"minus":"","plus":"","text":"То, что нужно, материал очень прочный, качественный. И очень удобный в использовании, самое главное не тяжёлый."},"feedback":{"positive":1,"voted":false},"product":{"id":"135954088","name":"LARKO orthosisright бандаж на голеностопный сустав черный, белый, синий размер L","categoryCode":"Master - Bandages and orthoses","categoryName":"Бандажи и ортезы","link":"https://kaspi.kz/shop/p/larko-orthosisright-bandazh-na-golenostopnyi-sustav-chernyi-belyi-sinii-razmer-l-135954088/"},"merchant":{"name":"LARKO-KZ","code":"17629423"},"editable":false,"editedByCustomer":false},{"id":"8a5cb3c89618f3930196299f356457c6","author":"Дмитрий","date":"12.04.2025","orderNumber":"529387593","rating":5,"comment":{"minus":"","plus":"","text":"Быстрая доставка, отличное качество."},"feedback":{"positive":0,"voted":false},"product":{"id":"135954088","name":"LARKO orthosisright бандаж на голеностопный сустав черный, белый, синий размер L","categoryCode":"Master - Bandages and orthoses","categoryName":"Бандажи и ортезы","link":"https://kaspi.kz/shop/p/larko-orthosisright-bandazh-na-golenostopnyi-sustav-chernyi-belyi-sinii-razmer-l-135954088/"},"merchant":{"name":"LARKO-KZ","code":"17629423"},"editable":false,"editedByCustomer":false},{"id":"8a5c5fbf9618f308019625960e1f4c6a","author":"Айдар","date":"11.04.2025","orderNumber":"530688384","rating":4,"comment":{"minus":"","plus":"","text":"Перелом голеностопа, малая берцовая. Гипсовый лангет оказался очень тяжёлым, создавал дикий дискомфорт. Решил заменить на бандаж. В общем и целом, бандаж лёгкий, и практичный. Оценить на 100% как удобный - не могу. В районе щиколотки, с внешней стороны, опухоль (отёк), и бандаж как раз в этом месте жёсткий и давит. Будем ждать когда пройдет отёчность. Если бы бандаж, в этой области сделать более анатомически эргономичным - то вещь была бы на 100% супер."},"feedback":{"positive":0,"voted":false},"galleryImages":[{"id":"530688384-135954088/97bbfe39-d24b-4ba6-a756-501f1f70c587.jpeg","small":"https://resources.cdn-kaspi.kz/img/p/r/530688384-135954088/97bbfe39-d24b-4ba6-a756-501f1f70c587.jpeg?format=review_small","medium":"https://resources.cdn-kaspi.kz/img/p/r/530688384-135954088/97bbfe39-d24b-4ba6-a756-501f1f70c587.jpeg?format=review_medium","large":"https://resources.cdn-kaspi.kz/img/p/r/530688384-135954088/97bbfe39-d24b-4ba6-a756-501f1f70c587.jpeg?format=review_large"}],"product":{"id":"135954088","name":"LARKO orthosisright бандаж на голеностопный сустав черный, белый, синий размер L","categoryCode":"Master - Bandages and orthoses","categoryName":"Бандажи и ортезы","link":"https://kaspi.kz/shop/p/larko-orthosisright-bandazh-na-golenostopnyi-sustav-chernyi-belyi-sinii-razmer-l-135954088/"},"merchant":{"name":"LARKO-KZ","code":"17629423"},"editable":false,"editedByCustomer":false},{"id":"8a5cba5a95acfcd60195d7dca3f365ad","author":"Бигелді","date":"27.03.2025","orderNumber":"521157532","rating":5,"comment":{"minus":"","plus":"","text":"Заказым айтыл уақытта келді. Айққа ыңғайлы екен."},"feedback":{"positive":0,"voted":false},"product":{"id":"135954088","name":"LARKO orthosisright бандаж на голеностопный сустав черный, белый, синий размер L","categoryCode":"Master - Bandages and orthoses","categoryName":"Бандажи и ортезы","link":"https://kaspi.kz/shop/p/larko-orthosisright-bandazh-na-golenostopnyi-sustav-chernyi-belyi-sinii-razmer-l-135954088/"},"merchant":{"name":"LARKO-KZ","code":"17629423"},"editable":false,"editedByCustomer":false}]}