{"data":[{"id":"8a5c5a82963235bc01964df0c4037679","author":"Ерназ","date":"21.04.2025","orderNumber":"533197099","rating":5,"comment":{"minus":"","plus":"","text":"Вовремя пришло, спасибо продавцу, мы открыли через приложение кар сканер работает на 2008 галант 9, удалил ошибку чек."},"feedback":{"positive":0,"voted":false},"galleryImages":[{"id":"533197099-110856155/94e24052-7db6-4a6c-aff4-a45f03668c17.jpeg","small":"https://resources.cdn-kaspi.kz/img/p/r/533197099-110856155/94e24052-7db6-4a6c-aff4-a45f03668c17.jpeg?format=review_small","medium":"https://resources.cdn-kaspi.kz/img/p/r/533197099-110856155/94e24052-7db6-4a6c-aff4-a45f03668c17.jpeg?format=review_medium","large":"https://resources.cdn-kaspi.kz/img/p/r/533197099-110856155/94e24052-7db6-4a6c-aff4-a45f03668c17.jpeg?format=review_large"},{"id":"533197099-110856155/76893347-e8bf-46a8-88e6-2115bd37da17.jpeg","small":"https://resources.cdn-kaspi.kz/img/p/r/533197099-110856155/76893347-e8bf-46a8-88e6-2115bd37da17.jpeg?format=review_small","medium":"https://resources.cdn-kaspi.kz/img/p/r/533197099-110856155/76893347-e8bf-46a8-88e6-2115bd37da17.jpeg?format=review_medium","large":"https://resources.cdn-kaspi.kz/img/p/r/533197099-110856155/76893347-e8bf-46a8-88e6-2115bd37da17.jpeg?format=review_large"}],"product":{"id":"110856155","name":"LARKO мультимарочный автосканер HH V1.5","categoryCode":"Master - Car code readers","categoryName":"Автосканеры","link":"https://kaspi.kz/shop/p/larko-mul-timarochnyi-avtoskaner-hh-v1-5-110856155/"},"merchant":{"name":"LARKO-KZ","code":"17629423"},"editable":false,"editedByCustomer":false},{"id":"8a5c02349618f32b0196341002d702e7","author":"Диас","date":"14.04.2025","orderNumber":"530856316","rating":5,"comment":{"minus":"","plus":"","text":"Отличный сканер, недавно пришел."},"feedback":{"positive":0,"voted":false},"product":{"id":"110856155","name":"LARKO мультимарочный автосканер HH V1.5","categoryCode":"Master - Car code readers","categoryName":"Автосканеры","link":"https://kaspi.kz/shop/p/larko-mul-timarochnyi-avtoskaner-hh-v1-5-110856155/"},"merchant":{"name":"LARKO-KZ","code":"17629423"},"editable":false,"editedByCustomer":false},{"id":"8a5c5ab1962822d501962b3820d91113","author":"Бағдат","date":"14.04.2025","orderNumber":"526727335","rating":5,"comment":{"minus":"","plus":"","text":"Цена, качество."},"feedback":{"positive":0,"voted":false},"product":{"id":"110856155","name":"LARKO мультимарочный автосканер HH V1.5","categoryCode":"Master - Car code readers","categoryName":"Автосканеры","link":"https://kaspi.kz/shop/p/larko-mul-timarochnyi-avtoskaner-hh-v1-5-110856155/"},"merchant":{"name":"LARKO-KZ","code":"17629423"},"editable":false,"editedByCustomer":true},{"id":"8a5c304895f9cfd60195fc1e83921078","author":"Станислав","date":"05.04.2025","orderNumber":"523655874","rating":5,"comment":{"minus":"","plus":"","text":"Все пришло быстро, спасибо большое продавцу. На пассат б5+ подошло, все работает и показывает."},"feedback":{"positive":1,"voted":false},"galleryImages":[{"id":"523655874-110856155/1a1fb57e-5c69-4cee-8b2c-69f96d887d26.jpeg","small":"https://resources.cdn-kaspi.kz/img/p/r/523655874-110856155/1a1fb57e-5c69-4cee-8b2c-69f96d887d26.jpeg?format=review_small","medium":"https://resources.cdn-kaspi.kz/img/p/r/523655874-110856155/1a1fb57e-5c69-4cee-8b2c-69f96d887d26.jpeg?format=review_medium","large":"https://resources.cdn-kaspi.kz/img/p/r/523655874-110856155/1a1fb57e-5c69-4cee-8b2c-69f96d887d26.jpeg?format=review_large"},{"id":"523655874-110856155/65ddc1d3-9454-4210-8a42-ebcc1375cf4d.jpeg","small":"https://resources.cdn-kaspi.kz/img/p/r/523655874-110856155/65ddc1d3-9454-4210-8a42-ebcc1375cf4d.jpeg?format=review_small","medium":"https://resources.cdn-kaspi.kz/img/p/r/523655874-110856155/65ddc1d3-9454-4210-8a42-ebcc1375cf4d.jpeg?format=review_medium","large":"https://resources.cdn-kaspi.kz/img/p/r/523655874-110856155/65ddc1d3-9454-4210-8a42-ebcc1375cf4d.jpeg?format=review_large"}],"product":{"id":"110856155","name":"LARKO мультимарочный автосканер HH V1.5","categoryCode":"Master - Car code readers","categoryName":"Автосканеры","link":"https://kaspi.kz/shop/p/larko-mul-timarochnyi-avtoskaner-hh-v1-5-110856155/"},"merchant":{"name":"LARKO-KZ","code":"17629423"},"editable":false,"editedByCustomer":false},{"id":"8a5cbedc95feeb79019600c2f228098a","author":"Толкын","date":"04.04.2025","orderNumber":"524737059","rating":5,"comment":{"minus":"","plus":"","text":"Тура келді. Рахмет."},"feedback":{"positive":0,"voted":false},"product":{"id":"110856155","name":"LARKO мультимарочный автосканер HH V1.5","categoryCode":"Master - Car code readers","categoryName":"Автосканеры","link":"https://kaspi.kz/shop/p/larko-mul-timarochnyi-avtoskaner-hh-v1-5-110856155/"},"merchant":{"name":"LARKO-KZ","code":"17629423"},"editable":false,"editedByCustomer":false},{"id":"8a5c405695d51bda0195d8ab67b61549","author":"Самал","date":"27.03.2025","orderNumber":"520306549","rating":5,"comment":{"minus":"","plus":"","text":"Өте жақсы товар екен, машинама жақсы келді, хундай акцентке."},"feedback":{"positive":0,"voted":false},"product":{"id":"110856155","name":"LARKO мультимарочный автосканер HH V1.5","categoryCode":"Master - Car code readers","categoryName":"Автосканеры","link":"https://kaspi.kz/shop/p/larko-mul-timarochnyi-avtoskaner-hh-v1-5-110856155/"},"merchant":{"name":"LARKO-KZ","code":"17629423"},"editable":false,"editedByCustomer":false},{"id":"8a5c51e794dead0f0194e0bea36a1596","author":"Дулат","date":"07.02.2025","orderNumber":"491440138","rating":5,"comment":{"minus":"","plus":"","text":"Audi Q7 2007г, подключается, сканирует, ошибки удаляет. Очень рад покупке. Моменты были, что по ссылке на коробке сайт не доступен был, но спасибо продавцу, подсказали какое приложение надо скачать (Car Scaner ELM OBD II). Товар пришел вовремя, за что отдельное спасибо Каспи Магазину."},"feedback":{"positive":0,"voted":false},"galleryImages":[{"id":"491440138-110856155/856e465b-d77e-4661-995a-2a7b3f3acda2.jpeg","small":"https://resources.cdn-kaspi.kz/img/p/r/491440138-110856155/856e465b-d77e-4661-995a-2a7b3f3acda2.jpeg?format=review_small","medium":"https://resources.cdn-kaspi.kz/img/p/r/491440138-110856155/856e465b-d77e-4661-995a-2a7b3f3acda2.jpeg?format=review_medium","large":"https://resources.cdn-kaspi.kz/img/p/r/491440138-110856155/856e465b-d77e-4661-995a-2a7b3f3acda2.jpeg?format=review_large"}],"product":{"id":"110856155","name":"LARKO мультимарочный автосканер HH V1.5","categoryCode":"Master - Car code readers","categoryName":"Автосканеры","link":"https://kaspi.kz/shop/p/larko-mul-timarochnyi-avtoskaner-hh-v1-5-110856155/"},"merchant":{"name":"LARKO-KZ","code":"17629423"},"editable":false,"editedByCustomer":false},{"id":"8a5c253894ab5c230194bd3b9ce020e8","author":"Владимир","date":"31.01.2025","orderNumber":"487898064","rating":5,"comment":{"minus":"","plus":"","text":"Авто сканер реально работает, даже в режиме езды показывает расход и другие показания автомобиля. Классная штука за такие деньги. С подключением разобраться несложно. Всем советую."},"feedback":{"positive":0,"voted":false},"product":{"id":"110856155","name":"LARKO мультимарочный автосканер HH V1.5","categoryCode":"Master - Car code readers","categoryName":"Автосканеры","link":"https://kaspi.kz/shop/p/larko-mul-timarochnyi-avtoskaner-hh-v1-5-110856155/"},"merchant":{"name":"LARKO-KZ","code":"17629423"},"editable":false,"editedByCustomer":false},{"id":"8a5ca09c946876760194a746e3f556e8","author":"Думан","date":"27.01.2025","orderNumber":"483741363","rating":5,"comment":{"minus":"","plus":"","text":"Товар пришел на следующий день, качественный, цена приемлемая, рекомендую!"},"feedback":{"positive":0,"voted":false},"product":{"id":"110856155","name":"LARKO мультимарочный автосканер HH V1.5","categoryCode":"Master - Car code readers","categoryName":"Автосканеры","link":"https://kaspi.kz/shop/p/larko-mul-timarochnyi-avtoskaner-hh-v1-5-110856155/"},"merchant":{"name":"LARKO-KZ","code":"17629423"},"editable":false,"editedByCustomer":false},{"id":"8a5c44a0946875c801948e6fe1f03b27","author":"Нуржан","date":"22.01.2025","orderNumber":"482794125","rating":5,"comment":{"minus":"","plus":"","text":"Отличный сканер. Читает DAEWOO NEXIA."},"feedback":{"positive":0,"voted":false},"product":{"id":"110856155","name":"LARKO мультимарочный автосканер HH V1.5","categoryCode":"Master - Car code readers","categoryName":"Автосканеры","link":"https://kaspi.kz/shop/p/larko-mul-timarochnyi-avtoskaner-hh-v1-5-110856155/"},"merchant":{"name":"LARKO-KZ","code":"17629423"},"editable":false,"editedByCustomer":false},{"id":"8a5c78259401969f01946469b5e57ec2","author":"Андрей","date":"14.01.2025","orderNumber":"477595923","rating":5,"comment":{"minus":"","plus":"","text":"Товар пришел раньше срока, сканер работает на отлично, спасибо магазину LARKO! И Каспи."},"feedback":{"positive":0,"voted":false},"product":{"id":"110856155","name":"LARKO мультимарочный автосканер HH V1.5","categoryCode":"Master - Car code readers","categoryName":"Автосканеры","link":"https://kaspi.kz/shop/p/larko-mul-timarochnyi-avtoskaner-hh-v1-5-110856155/"},"merchant":{"name":"LARKO-KZ","code":"17629423"},"editable":false,"editedByCustomer":false},{"id":"8a5c0ceb9415c44f0194174c6fc0027a","author":"Нурсултан","date":"30.12.2024","orderNumber":"472848100","rating":5,"comment":{"minus":"","plus":"","text":"Экспресс доставка, все супер, ошибку посмотрел."},"feedback":{"positive":0,"voted":false},"galleryImages":[{"id":"472848100-110856155/83c93f6d-b2f8-42dc-a3bc-2729cf07a7dc.jpeg","small":"https://resources.cdn-kaspi.kz/img/p/r/472848100-110856155/83c93f6d-b2f8-42dc-a3bc-2729cf07a7dc.jpeg?format=review_small","medium":"https://resources.cdn-kaspi.kz/img/p/r/472848100-110856155/83c93f6d-b2f8-42dc-a3bc-2729cf07a7dc.jpeg?format=review_medium","large":"https://resources.cdn-kaspi.kz/img/p/r/472848100-110856155/83c93f6d-b2f8-42dc-a3bc-2729cf07a7dc.jpeg?format=review_large"}],"product":{"id":"110856155","name":"LARKO мультимарочный автосканер HH V1.5","categoryCode":"Master - Car code readers","categoryName":"Автосканеры","link":"https://kaspi.kz/shop/p/larko-mul-timarochnyi-avtoskaner-hh-v1-5-110856155/"},"merchant":{"name":"LARKO-KZ","code":"17629423"},"editable":false,"editedByCustomer":false},{"id":"8a5ccd739395560a0193e49498c37b7b","author":"Евгений","date":"20.12.2024","orderNumber":"465406712","rating":5,"comment":{"minus":"","plus":"","text":"Получил раньше срока, товаром доволен, спасибо."},"feedback":{"positive":0,"voted":false},"product":{"id":"110856155","name":"LARKO мультимарочный автосканер HH V1.5","categoryCode":"Master - Car code readers","categoryName":"Автосканеры","link":"https://kaspi.kz/shop/p/larko-mul-timarochnyi-avtoskaner-hh-v1-5-110856155/"},"merchant":{"name":"LARKO-KZ","code":"17629423"},"editable":false,"editedByCustomer":false},{"id":"8a5c64df9366cb470193927480dd3b2b","author":"Шалқар","date":"04.12.2024","orderNumber":"454113195","rating":5,"comment":{"minus":"","plus":"","text":"Отличный, быстрая доставка."},"feedback":{"positive":0,"voted":false},"product":{"id":"110856155","name":"LARKO мультимарочный автосканер HH V1.5","categoryCode":"Master - Car code readers","categoryName":"Автосканеры","link":"https://kaspi.kz/shop/p/larko-mul-timarochnyi-avtoskaner-hh-v1-5-110856155/"},"merchant":{"name":"LARKO-KZ","code":"17629423"},"editable":false,"editedByCustomer":false},{"id":"8a5c5fa49366cb2d019367a5ad7b023f","author":"Константин","date":"26.11.2024","orderNumber":"444732406","rating":5,"comment":{"minus":"","plus":"","text":"Неплохой сканер, машина Infinity видит почти все ошибки."},"feedback":{"positive":0,"voted":false},"product":{"id":"110856155","name":"LARKO мультимарочный автосканер HH V1.5","categoryCode":"Master - Car code readers","categoryName":"Автосканеры","link":"https://kaspi.kz/shop/p/larko-mul-timarochnyi-avtoskaner-hh-v1-5-110856155/"},"merchant":{"name":"LARKO-KZ","code":"17629423"},"editable":false,"editedByCustomer":false},{"id":"8a5cd24f931f0fe50193302cc8d81c7a","author":"Даулет","date":"15.11.2024","orderNumber":"443094482","rating":5,"comment":{"minus":"","plus":"","text":"Очень удобный в использовании. Лучшее предложение в линейке сканеров."},"feedback":{"positive":0,"voted":false},"product":{"id":"110856155","name":"LARKO мультимарочный автосканер HH V1.5","categoryCode":"Master - Car code readers","categoryName":"Автосканеры","link":"https://kaspi.kz/shop/p/larko-mul-timarochnyi-avtoskaner-hh-v1-5-110856155/"},"merchant":{"name":"LARKO-KZ","code":"17629423"},"editable":false,"editedByCustomer":false},{"id":"8a5c67ca931f0ca401931fcc09ee0231","author":"Владислав","date":"12.11.2024","orderNumber":"443517650","rating":5,"comment":{"minus":"","plus":"","text":"Классная штука, быстрая доставка!"},"feedback":{"positive":0,"voted":false},"product":{"id":"110856155","name":"LARKO мультимарочный автосканер HH V1.5","categoryCode":"Master - Car code readers","categoryName":"Автосканеры","link":"https://kaspi.kz/shop/p/larko-mul-timarochnyi-avtoskaner-hh-v1-5-110856155/"},"merchant":{"name":"LARKO-KZ","code":"17629423"},"editable":false,"editedByCustomer":false},{"id":"8a5c71d392750ae00192c2665fb2737b","author":"Денис","date":"25.10.2024","orderNumber":"422138891","rating":5,"comment":{"minus":"","plus":"","text":"Хороший недорогой сканер, на Honda CR-v 2000г работает."},"feedback":{"positive":0,"voted":false},"galleryImages":[{"id":"422138891-110856155/c6c4094e-3458-432a-8f46-f4dbdf040714.jpeg","small":"https://resources.cdn-kaspi.kz/img/p/r/422138891-110856155/c6c4094e-3458-432a-8f46-f4dbdf040714.jpeg?format=review_small","medium":"https://resources.cdn-kaspi.kz/img/p/r/422138891-110856155/c6c4094e-3458-432a-8f46-f4dbdf040714.jpeg?format=review_medium","large":"https://resources.cdn-kaspi.kz/img/p/r/422138891-110856155/c6c4094e-3458-432a-8f46-f4dbdf040714.jpeg?format=review_large"},{"id":"422138891-110856155/d3e3aee8-41f3-45a1-8afd-3c92f98cd281.jpeg","small":"https://resources.cdn-kaspi.kz/img/p/r/422138891-110856155/d3e3aee8-41f3-45a1-8afd-3c92f98cd281.jpeg?format=review_small","medium":"https://resources.cdn-kaspi.kz/img/p/r/422138891-110856155/d3e3aee8-41f3-45a1-8afd-3c92f98cd281.jpeg?format=review_medium","large":"https://resources.cdn-kaspi.kz/img/p/r/422138891-110856155/d3e3aee8-41f3-45a1-8afd-3c92f98cd281.jpeg?format=review_large"},{"id":"422138891-110856155/72f9d5f3-d259-4aae-a5b0-8b38b075d690.jpeg","small":"https://resources.cdn-kaspi.kz/img/p/r/422138891-110856155/72f9d5f3-d259-4aae-a5b0-8b38b075d690.jpeg?format=review_small","medium":"https://resources.cdn-kaspi.kz/img/p/r/422138891-110856155/72f9d5f3-d259-4aae-a5b0-8b38b075d690.jpeg?format=review_medium","large":"https://resources.cdn-kaspi.kz/img/p/r/422138891-110856155/72f9d5f3-d259-4aae-a5b0-8b38b075d690.jpeg?format=review_large"}],"product":{"id":"110856155","name":"LARKO мультимарочный автосканер HH V1.5","categoryCode":"Master - Car code readers","categoryName":"Автосканеры","link":"https://kaspi.kz/shop/p/larko-mul-timarochnyi-avtoskaner-hh-v1-5-110856155/"},"merchant":{"name":"LARKO-KZ","code":"17629423"},"editable":false,"editedByCustomer":false},{"id":"8a5c3faf92707cf80192724694e2064d","author":"Асхат","date":"09.10.2024","orderNumber":"423105859","rating":5,"comment":{"minus":"","plus":"","text":"Классно, все работает на CHEVROLET NEXIA. Очень внимательный продавец. Привезли как было сказано. Вовремя."},"feedback":{"positive":0,"voted":false},"product":{"id":"110856155","name":"LARKO мультимарочный автосканер HH V1.5","categoryCode":"Master - Car code readers","categoryName":"Автосканеры","link":"https://kaspi.kz/shop/p/larko-mul-timarochnyi-avtoskaner-hh-v1-5-110856155/"},"merchant":{"name":"LARKO-KZ","code":"17629423"},"editable":false,"editedByCustomer":false},{"id":"8a5cb9d7917375f70191c27044e67644","author":"Дмитрий","date":"05.09.2024","orderNumber":"406675006","rating":5,"comment":{"minus":"","plus":"","text":"Отличный сканер, с авто Дайхатсу Термос 2006года совместим."},"feedback":{"positive":0,"voted":false},"product":{"id":"110856155","name":"LARKO мультимарочный автосканер HH V1.5","categoryCode":"Master - Car code readers","categoryName":"Автосканеры","link":"https://kaspi.kz/shop/p/larko-mul-timarochnyi-avtoskaner-hh-v1-5-110856155/"},"merchant":{"name":"LARKO-KZ","code":"17629423"},"editable":false,"editedByCustomer":false},{"id":"8a5c2573917375d2019173bc6f1400c0","author":"Улбосын","date":"21.08.2024","orderNumber":"395181608","rating":5,"comment":{"minus":"","plus":"","text":"Опендиаг окымайды екен 1. 5 тер."},"feedback":{"positive":0,"voted":false},"product":{"id":"110856155","name":"LARKO мультимарочный автосканер HH V1.5","categoryCode":"Master - Car code readers","categoryName":"Автосканеры","link":"https://kaspi.kz/shop/p/larko-mul-timarochnyi-avtoskaner-hh-v1-5-110856155/"},"merchant":{"name":"LARKO-KZ","code":"17629423"},"editable":false,"editedByCustomer":false},{"id":"8a5c4ed4912ac2a8019140bbeb90263f","author":"Азамат","date":"12.08.2024","orderNumber":"391329668","rating":5,"comment":{"minus":"","plus":"","text":"Car Scanner программасы арқылы қателіктерді қарап, машинаның диагностикасын жасадым. Тойота камри 30ға келеді екен. Рахмет."},"feedback":{"positive":0,"voted":false},"product":{"id":"110856155","name":"LARKO мультимарочный автосканер HH V1.5","categoryCode":"Master - Car code readers","categoryName":"Автосканеры","link":"https://kaspi.kz/shop/p/larko-mul-timarochnyi-avtoskaner-hh-v1-5-110856155/"},"merchant":{"name":"LARKO-KZ","code":"17629423"},"editable":false,"editedByCustomer":false},{"id":"8a5c9d8b90aa40910190ac731f16035f","author":"Дмитрий","date":"18.07.2024","orderNumber":"381064108","rating":5,"comment":{"minus":"","plus":"","text":"Хороший сканер. Хонда акорд 1998г правый руль все работает."},"feedback":{"positive":0,"voted":false},"product":{"id":"110856155","name":"LARKO мультимарочный автосканер HH V1.5","categoryCode":"Master - Car code readers","categoryName":"Автосканеры","link":"https://kaspi.kz/shop/p/larko-mul-timarochnyi-avtoskaner-hh-v1-5-110856155/"},"merchant":{"name":"LARKO-KZ","code":"17629423"},"editable":false,"editedByCustomer":false},{"id":"8a5cee5e8f75e182018f8b5ab0e2286e","author":"Аскат","date":"18.05.2024","orderNumber":"355427319","rating":5,"comment":{"minus":"","plus":"","text":"Грантаны оқып тұр. Жылдам жұмыс істейді."},"feedback":{"positive":0,"voted":false},"product":{"id":"110856155","name":"LARKO мультимарочный автосканер HH V1.5","categoryCode":"Master - Car code readers","categoryName":"Автосканеры","link":"https://kaspi.kz/shop/p/larko-mul-timarochnyi-avtoskaner-hh-v1-5-110856155/"},"merchant":{"name":"LARKO-KZ","code":"17629423"},"editable":false,"editedByCustomer":false},{"id":"8a5cd5bb8ecb4437018ee5d896af2d48","author":"Сергей","date":"16.04.2024","orderNumber":"346275231","rating":5,"comment":{"minus":"","plus":"","text":"Все работает отлично, спасибо большое продавцу."},"feedback":{"positive":0,"voted":false},"product":{"id":"110856155","name":"LARKO мультимарочный автосканер HH V1.5","categoryCode":"Master - Car code readers","categoryName":"Автосканеры","link":"https://kaspi.kz/shop/p/larko-mul-timarochnyi-avtoskaner-hh-v1-5-110856155/"},"merchant":{"name":"LARKO-KZ","code":"17629423"},"editable":false,"editedByCustomer":false},{"id":"8a5c9aaf8ea25519018eb28574791eda","author":"Дархан","date":"06.04.2024","orderNumber":"343084012","rating":5,"comment":{"minus":"","plus":"","text":"Хорошо работает, считает с Chevrolet Cruze. Пока не получилось подключить Torque Pro. Но это нюансы."},"feedback":{"positive":0,"voted":false},"product":{"id":"110856155","name":"LARKO мультимарочный автосканер HH V1.5","categoryCode":"Master - Car code readers","categoryName":"Автосканеры","link":"https://kaspi.kz/shop/p/larko-mul-timarochnyi-avtoskaner-hh-v1-5-110856155/"},"merchant":{"name":"LARKO-KZ","code":"17629423"},"editable":false,"editedByCustomer":false},{"id":"8a5c22298ea254e0018eacb00fb2149e","author":"Нурсултан","date":"05.04.2024","orderNumber":"342830739","rating":5,"comment":{"minus":"","plus":"","text":"Товар пришёл, все работает."},"feedback":{"positive":1,"voted":false},"galleryImages":[{"id":"342830739-110856155/3dc53515-8bc0-4382-aa34-65614dc6ec74.jpeg","small":"https://resources.cdn-kaspi.kz/img/p/r/342830739-110856155/3dc53515-8bc0-4382-aa34-65614dc6ec74.jpeg?format=review_small","medium":"https://resources.cdn-kaspi.kz/img/p/r/342830739-110856155/3dc53515-8bc0-4382-aa34-65614dc6ec74.jpeg?format=review_medium","large":"https://resources.cdn-kaspi.kz/img/p/r/342830739-110856155/3dc53515-8bc0-4382-aa34-65614dc6ec74.jpeg?format=review_large"}],"product":{"id":"110856155","name":"LARKO мультимарочный автосканер HH V1.5","categoryCode":"Master - Car code readers","categoryName":"Автосканеры","link":"https://kaspi.kz/shop/p/larko-mul-timarochnyi-avtoskaner-hh-v1-5-110856155/"},"merchant":{"name":"LARKO-KZ","code":"17629423"},"editable":false,"editedByCustomer":false},{"id":"8a5c5d958e7f9051018e9e0d45c0350b","author":"Талгат","date":"02.04.2024","orderNumber":"342728433","rating":5,"comment":{"minus":"","plus":"","text":"Сапалы. Маған ұнады."},"feedback":{"positive":0,"voted":false},"product":{"id":"110856155","name":"LARKO мультимарочный автосканер HH V1.5","categoryCode":"Master - Car code readers","categoryName":"Автосканеры","link":"https://kaspi.kz/shop/p/larko-mul-timarochnyi-avtoskaner-hh-v1-5-110856155/"},"merchant":{"name":"LARKO-KZ","code":"17629423"},"editable":false,"editedByCustomer":false},{"id":"8a5c64f08e7f91a1018e8ac3023a17b4","author":"Бауыржан","date":"29.03.2024","orderNumber":"335931423","rating":5,"comment":{"minus":"","plus":"","text":"Товар нормальный."},"feedback":{"positive":0,"voted":false},"galleryImages":[{"id":"335931423-110856155/832280c0-45d0-4ccb-9cd9-836e744bc5c2.jpeg","small":"https://resources.cdn-kaspi.kz/img/p/r/335931423-110856155/832280c0-45d0-4ccb-9cd9-836e744bc5c2.jpeg?format=review_small","medium":"https://resources.cdn-kaspi.kz/img/p/r/335931423-110856155/832280c0-45d0-4ccb-9cd9-836e744bc5c2.jpeg?format=review_medium","large":"https://resources.cdn-kaspi.kz/img/p/r/335931423-110856155/832280c0-45d0-4ccb-9cd9-836e744bc5c2.jpeg?format=review_large"},{"id":"335931423-110856155/2bf50646-4774-462c-aa12-bec50e4e93cd.jpeg","small":"https://resources.cdn-kaspi.kz/img/p/r/335931423-110856155/2bf50646-4774-462c-aa12-bec50e4e93cd.jpeg?format=review_small","medium":"https://resources.cdn-kaspi.kz/img/p/r/335931423-110856155/2bf50646-4774-462c-aa12-bec50e4e93cd.jpeg?format=review_medium","large":"https://resources.cdn-kaspi.kz/img/p/r/335931423-110856155/2bf50646-4774-462c-aa12-bec50e4e93cd.jpeg?format=review_large"},{"id":"335931423-110856155/75fba804-ce84-420b-a129-e49bacfe1f9e.jpeg","small":"https://resources.cdn-kaspi.kz/img/p/r/335931423-110856155/75fba804-ce84-420b-a129-e49bacfe1f9e.jpeg?format=review_small","medium":"https://resources.cdn-kaspi.kz/img/p/r/335931423-110856155/75fba804-ce84-420b-a129-e49bacfe1f9e.jpeg?format=review_medium","large":"https://resources.cdn-kaspi.kz/img/p/r/335931423-110856155/75fba804-ce84-420b-a129-e49bacfe1f9e.jpeg?format=review_large"},{"id":"335931423-110856155/3df26a24-5ad4-436e-81a7-f1209047881c.jpeg","small":"https://resources.cdn-kaspi.kz/img/p/r/335931423-110856155/3df26a24-5ad4-436e-81a7-f1209047881c.jpeg?format=review_small","medium":"https://resources.cdn-kaspi.kz/img/p/r/335931423-110856155/3df26a24-5ad4-436e-81a7-f1209047881c.jpeg?format=review_medium","large":"https://resources.cdn-kaspi.kz/img/p/r/335931423-110856155/3df26a24-5ad4-436e-81a7-f1209047881c.jpeg?format=review_large"},{"id":"335931423-110856155/c6458491-4f2d-4900-b709-2691567185cf.jpeg","small":"https://resources.cdn-kaspi.kz/img/p/r/335931423-110856155/c6458491-4f2d-4900-b709-2691567185cf.jpeg?format=review_small","medium":"https://resources.cdn-kaspi.kz/img/p/r/335931423-110856155/c6458491-4f2d-4900-b709-2691567185cf.jpeg?format=review_medium","large":"https://resources.cdn-kaspi.kz/img/p/r/335931423-110856155/c6458491-4f2d-4900-b709-2691567185cf.jpeg?format=review_large"}],"product":{"id":"110856155","name":"LARKO мультимарочный автосканер HH V1.5","categoryCode":"Master - Car code readers","categoryName":"Автосканеры","link":"https://kaspi.kz/shop/p/larko-mul-timarochnyi-avtoskaner-hh-v1-5-110856155/"},"merchant":{"name":"LARKO-KZ","code":"17629423"},"editable":false,"editedByCustomer":false},{"id":"8a5c9c538e56f3cd018e7476791c30f9","author":"Ержан","date":"25.03.2024","orderNumber":"339914866","rating":5,"comment":{"minus":"","plus":"","text":"Все работает отлично."},"feedback":{"positive":0,"voted":false},"product":{"id":"110856155","name":"LARKO мультимарочный автосканер HH V1.5","categoryCode":"Master - Car code readers","categoryName":"Автосканеры","link":"https://kaspi.kz/shop/p/larko-mul-timarochnyi-avtoskaner-hh-v1-5-110856155/"},"merchant":{"name":"LARKO-KZ","code":"17629423"},"editable":false,"editedByCustomer":false},{"id":"8a5c4eed8de9c0cf018e12f5a28c4b94","author":"Мирболат","date":"06.03.2024","orderNumber":"331583356","rating":5,"comment":{"minus":"","plus":"","text":"Керемет."},"feedback":{"positive":0,"voted":false},"product":{"id":"110856155","name":"LARKO мультимарочный автосканер HH V1.5","categoryCode":"Master - Car code readers","categoryName":"Автосканеры","link":"https://kaspi.kz/shop/p/larko-mul-timarochnyi-avtoskaner-hh-v1-5-110856155/"},"merchant":{"name":"LARKO-KZ","code":"17629423"},"editable":false,"editedByCustomer":false},{"id":"8a5c3f938dd3e706018de12421c40aa8","author":"Муратбек","date":"25.02.2024","orderNumber":"329135699","rating":5,"comment":{"minus":"","plus":"","text":"Өте жақсы керемет."},"feedback":{"positive":1,"voted":false},"galleryImages":[{"id":"329135699-110856155/6804deb1-d75c-4699-b3f5-f1d603378a0d.jpeg","small":"https://resources.cdn-kaspi.kz/img/p/r/329135699-110856155/6804deb1-d75c-4699-b3f5-f1d603378a0d.jpeg?format=review_small","medium":"https://resources.cdn-kaspi.kz/img/p/r/329135699-110856155/6804deb1-d75c-4699-b3f5-f1d603378a0d.jpeg?format=review_medium","large":"https://resources.cdn-kaspi.kz/img/p/r/329135699-110856155/6804deb1-d75c-4699-b3f5-f1d603378a0d.jpeg?format=review_large"},{"id":"329135699-110856155/13990ccb-993e-4007-95b9-c10eca3dc2f8.jpeg","small":"https://resources.cdn-kaspi.kz/img/p/r/329135699-110856155/13990ccb-993e-4007-95b9-c10eca3dc2f8.jpeg?format=review_small","medium":"https://resources.cdn-kaspi.kz/img/p/r/329135699-110856155/13990ccb-993e-4007-95b9-c10eca3dc2f8.jpeg?format=review_medium","large":"https://resources.cdn-kaspi.kz/img/p/r/329135699-110856155/13990ccb-993e-4007-95b9-c10eca3dc2f8.jpeg?format=review_large"},{"id":"329135699-110856155/6a6b1214-8fbb-403f-b61e-f434033f0aa7.jpeg","small":"https://resources.cdn-kaspi.kz/img/p/r/329135699-110856155/6a6b1214-8fbb-403f-b61e-f434033f0aa7.jpeg?format=review_small","medium":"https://resources.cdn-kaspi.kz/img/p/r/329135699-110856155/6a6b1214-8fbb-403f-b61e-f434033f0aa7.jpeg?format=review_medium","large":"https://resources.cdn-kaspi.kz/img/p/r/329135699-110856155/6a6b1214-8fbb-403f-b61e-f434033f0aa7.jpeg?format=review_large"},{"id":"329135699-110856155/a8a642fd-a35e-408d-9863-8fc15e6191c7.jpeg","small":"https://resources.cdn-kaspi.kz/img/p/r/329135699-110856155/a8a642fd-a35e-408d-9863-8fc15e6191c7.jpeg?format=review_small","medium":"https://resources.cdn-kaspi.kz/img/p/r/329135699-110856155/a8a642fd-a35e-408d-9863-8fc15e6191c7.jpeg?format=review_medium","large":"https://resources.cdn-kaspi.kz/img/p/r/329135699-110856155/a8a642fd-a35e-408d-9863-8fc15e6191c7.jpeg?format=review_large"},{"id":"329135699-110856155/7c68b560-eb8c-4825-b7ad-3ce27d5763ca.jpeg","small":"https://resources.cdn-kaspi.kz/img/p/r/329135699-110856155/7c68b560-eb8c-4825-b7ad-3ce27d5763ca.jpeg?format=review_small","medium":"https://resources.cdn-kaspi.kz/img/p/r/329135699-110856155/7c68b560-eb8c-4825-b7ad-3ce27d5763ca.jpeg?format=review_medium","large":"https://resources.cdn-kaspi.kz/img/p/r/329135699-110856155/7c68b560-eb8c-4825-b7ad-3ce27d5763ca.jpeg?format=review_large"}],"product":{"id":"110856155","name":"LARKO мультимарочный автосканер HH V1.5","categoryCode":"Master - Car code readers","categoryName":"Автосканеры","link":"https://kaspi.kz/shop/p/larko-mul-timarochnyi-avtoskaner-hh-v1-5-110856155/"},"merchant":{"name":"LARKO-KZ","code":"17629423"},"editable":false,"editedByCustomer":false},{"id":"8a5c54bc8d814bfc018dca70923c555e","author":"Алтынбек","date":"21.02.2024","orderNumber":"327145865","rating":5,"comment":{"minus":"","plus":"","text":"Hyundai Accent 2014. Подключился, ошибки видит, стирает. Работает норм."},"feedback":{"positive":1,"voted":false},"product":{"id":"110856155","name":"LARKO мультимарочный автосканер HH V1.5","categoryCode":"Master - Car code readers","categoryName":"Автосканеры","link":"https://kaspi.kz/shop/p/larko-mul-timarochnyi-avtoskaner-hh-v1-5-110856155/"},"merchant":{"name":"LARKO-KZ","code":"17629423"},"editable":false,"editedByCustomer":false},{"id":"8a5c54bc8d814bfc018db2284b483c1e","author":"Аслан","date":"16.02.2024","orderNumber":"326444473","rating":5,"comment":{"minus":"","plus":"","text":"Жақсы шығарылған зат."},"feedback":{"positive":1,"voted":false},"product":{"id":"110856155","name":"LARKO мультимарочный автосканер HH V1.5","categoryCode":"Master - Car code readers","categoryName":"Автосканеры","link":"https://kaspi.kz/shop/p/larko-mul-timarochnyi-avtoskaner-hh-v1-5-110856155/"},"merchant":{"name":"LARKO-KZ","code":"17629423"},"editable":false,"editedByCustomer":false},{"id":"8a5cd2488d398c87018d53d275882c6c","author":"Жаксылык","date":"29.01.2024","orderNumber":"319711124","rating":5,"comment":{"minus":"","plus":"","text":"Отлично работает."},"feedback":{"positive":1,"voted":false},"product":{"id":"110856155","name":"LARKO мультимарочный автосканер HH V1.5","categoryCode":"Master - Car code readers","categoryName":"Автосканеры","link":"https://kaspi.kz/shop/p/larko-mul-timarochnyi-avtoskaner-hh-v1-5-110856155/"},"merchant":{"name":"LARKO-KZ","code":"17629423"},"editable":false,"editedByCustomer":false},{"id":"8a5cee328d4a2803018d4ac5796201a7","author":"Роман","date":"27.01.2024","orderNumber":"309872456","rating":5,"comment":{"minus":"","plus":"","text":"Брал для Chevrolet Nexia, подошёл, все что мониторится - видит, ошибки снимает."},"feedback":{"positive":1,"voted":false},"product":{"id":"110856155","name":"LARKO мультимарочный автосканер HH V1.5","categoryCode":"Master - Car code readers","categoryName":"Автосканеры","link":"https://kaspi.kz/shop/p/larko-mul-timarochnyi-avtoskaner-hh-v1-5-110856155/"},"merchant":{"name":"LARKO-KZ","code":"17629423"},"editable":false,"editedByCustomer":false},{"id":"8a5ccd468d398bb9018d47994d871c54","author":"Ермек","date":"27.01.2024","orderNumber":"305700845","rating":5,"comment":{"minus":"","plus":"","text":"Товар доставили в срок, все работает, сразу подключился Лада Калина 2."},"feedback":{"positive":0,"voted":false},"product":{"id":"110856155","name":"LARKO мультимарочный автосканер HH V1.5","categoryCode":"Master - Car code readers","categoryName":"Автосканеры","link":"https://kaspi.kz/shop/p/larko-mul-timarochnyi-avtoskaner-hh-v1-5-110856155/"},"merchant":{"name":"LARKO-KZ","code":"17629423"},"editable":false,"editedByCustomer":false},{"id":"8a5c04358d10220d018d37689aa047ae","author":"Михаил","date":"23.01.2024","orderNumber":"313926113","rating":1,"comment":{"minus":"","plus":"","text":"Подключился, но работает не правильно."},"feedback":{"positive":1,"voted":false},"product":{"id":"110856155","name":"LARKO мультимарочный автосканер HH V1.5","categoryCode":"Master - Car code readers","categoryName":"Автосканеры","link":"https://kaspi.kz/shop/p/larko-mul-timarochnyi-avtoskaner-hh-v1-5-110856155/"},"merchant":{"name":"LARKO-KZ","code":"17629423"},"editable":false,"editedByCustomer":false},{"id":"8a5ca8d18d2f0b5c018d309ee3aa02e0","author":"Марат","date":"23.01.2024","orderNumber":"319190481","rating":5,"comment":{"minus":"","plus":"","text":"Товар получил быстро, проверил работает, хюндай акцент подошел отлично."},"feedback":{"positive":1,"voted":false},"galleryImages":[{"id":"319190481-110856155/b47b0682-b11e-4987-a1ca-251007db1aba.jpeg","small":"https://resources.cdn-kaspi.kz/img/p/r/319190481-110856155/b47b0682-b11e-4987-a1ca-251007db1aba.jpeg?format=review_small","medium":"https://resources.cdn-kaspi.kz/img/p/r/319190481-110856155/b47b0682-b11e-4987-a1ca-251007db1aba.jpeg?format=review_medium","large":"https://resources.cdn-kaspi.kz/img/p/r/319190481-110856155/b47b0682-b11e-4987-a1ca-251007db1aba.jpeg?format=review_large"}],"product":{"id":"110856155","name":"LARKO мультимарочный автосканер HH V1.5","categoryCode":"Master - Car code readers","categoryName":"Автосканеры","link":"https://kaspi.kz/shop/p/larko-mul-timarochnyi-avtoskaner-hh-v1-5-110856155/"},"merchant":{"name":"LARKO-KZ","code":"17629423"},"editable":false,"editedByCustomer":false},{"id":"8a5c3c328d10226a018d2a0f4aa130e3","author":"Александр","date":"22.01.2024","orderNumber":"318355448","rating":5,"comment":{"minus":"","plus":"","text":"Все пришло, спасибо, нормально работает, доволен покупкой."},"feedback":{"positive":0,"voted":false},"galleryImages":[{"id":"318355448-110856155/18aa9df7-bdd3-4d6c-a16e-fe902538ac1b.jpeg","small":"https://resources.cdn-kaspi.kz/img/p/r/318355448-110856155/18aa9df7-bdd3-4d6c-a16e-fe902538ac1b.jpeg?format=review_small","medium":"https://resources.cdn-kaspi.kz/img/p/r/318355448-110856155/18aa9df7-bdd3-4d6c-a16e-fe902538ac1b.jpeg?format=review_medium","large":"https://resources.cdn-kaspi.kz/img/p/r/318355448-110856155/18aa9df7-bdd3-4d6c-a16e-fe902538ac1b.jpeg?format=review_large"},{"id":"318355448-110856155/878bf175-da50-43f0-bf65-83b11e69948c.jpeg","small":"https://resources.cdn-kaspi.kz/img/p/r/318355448-110856155/878bf175-da50-43f0-bf65-83b11e69948c.jpeg?format=review_small","medium":"https://resources.cdn-kaspi.kz/img/p/r/318355448-110856155/878bf175-da50-43f0-bf65-83b11e69948c.jpeg?format=review_medium","large":"https://resources.cdn-kaspi.kz/img/p/r/318355448-110856155/878bf175-da50-43f0-bf65-83b11e69948c.jpeg?format=review_large"}],"product":{"id":"110856155","name":"LARKO мультимарочный автосканер HH V1.5","categoryCode":"Master - Car code readers","categoryName":"Автосканеры","link":"https://kaspi.kz/shop/p/larko-mul-timarochnyi-avtoskaner-hh-v1-5-110856155/"},"merchant":{"name":"LARKO-KZ","code":"17629423"},"editable":false,"editedByCustomer":false},{"id":"8a5cf1788d24d318018d260b5d88027a","author":"Андрей","date":"22.01.2024","orderNumber":"317852495","rating":3,"comment":{"minus":"","plus":"","text":"Сканер хороший, но к моему автомобилю к сожалению не подключается! Не видит ЭБУ, печально! Дополнительно покупал кабель avg, все равно не помогло. Кто берет для старых автомобилей, имейте ввиду нужны адаптеры! Может проблемы с электрикой, но все проверил, вроде норма. Может проблема с моим авто, поэтому оценку товара не стал занижать! Продавцу и Кaspi Магазину респект!"},"feedback":{"positive":2,"voted":false},"galleryImages":[{"id":"317852495-110856155/79f89edc-5159-49e4-bd0e-475231d8c2ee.jpeg","small":"https://resources.cdn-kaspi.kz/img/p/r/317852495-110856155/79f89edc-5159-49e4-bd0e-475231d8c2ee.jpeg?format=review_small","medium":"https://resources.cdn-kaspi.kz/img/p/r/317852495-110856155/79f89edc-5159-49e4-bd0e-475231d8c2ee.jpeg?format=review_medium","large":"https://resources.cdn-kaspi.kz/img/p/r/317852495-110856155/79f89edc-5159-49e4-bd0e-475231d8c2ee.jpeg?format=review_large"},{"id":"317852495-110856155/a5cb2b45-8126-4d0a-9733-59155e687b36.jpeg","small":"https://resources.cdn-kaspi.kz/img/p/r/317852495-110856155/a5cb2b45-8126-4d0a-9733-59155e687b36.jpeg?format=review_small","medium":"https://resources.cdn-kaspi.kz/img/p/r/317852495-110856155/a5cb2b45-8126-4d0a-9733-59155e687b36.jpeg?format=review_medium","large":"https://resources.cdn-kaspi.kz/img/p/r/317852495-110856155/a5cb2b45-8126-4d0a-9733-59155e687b36.jpeg?format=review_large"}],"product":{"id":"110856155","name":"LARKO мультимарочный автосканер HH V1.5","categoryCode":"Master - Car code readers","categoryName":"Автосканеры","link":"https://kaspi.kz/shop/p/larko-mul-timarochnyi-avtoskaner-hh-v1-5-110856155/"},"merchant":{"name":"LARKO-KZ","code":"17629423"},"editable":false,"editedByCustomer":false},{"id":"8a5c96a98d102068018d1d48b9fa1f6b","author":"Марат","date":"21.01.2024","orderNumber":"312908355","rating":5,"comment":{"minus":"","plus":"","text":"Утром бац, тачка ни чих ни пых, что делать, открываю Каспи, нахожу этот сканер, покупаю, в обед он у меня, устанавливаю приложение, нахожу неисправность, устраняю и слава всевышнему, спасибо большое за оперативность. Продавцу отдельно респект и уважуха."},"feedback":{"positive":0,"voted":false},"galleryImages":[{"id":"312908355-110856155/1f678cd2-8bcb-40b0-8267-20aa8f8c94b5.jpeg","small":"https://resources.cdn-kaspi.kz/img/p/r/312908355-110856155/1f678cd2-8bcb-40b0-8267-20aa8f8c94b5.jpeg?format=review_small","medium":"https://resources.cdn-kaspi.kz/img/p/r/312908355-110856155/1f678cd2-8bcb-40b0-8267-20aa8f8c94b5.jpeg?format=review_medium","large":"https://resources.cdn-kaspi.kz/img/p/r/312908355-110856155/1f678cd2-8bcb-40b0-8267-20aa8f8c94b5.jpeg?format=review_large"},{"id":"312908355-110856155/3e21c14b-48da-430f-a177-dd59d61c1086.jpeg","small":"https://resources.cdn-kaspi.kz/img/p/r/312908355-110856155/3e21c14b-48da-430f-a177-dd59d61c1086.jpeg?format=review_small","medium":"https://resources.cdn-kaspi.kz/img/p/r/312908355-110856155/3e21c14b-48da-430f-a177-dd59d61c1086.jpeg?format=review_medium","large":"https://resources.cdn-kaspi.kz/img/p/r/312908355-110856155/3e21c14b-48da-430f-a177-dd59d61c1086.jpeg?format=review_large"},{"id":"312908355-110856155/a31742d2-dcf8-476f-b070-45b5ffcb31ed.jpeg","small":"https://resources.cdn-kaspi.kz/img/p/r/312908355-110856155/a31742d2-dcf8-476f-b070-45b5ffcb31ed.jpeg?format=review_small","medium":"https://resources.cdn-kaspi.kz/img/p/r/312908355-110856155/a31742d2-dcf8-476f-b070-45b5ffcb31ed.jpeg?format=review_medium","large":"https://resources.cdn-kaspi.kz/img/p/r/312908355-110856155/a31742d2-dcf8-476f-b070-45b5ffcb31ed.jpeg?format=review_large"},{"id":"312908355-110856155/ea167bc6-f1f7-477e-95f2-b29c7b28ba6b.jpeg","small":"https://resources.cdn-kaspi.kz/img/p/r/312908355-110856155/ea167bc6-f1f7-477e-95f2-b29c7b28ba6b.jpeg?format=review_small","medium":"https://resources.cdn-kaspi.kz/img/p/r/312908355-110856155/ea167bc6-f1f7-477e-95f2-b29c7b28ba6b.jpeg?format=review_medium","large":"https://resources.cdn-kaspi.kz/img/p/r/312908355-110856155/ea167bc6-f1f7-477e-95f2-b29c7b28ba6b.jpeg?format=review_large"},{"id":"312908355-110856155/e6459120-7122-41c8-a49b-018d541e010a.jpeg","small":"https://resources.cdn-kaspi.kz/img/p/r/312908355-110856155/e6459120-7122-41c8-a49b-018d541e010a.jpeg?format=review_small","medium":"https://resources.cdn-kaspi.kz/img/p/r/312908355-110856155/e6459120-7122-41c8-a49b-018d541e010a.jpeg?format=review_medium","large":"https://resources.cdn-kaspi.kz/img/p/r/312908355-110856155/e6459120-7122-41c8-a49b-018d541e010a.jpeg?format=review_large"}],"product":{"id":"110856155","name":"LARKO мультимарочный автосканер HH V1.5","categoryCode":"Master - Car code readers","categoryName":"Автосканеры","link":"https://kaspi.kz/shop/p/larko-mul-timarochnyi-avtoskaner-hh-v1-5-110856155/"},"merchant":{"name":"LARKO-KZ","code":"17629423"},"editable":false,"editedByCustomer":false},{"id":"8a5c078d8d1fa9e1018d2025160700a9","author":"Дмитрий","date":"19.01.2024","orderNumber":"309599039","rating":5,"comment":{"minus":"","plus":"","text":"Все просто супер работает."},"feedback":{"positive":0,"voted":false},"product":{"id":"110856155","name":"LARKO мультимарочный автосканер HH V1.5","categoryCode":"Master - Car code readers","categoryName":"Автосканеры","link":"https://kaspi.kz/shop/p/larko-mul-timarochnyi-avtoskaner-hh-v1-5-110856155/"},"merchant":{"name":"LARKO-KZ","code":"17629423"},"editable":false,"editedByCustomer":false},{"id":"8a5c0a9a8d10213b018d1f6104361f7c","author":"Канатбек","date":"19.01.2024","orderNumber":"298576268","rating":5,"comment":{"minus":"","plus":"","text":"Сапасы өте жақсы. Лексус рх 330ға бердім, барлық ошибка оқиды және өткізеді."},"feedback":{"positive":1,"voted":false},"product":{"id":"110856155","name":"LARKO мультимарочный автосканер HH V1.5","categoryCode":"Master - Car code readers","categoryName":"Автосканеры","link":"https://kaspi.kz/shop/p/larko-mul-timarochnyi-avtoskaner-hh-v1-5-110856155/"},"merchant":{"name":"LARKO-KZ","code":"17629423"},"editable":false,"editedByCustomer":false},{"id":"8a5c96a98d102068018d1d9ce35c200c","author":"Ерболат","date":"18.01.2024","orderNumber":"305348831","rating":5,"comment":{"minus":"","plus":"","text":"Отличный авто сканер, рекомендую. На Кио Рио 3 без проблема находить ошибки. Спасибо, Ларко."},"feedback":{"positive":0,"voted":false},"product":{"id":"110856155","name":"LARKO мультимарочный автосканер HH V1.5","categoryCode":"Master - Car code readers","categoryName":"Автосканеры","link":"https://kaspi.kz/shop/p/larko-mul-timarochnyi-avtoskaner-hh-v1-5-110856155/"},"merchant":{"name":"LARKO-KZ","code":"17629423"},"editable":false,"editedByCustomer":false},{"id":"8a5c62238d102134018d1cfafe381e45","author":"Мухит","date":"18.01.2024","orderNumber":"301385100","rating":5,"comment":{"minus":"","plus":"","text":"Мен де алдым, жақсы жасап тұр, рахмет  ARKO магазиніне."},"feedback":{"positive":0,"voted":false},"product":{"id":"110856155","name":"LARKO мультимарочный автосканер HH V1.5","categoryCode":"Master - Car code readers","categoryName":"Автосканеры","link":"https://kaspi.kz/shop/p/larko-mul-timarochnyi-avtoskaner-hh-v1-5-110856155/"},"merchant":{"name":"LARKO-KZ","code":"17629423"},"editable":false,"editedByCustomer":false},{"id":"8a5c079a8d1cfb1e018d1cff88fd0005","author":"Ризабек","date":"18.01.2024","orderNumber":"308272338","rating":5,"comment":{"minus":"","plus":"","text":"Купил через Каспи Car Diagnostic Scanner Думал будет сложно освоить прибор. Оказывается все могут осваивать данный прибор. Понравилось очень. Доставка удобная, быстрая. Спасибо большое за все."},"feedback":{"positive":0,"voted":false},"product":{"id":"110856155","name":"LARKO мультимарочный автосканер HH V1.5","categoryCode":"Master - Car code readers","categoryName":"Автосканеры","link":"https://kaspi.kz/shop/p/larko-mul-timarochnyi-avtoskaner-hh-v1-5-110856155/"},"merchant":{"name":"LARKO-KZ","code":"17629423"},"editable":false,"editedByCustomer":false},{"id":"8a5c11a68d1cebfd018d1cf172f60010","author":"Сергей","date":"18.01.2024","orderNumber":"302341830","rating":5,"comment":{"minus":"","plus":"","text":"Сканер подошёл к моему мл 320, все отлично работает, продавцу спасибо."},"feedback":{"positive":0,"voted":false},"product":{"id":"110856155","name":"LARKO мультимарочный автосканер HH V1.5","categoryCode":"Master - Car code readers","categoryName":"Автосканеры","link":"https://kaspi.kz/shop/p/larko-mul-timarochnyi-avtoskaner-hh-v1-5-110856155/"},"merchant":{"name":"LARKO-KZ","code":"17629423"},"editable":false,"editedByCustomer":false},{"id":"8a5c0a9a8d10213b018d1ceff4a41cf7","author":"Алимжан","date":"18.01.2024","orderNumber":"295276376","rating":5,"comment":{"minus":"","plus":"","text":"Автосканер жақсы болды, электрик керек емес чек жанса проблемасын өзім табып жүрмін осы құрылғы арқылы рахмет."},"feedback":{"positive":4,"voted":false},"product":{"id":"110856155","name":"LARKO мультимарочный автосканер HH V1.5","categoryCode":"Master - Car code readers","categoryName":"Автосканеры","link":"https://kaspi.kz/shop/p/larko-mul-timarochnyi-avtoskaner-hh-v1-5-110856155/"},"merchant":{"name":"LARKO-KZ","code":"17629423"},"editable":false,"editedByCustomer":false},{"id":"8a5ccd558d1ceb0e018d1cef3e1f000c","author":"Серикбол","date":"18.01.2024","orderNumber":"306392818","rating":5,"comment":{"minus":"","plus":"","text":"Өте тамаша, мен қанағаттандым."},"feedback":{"positive":0,"voted":false},"product":{"id":"110856155","name":"LARKO мультимарочный автосканер HH V1.5","categoryCode":"Master - Car code readers","categoryName":"Автосканеры","link":"https://kaspi.kz/shop/p/larko-mul-timarochnyi-avtoskaner-hh-v1-5-110856155/"},"merchant":{"name":"LARKO-KZ","code":"17629423"},"editable":false,"editedByCustomer":false},{"id":"8a5c3c328d10226a018d1ce7c9661d96","author":"Нұрислам","date":"18.01.2024","orderNumber":"298868908","rating":5,"comment":{"minus":"","plus":"","text":"Хороший товар за свою стоимость, легко читает форд эксплорер! Лучше еще купить платное приложение для этого сканера."},"feedback":{"positive":0,"voted":false},"product":{"id":"110856155","name":"LARKO мультимарочный автосканер HH V1.5","categoryCode":"Master - Car code readers","categoryName":"Автосканеры","link":"https://kaspi.kz/shop/p/larko-mul-timarochnyi-avtoskaner-hh-v1-5-110856155/"},"merchant":{"name":"LARKO-KZ","code":"17629423"},"editable":false,"editedByCustomer":false},{"id":"8a5c5fa58d101ff4018d1cdae2391d51","author":"Акгул","date":"18.01.2024","orderNumber":"307102094","rating":5,"comment":{"minus":"","plus":"","text":"Автосканер соответствует описанию. Советую продавца."},"feedback":{"positive":0,"voted":false},"product":{"id":"110856155","name":"LARKO мультимарочный автосканер HH V1.5","categoryCode":"Master - Car code readers","categoryName":"Автосканеры","link":"https://kaspi.kz/shop/p/larko-mul-timarochnyi-avtoskaner-hh-v1-5-110856155/"},"merchant":{"name":"LARKO-KZ","code":"17629423"},"editable":false,"editedByCustomer":false},{"id":"8a5cba7d8d0ae547018d0c4162f401e1","author":"Даниил","date":"15.01.2024","orderNumber":"316474083","rating":5,"comment":{"minus":"","plus":"","text":"Спасибо продавцу и Каспи, посылка пришла раньше времени. Товар целый, все работает."},"feedback":{"positive":0,"voted":false},"galleryImages":[{"id":"316474083-110856155/1eb7329d-e6de-49f3-aaed-87038a64321f.jpeg","small":"https://resources.cdn-kaspi.kz/img/p/r/316474083-110856155/1eb7329d-e6de-49f3-aaed-87038a64321f.jpeg?format=review_small","medium":"https://resources.cdn-kaspi.kz/img/p/r/316474083-110856155/1eb7329d-e6de-49f3-aaed-87038a64321f.jpeg?format=review_medium","large":"https://resources.cdn-kaspi.kz/img/p/r/316474083-110856155/1eb7329d-e6de-49f3-aaed-87038a64321f.jpeg?format=review_large"},{"id":"316474083-110856155/0f7a878a-91ed-410c-80c7-308b6ae6962d.jpeg","small":"https://resources.cdn-kaspi.kz/img/p/r/316474083-110856155/0f7a878a-91ed-410c-80c7-308b6ae6962d.jpeg?format=review_small","medium":"https://resources.cdn-kaspi.kz/img/p/r/316474083-110856155/0f7a878a-91ed-410c-80c7-308b6ae6962d.jpeg?format=review_medium","large":"https://resources.cdn-kaspi.kz/img/p/r/316474083-110856155/0f7a878a-91ed-410c-80c7-308b6ae6962d.jpeg?format=review_large"},{"id":"316474083-110856155/5800313c-b8ef-4c32-a7e0-203b00804cab.jpeg","small":"https://resources.cdn-kaspi.kz/img/p/r/316474083-110856155/5800313c-b8ef-4c32-a7e0-203b00804cab.jpeg?format=review_small","medium":"https://resources.cdn-kaspi.kz/img/p/r/316474083-110856155/5800313c-b8ef-4c32-a7e0-203b00804cab.jpeg?format=review_medium","large":"https://resources.cdn-kaspi.kz/img/p/r/316474083-110856155/5800313c-b8ef-4c32-a7e0-203b00804cab.jpeg?format=review_large"},{"id":"316474083-110856155/be82ae0f-b60c-405b-a855-563d0dbfe443.jpeg","small":"https://resources.cdn-kaspi.kz/img/p/r/316474083-110856155/be82ae0f-b60c-405b-a855-563d0dbfe443.jpeg?format=review_small","medium":"https://resources.cdn-kaspi.kz/img/p/r/316474083-110856155/be82ae0f-b60c-405b-a855-563d0dbfe443.jpeg?format=review_medium","large":"https://resources.cdn-kaspi.kz/img/p/r/316474083-110856155/be82ae0f-b60c-405b-a855-563d0dbfe443.jpeg?format=review_large"},{"id":"316474083-110856155/f894b682-f77e-4bea-bb1b-348a2f2d07ea.jpeg","small":"https://resources.cdn-kaspi.kz/img/p/r/316474083-110856155/f894b682-f77e-4bea-bb1b-348a2f2d07ea.jpeg?format=review_small","medium":"https://resources.cdn-kaspi.kz/img/p/r/316474083-110856155/f894b682-f77e-4bea-bb1b-348a2f2d07ea.jpeg?format=review_medium","large":"https://resources.cdn-kaspi.kz/img/p/r/316474083-110856155/f894b682-f77e-4bea-bb1b-348a2f2d07ea.jpeg?format=review_large"}],"product":{"id":"110856155","name":"LARKO мультимарочный автосканер HH V1.5","categoryCode":"Master - Car code readers","categoryName":"Автосканеры","link":"https://kaspi.kz/shop/p/larko-mul-timarochnyi-avtoskaner-hh-v1-5-110856155/"},"merchant":{"name":"LARKO-KZ","code":"17629423"},"editable":false,"editedByCustomer":false},{"id":"8a5c51fa8ca467d8018ca9eacad10e6f","author":"Батыр","date":"27.12.2023","orderNumber":"312168444","rating":3,"comment":{"minus":"","plus":"","text":"Ассалаумаға алейкум.  Адаптір келді рахмет, 2 күнге ерте келді ол үшін тағы рахмет.  Әлі пайдаланған жоқпын.  Сапасы орташа сияқты."},"feedback":{"positive":1,"voted":false},"product":{"id":"110856155","name":"LARKO мультимарочный автосканер HH V1.5","categoryCode":"Master - Car code readers","categoryName":"Автосканеры","link":"https://kaspi.kz/shop/p/larko-mul-timarochnyi-avtoskaner-hh-v1-5-110856155/"},"merchant":{"name":"LARKO-KZ","code":"17629423"},"editable":false,"editedByCustomer":false},{"id":"8a5c65ad8c2377b2018c258380400904","author":"Бақтияр","date":"04.12.2023","orderNumber":"303731130","rating":5,"comment":{"minus":"","plus":"","text":"Спасибо, получила товар."},"feedback":{"positive":0,"voted":false},"galleryImages":[{"id":"303731130-110856155/0bf6d546-8af5-4e82-9e70-edd60f6b63d9.jpeg","small":"https://resources.cdn-kaspi.kz/img/p/r/303731130-110856155/0bf6d546-8af5-4e82-9e70-edd60f6b63d9.jpeg?format=review_small","medium":"https://resources.cdn-kaspi.kz/img/p/r/303731130-110856155/0bf6d546-8af5-4e82-9e70-edd60f6b63d9.jpeg?format=review_medium","large":"https://resources.cdn-kaspi.kz/img/p/r/303731130-110856155/0bf6d546-8af5-4e82-9e70-edd60f6b63d9.jpeg?format=review_large"},{"id":"303731130-110856155/415f7fb0-2f56-48de-a117-a2fd9d57c0cc.jpeg","small":"https://resources.cdn-kaspi.kz/img/p/r/303731130-110856155/415f7fb0-2f56-48de-a117-a2fd9d57c0cc.jpeg?format=review_small","medium":"https://resources.cdn-kaspi.kz/img/p/r/303731130-110856155/415f7fb0-2f56-48de-a117-a2fd9d57c0cc.jpeg?format=review_medium","large":"https://resources.cdn-kaspi.kz/img/p/r/303731130-110856155/415f7fb0-2f56-48de-a117-a2fd9d57c0cc.jpeg?format=review_large"}],"product":{"id":"110856155","name":"LARKO мультимарочный автосканер HH V1.5","categoryCode":"Master - Car code readers","categoryName":"Автосканеры","link":"https://kaspi.kz/shop/p/larko-mul-timarochnyi-avtoskaner-hh-v1-5-110856155/"},"merchant":{"name":"LARKO-KZ","code":"17629423"},"editable":false,"editedByCustomer":false},{"id":"8a5c70e48c155848018c1632a50d0456","author":"Айдос","date":"28.11.2023","orderNumber":"301876779","rating":4,"comment":{"minus":"","plus":"","text":"Быстро доставили, соответствует своей цене."},"feedback":{"positive":0,"voted":false},"product":{"id":"110856155","name":"LARKO мультимарочный автосканер HH V1.5","categoryCode":"Master - Car code readers","categoryName":"Автосканеры","link":"https://kaspi.kz/shop/p/larko-mul-timarochnyi-avtoskaner-hh-v1-5-110856155/"},"merchant":{"name":"LARKO-KZ","code":"17629423"},"editable":false,"editedByCustomer":false},{"id":"8a5cfe288bf03c33018bf4fdd83f0c73","author":"Михаил","date":"22.11.2023","orderNumber":"300922336","rating":5,"comment":{"minus":"","plus":"","text":"Доставили быстро, товар как на фото, в использовании помог."},"feedback":{"positive":0,"voted":false},"product":{"id":"110856155","name":"LARKO мультимарочный автосканер HH V1.5","categoryCode":"Master - Car code readers","categoryName":"Автосканеры","link":"https://kaspi.kz/shop/p/larko-mul-timarochnyi-avtoskaner-hh-v1-5-110856155/"},"merchant":{"name":"LARKO-KZ","code":"17629423"},"editable":false,"editedByCustomer":false},{"id":"8a5c5ab98bebe854018bed5a50b106ef","author":"Кенжехан","date":"20.11.2023","orderNumber":"300533922","rating":5,"comment":{"minus":"","plus":"","text":"Сапасы өте керемет, шаферларға өте керек нәрсе, бағасы қол."},"feedback":{"positive":1,"voted":false},"product":{"id":"110856155","name":"LARKO мультимарочный автосканер HH V1.5","categoryCode":"Master - Car code readers","categoryName":"Автосканеры","link":"https://kaspi.kz/shop/p/larko-mul-timarochnyi-avtoskaner-hh-v1-5-110856155/"},"merchant":{"name":"LARKO-KZ","code":"17629423"},"editable":false,"editedByCustomer":false},{"id":"8a5c07828b8530e7018b8613d30703c0","author":"Юрий","date":"31.10.2023","orderNumber":"289836986","rating":5,"comment":{"minus":"","plus":"","text":"Отличный продавец! Товар соответствует полностью, покупкой доволен, Митсубиси Монтеро прочитал без проблем! Рекомендую LARKO!"},"feedback":{"positive":0,"voted":false},"product":{"id":"110856155","name":"LARKO мультимарочный автосканер HH V1.5","categoryCode":"Master - Car code readers","categoryName":"Автосканеры","link":"https://kaspi.kz/shop/p/larko-mul-timarochnyi-avtoskaner-hh-v1-5-110856155/"},"merchant":{"name":"LARKO","code":"14901053"},"editable":false,"editedByCustomer":false},{"id":"8a5c307e8b383996018b4476a70b1e78","author":"Алланур","date":"19.10.2023","orderNumber":"283478345","rating":5,"comment":{"minus":"","plus":"","text":"Отличный сканер за свои деньги, большой интерфейс, покупкой остался доволен."},"feedback":{"positive":1,"voted":false},"product":{"id":"110856155","name":"LARKO мультимарочный автосканер HH V1.5","categoryCode":"Master - Car code readers","categoryName":"Автосканеры","link":"https://kaspi.kz/shop/p/larko-mul-timarochnyi-avtoskaner-hh-v1-5-110856155/"},"merchant":{"name":"LARKO","code":"14901053"},"editable":false,"editedByCustomer":false},{"id":"8a5c5fa18b3839d5018b4256974818bc","author":"Разия","date":"18.10.2023","orderNumber":"283529910","rating":5,"comment":{"minus":"","plus":"","text":"Сканер читает ошибки, сбрасывает их Большое спасибо магазину за быструю отправку и хороший сервис."},"feedback":{"positive":0,"voted":false},"product":{"id":"110856155","name":"LARKO мультимарочный автосканер HH V1.5","categoryCode":"Master - Car code readers","categoryName":"Автосканеры","link":"https://kaspi.kz/shop/p/larko-mul-timarochnyi-avtoskaner-hh-v1-5-110856155/"},"merchant":{"name":"LARKO","code":"14901053"},"editable":false,"editedByCustomer":false},{"id":"8a5c5fa18b3839d5018b42175943177c","author":"Жамбыл","date":"18.10.2023","orderNumber":"282462591","rating":5,"comment":{"minus":"","plus":"","text":"Отличный товар за свою цену. Работает хорошо через приложения Car Scanner."},"feedback":{"positive":0,"voted":false},"product":{"id":"110856155","name":"LARKO мультимарочный автосканер HH V1.5","categoryCode":"Master - Car code readers","categoryName":"Автосканеры","link":"https://kaspi.kz/shop/p/larko-mul-timarochnyi-avtoskaner-hh-v1-5-110856155/"},"merchant":{"name":"LARKO","code":"14901053"},"editable":false,"editedByCustomer":false},{"id":"8a5c65b28afe1e24018b016cfc4b0a9f","author":"Бекбол","date":"06.10.2023","orderNumber":"286637466","rating":5,"comment":{"minus":"","plus":"","text":"Всем советую. Читает все ошибки,\n можно очистить ошибку, подключается быстро, доволен с покупкой Larko спасибо вам!"},"feedback":{"positive":0,"voted":false},"galleryImages":[{"id":"286637466-110856155/0a2d7806-c3cd-46b1-9150-186d22f4caee.jpg","small":"https://resources.cdn-kaspi.kz/img/p/r/286637466-110856155/0a2d7806-c3cd-46b1-9150-186d22f4caee.jpg?format=review_small","medium":"https://resources.cdn-kaspi.kz/img/p/r/286637466-110856155/0a2d7806-c3cd-46b1-9150-186d22f4caee.jpg?format=review_medium","large":"https://resources.cdn-kaspi.kz/img/p/r/286637466-110856155/0a2d7806-c3cd-46b1-9150-186d22f4caee.jpg?format=review_large"},{"id":"286637466-110856155/df793d92-9ac2-4ed8-9e37-dbcdf9c505a8.jpg","small":"https://resources.cdn-kaspi.kz/img/p/r/286637466-110856155/df793d92-9ac2-4ed8-9e37-dbcdf9c505a8.jpg?format=review_small","medium":"https://resources.cdn-kaspi.kz/img/p/r/286637466-110856155/df793d92-9ac2-4ed8-9e37-dbcdf9c505a8.jpg?format=review_medium","large":"https://resources.cdn-kaspi.kz/img/p/r/286637466-110856155/df793d92-9ac2-4ed8-9e37-dbcdf9c505a8.jpg?format=review_large"},{"id":"286637466-110856155/c871eed3-7394-4401-a437-92e3bb7c530e.jpg","small":"https://resources.cdn-kaspi.kz/img/p/r/286637466-110856155/c871eed3-7394-4401-a437-92e3bb7c530e.jpg?format=review_small","medium":"https://resources.cdn-kaspi.kz/img/p/r/286637466-110856155/c871eed3-7394-4401-a437-92e3bb7c530e.jpg?format=review_medium","large":"https://resources.cdn-kaspi.kz/img/p/r/286637466-110856155/c871eed3-7394-4401-a437-92e3bb7c530e.jpg?format=review_large"}],"product":{"id":"110856155","name":"LARKO мультимарочный автосканер HH V1.5","categoryCode":"Master - Car code readers","categoryName":"Автосканеры","link":"https://kaspi.kz/shop/p/larko-mul-timarochnyi-avtoskaner-hh-v1-5-110856155/"},"merchant":{"name":"LARKO","code":"14901053"},"editable":false,"editedByCustomer":false},{"id":"8a5cc38b8ad49d2f018adbe4cc160dd5","author":"Равиль","date":"03.10.2023","orderNumber":"286253845","rating":5,"comment":{"minus":"","plus":"","text":"Хорошее качество. Товар пришел размер в размер. Материал хороший, плотный. Рекомендую продавца."},"feedback":{"positive":0,"voted":false},"product":{"id":"110856155","name":"LARKO мультимарочный автосканер HH V1.5","categoryCode":"Master - Car code readers","categoryName":"Автосканеры","link":"https://kaspi.kz/shop/p/larko-mul-timarochnyi-avtoskaner-hh-v1-5-110856155/"},"merchant":{"name":"LARKO","code":"14901053"},"editable":false,"editedByCustomer":false},{"id":"8a5c78158abc4951018ac6a1438c0e0b","author":"Борис","date":"26.09.2023","orderNumber":"286068112","rating":5,"comment":{"minus":"","plus":"","text":"Спасибо, все пришло вовремя, будем пробовать."},"feedback":{"positive":0,"voted":false},"product":{"id":"110856155","name":"LARKO мультимарочный автосканер HH V1.5","categoryCode":"Master - Car code readers","categoryName":"Автосканеры","link":"https://kaspi.kz/shop/p/larko-mul-timarochnyi-avtoskaner-hh-v1-5-110856155/"},"merchant":{"name":"LARKO","code":"14901053"},"editable":false,"editedByCustomer":false},{"id":"8a5c9c6c8abc4ad7018ac76b2283104a","author":"Алексей","date":"25.09.2023","orderNumber":"285699936","rating":2,"comment":{"minus":"","plus":"","text":"Подключается по блютус. А к компу машины не хочет. Тойота Альфард 2007 рест. Бесполезная покупка."},"feedback":{"positive":1,"voted":false},"product":{"id":"110856155","name":"LARKO мультимарочный автосканер HH V1.5","categoryCode":"Master - Car code readers","categoryName":"Автосканеры","link":"https://kaspi.kz/shop/p/larko-mul-timarochnyi-avtoskaner-hh-v1-5-110856155/"},"merchant":{"name":"LARKO","code":"14901053"},"editable":false,"editedByCustomer":false},{"id":"8a5ce3de8a9c6aa6018aa2452d43085e","author":"Самат","date":"18.09.2023","orderNumber":"283774553","rating":5,"comment":{"minus":"","plus":"","text":"Супер слов нет, Каспи рахмет."},"feedback":{"positive":0,"voted":false},"product":{"id":"110856155","name":"LARKO мультимарочный автосканер HH V1.5","categoryCode":"Master - Car code readers","categoryName":"Автосканеры","link":"https://kaspi.kz/shop/p/larko-mul-timarochnyi-avtoskaner-hh-v1-5-110856155/"},"merchant":{"name":"LARKO","code":"14901053"},"editable":false,"editedByCustomer":false},{"id":"8a5c0ce68a72ffb3018a843c9f801966","author":"Алексей","date":"15.09.2023","orderNumber":"280147388","rating":1,"comment":{"minus":"","plus":"","text":"Ваз 2003 г. Не видит."},"feedback":{"positive":2,"voted":false},"product":{"id":"110856155","name":"LARKO мультимарочный автосканер HH V1.5","categoryCode":"Master - Car code readers","categoryName":"Автосканеры","link":"https://kaspi.kz/shop/p/larko-mul-timarochnyi-avtoskaner-hh-v1-5-110856155/"},"merchant":{"name":"LARKO","code":"14901053"},"editable":false,"editedByCustomer":false},{"id":"8a5c0ce68a72ffb3018a7e3dfe430f88","author":"Андрей","date":"14.09.2023","orderNumber":"274624180","rating":5,"comment":{"minus":"","plus":"","text":"Сопрягается с телефоном но нет соединения с ЭБУ. Ауди 80 б3 91г."},"feedback":{"positive":1,"voted":false},"product":{"id":"110856155","name":"LARKO мультимарочный автосканер HH V1.5","categoryCode":"Master - Car code readers","categoryName":"Автосканеры","link":"https://kaspi.kz/shop/p/larko-mul-timarochnyi-avtoskaner-hh-v1-5-110856155/"},"merchant":{"name":"LARKO","code":"14901053"},"editable":false,"editedByCustomer":false},{"id":"8a5c30b58a72fe27018a75da4a5d0657","author":"Эмил","date":"14.09.2023","orderNumber":"282607063","rating":5,"comment":{"minus":"","plus":"","text":"Скан. Доставили быстро Приложение по qr коду не понятное, \"Car Scanner\" вроде работает Проверил на Ваз 14, Лексус 330.  Всё показывает, ошибки выдает, чек Удаляется!! 173 км проехали, расход топливо итд показывает, журнал есть. Дальше посмотрим. Мини Сканер пока делает свое дело!!!"},"feedback":{"positive":1,"voted":false},"galleryImages":[{"id":"282607063-110856155/4bb873c6-1114-4a11-be9f-6b67e8bed624.jpg","small":"https://resources.cdn-kaspi.kz/img/p/r/282607063-110856155/4bb873c6-1114-4a11-be9f-6b67e8bed624.jpg?format=review_small","medium":"https://resources.cdn-kaspi.kz/img/p/r/282607063-110856155/4bb873c6-1114-4a11-be9f-6b67e8bed624.jpg?format=review_medium","large":"https://resources.cdn-kaspi.kz/img/p/r/282607063-110856155/4bb873c6-1114-4a11-be9f-6b67e8bed624.jpg?format=review_large"},{"id":"282607063-110856155/ab03578d-2120-4b16-8035-d5387385022a.jpg","small":"https://resources.cdn-kaspi.kz/img/p/r/282607063-110856155/ab03578d-2120-4b16-8035-d5387385022a.jpg?format=review_small","medium":"https://resources.cdn-kaspi.kz/img/p/r/282607063-110856155/ab03578d-2120-4b16-8035-d5387385022a.jpg?format=review_medium","large":"https://resources.cdn-kaspi.kz/img/p/r/282607063-110856155/ab03578d-2120-4b16-8035-d5387385022a.jpg?format=review_large"},{"id":"282607063-110856155/38cb394d-015a-4a1f-bc92-de58504d04d8.jpg","small":"https://resources.cdn-kaspi.kz/img/p/r/282607063-110856155/38cb394d-015a-4a1f-bc92-de58504d04d8.jpg?format=review_small","medium":"https://resources.cdn-kaspi.kz/img/p/r/282607063-110856155/38cb394d-015a-4a1f-bc92-de58504d04d8.jpg?format=review_medium","large":"https://resources.cdn-kaspi.kz/img/p/r/282607063-110856155/38cb394d-015a-4a1f-bc92-de58504d04d8.jpg?format=review_large"},{"id":"282607063-110856155/2cc93ff0-8e22-4df9-8b14-a23abba69f6b.jpg","small":"https://resources.cdn-kaspi.kz/img/p/r/282607063-110856155/2cc93ff0-8e22-4df9-8b14-a23abba69f6b.jpg?format=review_small","medium":"https://resources.cdn-kaspi.kz/img/p/r/282607063-110856155/2cc93ff0-8e22-4df9-8b14-a23abba69f6b.jpg?format=review_medium","large":"https://resources.cdn-kaspi.kz/img/p/r/282607063-110856155/2cc93ff0-8e22-4df9-8b14-a23abba69f6b.jpg?format=review_large"},{"id":"282607063-110856155/67356462-8d86-40d6-9bf4-3d3ebc956996.jpg","small":"https://resources.cdn-kaspi.kz/img/p/r/282607063-110856155/67356462-8d86-40d6-9bf4-3d3ebc956996.jpg?format=review_small","medium":"https://resources.cdn-kaspi.kz/img/p/r/282607063-110856155/67356462-8d86-40d6-9bf4-3d3ebc956996.jpg?format=review_medium","large":"https://resources.cdn-kaspi.kz/img/p/r/282607063-110856155/67356462-8d86-40d6-9bf4-3d3ebc956996.jpg?format=review_large"}],"product":{"id":"110856155","name":"LARKO мультимарочный автосканер HH V1.5","categoryCode":"Master - Car code readers","categoryName":"Автосканеры","link":"https://kaspi.kz/shop/p/larko-mul-timarochnyi-avtoskaner-hh-v1-5-110856155/"},"merchant":{"name":"LARKO","code":"14901053"},"editable":false,"editedByCustomer":false},{"id":"8a5c28fc8a4ec02a018a50e95fdb0430","author":"Руслан","date":"11.09.2023","orderNumber":"280094543","rating":4,"comment":{"minus":"","plus":"","text":"Автосканер хорошо работает, если скачать приложение car scanner можно удалить ошибки. Очень хорошая вещь и цена доступная."},"feedback":{"positive":0,"voted":false},"product":{"id":"110856155","name":"LARKO мультимарочный автосканер HH V1.5","categoryCode":"Master - Car code readers","categoryName":"Автосканеры","link":"https://kaspi.kz/shop/p/larko-mul-timarochnyi-avtoskaner-hh-v1-5-110856155/"},"merchant":{"name":"LARKO","code":"14901053"},"editable":false,"editedByCustomer":false},{"id":"8a5c57bf8a68b0ec018a6a92ef1204b7","author":"Нурбол","date":"11.09.2023","orderNumber":"270113990","rating":5,"comment":{"minus":"","plus":"","text":"Күшті жұмыс жасайды шоферларға керек нәрсе екен. Сапасы керемет."},"feedback":{"positive":1,"voted":false},"product":{"id":"110856155","name":"LARKO мультимарочный автосканер HH V1.5","categoryCode":"Master - Car code readers","categoryName":"Автосканеры","link":"https://kaspi.kz/shop/p/larko-mul-timarochnyi-avtoskaner-hh-v1-5-110856155/"},"merchant":{"name":"LARKO","code":"14901053"},"editable":false,"editedByCustomer":false},{"id":"8a5c07b18a4ec03b018a684dabd92468","author":"Любовь","date":"06.09.2023","orderNumber":"273709767","rating":5,"comment":{"minus":"","plus":"","text":"Очень хорошая штука, парень оценил."},"feedback":{"positive":0,"voted":false},"product":{"id":"110856155","name":"LARKO мультимарочный автосканер HH V1.5","categoryCode":"Master - Car code readers","categoryName":"Автосканеры","link":"https://kaspi.kz/shop/p/larko-mul-timarochnyi-avtoskaner-hh-v1-5-110856155/"},"merchant":{"name":"LARKO","code":"14901053"},"editable":false,"editedByCustomer":false},{"id":"8a5c51e78a017b24018a1773eff62a8f","author":"Валерий","date":"05.09.2023","orderNumber":"272741381","rating":4,"comment":{"minus":"","plus":"","text":"Мерс взял, Инфинити нет!"},"feedback":{"positive":0,"voted":false},"product":{"id":"110856155","name":"LARKO мультимарочный автосканер HH V1.5","categoryCode":"Master - Car code readers","categoryName":"Автосканеры","link":"https://kaspi.kz/shop/p/larko-mul-timarochnyi-avtoskaner-hh-v1-5-110856155/"},"merchant":{"name":"LARKO","code":"14901053"},"editable":false,"editedByCustomer":false},{"id":"8a5c2cfd8a26d220018a2d5d25790f76","author":"Ерсайын","date":"31.08.2023","orderNumber":"279458352","rating":5,"comment":{"minus":"","plus":"","text":"Өте ынғайлы, әрі сапалы тауар екен."},"feedback":{"positive":1,"voted":false},"product":{"id":"110856155","name":"LARKO мультимарочный автосканер HH V1.5","categoryCode":"Master - Car code readers","categoryName":"Автосканеры","link":"https://kaspi.kz/shop/p/larko-mul-timarochnyi-avtoskaner-hh-v1-5-110856155/"},"merchant":{"name":"LARKO","code":"14901053"},"editable":false,"editedByCustomer":false},{"id":"8a5c306189a9e8310189e8ce60717117","author":"Игорь","date":"25.08.2023","orderNumber":"274387205","rating":4,"comment":{"minus":"","plus":"","text":"Хороший сканер, скачал программу ошибки сбрасывает."},"feedback":{"positive":1,"voted":false},"product":{"id":"110856155","name":"LARKO мультимарочный автосканер HH V1.5","categoryCode":"Master - Car code readers","categoryName":"Автосканеры","link":"https://kaspi.kz/shop/p/larko-mul-timarochnyi-avtoskaner-hh-v1-5-110856155/"},"merchant":null,"editable":false,"editedByCustomer":false},{"id":"8a5c67ca89a9e8fc0189b46c4bdc13bf","author":"Аслан","date":"15.08.2023","orderNumber":"272937742","rating":5,"comment":{"minus":"","plus":"Удобно.","text":"Приобретал для автомобиля Chevrolet nexia (ravon). Работает отлично. В принципе - это универсальный сканер подходит практически для всех авто. Только приложения на телефоне надо бедберать для своего авто. Покупал в магазине LARKO. тут меня проконсультировали. На ватсап скинули видео инструкцию. Для более точной работы сканера советую приобрести платную pro версию приложения car scanner."},"feedback":{"positive":3,"voted":false},"galleryImages":[{"id":"272937742-110856155/dc1ab37b-9488-49ab-a893-8f5b19b900b1.jpg","small":"https://resources.cdn-kaspi.kz/img/p/r/272937742-110856155/dc1ab37b-9488-49ab-a893-8f5b19b900b1.jpg?format=review_small","medium":"https://resources.cdn-kaspi.kz/img/p/r/272937742-110856155/dc1ab37b-9488-49ab-a893-8f5b19b900b1.jpg?format=review_medium","large":"https://resources.cdn-kaspi.kz/img/p/r/272937742-110856155/dc1ab37b-9488-49ab-a893-8f5b19b900b1.jpg?format=review_large"},{"id":"272937742-110856155/7a325b95-21ac-405d-b037-069754112ea9.jpg","small":"https://resources.cdn-kaspi.kz/img/p/r/272937742-110856155/7a325b95-21ac-405d-b037-069754112ea9.jpg?format=review_small","medium":"https://resources.cdn-kaspi.kz/img/p/r/272937742-110856155/7a325b95-21ac-405d-b037-069754112ea9.jpg?format=review_medium","large":"https://resources.cdn-kaspi.kz/img/p/r/272937742-110856155/7a325b95-21ac-405d-b037-069754112ea9.jpg?format=review_large"}],"product":{"id":"110856155","name":"LARKO мультимарочный автосканер HH V1.5","categoryCode":"Master - Car code readers","categoryName":"Автосканеры","link":"https://kaspi.kz/shop/p/larko-mul-timarochnyi-avtoskaner-hh-v1-5-110856155/"},"merchant":null,"editable":false,"editedByCustomer":false},{"id":"8a5c0cde8985bc9c0189a214616c41bc","author":"Жанат","date":"09.08.2023","orderNumber":"272853327","rating":5,"comment":{"minus":"","plus":"Универсальный.","text":"Без проблем установил связь телефона и автомобиля. Дальнейшем буду тестировать при езде."},"feedback":{"positive":6,"voted":false},"product":{"id":"110856155","name":"LARKO мультимарочный автосканер HH V1.5","categoryCode":"Master - Car code readers","categoryName":"Автосканеры","link":"https://kaspi.kz/shop/p/larko-mul-timarochnyi-avtoskaner-hh-v1-5-110856155/"},"merchant":null,"editable":false,"editedByCustomer":false},{"id":"8a5c371a894f40820189543d5dd90390","author":"Андрей","date":"16.07.2023","orderNumber":"268773731","rating":5,"comment":{"minus":"","plus":"","text":"Рекомендую к данному мультисканер приобрести сразу PRO версию  Car Scaner. Всё удобно и понятно. Простому пользователю становится сразу ясно что мультисканер работает исправно. Упакован как надо. Все работает отлично, доставили раньше заявленного срока."},"feedback":{"positive":32,"voted":false},"product":{"id":"110856155","name":"LARKO мультимарочный автосканер HH V1.5","categoryCode":"Master - Car code readers","categoryName":"Автосканеры","link":"https://kaspi.kz/shop/p/larko-mul-timarochnyi-avtoskaner-hh-v1-5-110856155/"},"merchant":null,"editable":false,"editedByCustomer":false},{"id":"8a5ceb54891e85360189351a414a346a","author":"Жомарт","date":"11.07.2023","orderNumber":"268601422","rating":5,"comment":{"minus":"","plus":"","text":"Купил через Каспи Car Diagnostic Scanner. Учитывая свой возраст, думал будет сложно освоить прибор. Оказалось поначалу, что и пенсионеры-медики могут осваивать данный прибор. Понравилось очень. Доставка удобная, быстрая. Спасибо большое за все. "},"feedback":{"positive":1,"voted":false},"galleryImages":[{"id":"268601422-110856155/46b21533-cf27-4424-b8d9-b1eb62dd0f59.jpg","small":"https://resources.cdn-kaspi.kz/img/p/r/268601422-110856155/46b21533-cf27-4424-b8d9-b1eb62dd0f59.jpg?format=review_small","medium":"https://resources.cdn-kaspi.kz/img/p/r/268601422-110856155/46b21533-cf27-4424-b8d9-b1eb62dd0f59.jpg?format=review_medium","large":"https://resources.cdn-kaspi.kz/img/p/r/268601422-110856155/46b21533-cf27-4424-b8d9-b1eb62dd0f59.jpg?format=review_large"}],"product":{"id":"110856155","name":"LARKO мультимарочный автосканер HH V1.5","categoryCode":"Master - Car code readers","categoryName":"Автосканеры","link":"https://kaspi.kz/shop/p/larko-mul-timarochnyi-avtoskaner-hh-v1-5-110856155/"},"merchant":null,"editable":false,"editedByCustomer":false}]}