{"data":[{"id":"8a5cadc29618f2fa01965d56fa612aff","author":"Нурлан","date":"22.04.2025","orderNumber":"536345185","rating":5,"comment":{"minus":"","plus":"","text":"Качественный, очень удобный."},"feedback":{"positive":0,"voted":false},"product":{"id":"112474538","name":"LARKO бандаж Шанца универсальный","categoryCode":"Master - The cervical region","categoryName":"Шейный отдел","link":"https://kaspi.kz/shop/p/larko-bandazh-shantsa-universal-nyi-112474538/"},"merchant":{"name":"LARKO-KZ","code":"17629423"},"editable":false,"editedByCustomer":false},{"id":"8a5c5fbf9618f30801964ec09b7676b9","author":"Сабина","date":"19.04.2025","orderNumber":"533670216","rating":5,"comment":{"minus":"","plus":"","text":"Очень классный и полезный бандаж!"},"feedback":{"positive":0,"voted":false},"product":{"id":"112474538","name":"LARKO бандаж Шанца универсальный","categoryCode":"Master - The cervical region","categoryName":"Шейный отдел","link":"https://kaspi.kz/shop/p/larko-bandazh-shantsa-universal-nyi-112474538/"},"merchant":{"name":"LARKO-KZ","code":"17629423"},"editable":false,"editedByCustomer":false},{"id":"8a5cadc29618f2fa0196399aaaea1dd7","author":"Людмила","date":"15.04.2025","orderNumber":"533203758","rating":5,"comment":{"minus":"","plus":"","text":"Воротник универсальный идеально подошел для подростка 14 лет. Спасибо огромное Каспи и продавцу. Успехов и процветания."},"feedback":{"positive":0,"voted":false},"galleryImages":[{"id":"533203758-112474538/72dfe3a3-3adb-450d-a886-8c753fca2836.jpeg","small":"https://resources.cdn-kaspi.kz/img/p/r/533203758-112474538/72dfe3a3-3adb-450d-a886-8c753fca2836.jpeg?format=review_small","medium":"https://resources.cdn-kaspi.kz/img/p/r/533203758-112474538/72dfe3a3-3adb-450d-a886-8c753fca2836.jpeg?format=review_medium","large":"https://resources.cdn-kaspi.kz/img/p/r/533203758-112474538/72dfe3a3-3adb-450d-a886-8c753fca2836.jpeg?format=review_large"}],"product":{"id":"112474538","name":"LARKO бандаж Шанца универсальный","categoryCode":"Master - The cervical region","categoryName":"Шейный отдел","link":"https://kaspi.kz/shop/p/larko-bandazh-shantsa-universal-nyi-112474538/"},"merchant":{"name":"LARKO-KZ","code":"17629423"},"editable":false,"editedByCustomer":false},{"id":"8a5c02349618f32b01963922d0c0190b","author":"Александр","date":"15.04.2025","orderNumber":"531883378","rating":5,"comment":{"minus":"","plus":"","text":"Товар пришёл раньше срока. Спасибо продавцу. Цвет горчичный, не маркий - это +. Размер М отлично подходит для взрослого человека. Есть выемка для подбородка."},"feedback":{"positive":0,"voted":false},"galleryImages":[{"id":"531883378-112474538/7d6d2b1f-1ebf-4bd0-9a68-fb369d5e658b.jpeg","small":"https://resources.cdn-kaspi.kz/img/p/r/531883378-112474538/7d6d2b1f-1ebf-4bd0-9a68-fb369d5e658b.jpeg?format=review_small","medium":"https://resources.cdn-kaspi.kz/img/p/r/531883378-112474538/7d6d2b1f-1ebf-4bd0-9a68-fb369d5e658b.jpeg?format=review_medium","large":"https://resources.cdn-kaspi.kz/img/p/r/531883378-112474538/7d6d2b1f-1ebf-4bd0-9a68-fb369d5e658b.jpeg?format=review_large"},{"id":"531883378-112474538/3e3ebc37-4ee8-460f-9070-670b641e2dc8.jpeg","small":"https://resources.cdn-kaspi.kz/img/p/r/531883378-112474538/3e3ebc37-4ee8-460f-9070-670b641e2dc8.jpeg?format=review_small","medium":"https://resources.cdn-kaspi.kz/img/p/r/531883378-112474538/3e3ebc37-4ee8-460f-9070-670b641e2dc8.jpeg?format=review_medium","large":"https://resources.cdn-kaspi.kz/img/p/r/531883378-112474538/3e3ebc37-4ee8-460f-9070-670b641e2dc8.jpeg?format=review_large"}],"product":{"id":"112474538","name":"LARKO бандаж Шанца универсальный","categoryCode":"Master - The cervical region","categoryName":"Шейный отдел","link":"https://kaspi.kz/shop/p/larko-bandazh-shantsa-universal-nyi-112474538/"},"merchant":{"name":"LARKO-KZ","code":"17629423"},"editable":false,"editedByCustomer":false},{"id":"8a5c986996377e7801963857330a02c4","author":"Майра","date":"15.04.2025","orderNumber":"531911314","rating":5,"comment":{"minus":"","plus":"","text":"Спасибо, очень удобный, самое то на что рассчитывали."},"feedback":{"positive":0,"voted":false},"product":{"id":"112474538","name":"LARKO бандаж Шанца универсальный","categoryCode":"Master - The cervical region","categoryName":"Шейный отдел","link":"https://kaspi.kz/shop/p/larko-bandazh-shantsa-universal-nyi-112474538/"},"merchant":{"name":"LARKO-KZ","code":"17629423"},"editable":false,"editedByCustomer":false},{"id":"8a5c02349618f32b019637cef967114d","author":"Дархан","date":"15.04.2025","orderNumber":"529333426","rating":5,"comment":{"minus":"","plus":"","text":"Бандаж для шеи получил в Каспи Постомате, упакован аккуратно, без повреждений, сам бандаж выглядит супер, сразу видно что сделано на заводе, качественный, нигде ничто не торчит, в меру мягкий, размер м мне подошёл идеально, так как вешу 80кг, рост 182см, ворот ношу 41, свою работу выполняет, носил вначале 10 минут, боли в шее уменьшились, у мно. Большое спасибо продавцу Ларко, что продаёте качественный товар."},"feedback":{"positive":0,"voted":false},"product":{"id":"112474538","name":"LARKO бандаж Шанца универсальный","categoryCode":"Master - The cervical region","categoryName":"Шейный отдел","link":"https://kaspi.kz/shop/p/larko-bandazh-shantsa-universal-nyi-112474538/"},"merchant":{"name":"LARKO-KZ","code":"17629423"},"editable":false,"editedByCustomer":false},{"id":"8a5ce3db95acfd640195af493d1420c1","author":"Maksim","date":"19.03.2025","orderNumber":"518036448","rating":5,"comment":{"minus":"","plus":"","text":"Отличный бандаж, помогает разгрузить мышцы шеи, сильно не давит."},"feedback":{"positive":0,"voted":false},"product":{"id":"112474538","name":"LARKO бандаж Шанца универсальный","categoryCode":"Master - The cervical region","categoryName":"Шейный отдел","link":"https://kaspi.kz/shop/p/larko-bandazh-shantsa-universal-nyi-112474538/"},"merchant":{"name":"LARKO-KZ","code":"17629423"},"editable":false,"editedByCustomer":false},{"id":"8a5c0cf29588cda9019590a783ea3b6c","author":"Любовь","date":"13.03.2025","orderNumber":"514134364","rating":5,"comment":{"minus":"","plus":"","text":"Спасибо за доставку. Бандаж подошёл. Продавец LarkoKZ."},"feedback":{"positive":0,"voted":false},"product":{"id":"112474538","name":"LARKO бандаж Шанца универсальный","categoryCode":"Master - The cervical region","categoryName":"Шейный отдел","link":"https://kaspi.kz/shop/p/larko-bandazh-shantsa-universal-nyi-112474538/"},"merchant":{"name":"LARKO-KZ","code":"17629423"},"editable":false,"editedByCustomer":false},{"id":"8a5c0c33956c828d019570afa3681200","author":"Юлдуз","date":"07.03.2025","orderNumber":"508644612","rating":5,"comment":{"minus":"","plus":"","text":"Отличный шейный бондаж, одела сразу как получила, удобно носить, спасибо Каспи!"},"feedback":{"positive":0,"voted":false},"product":{"id":"112474538","name":"LARKO бандаж Шанца универсальный","categoryCode":"Master - The cervical region","categoryName":"Шейный отдел","link":"https://kaspi.kz/shop/p/larko-bandazh-shantsa-universal-nyi-112474538/"},"merchant":{"name":"LARKO-KZ","code":"17629423"},"editable":false,"editedByCustomer":false},{"id":"8a5c19519536765d01954c93f9447b98","author":"Серик","date":"28.02.2025","orderNumber":"503888074","rating":5,"comment":{"minus":"","plus":"","text":"Товар соответствует описанию, буду использовать. В категории цена и качество не нашел равных."},"feedback":{"positive":0,"voted":false},"product":{"id":"112474538","name":"LARKO бандаж Шанца универсальный","categoryCode":"Master - The cervical region","categoryName":"Шейный отдел","link":"https://kaspi.kz/shop/p/larko-bandazh-shantsa-universal-nyi-112474538/"},"merchant":{"name":"LARKO-KZ","code":"17629423"},"editable":false,"editedByCustomer":false},{"id":"8a5cd49d953675e30195464260c45a3d","author":"Елена","date":"27.02.2025","orderNumber":"503232381","rating":5,"comment":{"minus":"","plus":"","text":"Бандаж очень удобный, качественный. На ощупь приятный, дискомфорт не причиняет. Покупкой довольна. Доставка очень быстрая!"},"feedback":{"positive":0,"voted":false},"product":{"id":"112474538","name":"LARKO бандаж Шанца универсальный","categoryCode":"Master - The cervical region","categoryName":"Шейный отдел","link":"https://kaspi.kz/shop/p/larko-bandazh-shantsa-universal-nyi-112474538/"},"merchant":{"name":"LARKO-KZ","code":"17629423"},"editable":false,"editedByCustomer":false},{"id":"8a5c30ac95451adc019545f6393c01bf","author":"Евгения","date":"27.02.2025","orderNumber":"505202058","rating":5,"comment":{"minus":"","plus":"","text":"Получила товар раньше времени, спасибо магазину Larko, примерила всё по размеру, буду пробовать в деле!"},"feedback":{"positive":0,"voted":false},"product":{"id":"112474538","name":"LARKO бандаж Шанца универсальный","categoryCode":"Master - The cervical region","categoryName":"Шейный отдел","link":"https://kaspi.kz/shop/p/larko-bandazh-shantsa-universal-nyi-112474538/"},"merchant":{"name":"LARKO-KZ","code":"17629423"},"editable":false,"editedByCustomer":false},{"id":"8a5c0421953b173301953bb7e21c01e8","author":"Айсулу","date":"25.02.2025","orderNumber":"504325393","rating":5,"comment":{"minus":"","plus":"","text":"Спасибо большое. Привезли то, что заказывала. Качество хорошее, по размеру подошел."},"feedback":{"positive":0,"voted":false},"galleryImages":[{"id":"504325393-112474538/23f4f8f7-bfa9-472e-9de4-8b74ff109e19.jpeg","small":"https://resources.cdn-kaspi.kz/img/p/r/504325393-112474538/23f4f8f7-bfa9-472e-9de4-8b74ff109e19.jpeg?format=review_small","medium":"https://resources.cdn-kaspi.kz/img/p/r/504325393-112474538/23f4f8f7-bfa9-472e-9de4-8b74ff109e19.jpeg?format=review_medium","large":"https://resources.cdn-kaspi.kz/img/p/r/504325393-112474538/23f4f8f7-bfa9-472e-9de4-8b74ff109e19.jpeg?format=review_large"},{"id":"504325393-112474538/648788a5-4426-4bee-aa3b-2f45d7e959c1.jpeg","small":"https://resources.cdn-kaspi.kz/img/p/r/504325393-112474538/648788a5-4426-4bee-aa3b-2f45d7e959c1.jpeg?format=review_small","medium":"https://resources.cdn-kaspi.kz/img/p/r/504325393-112474538/648788a5-4426-4bee-aa3b-2f45d7e959c1.jpeg?format=review_medium","large":"https://resources.cdn-kaspi.kz/img/p/r/504325393-112474538/648788a5-4426-4bee-aa3b-2f45d7e959c1.jpeg?format=review_large"}],"product":{"id":"112474538","name":"LARKO бандаж Шанца универсальный","categoryCode":"Master - The cervical region","categoryName":"Шейный отдел","link":"https://kaspi.kz/shop/p/larko-bandazh-shantsa-universal-nyi-112474538/"},"merchant":{"name":"LARKO-KZ","code":"17629423"},"editable":false,"editedByCustomer":false},{"id":"8a5c306495129a0801952cafb1b51851","author":"Кундыз","date":"22.02.2025","orderNumber":"502251311","rating":5,"comment":{"minus":"","plus":"","text":"Мягкая приятная ткань, мне нравится. При шейном сколиозе помогает правильно фиксировать шейный отдел позвоночника."},"feedback":{"positive":0,"voted":false},"product":{"id":"112474538","name":"LARKO бандаж Шанца универсальный","categoryCode":"Master - The cervical region","categoryName":"Шейный отдел","link":"https://kaspi.kz/shop/p/larko-bandazh-shantsa-universal-nyi-112474538/"},"merchant":{"name":"LARKO-KZ","code":"17629423"},"editable":false,"editedByCustomer":false},{"id":"8a5c1ddc94deacfe01950e596ec179e6","author":"Елена","date":"16.02.2025","orderNumber":"495090092","rating":5,"comment":{"minus":"","plus":"","text":"Ношу первый раз."},"feedback":{"positive":0,"voted":false},"galleryImages":[{"id":"495090092-112474538/52d800a2-3bcb-4d9b-9bda-dff61bb596a4.jpeg","small":"https://resources.cdn-kaspi.kz/img/p/r/495090092-112474538/52d800a2-3bcb-4d9b-9bda-dff61bb596a4.jpeg?format=review_small","medium":"https://resources.cdn-kaspi.kz/img/p/r/495090092-112474538/52d800a2-3bcb-4d9b-9bda-dff61bb596a4.jpeg?format=review_medium","large":"https://resources.cdn-kaspi.kz/img/p/r/495090092-112474538/52d800a2-3bcb-4d9b-9bda-dff61bb596a4.jpeg?format=review_large"},{"id":"495090092-112474538/d5387246-675a-4c36-960d-4e396bd20e00.jpeg","small":"https://resources.cdn-kaspi.kz/img/p/r/495090092-112474538/d5387246-675a-4c36-960d-4e396bd20e00.jpeg?format=review_small","medium":"https://resources.cdn-kaspi.kz/img/p/r/495090092-112474538/d5387246-675a-4c36-960d-4e396bd20e00.jpeg?format=review_medium","large":"https://resources.cdn-kaspi.kz/img/p/r/495090092-112474538/d5387246-675a-4c36-960d-4e396bd20e00.jpeg?format=review_large"},{"id":"495090092-112474538/7628f71d-6f7a-4ee5-b9d2-443703820471.jpeg","small":"https://resources.cdn-kaspi.kz/img/p/r/495090092-112474538/7628f71d-6f7a-4ee5-b9d2-443703820471.jpeg?format=review_small","medium":"https://resources.cdn-kaspi.kz/img/p/r/495090092-112474538/7628f71d-6f7a-4ee5-b9d2-443703820471.jpeg?format=review_medium","large":"https://resources.cdn-kaspi.kz/img/p/r/495090092-112474538/7628f71d-6f7a-4ee5-b9d2-443703820471.jpeg?format=review_large"}],"product":{"id":"112474538","name":"LARKO бандаж Шанца универсальный","categoryCode":"Master - The cervical region","categoryName":"Шейный отдел","link":"https://kaspi.kz/shop/p/larko-bandazh-shantsa-universal-nyi-112474538/"},"merchant":{"name":"LARKO-KZ","code":"17629423"},"editable":false,"editedByCustomer":false},{"id":"8a5c737a94d9bc8c0194db36f6fa0353","author":"Назгуль","date":"06.02.2025","orderNumber":"490150032","rating":5,"comment":{"minus":"","plus":"","text":"Быстро доставили. Отличный воротник удобный, практичный, я очень довольна."},"feedback":{"positive":0,"voted":false},"product":{"id":"112474538","name":"LARKO бандаж Шанца универсальный","categoryCode":"Master - The cervical region","categoryName":"Шейный отдел","link":"https://kaspi.kz/shop/p/larko-bandazh-shantsa-universal-nyi-112474538/"},"merchant":{"name":"LARKO-KZ","code":"17629423"},"editable":false,"editedByCustomer":false},{"id":"8a5c809694ab5d0d0194b73d3426161e","author":"Галина","date":"30.01.2025","orderNumber":"486058704","rating":5,"comment":{"minus":"","plus":"","text":"Отличный воротник Шанца, очень удобный, приятный телу. У меня шейный остеохондроз, сильно разболелось в области седьмого шейного позвонка, боль отдавала в руку. После четырех дней ношения (кроме ночей), боли практически прошли. Первое облегчение пришло, буквально, через несколько часов. Спасибо магазину LARKO и Kaspi."},"feedback":{"positive":0,"voted":false},"product":{"id":"112474538","name":"LARKO бандаж Шанца универсальный","categoryCode":"Master - The cervical region","categoryName":"Шейный отдел","link":"https://kaspi.kz/shop/p/larko-bandazh-shantsa-universal-nyi-112474538/"},"merchant":{"name":"LARKO-KZ","code":"17629423"},"editable":false,"editedByCustomer":false},{"id":"8a5c406f946875fe0194a250b63e51b3","author":"Тамара","date":"26.01.2025","orderNumber":"485593668","rating":5,"comment":{"minus":"","plus":"","text":"Получили, доставка вовремя, спасибо, бандаж подошёл, эффект ещё не знаю, спасибо."},"feedback":{"positive":0,"voted":false},"product":{"id":"112474538","name":"LARKO бандаж Шанца универсальный","categoryCode":"Master - The cervical region","categoryName":"Шейный отдел","link":"https://kaspi.kz/shop/p/larko-bandazh-shantsa-universal-nyi-112474538/"},"merchant":{"name":"LARKO-KZ","code":"17629423"},"editable":false,"editedByCustomer":false},{"id":"8a5cc39994967b540194975fa54e00d0","author":"Акмарал","date":"24.01.2025","orderNumber":"484177995","rating":5,"comment":{"minus":"","plus":"","text":"Товар отличного качества, шею очень хорошо расслабляет. Регулируется, если вы невысокого роста, берите размер М."},"feedback":{"positive":0,"voted":false},"galleryImages":[{"id":"484177995-112474538/b5ef0b7f-0d06-4fb1-8590-52b07d4751e6.jpeg","small":"https://resources.cdn-kaspi.kz/img/p/r/484177995-112474538/b5ef0b7f-0d06-4fb1-8590-52b07d4751e6.jpeg?format=review_small","medium":"https://resources.cdn-kaspi.kz/img/p/r/484177995-112474538/b5ef0b7f-0d06-4fb1-8590-52b07d4751e6.jpeg?format=review_medium","large":"https://resources.cdn-kaspi.kz/img/p/r/484177995-112474538/b5ef0b7f-0d06-4fb1-8590-52b07d4751e6.jpeg?format=review_large"}],"product":{"id":"112474538","name":"LARKO бандаж Шанца универсальный","categoryCode":"Master - The cervical region","categoryName":"Шейный отдел","link":"https://kaspi.kz/shop/p/larko-bandazh-shantsa-universal-nyi-112474538/"},"merchant":{"name":"LARKO-KZ","code":"17629423"},"editable":false,"editedByCustomer":false},{"id":"8a5cbefc9468758701947408cce61481","author":"Ельхан","date":"17.01.2025","orderNumber":"481590933","rating":5,"comment":{"minus":"","plus":"","text":"Очень удобный, советую магазина Larko-Kz."},"feedback":{"positive":0,"voted":false},"galleryImages":[{"id":"481590933-112474538/0e7b6a71-e51f-4428-ba79-d22d3b43a80e.jpeg","small":"https://resources.cdn-kaspi.kz/img/p/r/481590933-112474538/0e7b6a71-e51f-4428-ba79-d22d3b43a80e.jpeg?format=review_small","medium":"https://resources.cdn-kaspi.kz/img/p/r/481590933-112474538/0e7b6a71-e51f-4428-ba79-d22d3b43a80e.jpeg?format=review_medium","large":"https://resources.cdn-kaspi.kz/img/p/r/481590933-112474538/0e7b6a71-e51f-4428-ba79-d22d3b43a80e.jpeg?format=review_large"},{"id":"481590933-112474538/edfb003f-057d-4c93-9573-fab5c2792b51.jpeg","small":"https://resources.cdn-kaspi.kz/img/p/r/481590933-112474538/edfb003f-057d-4c93-9573-fab5c2792b51.jpeg?format=review_small","medium":"https://resources.cdn-kaspi.kz/img/p/r/481590933-112474538/edfb003f-057d-4c93-9573-fab5c2792b51.jpeg?format=review_medium","large":"https://resources.cdn-kaspi.kz/img/p/r/481590933-112474538/edfb003f-057d-4c93-9573-fab5c2792b51.jpeg?format=review_large"}],"product":{"id":"112474538","name":"LARKO бандаж Шанца универсальный","categoryCode":"Master - The cervical region","categoryName":"Шейный отдел","link":"https://kaspi.kz/shop/p/larko-bandazh-shantsa-universal-nyi-112474538/"},"merchant":{"name":"LARKO-KZ","code":"17629423"},"editable":false,"editedByCustomer":false},{"id":"8a5c1b65945386360194555c0fe502c8","author":"Ирина","date":"11.01.2025","orderNumber":"475923762","rating":5,"comment":{"minus":"","plus":"","text":"Все отлично, все подошло, доставка в срок, спасибо продавцу."},"feedback":{"positive":0,"voted":false},"galleryImages":[{"id":"475923762-112474538/4b768c01-1527-4b9f-8ad2-23cfe110ef8d.jpeg","small":"https://resources.cdn-kaspi.kz/img/p/r/475923762-112474538/4b768c01-1527-4b9f-8ad2-23cfe110ef8d.jpeg?format=review_small","medium":"https://resources.cdn-kaspi.kz/img/p/r/475923762-112474538/4b768c01-1527-4b9f-8ad2-23cfe110ef8d.jpeg?format=review_medium","large":"https://resources.cdn-kaspi.kz/img/p/r/475923762-112474538/4b768c01-1527-4b9f-8ad2-23cfe110ef8d.jpeg?format=review_large"}],"product":{"id":"112474538","name":"LARKO бандаж Шанца универсальный","categoryCode":"Master - The cervical region","categoryName":"Шейный отдел","link":"https://kaspi.kz/shop/p/larko-bandazh-shantsa-universal-nyi-112474538/"},"merchant":{"name":"LARKO-KZ","code":"17629423"},"editable":false,"editedByCustomer":false},{"id":"8a5c6228939556c00193e37dce4c7853","author":"Акжан","date":"08.01.2025","orderNumber":"460014507","rating":5,"comment":{"minus":"","plus":"","text":"Тапсырысты уақытылы алдым. Мойынға арналған ортопедиялық бандаж өте қолайлы, мойынды түзу ұстауға көмектеседі. Мойын омыртқа мен бас ауруын басады. Сатушы  arko-kz рахмет!."},"feedback":{"positive":0,"voted":false},"product":{"id":"112474538","name":"LARKO бандаж Шанца универсальный","categoryCode":"Master - The cervical region","categoryName":"Шейный отдел","link":"https://kaspi.kz/shop/p/larko-bandazh-shantsa-universal-nyi-112474538/"},"merchant":{"name":"LARKO-KZ","code":"17629423"},"editable":false,"editedByCustomer":false},{"id":"8a5c85a6942f9dbb0194322ad6b302d8","author":"Әділет","date":"04.01.2025","orderNumber":"469801159","rating":5,"comment":{"minus":"","plus":"","text":"Неплохо, лучше чем ничего."},"feedback":{"positive":0,"voted":false},"product":{"id":"112474538","name":"LARKO бандаж Шанца универсальный","categoryCode":"Master - The cervical region","categoryName":"Шейный отдел","link":"https://kaspi.kz/shop/p/larko-bandazh-shantsa-universal-nyi-112474538/"},"merchant":{"name":"LARKO-KZ","code":"17629423"},"editable":false,"editedByCustomer":false},{"id":"8a5c67cc94128bf20194129511d70032","author":"Кәмшат","date":"29.12.2024","orderNumber":"471901513","rating":5,"comment":{"minus":"","plus":"","text":"Фиксирует надежно. Материал приятен на ощупь, мягкий. Рекомендую. Быстрая доставка."},"feedback":{"positive":0,"voted":false},"product":{"id":"112474538","name":"LARKO бандаж Шанца универсальный","categoryCode":"Master - The cervical region","categoryName":"Шейный отдел","link":"https://kaspi.kz/shop/p/larko-bandazh-shantsa-universal-nyi-112474538/"},"merchant":{"name":"LARKO-KZ","code":"17629423"},"editable":false,"editedByCustomer":false},{"id":"8a5c64fa9401957101940708b8670b84","author":"Сымбат","date":"27.12.2024","orderNumber":"468117843","rating":5,"comment":{"minus":"","plus":"","text":"Әкеме алдым. Өлшемі М. Дәл келді. Ыңғайлы. Өз уақытында келді."},"feedback":{"positive":0,"voted":false},"galleryImages":[{"id":"468117843-112474538/920b55b3-3fa5-4a09-b25d-1c48730f5ce9.jpeg","small":"https://resources.cdn-kaspi.kz/img/p/r/468117843-112474538/920b55b3-3fa5-4a09-b25d-1c48730f5ce9.jpeg?format=review_small","medium":"https://resources.cdn-kaspi.kz/img/p/r/468117843-112474538/920b55b3-3fa5-4a09-b25d-1c48730f5ce9.jpeg?format=review_medium","large":"https://resources.cdn-kaspi.kz/img/p/r/468117843-112474538/920b55b3-3fa5-4a09-b25d-1c48730f5ce9.jpeg?format=review_large"},{"id":"468117843-112474538/f5387dcd-dcd7-4dab-a725-4bce05ac8333.jpeg","small":"https://resources.cdn-kaspi.kz/img/p/r/468117843-112474538/f5387dcd-dcd7-4dab-a725-4bce05ac8333.jpeg?format=review_small","medium":"https://resources.cdn-kaspi.kz/img/p/r/468117843-112474538/f5387dcd-dcd7-4dab-a725-4bce05ac8333.jpeg?format=review_medium","large":"https://resources.cdn-kaspi.kz/img/p/r/468117843-112474538/f5387dcd-dcd7-4dab-a725-4bce05ac8333.jpeg?format=review_large"},{"id":"468117843-112474538/7754ed00-874a-4b29-a685-6396ea57f534.jpeg","small":"https://resources.cdn-kaspi.kz/img/p/r/468117843-112474538/7754ed00-874a-4b29-a685-6396ea57f534.jpeg?format=review_small","medium":"https://resources.cdn-kaspi.kz/img/p/r/468117843-112474538/7754ed00-874a-4b29-a685-6396ea57f534.jpeg?format=review_medium","large":"https://resources.cdn-kaspi.kz/img/p/r/468117843-112474538/7754ed00-874a-4b29-a685-6396ea57f534.jpeg?format=review_large"}],"product":{"id":"112474538","name":"LARKO бандаж Шанца универсальный","categoryCode":"Master - The cervical region","categoryName":"Шейный отдел","link":"https://kaspi.kz/shop/p/larko-bandazh-shantsa-universal-nyi-112474538/"},"merchant":{"name":"LARKO-KZ","code":"17629423"},"editable":false,"editedByCustomer":false},{"id":"8a5ce3f3939556920193ef799f6b0be1","author":"Сабир","date":"22.12.2024","orderNumber":"466454545","rating":5,"comment":{"minus":"","plus":"","text":"Пришел в хорошем качестве."},"feedback":{"positive":0,"voted":false},"product":{"id":"112474538","name":"LARKO бандаж Шанца универсальный","categoryCode":"Master - The cervical region","categoryName":"Шейный отдел","link":"https://kaspi.kz/shop/p/larko-bandazh-shantsa-universal-nyi-112474538/"},"merchant":{"name":"LARKO-KZ","code":"17629423"},"editable":false,"editedByCustomer":false},{"id":"8a5c2f7593c87a310193cb09cfd905b6","author":"Санат","date":"15.12.2024","orderNumber":"463780101","rating":5,"comment":{"minus":"","plus":"","text":"Воротник өте жаксы плотно киіледі, жеткізілуі де өте тез болды. Рахмет."},"feedback":{"positive":0,"voted":false},"product":{"id":"112474538","name":"LARKO бандаж Шанца универсальный","categoryCode":"Master - The cervical region","categoryName":"Шейный отдел","link":"https://kaspi.kz/shop/p/larko-bandazh-shantsa-universal-nyi-112474538/"},"merchant":{"name":"LARKO-KZ","code":"17629423"},"editable":false,"editedByCustomer":false},{"id":"8a5cba6b939556d50193a131d36714eb","author":"Артур","date":"07.12.2024","orderNumber":"455007048","rating":5,"comment":{"minus":"","plus":"","text":"Классный бандаж. Хорошо держит шейный отдел. Спасибо."},"feedback":{"positive":0,"voted":false},"product":{"id":"112474538","name":"LARKO бандаж Шанца универсальный","categoryCode":"Master - The cervical region","categoryName":"Шейный отдел","link":"https://kaspi.kz/shop/p/larko-bandazh-shantsa-universal-nyi-112474538/"},"merchant":{"name":"LARKO-KZ","code":"17629423"},"editable":false,"editedByCustomer":false},{"id":"8a5c64df9366cb47019392a116d23b70","author":"Екатерина","date":"04.12.2024","orderNumber":"452821525","rating":5,"comment":{"minus":"","plus":"","text":"Спасибо за быструю доставку! Доставили раньше на день. Воротник подошёл, мягкий, комфортный. Советую данного продавца!"},"feedback":{"positive":0,"voted":false},"product":{"id":"112474538","name":"LARKO бандаж Шанца универсальный","categoryCode":"Master - The cervical region","categoryName":"Шейный отдел","link":"https://kaspi.kz/shop/p/larko-bandazh-shantsa-universal-nyi-112474538/"},"merchant":{"name":"LARKO-KZ","code":"17629423"},"editable":false,"editedByCustomer":false},{"id":"8a5c0411931f0f3701933351dd491eff","author":"Алма","date":"04.12.2024","orderNumber":"444989769","rating":5,"comment":{"minus":"","plus":"","text":"Сапасы жаксы, әпкеме ұап жатыр. Рақмет Каспиге және LARKO-KZ."},"feedback":{"positive":0,"voted":false},"galleryImages":[{"id":"444989769-112474538/89f1b054-c448-4146-9c08-f8c0bb374326.jpeg","small":"https://resources.cdn-kaspi.kz/img/p/r/444989769-112474538/89f1b054-c448-4146-9c08-f8c0bb374326.jpeg?format=review_small","medium":"https://resources.cdn-kaspi.kz/img/p/r/444989769-112474538/89f1b054-c448-4146-9c08-f8c0bb374326.jpeg?format=review_medium","large":"https://resources.cdn-kaspi.kz/img/p/r/444989769-112474538/89f1b054-c448-4146-9c08-f8c0bb374326.jpeg?format=review_large"},{"id":"444989769-112474538/fa022b85-e58f-4718-9646-a2747e9c4d17.jpeg","small":"https://resources.cdn-kaspi.kz/img/p/r/444989769-112474538/fa022b85-e58f-4718-9646-a2747e9c4d17.jpeg?format=review_small","medium":"https://resources.cdn-kaspi.kz/img/p/r/444989769-112474538/fa022b85-e58f-4718-9646-a2747e9c4d17.jpeg?format=review_medium","large":"https://resources.cdn-kaspi.kz/img/p/r/444989769-112474538/fa022b85-e58f-4718-9646-a2747e9c4d17.jpeg?format=review_large"},{"id":"444989769-112474538/76ca14ab-600a-4b44-95bf-4263d8779da9.jpeg","small":"https://resources.cdn-kaspi.kz/img/p/r/444989769-112474538/76ca14ab-600a-4b44-95bf-4263d8779da9.jpeg?format=review_small","medium":"https://resources.cdn-kaspi.kz/img/p/r/444989769-112474538/76ca14ab-600a-4b44-95bf-4263d8779da9.jpeg?format=review_medium","large":"https://resources.cdn-kaspi.kz/img/p/r/444989769-112474538/76ca14ab-600a-4b44-95bf-4263d8779da9.jpeg?format=review_large"},{"id":"444989769-112474538/7dea4425-302d-4b6c-bb82-b4fc68f548d2.jpeg","small":"https://resources.cdn-kaspi.kz/img/p/r/444989769-112474538/7dea4425-302d-4b6c-bb82-b4fc68f548d2.jpeg?format=review_small","medium":"https://resources.cdn-kaspi.kz/img/p/r/444989769-112474538/7dea4425-302d-4b6c-bb82-b4fc68f548d2.jpeg?format=review_medium","large":"https://resources.cdn-kaspi.kz/img/p/r/444989769-112474538/7dea4425-302d-4b6c-bb82-b4fc68f548d2.jpeg?format=review_large"}],"product":{"id":"112474538","name":"LARKO бандаж Шанца универсальный","categoryCode":"Master - The cervical region","categoryName":"Шейный отдел","link":"https://kaspi.kz/shop/p/larko-bandazh-shantsa-universal-nyi-112474538/"},"merchant":{"name":"LARKO-KZ","code":"17629423"},"editable":false,"editedByCustomer":false},{"id":"8a5c52b69366cac101938b3df6a6300a","author":"Шолпан","date":"03.12.2024","orderNumber":"451012808","rating":5,"comment":{"minus":"","plus":"","text":"Хорошо подошел, фиксирует, мягкий, удобный."},"feedback":{"positive":0,"voted":false},"product":{"id":"112474538","name":"LARKO бандаж Шанца универсальный","categoryCode":"Master - The cervical region","categoryName":"Шейный отдел","link":"https://kaspi.kz/shop/p/larko-bandazh-shantsa-universal-nyi-112474538/"},"merchant":{"name":"LARKO-KZ","code":"17629423"},"editable":false,"editedByCustomer":false},{"id":"8a5cfaae9347bd8101935ee2e7a721c2","author":"Карина","date":"24.11.2024","orderNumber":"450003113","rating":5,"comment":{"minus":"","plus":"","text":"Отличный мягкий бандаж."},"feedback":{"positive":0,"voted":false},"product":{"id":"112474538","name":"LARKO бандаж Шанца универсальный","categoryCode":"Master - The cervical region","categoryName":"Шейный отдел","link":"https://kaspi.kz/shop/p/larko-bandazh-shantsa-universal-nyi-112474538/"},"merchant":{"name":"LARKO-KZ","code":"17629423"},"editable":false,"editedByCustomer":false},{"id":"8a5c71d29347bdab01934ac0201507d4","author":"Алия","date":"23.11.2024","orderNumber":"447684594","rating":5,"comment":{"minus":"","plus":"","text":"Легко привыкнуть. Одела при мойке посуды и держалась ровно при моем высоком росте. Ткань приятная, размер. Написано в описании как универсальный, но на товаре указан размер М. Хорошо что подошло, рекомендую данный бандаж. Только я не знаю сколько раз в день носить и сколько времени! Проконсультируюсь у лечащего врача и дополню комментарий. У меня грыжа шейного позвоночника."},"feedback":{"positive":1,"voted":false},"galleryImages":[{"id":"447684594-112474538/48bb1357-5188-47c8-bfd6-8a585eb0194d.jpeg","small":"https://resources.cdn-kaspi.kz/img/p/r/447684594-112474538/48bb1357-5188-47c8-bfd6-8a585eb0194d.jpeg?format=review_small","medium":"https://resources.cdn-kaspi.kz/img/p/r/447684594-112474538/48bb1357-5188-47c8-bfd6-8a585eb0194d.jpeg?format=review_medium","large":"https://resources.cdn-kaspi.kz/img/p/r/447684594-112474538/48bb1357-5188-47c8-bfd6-8a585eb0194d.jpeg?format=review_large"}],"product":{"id":"112474538","name":"LARKO бандаж Шанца универсальный","categoryCode":"Master - The cervical region","categoryName":"Шейный отдел","link":"https://kaspi.kz/shop/p/larko-bandazh-shantsa-universal-nyi-112474538/"},"merchant":{"name":"LARKO-KZ","code":"17629423"},"editable":false,"editedByCustomer":false},{"id":"8a5cba42934d4a090193520d4eec0755","author":"Куралай","date":"22.11.2024","orderNumber":"446421544","rating":5,"comment":{"minus":"","plus":"","text":"Получила свой воротник день в день. Очень компактный, удобный. Заказывала в цвете «бежевый» самое то, не слишком светлый, даже больше к коричневому ближе. Буду пользоваться!"},"feedback":{"positive":0,"voted":false},"product":{"id":"112474538","name":"LARKO бандаж Шанца универсальный","categoryCode":"Master - The cervical region","categoryName":"Шейный отдел","link":"https://kaspi.kz/shop/p/larko-bandazh-shantsa-universal-nyi-112474538/"},"merchant":{"name":"LARKO-KZ","code":"17629423"},"editable":false,"editedByCustomer":false},{"id":"8a5ceb7c9347bfd601934f88bebb0e84","author":"Татьяна","date":"21.11.2024","orderNumber":"448120739","rating":5,"comment":{"minus":"","plus":"","text":"Отличный воротник, в меру жёсткий, шею держит в физиологическом положении. У меня была травма на уровне 6 шейного позвонка и сейчас 2 протрузии. Очень разгружает шею, даже странное удовольствие, что не втягиваешь шею в плечи и не сутулиться. Товар от Larko kz. Благодарю за скорую доставку!"},"feedback":{"positive":0,"voted":false},"galleryImages":[{"id":"448120739-112474538/4aa611b6-45a2-4c32-8905-35440ec835fb.jpeg","small":"https://resources.cdn-kaspi.kz/img/p/r/448120739-112474538/4aa611b6-45a2-4c32-8905-35440ec835fb.jpeg?format=review_small","medium":"https://resources.cdn-kaspi.kz/img/p/r/448120739-112474538/4aa611b6-45a2-4c32-8905-35440ec835fb.jpeg?format=review_medium","large":"https://resources.cdn-kaspi.kz/img/p/r/448120739-112474538/4aa611b6-45a2-4c32-8905-35440ec835fb.jpeg?format=review_large"},{"id":"448120739-112474538/c1645161-57f4-45de-99b6-f5186fd55fbc.jpeg","small":"https://resources.cdn-kaspi.kz/img/p/r/448120739-112474538/c1645161-57f4-45de-99b6-f5186fd55fbc.jpeg?format=review_small","medium":"https://resources.cdn-kaspi.kz/img/p/r/448120739-112474538/c1645161-57f4-45de-99b6-f5186fd55fbc.jpeg?format=review_medium","large":"https://resources.cdn-kaspi.kz/img/p/r/448120739-112474538/c1645161-57f4-45de-99b6-f5186fd55fbc.jpeg?format=review_large"}],"product":{"id":"112474538","name":"LARKO бандаж Шанца универсальный","categoryCode":"Master - The cervical region","categoryName":"Шейный отдел","link":"https://kaspi.kz/shop/p/larko-bandazh-shantsa-universal-nyi-112474538/"},"merchant":{"name":"LARKO-KZ","code":"17629423"},"editable":false,"editedByCustomer":false},{"id":"8a5cf7a29347bf3801934f1d8e280d68","author":"Аманжол","date":"21.11.2024","orderNumber":"445722462","rating":5,"comment":{"minus":"","plus":"","text":"Бандаж в хорошем качестве. Спасибо."},"feedback":{"positive":0,"voted":false},"product":{"id":"112474538","name":"LARKO бандаж Шанца универсальный","categoryCode":"Master - The cervical region","categoryName":"Шейный отдел","link":"https://kaspi.kz/shop/p/larko-bandazh-shantsa-universal-nyi-112474538/"},"merchant":{"name":"LARKO-KZ","code":"17629423"},"editable":false,"editedByCustomer":false},{"id":"8a5c580c931f0dc601932d8d4fa51808","author":"Евгений","date":"15.11.2024","orderNumber":"440537775","rating":5,"comment":{"minus":"","plus":"","text":"Заказывал воротник Шанца. Все подошло. Качество хорошее. Доставили на день раньше."},"feedback":{"positive":0,"voted":false},"product":{"id":"112474538","name":"LARKO бандаж Шанца универсальный","categoryCode":"Master - The cervical region","categoryName":"Шейный отдел","link":"https://kaspi.kz/shop/p/larko-bandazh-shantsa-universal-nyi-112474538/"},"merchant":{"name":"LARKO-KZ","code":"17629423"},"editable":false,"editedByCustomer":false},{"id":"8a5c5abe931f0df40193295015e311b6","author":"Марина","date":"14.11.2024","orderNumber":"439497914","rating":5,"comment":{"minus":"","plus":"","text":"Бандаж свою функцию выполняет. Шее стало легче. Спасибо продавцу!"},"feedback":{"positive":0,"voted":false},"product":{"id":"112474538","name":"LARKO бандаж Шанца универсальный","categoryCode":"Master - The cervical region","categoryName":"Шейный отдел","link":"https://kaspi.kz/shop/p/larko-bandazh-shantsa-universal-nyi-112474538/"},"merchant":{"name":"LARKO-KZ","code":"17629423"},"editable":false,"editedByCustomer":false},{"id":"8a5ca0819300ddeb019306f94a9208b7","author":"Карлыгаш","date":"10.11.2024","orderNumber":"437514639","rating":5,"comment":{"minus":"","plus":"","text":"Доставили быстро. У меня остеохондроз и грыжа в шее, по рекомендации врача купила, надеюсь поможет."},"feedback":{"positive":0,"voted":false},"galleryImages":[{"id":"437514639-112474538/9393d627-5bff-4635-babb-335fb66216d6.jpeg","small":"https://resources.cdn-kaspi.kz/img/p/r/437514639-112474538/9393d627-5bff-4635-babb-335fb66216d6.jpeg?format=review_small","medium":"https://resources.cdn-kaspi.kz/img/p/r/437514639-112474538/9393d627-5bff-4635-babb-335fb66216d6.jpeg?format=review_medium","large":"https://resources.cdn-kaspi.kz/img/p/r/437514639-112474538/9393d627-5bff-4635-babb-335fb66216d6.jpeg?format=review_large"},{"id":"437514639-112474538/e383f45a-a972-4ffc-9715-02b5c3f0c2a4.jpeg","small":"https://resources.cdn-kaspi.kz/img/p/r/437514639-112474538/e383f45a-a972-4ffc-9715-02b5c3f0c2a4.jpeg?format=review_small","medium":"https://resources.cdn-kaspi.kz/img/p/r/437514639-112474538/e383f45a-a972-4ffc-9715-02b5c3f0c2a4.jpeg?format=review_medium","large":"https://resources.cdn-kaspi.kz/img/p/r/437514639-112474538/e383f45a-a972-4ffc-9715-02b5c3f0c2a4.jpeg?format=review_large"}],"product":{"id":"112474538","name":"LARKO бандаж Шанца универсальный","categoryCode":"Master - The cervical region","categoryName":"Шейный отдел","link":"https://kaspi.kz/shop/p/larko-bandazh-shantsa-universal-nyi-112474538/"},"merchant":{"name":"LARKO-KZ","code":"17629423"},"editable":false,"editedByCustomer":false},{"id":"8a5c62129300df6401930797f7100a69","author":"Мадина","date":"07.11.2024","orderNumber":"438700702","rating":5,"comment":{"minus":"","plus":"","text":"Очень качественный товар, быстрый и качественный сервис. Спасибо."},"feedback":{"positive":0,"voted":false},"product":{"id":"112474538","name":"LARKO бандаж Шанца универсальный","categoryCode":"Master - The cervical region","categoryName":"Шейный отдел","link":"https://kaspi.kz/shop/p/larko-bandazh-shantsa-universal-nyi-112474538/"},"merchant":{"name":"LARKO-KZ","code":"17629423"},"editable":false,"editedByCustomer":false},{"id":"8a5c931a92fa838a0192fb9d5d8d0219","author":"Бакытгуль","date":"05.11.2024","orderNumber":"435525207","rating":5,"comment":{"minus":"","plus":"","text":"Советую, очень удобная, качество супер."},"feedback":{"positive":1,"voted":false},"product":{"id":"112474538","name":"LARKO бандаж Шанца универсальный","categoryCode":"Master - The cervical region","categoryName":"Шейный отдел","link":"https://kaspi.kz/shop/p/larko-bandazh-shantsa-universal-nyi-112474538/"},"merchant":{"name":"LARKO-KZ","code":"17629423"},"editable":false,"editedByCustomer":false},{"id":"8a5c5ca4927508c20192b4566f51610c","author":"Лариса","date":"22.10.2024","orderNumber":"430510295","rating":5,"comment":{"minus":"","plus":"","text":"Доставили быстро - 20 минут. Воротник удобный. Размер подошёл. У меня проблемы с шейным отделом и часто болит голова. Уже через пару часов как я его надела, головная боль прошла."},"feedback":{"positive":0,"voted":false},"galleryImages":[{"id":"430510295-112474538/292fd155-1d7e-43c9-8e09-341b1c078fa3.jpeg","small":"https://resources.cdn-kaspi.kz/img/p/r/430510295-112474538/292fd155-1d7e-43c9-8e09-341b1c078fa3.jpeg?format=review_small","medium":"https://resources.cdn-kaspi.kz/img/p/r/430510295-112474538/292fd155-1d7e-43c9-8e09-341b1c078fa3.jpeg?format=review_medium","large":"https://resources.cdn-kaspi.kz/img/p/r/430510295-112474538/292fd155-1d7e-43c9-8e09-341b1c078fa3.jpeg?format=review_large"}],"product":{"id":"112474538","name":"LARKO бандаж Шанца универсальный","categoryCode":"Master - The cervical region","categoryName":"Шейный отдел","link":"https://kaspi.kz/shop/p/larko-bandazh-shantsa-universal-nyi-112474538/"},"merchant":{"name":"LARKO-KZ","code":"17629423"},"editable":false,"editedByCustomer":false},{"id":"8a5cd27492989f0a01929a9ab7da0424","author":"Шынар","date":"17.10.2024","orderNumber":"427981271","rating":5,"comment":{"minus":"","plus":"","text":"Воротник Шанца купила по рекомендации невролога. У меня шейный остеохондроз. Постоянные боли в области шеи. Надеюсь поможет."},"feedback":{"positive":0,"voted":false},"product":{"id":"112474538","name":"LARKO бандаж Шанца универсальный","categoryCode":"Master - The cervical region","categoryName":"Шейный отдел","link":"https://kaspi.kz/shop/p/larko-bandazh-shantsa-universal-nyi-112474538/"},"merchant":{"name":"LARKO-KZ","code":"17629423"},"editable":false,"editedByCustomer":false},{"id":"8a5cadfb92707da7019270944b6b0039","author":"Ильяс","date":"09.10.2024","orderNumber":"423689451","rating":5,"comment":{"minus":"","plus":"","text":"Товар супер! Шея прям выпрямляется, советую всем у кого проблемы, особенно у кого есть грыжа. Спасибо магазину за качество. Спасибо Каспи Магазину за оперативную доставку."},"feedback":{"positive":0,"voted":false},"product":{"id":"112474538","name":"LARKO бандаж Шанца универсальный","categoryCode":"Master - The cervical region","categoryName":"Шейный отдел","link":"https://kaspi.kz/shop/p/larko-bandazh-shantsa-universal-nyi-112474538/"},"merchant":{"name":"LARKO-KZ","code":"17629423"},"editable":false,"editedByCustomer":false},{"id":"8a5c9828924c48ec0192616ed8e926e9","author":"Қыздариға","date":"06.10.2024","orderNumber":"420523338","rating":5,"comment":{"minus":"","plus":"","text":"Мойын мен желкеге кайф. Мойнымды түзеп ұзартқан сияқты."},"feedback":{"positive":0,"voted":false},"product":{"id":"112474538","name":"LARKO бандаж Шанца универсальный","categoryCode":"Master - The cervical region","categoryName":"Шейный отдел","link":"https://kaspi.kz/shop/p/larko-bandazh-shantsa-universal-nyi-112474538/"},"merchant":{"name":"LARKO-KZ","code":"17629423"},"editable":false,"editedByCustomer":false},{"id":"8a5c9225924c46cb01925319777c10e7","author":"Виталий","date":"03.10.2024","orderNumber":"420871558","rating":5,"comment":{"minus":"","plus":"","text":"Бандаж супер, все подошло по размеру, спасибо магазину Ларко за скорость."},"feedback":{"positive":0,"voted":false},"product":{"id":"112474538","name":"LARKO бандаж Шанца универсальный","categoryCode":"Master - The cervical region","categoryName":"Шейный отдел","link":"https://kaspi.kz/shop/p/larko-bandazh-shantsa-universal-nyi-112474538/"},"merchant":{"name":"LARKO-KZ","code":"17629423"},"editable":false,"editedByCustomer":false},{"id":"8a5cd2599227500a0192299d960d0533","author":"Зейнеш","date":"25.09.2024","orderNumber":"414275973","rating":3,"comment":{"minus":"","plus":"","text":"Товар низкого качества."},"feedback":{"positive":0,"voted":false},"product":{"id":"112474538","name":"LARKO бандаж Шанца универсальный","categoryCode":"Master - The cervical region","categoryName":"Шейный отдел","link":"https://kaspi.kz/shop/p/larko-bandazh-shantsa-universal-nyi-112474538/"},"merchant":{"name":"LARKO-KZ","code":"17629423"},"editable":false,"editedByCustomer":false},{"id":"8a5cbefd91f94bb90191fb7c29ec08e4","author":"Александр","date":"16.09.2024","orderNumber":"410781993","rating":5,"comment":{"minus":"","plus":"","text":"Всё подошло. Доставили раньше срока. Спасибо продавцу и Каспи доставке."},"feedback":{"positive":0,"voted":false},"product":{"id":"112474538","name":"LARKO бандаж Шанца универсальный","categoryCode":"Master - The cervical region","categoryName":"Шейный отдел","link":"https://kaspi.kz/shop/p/larko-bandazh-shantsa-universal-nyi-112474538/"},"merchant":{"name":"LARKO-KZ","code":"17629423"},"editable":false,"editedByCustomer":false},{"id":"8a5c2573917375d20191e186f45f1e39","author":"Перизат","date":"11.09.2024","orderNumber":"407887414","rating":5,"comment":{"minus":"","plus":"","text":"Качество воротника отличное, всего один размер на выбор M."},"feedback":{"positive":0,"voted":false},"product":{"id":"112474538","name":"LARKO бандаж Шанца универсальный","categoryCode":"Master - The cervical region","categoryName":"Шейный отдел","link":"https://kaspi.kz/shop/p/larko-bandazh-shantsa-universal-nyi-112474538/"},"merchant":{"name":"LARKO-KZ","code":"17629423"},"editable":false,"editedByCustomer":false},{"id":"8a5c859691df36190191dfe5035900f3","author":"Аида","date":"11.09.2024","orderNumber":"408549182","rating":5,"comment":{"minus":"","plus":"","text":"Удобная вещь. Думала ночью не смогу спать. Но даже ночью особо не мешает. По симптомам кажется стало меньше. У меня просто грыжа в шейном позвонке и давило на нерв лучевой. Пальцы стали меньше неметь."},"feedback":{"positive":0,"voted":false},"product":{"id":"112474538","name":"LARKO бандаж Шанца универсальный","categoryCode":"Master - The cervical region","categoryName":"Шейный отдел","link":"https://kaspi.kz/shop/p/larko-bandazh-shantsa-universal-nyi-112474538/"},"merchant":{"name":"LARKO-KZ","code":"17629423"},"editable":false,"editedByCustomer":false},{"id":"8a5c5d9e9173787f0191da831bfa1378","author":"Альбина","date":"10.09.2024","orderNumber":"407826420","rating":5,"comment":{"minus":"","plus":"","text":"Качество супер."},"feedback":{"positive":0,"voted":false},"product":{"id":"112474538","name":"LARKO бандаж Шанца универсальный","categoryCode":"Master - The cervical region","categoryName":"Шейный отдел","link":"https://kaspi.kz/shop/p/larko-bandazh-shantsa-universal-nyi-112474538/"},"merchant":{"name":"LARKO-KZ","code":"17629423"},"editable":false,"editedByCustomer":false},{"id":"8a5c2f76917377200191d4ddb4020bfe","author":"Айдархан","date":"09.09.2024","orderNumber":"406193900","rating":5,"comment":{"minus":"","plus":"","text":"Жақсы екен."},"feedback":{"positive":0,"voted":false},"product":{"id":"112474538","name":"LARKO бандаж Шанца универсальный","categoryCode":"Master - The cervical region","categoryName":"Шейный отдел","link":"https://kaspi.kz/shop/p/larko-bandazh-shantsa-universal-nyi-112474538/"},"merchant":{"name":"LARKO-KZ","code":"17629423"},"editable":false,"editedByCustomer":false},{"id":"8a5cf79191bb278f0191bd62274603ef","author":"Ақерке","date":"04.09.2024","orderNumber":"405827465","rating":5,"comment":{"minus":"","plus":"","text":"Качество супер. Мне очень понравилось."},"feedback":{"positive":0,"voted":false},"product":{"id":"112474538","name":"LARKO бандаж Шанца универсальный","categoryCode":"Master - The cervical region","categoryName":"Шейный отдел","link":"https://kaspi.kz/shop/p/larko-bandazh-shantsa-universal-nyi-112474538/"},"merchant":{"name":"LARKO-KZ","code":"17629423"},"editable":false,"editedByCustomer":false},{"id":"8a5c9c48917375b00191ad0ef0325ae4","author":"Гулмира","date":"01.09.2024","orderNumber":"400918913","rating":4,"comment":{"minus":"","plus":"","text":"Товар хороший."},"feedback":{"positive":0,"voted":false},"product":{"id":"112474538","name":"LARKO бандаж Шанца универсальный","categoryCode":"Master - The cervical region","categoryName":"Шейный отдел","link":"https://kaspi.kz/shop/p/larko-bandazh-shantsa-universal-nyi-112474538/"},"merchant":{"name":"LARKO-KZ","code":"17629423"},"editable":false,"editedByCustomer":false},{"id":"8a5c0c0f90911b200190913d26ba007a","author":"Жаннұр","date":"15.07.2024","orderNumber":"350971361","rating":5,"comment":{"minus":"","plus":"","text":"Заказывала у вас этот бандаж (воротник) так как сильно заклинило шею, носила 2 дня и боли прошли! Обычно когда шея болела лечила неделями, как купила бандаж забыла эти муки) Так как он удобный. Плотный (чтобы шейный отдел отдыхал, когда не можешь поворачивать голову), и заодно тепло. Спасибо большое!"},"feedback":{"positive":1,"voted":false},"product":{"id":"112474538","name":"LARKO бандаж Шанца универсальный","categoryCode":"Master - The cervical region","categoryName":"Шейный отдел","link":"https://kaspi.kz/shop/p/larko-bandazh-shantsa-universal-nyi-112474538/"},"merchant":{"name":"LARKO-KZ","code":"17629423"},"editable":false,"editedByCustomer":false},{"id":"8a5c04309057f6e40190ac3d37916aad","author":"Мария","date":"13.07.2024","orderNumber":"378867579","rating":5,"comment":{"minus":"","plus":"","text":"Очень удобный."},"feedback":{"positive":0,"voted":false},"product":{"id":"112474538","name":"LARKO бандаж Шанца универсальный","categoryCode":"Master - The cervical region","categoryName":"Шейный отдел","link":"https://kaspi.kz/shop/p/larko-bandazh-shantsa-universal-nyi-112474538/"},"merchant":{"name":"LARKO-KZ","code":"17629423"},"editable":false,"editedByCustomer":false},{"id":"8a5c11b69057f5e60190a544cefb6134","author":"Тоғжан","date":"12.07.2024","orderNumber":"368816937","rating":5,"comment":{"minus":"","plus":"","text":"После приобретения и использования бандажа, у меня исчезли боли в шейно-воротниковой зоне по утрам. Начала правильной позе спать и перестала видеть кошмары. Рекомендую!"},"feedback":{"positive":2,"voted":false},"galleryImages":[{"id":"368816937-112474538/87e7c6a2-d681-4e3b-87dd-2f7f89758bdf.jpeg","small":"https://resources.cdn-kaspi.kz/img/p/r/368816937-112474538/87e7c6a2-d681-4e3b-87dd-2f7f89758bdf.jpeg?format=review_small","medium":"https://resources.cdn-kaspi.kz/img/p/r/368816937-112474538/87e7c6a2-d681-4e3b-87dd-2f7f89758bdf.jpeg?format=review_medium","large":"https://resources.cdn-kaspi.kz/img/p/r/368816937-112474538/87e7c6a2-d681-4e3b-87dd-2f7f89758bdf.jpeg?format=review_large"}],"product":{"id":"112474538","name":"LARKO бандаж Шанца универсальный","categoryCode":"Master - The cervical region","categoryName":"Шейный отдел","link":"https://kaspi.kz/shop/p/larko-bandazh-shantsa-universal-nyi-112474538/"},"merchant":{"name":"LARKO-KZ","code":"17629423"},"editable":false,"editedByCustomer":false},{"id":"8a5c5a83909a83a20190a1bb679c0925","author":"Валерий","date":"11.07.2024","orderNumber":"377549041","rating":5,"comment":{"minus":"","plus":"","text":"Отличный бандаж, помогает держать правильно шею и осанку."},"feedback":{"positive":0,"voted":false},"product":{"id":"112474538","name":"LARKO бандаж Шанца универсальный","categoryCode":"Master - The cervical region","categoryName":"Шейный отдел","link":"https://kaspi.kz/shop/p/larko-bandazh-shantsa-universal-nyi-112474538/"},"merchant":{"name":"LARKO-KZ","code":"17629423"},"editable":false,"editedByCustomer":false},{"id":"8a5c64f69095436f019095a946c80033","author":"Бахтжан","date":"09.07.2024","orderNumber":"371585712","rating":5,"comment":{"minus":"","plus":"","text":"Удобный, легко надевается и снимается и, в то же время, выполняет свою основную функцию. Полное соответствие размерной таблице. Рекомендую."},"feedback":{"positive":1,"voted":false},"product":{"id":"112474538","name":"LARKO бандаж Шанца универсальный","categoryCode":"Master - The cervical region","categoryName":"Шейный отдел","link":"https://kaspi.kz/shop/p/larko-bandazh-shantsa-universal-nyi-112474538/"},"merchant":{"name":"LARKO-KZ","code":"17629423"},"editable":false,"editedByCustomer":false},{"id":"8a5cadd49057f6fe019091d4f26d4a84","author":"Асем","date":"08.07.2024","orderNumber":"375080485","rating":5,"comment":{"minus":"","plus":"","text":"У меня шейный остеохондроз, давно выписывали носить его, только купила. По началу неудобно, т. к. мы сутулимся. А позже видишь результат."},"feedback":{"positive":0,"voted":false},"product":{"id":"112474538","name":"LARKO бандаж Шанца универсальный","categoryCode":"Master - The cervical region","categoryName":"Шейный отдел","link":"https://kaspi.kz/shop/p/larko-bandazh-shantsa-universal-nyi-112474538/"},"merchant":{"name":"LARKO-KZ","code":"17629423"},"editable":false,"editedByCustomer":false},{"id":"8a5cf30d9057f6eb01909176b0eb4a16","author":"Надира","date":"08.07.2024","orderNumber":"367765448","rating":5,"comment":{"minus":"","plus":"","text":"Посоветовал врач. Пользуюсь, все хорошо. Доставка вовремя. Упаковано хорошо. Спасибо."},"feedback":{"positive":0,"voted":false},"product":{"id":"112474538","name":"LARKO бандаж Шанца универсальный","categoryCode":"Master - The cervical region","categoryName":"Шейный отдел","link":"https://kaspi.kz/shop/p/larko-bandazh-shantsa-universal-nyi-112474538/"},"merchant":{"name":"LARKO-KZ","code":"17629423"},"editable":false,"editedByCustomer":false},{"id":"8a5c78389057f71101909159a05348b3","author":"Надежда","date":"08.07.2024","orderNumber":"363894388","rating":5,"comment":{"minus":"","plus":"","text":"Добрый день! Бандаж очень удобный. Хорошо фиксирует шею и голову. Палочка выручалочка при грыже шейного отдела позвоночника. Снимает напряжение. Хожу на работу и работаю в нём, снимаю только дома. К покупке рекомендую! Доставка вовремя. Спасибо магазину LARKO-KZ, и Каспи!"},"feedback":{"positive":0,"voted":false},"galleryImages":[{"id":"363894388-112474538/6251460f-9389-4f5e-8dcb-32222ff47b0d.jpeg","small":"https://resources.cdn-kaspi.kz/img/p/r/363894388-112474538/6251460f-9389-4f5e-8dcb-32222ff47b0d.jpeg?format=review_small","medium":"https://resources.cdn-kaspi.kz/img/p/r/363894388-112474538/6251460f-9389-4f5e-8dcb-32222ff47b0d.jpeg?format=review_medium","large":"https://resources.cdn-kaspi.kz/img/p/r/363894388-112474538/6251460f-9389-4f5e-8dcb-32222ff47b0d.jpeg?format=review_large"}],"product":{"id":"112474538","name":"LARKO бандаж Шанца универсальный","categoryCode":"Master - The cervical region","categoryName":"Шейный отдел","link":"https://kaspi.kz/shop/p/larko-bandazh-shantsa-universal-nyi-112474538/"},"merchant":{"name":"LARKO-KZ","code":"17629423"},"editable":false,"editedByCustomer":false},{"id":"8a5ce8139090783f01909153fff60141","author":"Раушан","date":"08.07.2024","orderNumber":"359150719","rating":5,"comment":{"minus":"","plus":"","text":"Бандаж мне очень понравился, головные боли прошли, брала для себя после операции на позвоночник. Рекомендую всем, кто желает приобрести этот бандаж, не пожалеете."},"feedback":{"positive":0,"voted":false},"product":{"id":"112474538","name":"LARKO бандаж Шанца универсальный","categoryCode":"Master - The cervical region","categoryName":"Шейный отдел","link":"https://kaspi.kz/shop/p/larko-bandazh-shantsa-universal-nyi-112474538/"},"merchant":{"name":"LARKO-KZ","code":"17629423"},"editable":false,"editedByCustomer":false},{"id":"8a5c71d89090784d01909153a690012d","author":"Назым","date":"08.07.2024","orderNumber":"355550436","rating":5,"comment":{"minus":"","plus":"","text":"Хороший бандаж. Не носила его долго, но в принципе смогла заснуть в нем."},"feedback":{"positive":0,"voted":false},"product":{"id":"112474538","name":"LARKO бандаж Шанца универсальный","categoryCode":"Master - The cervical region","categoryName":"Шейный отдел","link":"https://kaspi.kz/shop/p/larko-bandazh-shantsa-universal-nyi-112474538/"},"merchant":{"name":"LARKO-KZ","code":"17629423"},"editable":false,"editedByCustomer":false},{"id":"8a5c82119090784f01909151dc750130","author":"Гульнара","date":"08.07.2024","orderNumber":"376730780","rating":5,"comment":{"minus":"","plus":"","text":"У меня шейный хондроз, врач посоветовал носить бандаж, Шанца, заказала, буду носить, спасибо Каспи Магазину LARKO."},"feedback":{"positive":0,"voted":false},"product":{"id":"112474538","name":"LARKO бандаж Шанца универсальный","categoryCode":"Master - The cervical region","categoryName":"Шейный отдел","link":"https://kaspi.kz/shop/p/larko-bandazh-shantsa-universal-nyi-112474538/"},"merchant":{"name":"LARKO-KZ","code":"17629423"},"editable":false,"editedByCustomer":false},{"id":"8a5c82119090784f0190914a734e011e","author":"Елена","date":"08.07.2024","orderNumber":"372094444","rating":5,"comment":{"minus":"","plus":"","text":"Отличный воротник, магазин LARKO советую, быстрая доставка."},"feedback":{"positive":0,"voted":false},"galleryImages":[{"id":"372094444-112474538/3cc000fe-cfbf-48cc-8a8e-e25a3d29372f.jpeg","small":"https://resources.cdn-kaspi.kz/img/p/r/372094444-112474538/3cc000fe-cfbf-48cc-8a8e-e25a3d29372f.jpeg?format=review_small","medium":"https://resources.cdn-kaspi.kz/img/p/r/372094444-112474538/3cc000fe-cfbf-48cc-8a8e-e25a3d29372f.jpeg?format=review_medium","large":"https://resources.cdn-kaspi.kz/img/p/r/372094444-112474538/3cc000fe-cfbf-48cc-8a8e-e25a3d29372f.jpeg?format=review_large"},{"id":"372094444-112474538/82bd0592-d96e-4dfc-8eae-f7e78134db3e.jpeg","small":"https://resources.cdn-kaspi.kz/img/p/r/372094444-112474538/82bd0592-d96e-4dfc-8eae-f7e78134db3e.jpeg?format=review_small","medium":"https://resources.cdn-kaspi.kz/img/p/r/372094444-112474538/82bd0592-d96e-4dfc-8eae-f7e78134db3e.jpeg?format=review_medium","large":"https://resources.cdn-kaspi.kz/img/p/r/372094444-112474538/82bd0592-d96e-4dfc-8eae-f7e78134db3e.jpeg?format=review_large"},{"id":"372094444-112474538/5ea62621-fe1f-484c-aeb9-b1d6b22bbe50.jpeg","small":"https://resources.cdn-kaspi.kz/img/p/r/372094444-112474538/5ea62621-fe1f-484c-aeb9-b1d6b22bbe50.jpeg?format=review_small","medium":"https://resources.cdn-kaspi.kz/img/p/r/372094444-112474538/5ea62621-fe1f-484c-aeb9-b1d6b22bbe50.jpeg?format=review_medium","large":"https://resources.cdn-kaspi.kz/img/p/r/372094444-112474538/5ea62621-fe1f-484c-aeb9-b1d6b22bbe50.jpeg?format=review_large"}],"product":{"id":"112474538","name":"LARKO бандаж Шанца универсальный","categoryCode":"Master - The cervical region","categoryName":"Шейный отдел","link":"https://kaspi.kz/shop/p/larko-bandazh-shantsa-universal-nyi-112474538/"},"merchant":{"name":"LARKO-KZ","code":"17629423"},"editable":false,"editedByCustomer":false},{"id":"8a5cadd49057f6fe0190913a2a484963","author":"Самал","date":"08.07.2024","orderNumber":"368375538","rating":5,"comment":{"minus":"","plus":"","text":"Өте жақсы товар, 14жастағы балама алған едім. Уақтылы жеткізілді, курьерге, осы тауарды сатып отырған магазинге, Каспи магазинге рахмет."},"feedback":{"positive":0,"voted":false},"product":{"id":"112474538","name":"LARKO бандаж Шанца универсальный","categoryCode":"Master - The cervical region","categoryName":"Шейный отдел","link":"https://kaspi.kz/shop/p/larko-bandazh-shantsa-universal-nyi-112474538/"},"merchant":{"name":"LARKO-KZ","code":"17629423"},"editable":false,"editedByCustomer":false},{"id":"8a5c3f2f90905e9901909137fd8c00fe","author":"Жәмиля","date":"08.07.2024","orderNumber":"358199298","rating":5,"comment":{"minus":"","plus":"","text":"Отлично фиксирует, очень помог мне при мышечном спазме, советую."},"feedback":{"positive":0,"voted":false},"product":{"id":"112474538","name":"LARKO бандаж Шанца универсальный","categoryCode":"Master - The cervical region","categoryName":"Шейный отдел","link":"https://kaspi.kz/shop/p/larko-bandazh-shantsa-universal-nyi-112474538/"},"merchant":{"name":"LARKO-KZ","code":"17629423"},"editable":false,"editedByCustomer":false},{"id":"8a5c5cb690908ad70190913539ce00fa","author":"Алина","date":"08.07.2024","orderNumber":"372957808","rating":5,"comment":{"minus":"","plus":"","text":"Товар пришел очень быстро. Бандаж очень хорошего качества, были боли от шейного отдела в голове. Неделю носки дома не снимая, только на ночь снимала. Боль прошла. Берите, не пожалеете, действительно помогает при протрузиях. Остеохондрозе шейного отдела. Боли убирает. Шея даже ровна сама просится встать, одним словом действует супер магазину LARKO-KZ отдельное спасибо за быструю доставку и что есть в продаже есть такое чудо."},"feedback":{"positive":0,"voted":false},"product":{"id":"112474538","name":"LARKO бандаж Шанца универсальный","categoryCode":"Master - The cervical region","categoryName":"Шейный отдел","link":"https://kaspi.kz/shop/p/larko-bandazh-shantsa-universal-nyi-112474538/"},"merchant":{"name":"LARKO-KZ","code":"17629423"},"editable":false,"editedByCustomer":false},{"id":"8a5c37119057f5a001909134811349a2","author":"Нәзік","date":"08.07.2024","orderNumber":"356680205","rating":5,"comment":{"minus":"","plus":"","text":"Заказывала с магазина LARKO бандаж на шейный отдел, быстро оформили, спросили и уточнили какой размер нужен. В течение 15 минут уже передали курьеру. Бандаж отличный, качественный. Спасибо вам."},"feedback":{"positive":0,"voted":false},"product":{"id":"112474538","name":"LARKO бандаж Шанца универсальный","categoryCode":"Master - The cervical region","categoryName":"Шейный отдел","link":"https://kaspi.kz/shop/p/larko-bandazh-shantsa-universal-nyi-112474538/"},"merchant":{"name":"LARKO-KZ","code":"17629423"},"editable":false,"editedByCustomer":false},{"id":"8a5c0c0f90911b200190912d47160048","author":"Арайлым","date":"08.07.2024","orderNumber":"355569045","rating":5,"comment":{"minus":"","plus":"","text":"Спасибо за быструю доставку. Советую продавца."},"feedback":{"positive":0,"voted":false},"product":{"id":"112474538","name":"LARKO бандаж Шанца универсальный","categoryCode":"Master - The cervical region","categoryName":"Шейный отдел","link":"https://kaspi.kz/shop/p/larko-bandazh-shantsa-universal-nyi-112474538/"},"merchant":{"name":"LARKO-KZ","code":"17629423"},"editable":false,"editedByCustomer":false},{"id":"8a5c5c928fd71b75018fd8436dbb01a7","author":"Дина","date":"04.06.2024","orderNumber":"363533611","rating":5,"comment":{"minus":"","plus":"","text":"Отличный бандаж для шеи, на не толстую шею размер М в самый раз!"},"feedback":{"positive":0,"voted":false},"galleryImages":[{"id":"363533611-112474538/5ea19fa1-ba8e-44cf-a61b-776174b96272.jpeg","small":"https://resources.cdn-kaspi.kz/img/p/r/363533611-112474538/5ea19fa1-ba8e-44cf-a61b-776174b96272.jpeg?format=review_small","medium":"https://resources.cdn-kaspi.kz/img/p/r/363533611-112474538/5ea19fa1-ba8e-44cf-a61b-776174b96272.jpeg?format=review_medium","large":"https://resources.cdn-kaspi.kz/img/p/r/363533611-112474538/5ea19fa1-ba8e-44cf-a61b-776174b96272.jpeg?format=review_large"},{"id":"363533611-112474538/c6f514cb-842e-4a67-bdb0-d576d9015bce.jpeg","small":"https://resources.cdn-kaspi.kz/img/p/r/363533611-112474538/c6f514cb-842e-4a67-bdb0-d576d9015bce.jpeg?format=review_small","medium":"https://resources.cdn-kaspi.kz/img/p/r/363533611-112474538/c6f514cb-842e-4a67-bdb0-d576d9015bce.jpeg?format=review_medium","large":"https://resources.cdn-kaspi.kz/img/p/r/363533611-112474538/c6f514cb-842e-4a67-bdb0-d576d9015bce.jpeg?format=review_large"}],"product":{"id":"112474538","name":"LARKO бандаж Шанца универсальный","categoryCode":"Master - The cervical region","categoryName":"Шейный отдел","link":"https://kaspi.kz/shop/p/larko-bandazh-shantsa-universal-nyi-112474538/"},"merchant":{"name":"LARKO-KZ","code":"17629423"},"editable":false,"editedByCustomer":false},{"id":"8a5c6a0a8f568489018f57193ccf009e","author":"Ольга","date":"08.05.2024","orderNumber":"353208865","rating":4,"comment":{"minus":"","plus":"","text":"Размер подошёл, мне нужен был пограничный (между L и M). От бандажа исходил резкий химический неприятный запах, который выветрился через несколько дней."},"feedback":{"positive":2,"voted":false},"product":{"id":"112474538","name":"LARKO бандаж Шанца универсальный","categoryCode":"Master - The cervical region","categoryName":"Шейный отдел","link":"https://kaspi.kz/shop/p/larko-bandazh-shantsa-universal-nyi-112474538/"},"merchant":{"name":"LARKO-KZ","code":"17629423"},"editable":false,"editedByCustomer":false},{"id":"8a5c2cda8ea25505018ea3407505037e","author":"Икрам","date":"03.04.2024","orderNumber":"342388613","rating":5,"comment":{"minus":"","plus":"","text":"Отличный, маме вроде понравилось."},"feedback":{"positive":0,"voted":false},"product":{"id":"112474538","name":"LARKO бандаж Шанца универсальный","categoryCode":"Master - The cervical region","categoryName":"Шейный отдел","link":"https://kaspi.kz/shop/p/larko-bandazh-shantsa-universal-nyi-112474538/"},"merchant":{"name":"LARKO-KZ","code":"17629423"},"editable":false,"editedByCustomer":false},{"id":"8a5c2cc48d7bfbe2018d7f6cea270544","author":"Диана","date":"06.02.2024","orderNumber":"322934420","rating":4,"comment":{"minus":"","plus":"","text":"Широкие, норм."},"feedback":{"positive":0,"voted":false},"product":{"id":"112474538","name":"LARKO бандаж Шанца универсальный","categoryCode":"Master - The cervical region","categoryName":"Шейный отдел","link":"https://kaspi.kz/shop/p/larko-bandazh-shantsa-universal-nyi-112474538/"},"merchant":{"name":"LARKO-KZ","code":"17629423"},"editable":false,"editedByCustomer":false},{"id":"8a5c62238d102134018d2cd1bf3737eb","author":"Анастасия","date":"21.01.2024","orderNumber":"317910512","rating":5,"comment":{"minus":"","plus":"","text":"Товар понравился. Пришёл раньше."},"feedback":{"positive":0,"voted":false},"product":{"id":"112474538","name":"LARKO бандаж Шанца универсальный","categoryCode":"Master - The cervical region","categoryName":"Шейный отдел","link":"https://kaspi.kz/shop/p/larko-bandazh-shantsa-universal-nyi-112474538/"},"merchant":{"name":"LARKO-KZ","code":"17629423"},"editable":false,"editedByCustomer":false},{"id":"8a5c85a18c8a53f7018c8c2ea092050d","author":"Ирина","date":"21.12.2023","orderNumber":"305515447","rating":5,"comment":{"minus":"","plus":"","text":"Немного широковат, качество хорошее."},"feedback":{"positive":2,"voted":false},"product":{"id":"112474538","name":"LARKO бандаж Шанца универсальный","categoryCode":"Master - The cervical region","categoryName":"Шейный отдел","link":"https://kaspi.kz/shop/p/larko-bandazh-shantsa-universal-nyi-112474538/"},"merchant":{"name":"LARKO-KZ","code":"17629423"},"editable":false,"editedByCustomer":false},{"id":"8a5c65a38b85307a018b8638e540044a","author":"Рахила","date":"02.11.2023","orderNumber":"289127481","rating":5,"comment":{"minus":"","plus":"","text":"Очень удобно и недорого."},"feedback":{"positive":0,"voted":false},"product":{"id":"112474538","name":"LARKO бандаж Шанца универсальный","categoryCode":"Master - The cervical region","categoryName":"Шейный отдел","link":"https://kaspi.kz/shop/p/larko-bandazh-shantsa-universal-nyi-112474538/"},"merchant":{"name":"LARKO","code":"14901053"},"editable":false,"editedByCustomer":false},{"id":"8a5c65a38b85307a018b85bd565a0272","author":"Гульмира","date":"02.11.2023","orderNumber":"288177847","rating":5,"comment":{"minus":"","plus":"","text":"Покупала воротник сыну по показаниям невропатолога. Размер подошел идеально, ткань комфортная, мягкая. Заказ пришел вовремя, без задержек. Рекомендую."},"feedback":{"positive":3,"voted":false},"product":{"id":"112474538","name":"LARKO бандаж Шанца универсальный","categoryCode":"Master - The cervical region","categoryName":"Шейный отдел","link":"https://kaspi.kz/shop/p/larko-bandazh-shantsa-universal-nyi-112474538/"},"merchant":{"name":"LARKO","code":"14901053"},"editable":false,"editedByCustomer":false},{"id":"8a5c5aab8b5fee6d018b6a6ea8b0189b","author":"Зарина","date":"26.10.2023","orderNumber":"286066777","rating":5,"comment":{"minus":"","plus":"","text":"Удобный в использовании. Магазину благодарность за обслуживание и Каспи за такие возможности."},"feedback":{"positive":0,"voted":false},"product":{"id":"112474538","name":"LARKO бандаж Шанца универсальный","categoryCode":"Master - The cervical region","categoryName":"Шейный отдел","link":"https://kaspi.kz/shop/p/larko-bandazh-shantsa-universal-nyi-112474538/"},"merchant":{"name":"LARKO","code":"14901053"},"editable":false,"editedByCustomer":false},{"id":"8a5ca8d78afe1fe6018b0d9c60702279","author":"Сергей","date":"08.10.2023","orderNumber":"288579415","rating":5,"comment":{"minus":"","plus":"","text":"Всё отлично, рекомендую продавца!"},"feedback":{"positive":0,"voted":false},"product":{"id":"112474538","name":"LARKO бандаж Шанца универсальный","categoryCode":"Master - The cervical region","categoryName":"Шейный отдел","link":"https://kaspi.kz/shop/p/larko-bandazh-shantsa-universal-nyi-112474538/"},"merchant":{"name":"LARKO","code":"14901053"},"editable":false,"editedByCustomer":false},{"id":"8a5c30b58a72fe27018a809e5cce1460","author":"Алия","date":"15.09.2023","orderNumber":"279280561","rating":5,"comment":{"minus":"","plus":"","text":"Начала носить сразу как получила товар, мне очень нравится, за неделю видимый результат на фото, у меня шейный сколиоз и голова болит очень часто,  но после ношение данного воротника через неделю перестала болеть голова, шея начала выпрямляться, но ношу я его дома целый день, снимаю ночью и на улице.  Советую всем, очень эффективно"},"feedback":{"positive":28,"voted":false},"galleryImages":[{"id":"279280561-112474538/f7859033-e0a2-40e2-85fe-a8205f8a3a08.jpg","small":"https://resources.cdn-kaspi.kz/img/p/r/279280561-112474538/f7859033-e0a2-40e2-85fe-a8205f8a3a08.jpg?format=review_small","medium":"https://resources.cdn-kaspi.kz/img/p/r/279280561-112474538/f7859033-e0a2-40e2-85fe-a8205f8a3a08.jpg?format=review_medium","large":"https://resources.cdn-kaspi.kz/img/p/r/279280561-112474538/f7859033-e0a2-40e2-85fe-a8205f8a3a08.jpg?format=review_large"},{"id":"279280561-112474538/0a7d8174-02c9-4836-aba8-a4385eb39cc8.jpg","small":"https://resources.cdn-kaspi.kz/img/p/r/279280561-112474538/0a7d8174-02c9-4836-aba8-a4385eb39cc8.jpg?format=review_small","medium":"https://resources.cdn-kaspi.kz/img/p/r/279280561-112474538/0a7d8174-02c9-4836-aba8-a4385eb39cc8.jpg?format=review_medium","large":"https://resources.cdn-kaspi.kz/img/p/r/279280561-112474538/0a7d8174-02c9-4836-aba8-a4385eb39cc8.jpg?format=review_large"}],"product":{"id":"112474538","name":"LARKO бандаж Шанца универсальный","categoryCode":"Master - The cervical region","categoryName":"Шейный отдел","link":"https://kaspi.kz/shop/p/larko-bandazh-shantsa-universal-nyi-112474538/"},"merchant":{"name":"LARKO","code":"14901053"},"editable":false,"editedByCustomer":false},{"id":"8a5c658a8a26d362018a318bab5515cb","author":"Салтанат","date":"06.09.2023","orderNumber":"279708676","rating":5,"comment":{"minus":"","plus":"","text":"Очень хорошее качество. Товар пришёл размер в размер. Материал плотный, хороший. Рекомендую продавца всем. Спасибо."},"feedback":{"positive":0,"voted":false},"product":{"id":"112474538","name":"LARKO бандаж Шанца универсальный","categoryCode":"Master - The cervical region","categoryName":"Шейный отдел","link":"https://kaspi.kz/shop/p/larko-bandazh-shantsa-universal-nyi-112474538/"},"merchant":{"name":"LARKO","code":"14901053"},"editable":false,"editedByCustomer":false},{"id":"8a5ca0b18a017a65018a1731b03c299c","author":"Венера","date":"29.08.2023","orderNumber":"277911049","rating":5,"comment":{"minus":"","plus":"","text":"Маған ұнады! Сапасы керемет, алыға кеңес беремін!"},"feedback":{"positive":2,"voted":false},"galleryImages":[{"id":"277911049-112474538/88e1ef2a-1a14-435e-b96a-607bbca81aa3.jpg","small":"https://resources.cdn-kaspi.kz/img/p/r/277911049-112474538/88e1ef2a-1a14-435e-b96a-607bbca81aa3.jpg?format=review_small","medium":"https://resources.cdn-kaspi.kz/img/p/r/277911049-112474538/88e1ef2a-1a14-435e-b96a-607bbca81aa3.jpg?format=review_medium","large":"https://resources.cdn-kaspi.kz/img/p/r/277911049-112474538/88e1ef2a-1a14-435e-b96a-607bbca81aa3.jpg?format=review_large"},{"id":"277911049-112474538/906147db-613e-4f12-8cdc-fff194a19dbb.jpg","small":"https://resources.cdn-kaspi.kz/img/p/r/277911049-112474538/906147db-613e-4f12-8cdc-fff194a19dbb.jpg?format=review_small","medium":"https://resources.cdn-kaspi.kz/img/p/r/277911049-112474538/906147db-613e-4f12-8cdc-fff194a19dbb.jpg?format=review_medium","large":"https://resources.cdn-kaspi.kz/img/p/r/277911049-112474538/906147db-613e-4f12-8cdc-fff194a19dbb.jpg?format=review_large"},{"id":"277911049-112474538/31b35581-cc1c-4e96-973b-ce0b400f201d.jpg","small":"https://resources.cdn-kaspi.kz/img/p/r/277911049-112474538/31b35581-cc1c-4e96-973b-ce0b400f201d.jpg?format=review_small","medium":"https://resources.cdn-kaspi.kz/img/p/r/277911049-112474538/31b35581-cc1c-4e96-973b-ce0b400f201d.jpg?format=review_medium","large":"https://resources.cdn-kaspi.kz/img/p/r/277911049-112474538/31b35581-cc1c-4e96-973b-ce0b400f201d.jpg?format=review_large"},{"id":"277911049-112474538/623042a0-b39f-4e38-8ca4-973cba876b40.jpg","small":"https://resources.cdn-kaspi.kz/img/p/r/277911049-112474538/623042a0-b39f-4e38-8ca4-973cba876b40.jpg?format=review_small","medium":"https://resources.cdn-kaspi.kz/img/p/r/277911049-112474538/623042a0-b39f-4e38-8ca4-973cba876b40.jpg?format=review_medium","large":"https://resources.cdn-kaspi.kz/img/p/r/277911049-112474538/623042a0-b39f-4e38-8ca4-973cba876b40.jpg?format=review_large"},{"id":"277911049-112474538/bf8e8d1f-32a6-41e2-81f5-c5edd3066072.jpg","small":"https://resources.cdn-kaspi.kz/img/p/r/277911049-112474538/bf8e8d1f-32a6-41e2-81f5-c5edd3066072.jpg?format=review_small","medium":"https://resources.cdn-kaspi.kz/img/p/r/277911049-112474538/bf8e8d1f-32a6-41e2-81f5-c5edd3066072.jpg?format=review_medium","large":"https://resources.cdn-kaspi.kz/img/p/r/277911049-112474538/bf8e8d1f-32a6-41e2-81f5-c5edd3066072.jpg?format=review_large"}],"product":{"id":"112474538","name":"LARKO бандаж Шанца универсальный","categoryCode":"Master - The cervical region","categoryName":"Шейный отдел","link":"https://kaspi.kz/shop/p/larko-bandazh-shantsa-universal-nyi-112474538/"},"merchant":{"name":"LARKO","code":"14901053"},"editable":false,"editedByCustomer":false},{"id":"8a5cc3b78a26d21c018a3c5cd8e22b28","author":"Марина","date":"29.08.2023","orderNumber":"279767850","rating":5,"comment":{"minus":"","plus":"","text":"Бандаж хорошего качества, отлично фиксирует шею, плотный. Продавца рекомендую."},"feedback":{"positive":0,"voted":false},"product":{"id":"112474538","name":"LARKO бандаж Шанца универсальный","categoryCode":"Master - The cervical region","categoryName":"Шейный отдел","link":"https://kaspi.kz/shop/p/larko-bandazh-shantsa-universal-nyi-112474538/"},"merchant":null,"editable":false,"editedByCustomer":false}]}