{"data":[{"id":"8a5c02349618f32b01962f575ab070c1","author":"Сергей","date":"13.04.2025","orderNumber":"530587703","rating":5,"comment":{"minus":"","plus":"","text":"Отличный бандаж, при использовании грыжа не увеличивается мягкий дышащий материал."},"feedback":{"positive":0,"voted":false},"product":{"id":"124116076","name":"LARKO бандаж groin универсальный","categoryCode":"Master - Inguinal region","categoryName":"Паховый отдел","link":"https://kaspi.kz/shop/p/larko-bandazh-groin-universal-nyi-124116076/"},"merchant":{"name":"LARKO-KZ","code":"17629423"},"editable":false,"editedByCustomer":false},{"id":"8a5c196495b9628e0195b9685a8e0113","author":"Евгений","date":"21.03.2025","orderNumber":"515211597","rating":5,"comment":{"minus":"","plus":"","text":"Товар доставили вовремя, качество хорошее. В данный момент пытаюсь привыкнуть к его ношению. Спасибо Каспи и продавцу."},"feedback":{"positive":0,"voted":false},"product":{"id":"124116076","name":"LARKO бандаж groin универсальный","categoryCode":"Master - Inguinal region","categoryName":"Паховый отдел","link":"https://kaspi.kz/shop/p/larko-bandazh-groin-universal-nyi-124116076/"},"merchant":{"name":"LARKO-KZ","code":"17629423"},"editable":false,"editedByCustomer":false},{"id":"8a5cc38595acfcab0195b2dc02972b7e","author":"НҰРБОЛАТ","date":"20.03.2025","orderNumber":"518662346","rating":5,"comment":{"minus":"","plus":"","text":"Рахмет, сапасы керемет, ризамын жеткізуі де тез."},"feedback":{"positive":0,"voted":false},"product":{"id":"124116076","name":"LARKO бандаж groin универсальный","categoryCode":"Master - Inguinal region","categoryName":"Паховый отдел","link":"https://kaspi.kz/shop/p/larko-bandazh-groin-universal-nyi-124116076/"},"merchant":{"name":"LARKO-KZ","code":"17629423"},"editable":false,"editedByCustomer":false},{"id":"8a5c0cd094687584019484f603bd2ff5","author":"Alexander","date":"20.01.2025","orderNumber":"478944574","rating":5,"comment":{"minus":"","plus":"","text":"Удобный бондаж, не жмёт, не натирает. Носится поверх нижнего белья (боксеры, термобелье). Крепление на липучках."},"feedback":{"positive":0,"voted":false},"galleryImages":[{"id":"478944574-124116076/f05dd9cd-5a9c-4a3a-8029-b1db64fa22c6.jpeg","small":"https://resources.cdn-kaspi.kz/img/p/r/478944574-124116076/f05dd9cd-5a9c-4a3a-8029-b1db64fa22c6.jpeg?format=review_small","medium":"https://resources.cdn-kaspi.kz/img/p/r/478944574-124116076/f05dd9cd-5a9c-4a3a-8029-b1db64fa22c6.jpeg?format=review_medium","large":"https://resources.cdn-kaspi.kz/img/p/r/478944574-124116076/f05dd9cd-5a9c-4a3a-8029-b1db64fa22c6.jpeg?format=review_large"},{"id":"478944574-124116076/90ff4a41-4f4f-4d38-bd25-e281886f6df8.jpeg","small":"https://resources.cdn-kaspi.kz/img/p/r/478944574-124116076/90ff4a41-4f4f-4d38-bd25-e281886f6df8.jpeg?format=review_small","medium":"https://resources.cdn-kaspi.kz/img/p/r/478944574-124116076/90ff4a41-4f4f-4d38-bd25-e281886f6df8.jpeg?format=review_medium","large":"https://resources.cdn-kaspi.kz/img/p/r/478944574-124116076/90ff4a41-4f4f-4d38-bd25-e281886f6df8.jpeg?format=review_large"}],"product":{"id":"124116076","name":"LARKO бандаж groin универсальный","categoryCode":"Master - Inguinal region","categoryName":"Паховый отдел","link":"https://kaspi.kz/shop/p/larko-bandazh-groin-universal-nyi-124116076/"},"merchant":{"name":"LARKO-KZ","code":"17629423"},"editable":false,"editedByCustomer":false},{"id":"8a5c9dbc9401956a01945a443a9b71a9","author":"Нуржамал","date":"12.01.2025","orderNumber":"476113114","rating":5,"comment":{"minus":"","plus":"","text":"Жақсы, күйеуіме алғанмын."},"feedback":{"positive":0,"voted":false},"product":{"id":"124116076","name":"LARKO бандаж groin универсальный","categoryCode":"Master - Inguinal region","categoryName":"Паховый отдел","link":"https://kaspi.kz/shop/p/larko-bandazh-groin-universal-nyi-124116076/"},"merchant":{"name":"LARKO-KZ","code":"17629423"},"editable":false,"editedByCustomer":false},{"id":"8a5cc05b944e320901944e949bd90026","author":"Лада","date":"10.01.2025","orderNumber":"473970833","rating":5,"comment":{"minus":"","plus":"","text":"Пояс хорошего качества, мужу все подошло. Регулируется по размеру, есть инструкция."},"feedback":{"positive":0,"voted":false},"galleryImages":[{"id":"473970833-124116076/911091cf-803b-4a84-b99d-33754203b964.jpeg","small":"https://resources.cdn-kaspi.kz/img/p/r/473970833-124116076/911091cf-803b-4a84-b99d-33754203b964.jpeg?format=review_small","medium":"https://resources.cdn-kaspi.kz/img/p/r/473970833-124116076/911091cf-803b-4a84-b99d-33754203b964.jpeg?format=review_medium","large":"https://resources.cdn-kaspi.kz/img/p/r/473970833-124116076/911091cf-803b-4a84-b99d-33754203b964.jpeg?format=review_large"},{"id":"473970833-124116076/dfc27464-c0c7-4294-9cfc-3b47efc4aedd.jpeg","small":"https://resources.cdn-kaspi.kz/img/p/r/473970833-124116076/dfc27464-c0c7-4294-9cfc-3b47efc4aedd.jpeg?format=review_small","medium":"https://resources.cdn-kaspi.kz/img/p/r/473970833-124116076/dfc27464-c0c7-4294-9cfc-3b47efc4aedd.jpeg?format=review_medium","large":"https://resources.cdn-kaspi.kz/img/p/r/473970833-124116076/dfc27464-c0c7-4294-9cfc-3b47efc4aedd.jpeg?format=review_large"},{"id":"473970833-124116076/cc723f65-b45a-4656-9242-a00cd427a625.jpeg","small":"https://resources.cdn-kaspi.kz/img/p/r/473970833-124116076/cc723f65-b45a-4656-9242-a00cd427a625.jpeg?format=review_small","medium":"https://resources.cdn-kaspi.kz/img/p/r/473970833-124116076/cc723f65-b45a-4656-9242-a00cd427a625.jpeg?format=review_medium","large":"https://resources.cdn-kaspi.kz/img/p/r/473970833-124116076/cc723f65-b45a-4656-9242-a00cd427a625.jpeg?format=review_large"}],"product":{"id":"124116076","name":"LARKO бандаж groin универсальный","categoryCode":"Master - Inguinal region","categoryName":"Паховый отдел","link":"https://kaspi.kz/shop/p/larko-bandazh-groin-universal-nyi-124116076/"},"merchant":{"name":"LARKO-KZ","code":"17629423"},"editable":false,"editedByCustomer":false},{"id":"8a5c221e940195a201940762e2280cb8","author":"Евгений","date":"27.12.2024","orderNumber":"470214135","rating":5,"comment":{"minus":"","plus":"","text":"Пока все устраивает, бондаж подошел. Спасибо за сервис и быструю доставку!"},"feedback":{"positive":0,"voted":false},"product":{"id":"124116076","name":"LARKO бандаж groin универсальный","categoryCode":"Master - Inguinal region","categoryName":"Паховый отдел","link":"https://kaspi.kz/shop/p/larko-bandazh-groin-universal-nyi-124116076/"},"merchant":{"name":"LARKO-KZ","code":"17629423"},"editable":false,"editedByCustomer":false},{"id":"8a5c0a8d939556510193a716a9161f87","author":"Анатолий","date":"08.12.2024","orderNumber":"455442793","rating":5,"comment":{"minus":"","plus":"","text":"Бандаж удобный. С ним мне комфортно!"},"feedback":{"positive":0,"voted":false},"product":{"id":"124116076","name":"LARKO бандаж groin универсальный","categoryCode":"Master - Inguinal region","categoryName":"Паховый отдел","link":"https://kaspi.kz/shop/p/larko-bandazh-groin-universal-nyi-124116076/"},"merchant":{"name":"LARKO-KZ","code":"17629423"},"editable":false,"editedByCustomer":false},{"id":"8a5cee2c9366caa101939220ef2c3b19","author":"Карлыгаш","date":"04.12.2024","orderNumber":"452521005","rating":5,"comment":{"minus":"","plus":"","text":"Бандаж алдық. Бәрі жақсы! Рахмет!."},"feedback":{"positive":0,"voted":false},"product":{"id":"124116076","name":"LARKO бандаж groin универсальный","categoryCode":"Master - Inguinal region","categoryName":"Паховый отдел","link":"https://kaspi.kz/shop/p/larko-bandazh-groin-universal-nyi-124116076/"},"merchant":{"name":"LARKO-KZ","code":"17629423"},"editable":false,"editedByCustomer":false},{"id":"8a5c9866938a82af01938de02f6f0645","author":"Николай","date":"03.12.2024","orderNumber":"450453313","rating":5,"comment":{"minus":"","plus":"","text":"Отлично подходит, прям мой размер. Выписал второй. Спасибо всем."},"feedback":{"positive":0,"voted":false},"product":{"id":"124116076","name":"LARKO бандаж groin универсальный","categoryCode":"Master - Inguinal region","categoryName":"Паховый отдел","link":"https://kaspi.kz/shop/p/larko-bandazh-groin-universal-nyi-124116076/"},"merchant":{"name":"LARKO-KZ","code":"17629423"},"editable":false,"editedByCustomer":false},{"id":"8a5c64df9366cb47019381588f222506","author":"Наталья","date":"01.12.2024","orderNumber":"451874873","rating":5,"comment":{"minus":"","plus":"","text":"Отличный товар, быстрая доставка."},"feedback":{"positive":0,"voted":false},"product":{"id":"124116076","name":"LARKO бандаж groin универсальный","categoryCode":"Master - Inguinal region","categoryName":"Паховый отдел","link":"https://kaspi.kz/shop/p/larko-bandazh-groin-universal-nyi-124116076/"},"merchant":{"name":"LARKO-KZ","code":"17629423"},"editable":false,"editedByCustomer":false},{"id":"8a5c60d59366cb9701936d28664c0ac0","author":"Николай","date":"27.11.2024","orderNumber":"448086981","rating":5,"comment":{"minus":"","plus":"","text":"Подошёл идеально. Выписал ещё один. Спасибо всем!"},"feedback":{"positive":0,"voted":false},"product":{"id":"124116076","name":"LARKO бандаж groin универсальный","categoryCode":"Master - Inguinal region","categoryName":"Паховый отдел","link":"https://kaspi.kz/shop/p/larko-bandazh-groin-universal-nyi-124116076/"},"merchant":{"name":"LARKO-KZ","code":"17629423"},"editable":false,"editedByCustomer":false},{"id":"8a5c85869347bfc5019354444ec5150e","author":"Азиза","date":"22.11.2024","orderNumber":"446821833","rating":5,"comment":{"minus":"","plus":"","text":"Спасибо магазину LARKO за быструю доставку, хороший бандаж."},"feedback":{"positive":0,"voted":false},"product":{"id":"124116076","name":"LARKO бандаж groin универсальный","categoryCode":"Master - Inguinal region","categoryName":"Паховый отдел","link":"https://kaspi.kz/shop/p/larko-bandazh-groin-universal-nyi-124116076/"},"merchant":{"name":"LARKO-KZ","code":"17629423"},"editable":false,"editedByCustomer":false},{"id":"8a5ceb69931f0c9001932888f0f810a6","author":"Гаухар","date":"14.11.2024","orderNumber":"444036836","rating":5,"comment":{"minus":"","plus":"","text":"Бандаж идеально подошел, материал приятный, хорошо держится, а сумма отличная нигде такой цены на бандаж не видела советую, Спасибо магазину LARKO-KZ."},"feedback":{"positive":0,"voted":false},"product":{"id":"124116076","name":"LARKO бандаж groin универсальный","categoryCode":"Master - Inguinal region","categoryName":"Паховый отдел","link":"https://kaspi.kz/shop/p/larko-bandazh-groin-universal-nyi-124116076/"},"merchant":{"name":"LARKO-KZ","code":"17629423"},"editable":false,"editedByCustomer":true},{"id":"8a5c54bd931f0d570193203bac9e0344","author":"Михаил","date":"12.11.2024","orderNumber":"441548290","rating":5,"comment":{"minus":"","plus":"","text":"Отличный товар, все подошло."},"feedback":{"positive":0,"voted":false},"product":{"id":"124116076","name":"LARKO бандаж groin универсальный","categoryCode":"Master - Inguinal region","categoryName":"Паховый отдел","link":"https://kaspi.kz/shop/p/larko-bandazh-groin-universal-nyi-124116076/"},"merchant":{"name":"LARKO-KZ","code":"17629423"},"editable":false,"editedByCustomer":false},{"id":"8a5ca8cf92fbec2c0192fc2af5e500f4","author":"Рашид","date":"05.11.2024","orderNumber":"436582587","rating":5,"comment":{"minus":"","plus":"","text":"Классный бандаж. Спасибо larko."},"feedback":{"positive":0,"voted":false},"galleryImages":[{"id":"436582587-124116076/5e839916-e519-4cac-9860-1c2de5ad5fd0.jpeg","small":"https://resources.cdn-kaspi.kz/img/p/r/436582587-124116076/5e839916-e519-4cac-9860-1c2de5ad5fd0.jpeg?format=review_small","medium":"https://resources.cdn-kaspi.kz/img/p/r/436582587-124116076/5e839916-e519-4cac-9860-1c2de5ad5fd0.jpeg?format=review_medium","large":"https://resources.cdn-kaspi.kz/img/p/r/436582587-124116076/5e839916-e519-4cac-9860-1c2de5ad5fd0.jpeg?format=review_large"}],"product":{"id":"124116076","name":"LARKO бандаж groin универсальный","categoryCode":"Master - Inguinal region","categoryName":"Паховый отдел","link":"https://kaspi.kz/shop/p/larko-bandazh-groin-universal-nyi-124116076/"},"merchant":{"name":"LARKO-KZ","code":"17629423"},"editable":false,"editedByCustomer":false},{"id":"8a5c985692dd79700192e17eee95063f","author":"Еркингелди","date":"31.10.2024","orderNumber":"426814080","rating":4,"comment":{"minus":"","plus":"","text":"Получил товар вовремя, цена/качество приемлемое, продавец ответственный, доставил вовремя."},"feedback":{"positive":0,"voted":false},"product":{"id":"124116076","name":"LARKO бандаж groin универсальный","categoryCode":"Master - Inguinal region","categoryName":"Паховый отдел","link":"https://kaspi.kz/shop/p/larko-bandazh-groin-universal-nyi-124116076/"},"merchant":{"name":"LARKO-KZ","code":"17629423"},"editable":false,"editedByCustomer":false},{"id":"8a5c3047924c48f60192518b80fe0b13","author":"Владимир","date":"03.10.2024","orderNumber":"419521639","rating":5,"comment":{"minus":"","plus":"","text":"Купил в магазине Larkо. Качество материала отличное. Бандаж удобный, практически перестал ощущать грыжу. Такие же бандажи в других магазинах в три раза, а то и больше дороже."},"feedback":{"positive":1,"voted":false},"product":{"id":"124116076","name":"LARKO бандаж groin универсальный","categoryCode":"Master - Inguinal region","categoryName":"Паховый отдел","link":"https://kaspi.kz/shop/p/larko-bandazh-groin-universal-nyi-124116076/"},"merchant":{"name":"LARKO-KZ","code":"17629423"},"editable":false,"editedByCustomer":false}]}