{"data":[{"id":"8a5cd4aa9646d7f5019646db39dd0005","author":"Алёна","date":"18.04.2025","orderNumber":"532037289","rating":5,"comment":{"minus":"","plus":"","text":"Утяжки просто супер!"},"feedback":{"positive":0,"voted":false},"product":{"id":"116314623","name":"Трусы LARKO pkw бежевый 2XL","categoryCode":"Master - Women shapewear","categoryName":"Женское корректирующее белье","link":"https://kaspi.kz/shop/p/trusy-larko-pkw-bezhevyi-2xl-116314623/"},"merchant":{"name":"LARKO-KZ","code":"17629423"},"editable":false,"editedByCustomer":false},{"id":"8a5c1cad9618f3120196443f3db94dde","author":"Айдана","date":"17.04.2025","orderNumber":"532088154","rating":5,"comment":{"minus":"","plus":"","text":"Шынайы отзыв качество топ ішті прям күшті тартады, өкінбейсіз дер. Советую."},"feedback":{"positive":1,"voted":false},"product":{"id":"116314623","name":"Трусы LARKO pkw бежевый 2XL","categoryCode":"Master - Women shapewear","categoryName":"Женское корректирующее белье","link":"https://kaspi.kz/shop/p/trusy-larko-pkw-bezhevyi-2xl-116314623/"},"merchant":{"name":"LARKO-KZ","code":"17629423"},"editable":false,"editedByCustomer":false},{"id":"8a5c986996377e78019638fc943f07c2","author":"Гульзат","date":"15.04.2025","orderNumber":"531308982","rating":5,"comment":{"minus":"","plus":"","text":"Керемет! Өте ыңғайлы, рахмет!"},"feedback":{"positive":0,"voted":false},"product":{"id":"116314623","name":"Трусы LARKO pkw бежевый 2XL","categoryCode":"Master - Women shapewear","categoryName":"Женское корректирующее белье","link":"https://kaspi.kz/shop/p/trusy-larko-pkw-bezhevyi-2xl-116314623/"},"merchant":{"name":"LARKO-KZ","code":"17629423"},"editable":false,"editedByCustomer":false},{"id":"8a5ccd6b9637769e0196377941670004","author":"Мадина","date":"15.04.2025","orderNumber":"532119174","rating":5,"comment":{"minus":"","plus":"","text":"Качество отличное, мне все понравилось."},"feedback":{"positive":0,"voted":false},"product":{"id":"116314623","name":"Трусы LARKO pkw бежевый 2XL","categoryCode":"Master - Women shapewear","categoryName":"Женское корректирующее белье","link":"https://kaspi.kz/shop/p/trusy-larko-pkw-bezhevyi-2xl-116314623/"},"merchant":{"name":"LARKO-KZ","code":"17629423"},"editable":false,"editedByCustomer":false},{"id":"8a5c3c37962d50d501962ff4c64010a8","author":"Елена","date":"13.04.2025","orderNumber":"527519398","rating":5,"comment":{"minus":"","plus":"","text":"Очень довольна покупкой! Скрывают погрешности фигуры. Первоначально заказала в чёрном цвете, оценила и повторила в бежевом."},"feedback":{"positive":0,"voted":false},"product":{"id":"116314623","name":"Трусы LARKO pkw бежевый 2XL","categoryCode":"Master - Women shapewear","categoryName":"Женское корректирующее белье","link":"https://kaspi.kz/shop/p/trusy-larko-pkw-bezhevyi-2xl-116314623/"},"merchant":{"name":"LARKO-KZ","code":"17629423"},"editable":false,"editedByCustomer":false},{"id":"8a5cf33195acfd0d0195e76a00cc2e87","author":"Данагуль","date":"02.04.2025","orderNumber":"521531975","rating":5,"comment":{"minus":"","plus":"","text":"Товарымды алдым. Ойдағыдай келді. Сапасы керемет. 50 р XXL тура келді."},"feedback":{"positive":0,"voted":false},"product":{"id":"116314623","name":"Трусы LARKO pkw бежевый 2XL","categoryCode":"Master - Women shapewear","categoryName":"Женское корректирующее белье","link":"https://kaspi.kz/shop/p/trusy-larko-pkw-bezhevyi-2xl-116314623/"},"merchant":{"name":"LARKO-KZ","code":"17629423"},"editable":false,"editedByCustomer":false},{"id":"8a5c6a1595c616b50195ef1fad0b423e","author":"Гүлмира","date":"01.04.2025","orderNumber":"524273559","rating":5,"comment":{"minus":"","plus":"","text":"Сапасы жақсы. Майы жоқ, тек іші барларарға, әсіресе босанғаннан кейін ішті тартқанға жақсы ішкиім екен."},"feedback":{"positive":0,"voted":false},"product":{"id":"116314623","name":"Трусы LARKO pkw бежевый 2XL","categoryCode":"Master - Women shapewear","categoryName":"Женское корректирующее белье","link":"https://kaspi.kz/shop/p/trusy-larko-pkw-bezhevyi-2xl-116314623/"},"merchant":{"name":"LARKO-KZ","code":"17629423"},"editable":false,"editedByCustomer":false},{"id":"8a5c580695acfd8b0195eb68521c3f49","author":"Нургуль","date":"31.03.2025","orderNumber":"524401501","rating":5,"comment":{"minus":"","plus":"","text":"Товар уақытынан да тез жеткізілді, сапасыда жақсы, тапсырыс беріңіздер."},"feedback":{"positive":0,"voted":false},"product":{"id":"116314623","name":"Трусы LARKO pkw бежевый 2XL","categoryCode":"Master - Women shapewear","categoryName":"Женское корректирующее белье","link":"https://kaspi.kz/shop/p/trusy-larko-pkw-bezhevyi-2xl-116314623/"},"merchant":{"name":"LARKO-KZ","code":"17629423"},"editable":false,"editedByCustomer":false},{"id":"8a5ce3db95acfd640195cb635d3b2730","author":"Айнаш","date":"25.03.2025","orderNumber":"517546413","rating":5,"comment":{"minus":"","plus":"","text":"Классные, хорошо утягивают живот, спасибо Каспи Магазину."},"feedback":{"positive":0,"voted":false},"product":{"id":"116314623","name":"Трусы LARKO pkw бежевый 2XL","categoryCode":"Master - Women shapewear","categoryName":"Женское корректирующее белье","link":"https://kaspi.kz/shop/p/trusy-larko-pkw-bezhevyi-2xl-116314623/"},"merchant":{"name":"LARKO-KZ","code":"17629423"},"editable":false,"editedByCustomer":false},{"id":"8a5cc628939556880193a0ec759d147b","author":"Ирина","date":"07.12.2024","orderNumber":"452788542","rating":5,"comment":{"minus":"","plus":"","text":"Очень классные талия появилась) Мой размер 46/48 взяла 2xl, рекомендую!"},"feedback":{"positive":0,"voted":false},"product":{"id":"116314623","name":"Трусы LARKO pkw бежевый 2XL","categoryCode":"Master - Women shapewear","categoryName":"Женское корректирующее белье","link":"https://kaspi.kz/shop/p/trusy-larko-pkw-bezhevyi-2xl-116314623/"},"merchant":{"name":"LARKO-KZ","code":"17629423"},"editable":false,"editedByCustomer":false},{"id":"8a5c9c779347bd89019361abf1552366","author":"Аягоз","date":"25.11.2024","orderNumber":"449716740","rating":5,"comment":{"minus":"","plus":"","text":"Рақмет, размер жағынан уайымдап едім, тура келді. Ішті жақсы тартып тұрады екен. Босанған соң ішім жайылып кетіп еді. Тартып тұр. Ыңғайлы. Көйлектен көрінбейді де."},"feedback":{"positive":1,"voted":false},"product":{"id":"116314623","name":"Трусы LARKO pkw бежевый 2XL","categoryCode":"Master - Women shapewear","categoryName":"Женское корректирующее белье","link":"https://kaspi.kz/shop/p/trusy-larko-pkw-bezhevyi-2xl-116314623/"},"merchant":{"name":"LARKO-KZ","code":"17629423"},"editable":false,"editedByCustomer":false},{"id":"8a5c2cfb931f0e5e01933a53f7a42aa7","author":"Дильназ","date":"17.11.2024","orderNumber":"444521939","rating":5,"comment":{"minus":"","plus":"","text":"Очень классный корсет."},"feedback":{"positive":1,"voted":false},"product":{"id":"116314623","name":"Трусы LARKO pkw бежевый 2XL","categoryCode":"Master - Women shapewear","categoryName":"Женское корректирующее белье","link":"https://kaspi.kz/shop/p/trusy-larko-pkw-bezhevyi-2xl-116314623/"},"merchant":{"name":"LARKO-KZ","code":"17629423"},"editable":false,"editedByCustomer":false},{"id":"8a5c9804915e5c8801916154f35a0643","author":"Татьяна","date":"17.08.2024","orderNumber":"392859319","rating":5,"comment":{"minus":"","plus":"","text":"Качество пошива отличное, размер соответствует заявленному. Мягко, но основательно держит спину и подтягивает животик. Я взяла размер XXL, хорошо корректирует фигуру и не нарушает кровообращение. Рекомендую."},"feedback":{"positive":0,"voted":false},"product":{"id":"116314623","name":"Трусы LARKO pkw бежевый 2XL","categoryCode":"Master - Women shapewear","categoryName":"Женское корректирующее белье","link":"https://kaspi.kz/shop/p/trusy-larko-pkw-bezhevyi-2xl-116314623/"},"merchant":{"name":"LARKO-KZ","code":"17629423"},"editable":false,"editedByCustomer":false},{"id":"8a5c981690d890f10190ef569a602b61","author":"Анифа","date":"26.07.2024","orderNumber":"386039638","rating":3,"comment":{"minus":"","plus":"","text":"Нармальна."},"feedback":{"positive":0,"voted":false},"product":{"id":"116314623","name":"Трусы LARKO pkw бежевый 2XL","categoryCode":"Master - Women shapewear","categoryName":"Женское корректирующее белье","link":"https://kaspi.kz/shop/p/trusy-larko-pkw-bezhevyi-2xl-116314623/"},"merchant":{"name":"LARKO-KZ","code":"17629423"},"editable":false,"editedByCustomer":false},{"id":"8a5c931690b95be70190bb2aaf35027f","author":"Аяужан","date":"16.07.2024","orderNumber":"382717232","rating":5,"comment":{"minus":"","plus":"","text":"Заказым келді, качество все супер."},"feedback":{"positive":0,"voted":false},"product":{"id":"116314623","name":"Трусы LARKO pkw бежевый 2XL","categoryCode":"Master - Women shapewear","categoryName":"Женское корректирующее белье","link":"https://kaspi.kz/shop/p/trusy-larko-pkw-bezhevyi-2xl-116314623/"},"merchant":{"name":"LARKO-KZ","code":"17629423"},"editable":false,"editedByCustomer":false},{"id":"8a5c07b3909fd2030190a32a2db3055f","author":"Айжан","date":"11.07.2024","orderNumber":"355386508","rating":5,"comment":{"minus":"","plus":"","text":"Хорошие трусики, с размером ошиблась."},"feedback":{"positive":1,"voted":false},"product":{"id":"116314623","name":"Трусы LARKO pkw бежевый 2XL","categoryCode":"Master - Women shapewear","categoryName":"Женское корректирующее белье","link":"https://kaspi.kz/shop/p/trusy-larko-pkw-bezhevyi-2xl-116314623/"},"merchant":{"name":"LARKO-KZ","code":"17629423"},"editable":false,"editedByCustomer":false},{"id":"8a5c80b08fdc728d018fe3d65c5914d5","author":"Айгул","date":"06.06.2024","orderNumber":"354498219","rating":4,"comment":{"minus":"","plus":"","text":"Маломерит размер."},"feedback":{"positive":1,"voted":false},"product":{"id":"116314623","name":"Трусы LARKO pkw бежевый 2XL","categoryCode":"Master - Women shapewear","categoryName":"Женское корректирующее белье","link":"https://kaspi.kz/shop/p/trusy-larko-pkw-bezhevyi-2xl-116314623/"},"merchant":{"name":"LARKO-KZ","code":"17629423"},"editable":false,"editedByCustomer":false},{"id":"8a5c9c7d8f75e418018f9aafe1403ea7","author":"Лариса","date":"21.05.2024","orderNumber":"358637208","rating":4,"comment":{"minus":"","plus":"","text":"Товар хорошего качества, неплохо утягивает, но в процессе носки немного сползает. если была бы сверху силиконовая лента, думаю таких проблем бы не было, доставка как всегда молодцы."},"feedback":{"positive":1,"voted":false},"product":{"id":"116314623","name":"Трусы LARKO pkw бежевый 2XL","categoryCode":"Master - Women shapewear","categoryName":"Женское корректирующее белье","link":"https://kaspi.kz/shop/p/trusy-larko-pkw-bezhevyi-2xl-116314623/"},"merchant":{"name":"LARKO-KZ","code":"17629423"},"editable":false,"editedByCustomer":false},{"id":"8a5c11818f75e275018f857c0b3c1e53","author":"Надежда","date":"17.05.2024","orderNumber":"356920292","rating":5,"comment":{"minus":"","plus":"","text":"Хорошо утягивает, супер."},"feedback":{"positive":0,"voted":false},"product":{"id":"116314623","name":"Трусы LARKO pkw бежевый 2XL","categoryCode":"Master - Women shapewear","categoryName":"Женское корректирующее белье","link":"https://kaspi.kz/shop/p/trusy-larko-pkw-bezhevyi-2xl-116314623/"},"merchant":{"name":"LARKO-KZ","code":"17629423"},"editable":false,"editedByCustomer":false}]}