{"data":[{"id":"8a5cb3c89618f3930196550287140d4b","author":"Айсұлу","date":"22.04.2025","orderNumber":"534860393","rating":5,"comment":{"minus":"","plus":"","text":"Сапасы керемет екен, маған ұнады. LARKO-KZ магазиніне рақмет, уақытылы келді."},"feedback":{"positive":0,"voted":false},"product":{"id":"110801534","name":"LARKO Для беременных бандаж до и послеродовой черный размер L","categoryCode":"Master - Bandages and orthoses","categoryName":"Бандажи и ортезы","link":"https://kaspi.kz/shop/p/larko-dlja-beremennyh-bandazh-do-i-poslerodovoi-chernyi-razmer-l-110801534/"},"merchant":{"name":"LARKO-KZ","code":"17629423"},"editable":false,"editedByCustomer":false},{"id":"8a5c1cad9618f3120196494a4ad06233","author":"Гулдария","date":"18.04.2025","orderNumber":"533886450","rating":5,"comment":{"minus":"","plus":"","text":"Бандаж өте әдемі, качество супер, қатты ұнады, товарды тез аз уақытта жеткізді, магазинге үлкен рахмет."},"feedback":{"positive":0,"voted":false},"galleryImages":[{"id":"533886450-110801534/0a238775-539d-48ce-b708-5dcf8f8575ea.jpeg","small":"https://resources.cdn-kaspi.kz/img/p/r/533886450-110801534/0a238775-539d-48ce-b708-5dcf8f8575ea.jpeg?format=review_small","medium":"https://resources.cdn-kaspi.kz/img/p/r/533886450-110801534/0a238775-539d-48ce-b708-5dcf8f8575ea.jpeg?format=review_medium","large":"https://resources.cdn-kaspi.kz/img/p/r/533886450-110801534/0a238775-539d-48ce-b708-5dcf8f8575ea.jpeg?format=review_large"},{"id":"533886450-110801534/a4aa3859-8e25-4011-b04d-80f19038f0f2.jpeg","small":"https://resources.cdn-kaspi.kz/img/p/r/533886450-110801534/a4aa3859-8e25-4011-b04d-80f19038f0f2.jpeg?format=review_small","medium":"https://resources.cdn-kaspi.kz/img/p/r/533886450-110801534/a4aa3859-8e25-4011-b04d-80f19038f0f2.jpeg?format=review_medium","large":"https://resources.cdn-kaspi.kz/img/p/r/533886450-110801534/a4aa3859-8e25-4011-b04d-80f19038f0f2.jpeg?format=review_large"}],"product":{"id":"110801534","name":"LARKO Для беременных бандаж до и послеродовой черный размер L","categoryCode":"Master - Bandages and orthoses","categoryName":"Бандажи и ортезы","link":"https://kaspi.kz/shop/p/larko-dlja-beremennyh-bandazh-do-i-poslerodovoi-chernyi-razmer-l-110801534/"},"merchant":{"name":"LARKO-KZ","code":"17629423"},"editable":false,"editedByCustomer":false},{"id":"8a5cadc29618f2fa019637b7910811b6","author":"Анастасия","date":"15.04.2025","orderNumber":"531084107","rating":5,"comment":{"minus":"","plus":"","text":"В действии еще не попробовала, но бандаж пришел отличного качества, доставка в обещанный срок."},"feedback":{"positive":0,"voted":false},"product":{"id":"110801534","name":"LARKO Для беременных бандаж до и послеродовой черный размер L","categoryCode":"Master - Bandages and orthoses","categoryName":"Бандажи и ортезы","link":"https://kaspi.kz/shop/p/larko-dlja-beremennyh-bandazh-do-i-poslerodovoi-chernyi-razmer-l-110801534/"},"merchant":{"name":"LARKO-KZ","code":"17629423"},"editable":false,"editedByCustomer":false},{"id":"8a5cadc29618f2fa01962ad84ae76122","author":"Арайлым","date":"12.04.2025","orderNumber":"530032240","rating":5,"comment":{"minus":"","plus":"","text":"Все отлично, качественный товар, супер быстрая доставка."},"feedback":{"positive":0,"voted":false},"product":{"id":"110801534","name":"LARKO Для беременных бандаж до и послеродовой черный размер L","categoryCode":"Master - Bandages and orthoses","categoryName":"Бандажи и ортезы","link":"https://kaspi.kz/shop/p/larko-dlja-beremennyh-bandazh-do-i-poslerodovoi-chernyi-razmer-l-110801534/"},"merchant":{"name":"LARKO-KZ","code":"17629423"},"editable":false,"editedByCustomer":false},{"id":"8a5ccd76961e316501961fa5364c0bd4","author":"Шыңғыс","date":"10.04.2025","orderNumber":"530024894","rating":5,"comment":{"minus":"","plus":"","text":"Спасибо большое, классный бондаж."},"feedback":{"positive":0,"voted":false},"product":{"id":"110801534","name":"LARKO Для беременных бандаж до и послеродовой черный размер L","categoryCode":"Master - Bandages and orthoses","categoryName":"Бандажи и ортезы","link":"https://kaspi.kz/shop/p/larko-dlja-beremennyh-bandazh-do-i-poslerodovoi-chernyi-razmer-l-110801534/"},"merchant":{"name":"LARKO-KZ","code":"17629423"},"editable":false,"editedByCustomer":false},{"id":"8a5c119295f5262c0196102c3e7b7862","author":"Жанерке","date":"07.04.2025","orderNumber":"526156879","rating":5,"comment":{"minus":"","plus":"","text":"Хороший товар."},"feedback":{"positive":0,"voted":false},"product":{"id":"110801534","name":"LARKO Для беременных бандаж до и послеродовой черный размер L","categoryCode":"Master - Bandages and orthoses","categoryName":"Бандажи и ортезы","link":"https://kaspi.kz/shop/p/larko-dlja-beremennyh-bandazh-do-i-poslerodovoi-chernyi-razmer-l-110801534/"},"merchant":{"name":"LARKO-KZ","code":"17629423"},"editable":false,"editedByCustomer":false},{"id":"8a5c6a1595c616b50195f4ae68d85626","author":"Елизавета","date":"02.04.2025","orderNumber":"523683281","rating":5,"comment":{"minus":"","plus":"","text":"Очень удобный бандаж, мне понравился, всем советую и доставка быстрая."},"feedback":{"positive":0,"voted":false},"product":{"id":"110801534","name":"LARKO Для беременных бандаж до и послеродовой черный размер L","categoryCode":"Master - Bandages and orthoses","categoryName":"Бандажи и ортезы","link":"https://kaspi.kz/shop/p/larko-dlja-beremennyh-bandazh-do-i-poslerodovoi-chernyi-razmer-l-110801534/"},"merchant":{"name":"LARKO-KZ","code":"17629423"},"editable":false,"editedByCustomer":false},{"id":"8a5c6a1595c616b50195f049bddb45aa","author":"Назым","date":"01.04.2025","orderNumber":"517962013","rating":5,"comment":{"minus":"","plus":"","text":"По размеру подошло. Очень удобный бандаж, особенно на последних месяцах беременности."},"feedback":{"positive":0,"voted":false},"product":{"id":"110801534","name":"LARKO Для беременных бандаж до и послеродовой черный размер L","categoryCode":"Master - Bandages and orthoses","categoryName":"Бандажи и ортезы","link":"https://kaspi.kz/shop/p/larko-dlja-beremennyh-bandazh-do-i-poslerodovoi-chernyi-razmer-l-110801534/"},"merchant":{"name":"LARKO-KZ","code":"17629423"},"editable":false,"editedByCustomer":false},{"id":"8a5c580695acfd8b0195ed71e9cf51f8","author":"Назира","date":"31.03.2025","orderNumber":"522902057","rating":5,"comment":{"minus":"","plus":"","text":"Хороший бандаж, быстрая доставка удобная, ничего не колется."},"feedback":{"positive":0,"voted":false},"product":{"id":"110801534","name":"LARKO Для беременных бандаж до и послеродовой черный размер L","categoryCode":"Master - Bandages and orthoses","categoryName":"Бандажи и ортезы","link":"https://kaspi.kz/shop/p/larko-dlja-beremennyh-bandazh-do-i-poslerodovoi-chernyi-razmer-l-110801534/"},"merchant":{"name":"LARKO-KZ","code":"17629423"},"editable":false,"editedByCustomer":false},{"id":"8a5c405695d51bda0195e28965eb4399","author":"Оралхан","date":"29.03.2025","orderNumber":"521800809","rating":3,"comment":{"minus":"","plus":"","text":"Тігісі нашар екен!."},"feedback":{"positive":1,"voted":false},"galleryImages":[{"id":"521800809-110801534/d3bfe99c-bf74-498a-9f67-6ff7404efe13.jpeg","small":"https://resources.cdn-kaspi.kz/img/p/r/521800809-110801534/d3bfe99c-bf74-498a-9f67-6ff7404efe13.jpeg?format=review_small","medium":"https://resources.cdn-kaspi.kz/img/p/r/521800809-110801534/d3bfe99c-bf74-498a-9f67-6ff7404efe13.jpeg?format=review_medium","large":"https://resources.cdn-kaspi.kz/img/p/r/521800809-110801534/d3bfe99c-bf74-498a-9f67-6ff7404efe13.jpeg?format=review_large"},{"id":"521800809-110801534/1c57fefe-9c63-49f5-8430-e6d247bf7a6e.jpeg","small":"https://resources.cdn-kaspi.kz/img/p/r/521800809-110801534/1c57fefe-9c63-49f5-8430-e6d247bf7a6e.jpeg?format=review_small","medium":"https://resources.cdn-kaspi.kz/img/p/r/521800809-110801534/1c57fefe-9c63-49f5-8430-e6d247bf7a6e.jpeg?format=review_medium","large":"https://resources.cdn-kaspi.kz/img/p/r/521800809-110801534/1c57fefe-9c63-49f5-8430-e6d247bf7a6e.jpeg?format=review_large"},{"id":"521800809-110801534/03c3d4ef-cbda-4aa1-8c00-03ef208f89c4.jpeg","small":"https://resources.cdn-kaspi.kz/img/p/r/521800809-110801534/03c3d4ef-cbda-4aa1-8c00-03ef208f89c4.jpeg?format=review_small","medium":"https://resources.cdn-kaspi.kz/img/p/r/521800809-110801534/03c3d4ef-cbda-4aa1-8c00-03ef208f89c4.jpeg?format=review_medium","large":"https://resources.cdn-kaspi.kz/img/p/r/521800809-110801534/03c3d4ef-cbda-4aa1-8c00-03ef208f89c4.jpeg?format=review_large"}],"product":{"id":"110801534","name":"LARKO Для беременных бандаж до и послеродовой черный размер L","categoryCode":"Master - Bandages and orthoses","categoryName":"Бандажи и ортезы","link":"https://kaspi.kz/shop/p/larko-dlja-beremennyh-bandazh-do-i-poslerodovoi-chernyi-razmer-l-110801534/"},"merchant":{"name":"LARKO-KZ","code":"17629423"},"editable":false,"editedByCustomer":false},{"id":"8a5c621095caf9cc0195d77fe78f3af0","author":"Данияр","date":"27.03.2025","orderNumber":"520980921","rating":5,"comment":{"minus":"","plus":"","text":"Келіншегіме ұнады, сапасы жақсы екен, белде ыңғайлы тұрады."},"feedback":{"positive":0,"voted":false},"product":{"id":"110801534","name":"LARKO Для беременных бандаж до и послеродовой черный размер L","categoryCode":"Master - Bandages and orthoses","categoryName":"Бандажи и ортезы","link":"https://kaspi.kz/shop/p/larko-dlja-beremennyh-bandazh-do-i-poslerodovoi-chernyi-razmer-l-110801534/"},"merchant":{"name":"LARKO-KZ","code":"17629423"},"editable":false,"editedByCustomer":false},{"id":"8a5cc38595acfcab0195cc777c9f2ae0","author":"Арман","date":"25.03.2025","orderNumber":"519352986","rating":5,"comment":{"minus":"","plus":"","text":"Отличный бандаж! Хорошо поддерживает живот, снижает нагрузку на спину и поясницу. Материал приятный к коже, не вызывает раздражения. Удобно регулируется, не сползает при ходьбе. Носить комфортно. Рекомендую!"},"feedback":{"positive":0,"voted":false},"galleryImages":[{"id":"519352986-110801534/d3ba0c50-9b48-4eda-b913-52880c000a2f.jpeg","small":"https://resources.cdn-kaspi.kz/img/p/r/519352986-110801534/d3ba0c50-9b48-4eda-b913-52880c000a2f.jpeg?format=review_small","medium":"https://resources.cdn-kaspi.kz/img/p/r/519352986-110801534/d3ba0c50-9b48-4eda-b913-52880c000a2f.jpeg?format=review_medium","large":"https://resources.cdn-kaspi.kz/img/p/r/519352986-110801534/d3ba0c50-9b48-4eda-b913-52880c000a2f.jpeg?format=review_large"},{"id":"519352986-110801534/77f20198-61bd-4dc6-9c30-54ed657802c7.jpeg","small":"https://resources.cdn-kaspi.kz/img/p/r/519352986-110801534/77f20198-61bd-4dc6-9c30-54ed657802c7.jpeg?format=review_small","medium":"https://resources.cdn-kaspi.kz/img/p/r/519352986-110801534/77f20198-61bd-4dc6-9c30-54ed657802c7.jpeg?format=review_medium","large":"https://resources.cdn-kaspi.kz/img/p/r/519352986-110801534/77f20198-61bd-4dc6-9c30-54ed657802c7.jpeg?format=review_large"}],"product":{"id":"110801534","name":"LARKO Для беременных бандаж до и послеродовой черный размер L","categoryCode":"Master - Bandages and orthoses","categoryName":"Бандажи и ортезы","link":"https://kaspi.kz/shop/p/larko-dlja-beremennyh-bandazh-do-i-poslerodovoi-chernyi-razmer-l-110801534/"},"merchant":{"name":"LARKO-KZ","code":"17629423"},"editable":false,"editedByCustomer":false},{"id":"8a5c80839590f3c2019598fdd0962b9d","author":"Арайлым","date":"15.03.2025","orderNumber":"514703169","rating":5,"comment":{"minus":"","plus":"","text":"Приобрела бандаж на 5 месяце беременности, качество очень хорошее, нигде ничего не торчит, сшито очень хорошо. Спасибо магазину за качество."},"feedback":{"positive":0,"voted":false},"product":{"id":"110801534","name":"LARKO Для беременных бандаж до и послеродовой черный размер L","categoryCode":"Master - Bandages and orthoses","categoryName":"Бандажи и ортезы","link":"https://kaspi.kz/shop/p/larko-dlja-beremennyh-bandazh-do-i-poslerodovoi-chernyi-razmer-l-110801534/"},"merchant":{"name":"LARKO-KZ","code":"17629423"},"editable":false,"editedByCustomer":false},{"id":"8a5c7aab9588cd8901958f35521e2ac7","author":"Молдир","date":"13.03.2025","orderNumber":"512009170","rating":5,"comment":{"minus":"","plus":"","text":"Заказымды алдым, сапасы керемет, белгіленген күннен ерте келді. Маған қатты ұнады."},"feedback":{"positive":0,"voted":false},"galleryImages":[{"id":"512009170-110801534/a0623f21-05c1-4d01-84a1-cc21f0bed04f.jpeg","small":"https://resources.cdn-kaspi.kz/img/p/r/512009170-110801534/a0623f21-05c1-4d01-84a1-cc21f0bed04f.jpeg?format=review_small","medium":"https://resources.cdn-kaspi.kz/img/p/r/512009170-110801534/a0623f21-05c1-4d01-84a1-cc21f0bed04f.jpeg?format=review_medium","large":"https://resources.cdn-kaspi.kz/img/p/r/512009170-110801534/a0623f21-05c1-4d01-84a1-cc21f0bed04f.jpeg?format=review_large"},{"id":"512009170-110801534/5987491b-a5b4-4678-a2bc-c63661677fd1.jpeg","small":"https://resources.cdn-kaspi.kz/img/p/r/512009170-110801534/5987491b-a5b4-4678-a2bc-c63661677fd1.jpeg?format=review_small","medium":"https://resources.cdn-kaspi.kz/img/p/r/512009170-110801534/5987491b-a5b4-4678-a2bc-c63661677fd1.jpeg?format=review_medium","large":"https://resources.cdn-kaspi.kz/img/p/r/512009170-110801534/5987491b-a5b4-4678-a2bc-c63661677fd1.jpeg?format=review_large"}],"product":{"id":"110801534","name":"LARKO Для беременных бандаж до и послеродовой черный размер L","categoryCode":"Master - Bandages and orthoses","categoryName":"Бандажи и ортезы","link":"https://kaspi.kz/shop/p/larko-dlja-beremennyh-bandazh-do-i-poslerodovoi-chernyi-razmer-l-110801534/"},"merchant":{"name":"LARKO-KZ","code":"17629423"},"editable":false,"editedByCustomer":false},{"id":"8a5c5550953676190195619c88dc60d4","author":"Меруерт","date":"04.03.2025","orderNumber":"494251033","rating":1,"comment":{"minus":"","plus":"","text":"Ужасные липучки, все время слетают! Только нервы потратишь пока носишь."},"feedback":{"positive":1,"voted":false},"product":{"id":"110801534","name":"LARKO Для беременных бандаж до и послеродовой черный размер L","categoryCode":"Master - Bandages and orthoses","categoryName":"Бандажи и ортезы","link":"https://kaspi.kz/shop/p/larko-dlja-beremennyh-bandazh-do-i-poslerodovoi-chernyi-razmer-l-110801534/"},"merchant":{"name":"LARKO-KZ","code":"17629423"},"editable":false,"editedByCustomer":false},{"id":"8a5c67fe954f9af6019555eceb711a25","author":"Айгерім","date":"02.03.2025","orderNumber":"504658950","rating":5,"comment":{"minus":"","plus":"","text":"Бандаж өте қатты ұнады, качество тура фотодағыдай, все окуратно."},"feedback":{"positive":0,"voted":false},"product":{"id":"110801534","name":"LARKO Для беременных бандаж до и послеродовой черный размер L","categoryCode":"Master - Bandages and orthoses","categoryName":"Бандажи и ортезы","link":"https://kaspi.kz/shop/p/larko-dlja-beremennyh-bandazh-do-i-poslerodovoi-chernyi-razmer-l-110801534/"},"merchant":{"name":"LARKO-KZ","code":"17629423"},"editable":false,"editedByCustomer":false},{"id":"8a5ce80e946875d00194a63065cb5474","author":"Әли","date":"27.01.2025","orderNumber":"482040732","rating":5,"comment":{"minus":"","plus":"","text":"Магазинге алғысымызды айтамыз. Жолдасыма ұнады, ыңғайлы екен."},"feedback":{"positive":0,"voted":false},"product":{"id":"110801534","name":"LARKO Для беременных бандаж до и послеродовой черный размер L","categoryCode":"Master - Bandages and orthoses","categoryName":"Бандажи и ортезы","link":"https://kaspi.kz/shop/p/larko-dlja-beremennyh-bandazh-do-i-poslerodovoi-chernyi-razmer-l-110801534/"},"merchant":{"name":"LARKO-KZ","code":"17629423"},"editable":false,"editedByCustomer":false},{"id":"8a5c3c0d9491455a019492e3a2250230","author":"Айгуль","date":"23.01.2025","orderNumber":"484381555","rating":5,"comment":{"minus":"","plus":"","text":"Бандаж очень понравился, мягкий просто супер, для беременных самое то, я не пожалела с выбором, супер."},"feedback":{"positive":0,"voted":false},"product":{"id":"110801534","name":"LARKO Для беременных бандаж до и послеродовой черный размер L","categoryCode":"Master - Bandages and orthoses","categoryName":"Бандажи и ортезы","link":"https://kaspi.kz/shop/p/larko-dlja-beremennyh-bandazh-do-i-poslerodovoi-chernyi-razmer-l-110801534/"},"merchant":{"name":"LARKO-KZ","code":"17629423"},"editable":false,"editedByCustomer":false},{"id":"8a5cbefc94687587019488fcdb5d344d","author":"Асель","date":"21.01.2025","orderNumber":"482545945","rating":5,"comment":{"minus":"","plus":"","text":"Сегодня получила бандаж, качество удобное, быстрая доставка, спасибо."},"feedback":{"positive":0,"voted":false},"product":{"id":"110801534","name":"LARKO Для беременных бандаж до и послеродовой черный размер L","categoryCode":"Master - Bandages and orthoses","categoryName":"Бандажи и ортезы","link":"https://kaspi.kz/shop/p/larko-dlja-beremennyh-bandazh-do-i-poslerodovoi-chernyi-razmer-l-110801534/"},"merchant":{"name":"LARKO-KZ","code":"17629423"},"editable":false,"editedByCustomer":false},{"id":"8a5c9d88947d05bf01947ead6cb6037d","author":"София","date":"19.01.2025","orderNumber":"482041378","rating":5,"comment":{"minus":"","plus":"","text":"Очень классный бандаж, цвет и качество просто супер. Очень довольна."},"feedback":{"positive":0,"voted":false},"product":{"id":"110801534","name":"LARKO Для беременных бандаж до и послеродовой черный размер L","categoryCode":"Master - Bandages and orthoses","categoryName":"Бандажи и ортезы","link":"https://kaspi.kz/shop/p/larko-dlja-beremennyh-bandazh-do-i-poslerodovoi-chernyi-razmer-l-110801534/"},"merchant":{"name":"LARKO-KZ","code":"17629423"},"editable":false,"editedByCustomer":false},{"id":"8a5c306b946876ee01947a1692d82090","author":"Бекзат","date":"18.01.2025","orderNumber":"481305565","rating":5,"comment":{"minus":"","plus":"","text":"Получил сегодня товар, бандаж жене понравился, пришло всё в размер, как и заказывал. Здравствуйте."},"feedback":{"positive":0,"voted":false},"product":{"id":"110801534","name":"LARKO Для беременных бандаж до и послеродовой черный размер L","categoryCode":"Master - Bandages and orthoses","categoryName":"Бандажи и ортезы","link":"https://kaspi.kz/shop/p/larko-dlja-beremennyh-bandazh-do-i-poslerodovoi-chernyi-razmer-l-110801534/"},"merchant":{"name":"LARKO-KZ","code":"17629423"},"editable":false,"editedByCustomer":false},{"id":"8a5ca09c946876760194747863b7160a","author":"Динара","date":"17.01.2025","orderNumber":"479953725","rating":5,"comment":{"minus":"","plus":"","text":"Качество отличное."},"feedback":{"positive":0,"voted":false},"product":{"id":"110801534","name":"LARKO Для беременных бандаж до и послеродовой черный размер L","categoryCode":"Master - Bandages and orthoses","categoryName":"Бандажи и ортезы","link":"https://kaspi.kz/shop/p/larko-dlja-beremennyh-bandazh-do-i-poslerodovoi-chernyi-razmer-l-110801534/"},"merchant":{"name":"LARKO-KZ","code":"17629423"},"editable":false,"editedByCustomer":false},{"id":"8a5c64e39468769901946a71b30105d8","author":"Динара","date":"15.01.2025","orderNumber":"477769882","rating":5,"comment":{"minus":"","plus":"","text":"Хороший бандаж! Удобный в носке!"},"feedback":{"positive":0,"voted":false},"product":{"id":"110801534","name":"LARKO Для беременных бандаж до и послеродовой черный размер L","categoryCode":"Master - Bandages and orthoses","categoryName":"Бандажи и ортезы","link":"https://kaspi.kz/shop/p/larko-dlja-beremennyh-bandazh-do-i-poslerodovoi-chernyi-razmer-l-110801534/"},"merchant":{"name":"LARKO-KZ","code":"17629423"},"editable":false,"editedByCustomer":false},{"id":"8a5c71f094019647019454dd2b546c39","author":"Ақмарал","date":"11.01.2025","orderNumber":"476456510","rating":5,"comment":{"minus":"","plus":"","text":"Рахмет, уақытылы алдым. Товар өте жақсы. 8ші айда алып едім неге ертерек алмадым деген ой келді. Ішті жақсы ұстап тұрады. Жеңілдеп қалады екенсің."},"feedback":{"positive":0,"voted":false},"product":{"id":"110801534","name":"LARKO Для беременных бандаж до и послеродовой черный размер L","categoryCode":"Master - Bandages and orthoses","categoryName":"Бандажи и ортезы","link":"https://kaspi.kz/shop/p/larko-dlja-beremennyh-bandazh-do-i-poslerodovoi-chernyi-razmer-l-110801534/"},"merchant":{"name":"LARKO-KZ","code":"17629423"},"editable":false,"editedByCustomer":false},{"id":"8a5c0aaa940196f001945195da5769a0","author":"Әдемі","date":"10.01.2025","orderNumber":"478095848","rating":5,"comment":{"minus":"","plus":"","text":"Качество отличное."},"feedback":{"positive":0,"voted":false},"product":{"id":"110801534","name":"LARKO Для беременных бандаж до и послеродовой черный размер L","categoryCode":"Master - Bandages and orthoses","categoryName":"Бандажи и ортезы","link":"https://kaspi.kz/shop/p/larko-dlja-beremennyh-bandazh-do-i-poslerodovoi-chernyi-razmer-l-110801534/"},"merchant":{"name":"LARKO-KZ","code":"17629423"},"editable":false,"editedByCustomer":false},{"id":"8a5c554a94493d3e01944aed23fe02b6","author":"Жұлдыз","date":"09.01.2025","orderNumber":"477421999","rating":5,"comment":{"minus":"","plus":"","text":"Хорошее качество, все строчки ровные. Измеряйте обхват бедер, так точнее будет выбор с размером. Действительно, очень удобно, если у вас низкая плацентация."},"feedback":{"positive":0,"voted":false},"galleryImages":[{"id":"477421999-110801534/f73a544c-9ac4-49ee-aecf-e7fb0a8cf085.jpeg","small":"https://resources.cdn-kaspi.kz/img/p/r/477421999-110801534/f73a544c-9ac4-49ee-aecf-e7fb0a8cf085.jpeg?format=review_small","medium":"https://resources.cdn-kaspi.kz/img/p/r/477421999-110801534/f73a544c-9ac4-49ee-aecf-e7fb0a8cf085.jpeg?format=review_medium","large":"https://resources.cdn-kaspi.kz/img/p/r/477421999-110801534/f73a544c-9ac4-49ee-aecf-e7fb0a8cf085.jpeg?format=review_large"}],"product":{"id":"110801534","name":"LARKO Для беременных бандаж до и послеродовой черный размер L","categoryCode":"Master - Bandages and orthoses","categoryName":"Бандажи и ортезы","link":"https://kaspi.kz/shop/p/larko-dlja-beremennyh-bandazh-do-i-poslerodovoi-chernyi-razmer-l-110801534/"},"merchant":{"name":"LARKO-KZ","code":"17629423"},"editable":false,"editedByCustomer":false},{"id":"8a5cf141940196860194499d97a05d53","author":"Айдана","date":"09.01.2025","orderNumber":"475361057","rating":5,"comment":{"minus":"","plus":"","text":"Размер тура келді. Өзіме емес танысыма алғам риза болды ыңғайлы дейді. Сатушыға рахмет."},"feedback":{"positive":0,"voted":false},"product":{"id":"110801534","name":"LARKO Для беременных бандаж до и послеродовой черный размер L","categoryCode":"Master - Bandages and orthoses","categoryName":"Бандажи и ортезы","link":"https://kaspi.kz/shop/p/larko-dlja-beremennyh-bandazh-do-i-poslerodovoi-chernyi-razmer-l-110801534/"},"merchant":{"name":"LARKO-KZ","code":"17629423"},"editable":false,"editedByCustomer":false},{"id":"8a5c581094019515019426c2d26c3c5c","author":"Нурайлым","date":"02.01.2025","orderNumber":"473156758","rating":5,"comment":{"minus":"","plus":"","text":"Хороший бандаж, получила раньше времени. Отлично поддерживает."},"feedback":{"positive":0,"voted":false},"product":{"id":"110801534","name":"LARKO Для беременных бандаж до и послеродовой черный размер L","categoryCode":"Master - Bandages and orthoses","categoryName":"Бандажи и ортезы","link":"https://kaspi.kz/shop/p/larko-dlja-beremennyh-bandazh-do-i-poslerodovoi-chernyi-razmer-l-110801534/"},"merchant":{"name":"LARKO-KZ","code":"17629423"},"editable":false,"editedByCustomer":false},{"id":"8a5cd4a2940197110194137aa576262c","author":"Ақерке","date":"29.12.2024","orderNumber":"472281073","rating":5,"comment":{"minus":"","plus":"","text":"Отличный бандаж, качественный и доставка тоже отличная, рекомендую всем беременным женщинам."},"feedback":{"positive":0,"voted":false},"product":{"id":"110801534","name":"LARKO Для беременных бандаж до и послеродовой черный размер L","categoryCode":"Master - Bandages and orthoses","categoryName":"Бандажи и ортезы","link":"https://kaspi.kz/shop/p/larko-dlja-beremennyh-bandazh-do-i-poslerodovoi-chernyi-razmer-l-110801534/"},"merchant":{"name":"LARKO-KZ","code":"17629423"},"editable":false,"editedByCustomer":false},{"id":"8a5c11aa9401960201940e3d8a481db9","author":"Севара","date":"28.12.2024","orderNumber":"466773249","rating":5,"comment":{"minus":"","plus":"","text":"Larko бандаж очень удобный, спасибо вам, мне понравилось."},"feedback":{"positive":0,"voted":false},"product":{"id":"110801534","name":"LARKO Для беременных бандаж до и послеродовой черный размер L","categoryCode":"Master - Bandages and orthoses","categoryName":"Бандажи и ортезы","link":"https://kaspi.kz/shop/p/larko-dlja-beremennyh-bandazh-do-i-poslerodovoi-chernyi-razmer-l-110801534/"},"merchant":{"name":"LARKO-KZ","code":"17629423"},"editable":false,"editedByCustomer":false},{"id":"8a5c4eea940195210194095cbc7a1495","author":"Диана","date":"27.12.2024","orderNumber":"471107688","rating":5,"comment":{"minus":"","plus":"","text":"Качественный и удобный бандаж. В первую беременность носила другие, этот мне понравился больше. Спасибо за быструю доставку, получила на следующий день. Продавец писал на ватсапп, обратная связь всегда радует."},"feedback":{"positive":0,"voted":false},"product":{"id":"110801534","name":"LARKO Для беременных бандаж до и послеродовой черный размер L","categoryCode":"Master - Bandages and orthoses","categoryName":"Бандажи и ортезы","link":"https://kaspi.kz/shop/p/larko-dlja-beremennyh-bandazh-do-i-poslerodovoi-chernyi-razmer-l-110801534/"},"merchant":{"name":"LARKO-KZ","code":"17629423"},"editable":false,"editedByCustomer":false},{"id":"8a5c11aa94019602019403294de90542","author":"Салтанат","date":"26.12.2024","orderNumber":"469102488","rating":5,"comment":{"minus":"","plus":"","text":"Тез келді! Рақмет сіздерге, өте жұмсақ, ыңғайлы."},"feedback":{"positive":0,"voted":false},"product":{"id":"110801534","name":"LARKO Для беременных бандаж до и послеродовой черный размер L","categoryCode":"Master - Bandages and orthoses","categoryName":"Бандажи и ортезы","link":"https://kaspi.kz/shop/p/larko-dlja-beremennyh-bandazh-do-i-poslerodovoi-chernyi-razmer-l-110801534/"},"merchant":{"name":"LARKO-KZ","code":"17629423"},"editable":false,"editedByCustomer":false},{"id":"8a5c5579931f0fe7019326f7cd631046","author":"Айгерим","date":"01.12.2024","orderNumber":"435802298","rating":5,"comment":{"minus":"","plus":"","text":"Бандаж өте ыңғайлы, сапалы. Ішті жақсы көтеріп тұрады екен, қыспайды."},"feedback":{"positive":0,"voted":false},"product":{"id":"110801534","name":"LARKO Для беременных бандаж до и послеродовой черный размер L","categoryCode":"Master - Bandages and orthoses","categoryName":"Бандажи и ортезы","link":"https://kaspi.kz/shop/p/larko-dlja-beremennyh-bandazh-do-i-poslerodovoi-chernyi-razmer-l-110801534/"},"merchant":{"name":"LARKO-KZ","code":"17629423"},"editable":false,"editedByCustomer":false},{"id":"8a5cfaae9347bd81019361fa7d7723b1","author":"Анастасия","date":"25.11.2024","orderNumber":"447189564","rating":5,"comment":{"minus":"","plus":"","text":"Бандаж подошел. Очень удобный, когда одела сразу почувствовала облегчение в спине. Рекомендую! Спасибо."},"feedback":{"positive":0,"voted":false},"product":{"id":"110801534","name":"LARKO Для беременных бандаж до и послеродовой черный размер L","categoryCode":"Master - Bandages and orthoses","categoryName":"Бандажи и ортезы","link":"https://kaspi.kz/shop/p/larko-dlja-beremennyh-bandazh-do-i-poslerodovoi-chernyi-razmer-l-110801534/"},"merchant":{"name":"LARKO-KZ","code":"17629423"},"editable":false,"editedByCustomer":false},{"id":"8a5c25249347bd5a01934a1b1fcb05f8","author":"Саадят","date":"20.11.2024","orderNumber":"446953041","rating":5,"comment":{"minus":"","plus":"","text":"Бандаж отличного качества, нигде не давит, очень удобно. Спасибо Larko и магазину Каспи. Покупкой довольна."},"feedback":{"positive":0,"voted":false},"product":{"id":"110801534","name":"LARKO Для беременных бандаж до и послеродовой черный размер L","categoryCode":"Master - Bandages and orthoses","categoryName":"Бандажи и ортезы","link":"https://kaspi.kz/shop/p/larko-dlja-beremennyh-bandazh-do-i-poslerodovoi-chernyi-razmer-l-110801534/"},"merchant":{"name":"LARKO-KZ","code":"17629423"},"editable":false,"editedByCustomer":false},{"id":"8a5c0c21931f0ef90193433a017a3597","author":"Гулбу","date":"19.11.2024","orderNumber":"443248755","rating":5,"comment":{"minus":"","plus":"","text":"Рахмет үлкен. Өте керемет екен, жеңіл болып жүрмін. Жеткізу уақытылы келді."},"feedback":{"positive":0,"voted":false},"product":{"id":"110801534","name":"LARKO Для беременных бандаж до и послеродовой черный размер L","categoryCode":"Master - Bandages and orthoses","categoryName":"Бандажи и ортезы","link":"https://kaspi.kz/shop/p/larko-dlja-beremennyh-bandazh-do-i-poslerodovoi-chernyi-razmer-l-110801534/"},"merchant":{"name":"LARKO-KZ","code":"17629423"},"editable":false,"editedByCustomer":false},{"id":"8a5c5579931f0fe701933fab35d3329e","author":"Базаркул","date":"18.11.2024","orderNumber":"445404920","rating":5,"comment":{"minus":"","plus":"","text":"Довольна покупкой. Доставили в срок. Размер идеально подошел. Спасибо магазину Ларко. Кз за быструю доставку."},"feedback":{"positive":0,"voted":false},"product":{"id":"110801534","name":"LARKO Для беременных бандаж до и послеродовой черный размер L","categoryCode":"Master - Bandages and orthoses","categoryName":"Бандажи и ортезы","link":"https://kaspi.kz/shop/p/larko-dlja-beremennyh-bandazh-do-i-poslerodovoi-chernyi-razmer-l-110801534/"},"merchant":{"name":"LARKO-KZ","code":"17629423"},"editable":false,"editedByCustomer":false},{"id":"8a5c373c931f0f0801933ee991f93080","author":"Малика","date":"18.11.2024","orderNumber":"445067678","rating":5,"comment":{"minus":"","plus":"","text":"Рахмет! Келу уақыты да тез, сапасы да тамаша!."},"feedback":{"positive":1,"voted":false},"product":{"id":"110801534","name":"LARKO Для беременных бандаж до и послеродовой черный размер L","categoryCode":"Master - Bandages and orthoses","categoryName":"Бандажи и ортезы","link":"https://kaspi.kz/shop/p/larko-dlja-beremennyh-bandazh-do-i-poslerodovoi-chernyi-razmer-l-110801534/"},"merchant":{"name":"LARKO-KZ","code":"17629423"},"editable":false,"editedByCustomer":false},{"id":"8a5cadd5931f0de8019335e4e6492685","author":"Дилором","date":"16.11.2024","orderNumber":"441927124","rating":5,"comment":{"minus":"","plus":"","text":"Бандаж очень удобный и хороший, мне понравилось."},"feedback":{"positive":0,"voted":false},"product":{"id":"110801534","name":"LARKO Для беременных бандаж до и послеродовой черный размер L","categoryCode":"Master - Bandages and orthoses","categoryName":"Бандажи и ортезы","link":"https://kaspi.kz/shop/p/larko-dlja-beremennyh-bandazh-do-i-poslerodovoi-chernyi-razmer-l-110801534/"},"merchant":{"name":"LARKO-KZ","code":"17629423"},"editable":false,"editedByCustomer":false},{"id":"8a5c3043931f0d2801932bfa2d7f17af","author":"Дина","date":"14.11.2024","orderNumber":"444758006","rating":5,"comment":{"minus":"","plus":"","text":"Спасибо за быструю доставку! Для меня бандаж очень нужная вещь, тяжело была ходить, сейчас сразу стало легче. Всем будущим мамам желаю здоровья и лёгких родов."},"feedback":{"positive":1,"voted":false},"product":{"id":"110801534","name":"LARKO Для беременных бандаж до и послеродовой черный размер L","categoryCode":"Master - Bandages and orthoses","categoryName":"Бандажи и ортезы","link":"https://kaspi.kz/shop/p/larko-dlja-beremennyh-bandazh-do-i-poslerodovoi-chernyi-razmer-l-110801534/"},"merchant":{"name":"LARKO-KZ","code":"17629423"},"editable":false,"editedByCustomer":false},{"id":"8a5c4ef9931f0c890193202859e2034b","author":"Жасулан","date":"12.11.2024","orderNumber":"438709934","rating":5,"comment":{"minus":"","plus":"","text":"Хорошие товары."},"feedback":{"positive":0,"voted":false},"product":{"id":"110801534","name":"LARKO Для беременных бандаж до и послеродовой черный размер L","categoryCode":"Master - Bandages and orthoses","categoryName":"Бандажи и ортезы","link":"https://kaspi.kz/shop/p/larko-dlja-beremennyh-bandazh-do-i-poslerodovoi-chernyi-razmer-l-110801534/"},"merchant":{"name":"LARKO-KZ","code":"17629423"},"editable":false,"editedByCustomer":false},{"id":"8a5c51c5931b232801931b99d45e0161","author":"Гульнур","date":"11.11.2024","orderNumber":"438835455","rating":5,"comment":{"minus":"","plus":"","text":"Все подошло по размеру, соответствует описанию, хорошо держит живот."},"feedback":{"positive":0,"voted":false},"product":{"id":"110801534","name":"LARKO Для беременных бандаж до и послеродовой черный размер L","categoryCode":"Master - Bandages and orthoses","categoryName":"Бандажи и ортезы","link":"https://kaspi.kz/shop/p/larko-dlja-beremennyh-bandazh-do-i-poslerodovoi-chernyi-razmer-l-110801534/"},"merchant":{"name":"LARKO-KZ","code":"17629423"},"editable":false,"editedByCustomer":false},{"id":"8a5ca0819300ddeb019305a2200f059b","author":"Шахзода","date":"07.11.2024","orderNumber":"438526409","rating":5,"comment":{"minus":"","plus":"","text":"Товар очень качественный, все село идеально, спасибо магазину LARKO за быструю доставку, заказом очень довольна."},"feedback":{"positive":0,"voted":false},"product":{"id":"110801534","name":"LARKO Для беременных бандаж до и послеродовой черный размер L","categoryCode":"Master - Bandages and orthoses","categoryName":"Бандажи и ортезы","link":"https://kaspi.kz/shop/p/larko-dlja-beremennyh-bandazh-do-i-poslerodovoi-chernyi-razmer-l-110801534/"},"merchant":{"name":"LARKO-KZ","code":"17629423"},"editable":false,"editedByCustomer":false},{"id":"8a5cee0d92fbed240193018b2b340b9c","author":"Мереке","date":"06.11.2024","orderNumber":"436166175","rating":5,"comment":{"minus":"","plus":"","text":"Доставка уақытылы жетті. Размеріде сайкес келді. Рахмет."},"feedback":{"positive":0,"voted":false},"product":{"id":"110801534","name":"LARKO Для беременных бандаж до и послеродовой черный размер L","categoryCode":"Master - Bandages and orthoses","categoryName":"Бандажи и ортезы","link":"https://kaspi.kz/shop/p/larko-dlja-beremennyh-bandazh-do-i-poslerodovoi-chernyi-razmer-l-110801534/"},"merchant":{"name":"LARKO-KZ","code":"17629423"},"editable":false,"editedByCustomer":false},{"id":"8a5cc62d92750b680192ba321f286a76","author":"Жайнагуль","date":"23.10.2024","orderNumber":"429788922","rating":5,"comment":{"minus":"","plus":"","text":"Сапасы ұнады, ыңғайлы өте жақсы! Уақытында жеткізілді. Рахмет көп."},"feedback":{"positive":0,"voted":false},"product":{"id":"110801534","name":"LARKO Для беременных бандаж до и послеродовой черный размер L","categoryCode":"Master - Bandages and orthoses","categoryName":"Бандажи и ортезы","link":"https://kaspi.kz/shop/p/larko-dlja-beremennyh-bandazh-do-i-poslerodovoi-chernyi-razmer-l-110801534/"},"merchant":{"name":"LARKO-KZ","code":"17629423"},"editable":false,"editedByCustomer":false},{"id":"8a5cc3b8926cbc6801926ce031e7004c","author":"Айжан","date":"08.10.2024","orderNumber":"420610511","rating":5,"comment":{"minus":"","plus":"","text":"Бандаж өте жақсы, ыңғайлы. Размері бәрі тура келді."},"feedback":{"positive":0,"voted":false},"product":{"id":"110801534","name":"LARKO Для беременных бандаж до и послеродовой черный размер L","categoryCode":"Master - Bandages and orthoses","categoryName":"Бандажи и ортезы","link":"https://kaspi.kz/shop/p/larko-dlja-beremennyh-bandazh-do-i-poslerodovoi-chernyi-razmer-l-110801534/"},"merchant":{"name":"LARKO-KZ","code":"17629423"},"editable":false,"editedByCustomer":false},{"id":"8a5c98789249fe6b01924b6046650078","author":"Саера","date":"03.10.2024","orderNumber":"417617631","rating":1,"comment":{"minus":"","plus":"","text":"Мне не понравился бандаж пишут размер L подходит на 44-46 размер, а на самом деле размер l как размер s и приобрела прочитав комментарии девушки писали, что не колит ничего не мешает, на самом деле очень колит и натирает этот бандаж не советую!"},"feedback":{"positive":1,"voted":false},"product":{"id":"110801534","name":"LARKO Для беременных бандаж до и послеродовой черный размер L","categoryCode":"Master - Bandages and orthoses","categoryName":"Бандажи и ортезы","link":"https://kaspi.kz/shop/p/larko-dlja-beremennyh-bandazh-do-i-poslerodovoi-chernyi-razmer-l-110801534/"},"merchant":{"name":"LARKO-KZ","code":"17629423"},"editable":false,"editedByCustomer":false},{"id":"8a5c9a88917377070191c1f8452275bc","author":"Әйгерім","date":"05.09.2024","orderNumber":"399174055","rating":5,"comment":{"minus":"","plus":"","text":"Размері тура келді, жұмсақ әдемі күнделіктіге."},"feedback":{"positive":0,"voted":false},"product":{"id":"110801534","name":"LARKO Для беременных бандаж до и послеродовой черный размер L","categoryCode":"Master - Bandages and orthoses","categoryName":"Бандажи и ортезы","link":"https://kaspi.kz/shop/p/larko-dlja-beremennyh-bandazh-do-i-poslerodovoi-chernyi-razmer-l-110801534/"},"merchant":{"name":"LARKO-KZ","code":"17629423"},"editable":false,"editedByCustomer":false},{"id":"8a5cfa94912aba5501916965f110617f","author":"Екатерина","date":"19.08.2024","orderNumber":"397108797","rating":5,"comment":{"minus":"","plus":"","text":"Отличный бандаж. Удобный. Размер подошел идеально. Качество отличное. Очень довольна покупкой. Продавец супер, доставили в течение 2 часов."},"feedback":{"positive":0,"voted":false},"product":{"id":"110801534","name":"LARKO Для беременных бандаж до и послеродовой черный размер L","categoryCode":"Master - Bandages and orthoses","categoryName":"Бандажи и ортезы","link":"https://kaspi.kz/shop/p/larko-dlja-beremennyh-bandazh-do-i-poslerodovoi-chernyi-razmer-l-110801534/"},"merchant":{"name":"LARKO-KZ","code":"17629423"},"editable":false,"editedByCustomer":false},{"id":"8a5c5aa29144bc0f019145bb9f6101ee","author":"Жарас","date":"12.08.2024","orderNumber":"393232975","rating":5,"comment":{"minus":"","plus":"","text":"Купили экспресс доставкой. Привезли сразу через час. Материал хорошего качества, тонкий, незаметный. Жене понравился бондаж. Проконсультировался с продавцом, размеры вроде маломерки. Для роста 160 см купили размер L. Нам подошел."},"feedback":{"positive":0,"voted":false},"product":{"id":"110801534","name":"LARKO Для беременных бандаж до и послеродовой черный размер L","categoryCode":"Master - Bandages and orthoses","categoryName":"Бандажи и ортезы","link":"https://kaspi.kz/shop/p/larko-dlja-beremennyh-bandazh-do-i-poslerodovoi-chernyi-razmer-l-110801534/"},"merchant":{"name":"LARKO-KZ","code":"17629423"},"editable":false,"editedByCustomer":false},{"id":"8a5cfe0b912aba560191408aa3bc25b3","author":"Анар","date":"11.08.2024","orderNumber":"394396101","rating":5,"comment":{"minus":"","plus":"","text":"Доставили мой заказ очень быстро, чем очень благодарна. Довольна заказом, очень переживала из-за размера. Но все хорошо, заказала бандаж для беременных L-ку, как посоветовала девушка, которая ответила на звонок."},"feedback":{"positive":0,"voted":false},"product":{"id":"110801534","name":"LARKO Для беременных бандаж до и послеродовой черный размер L","categoryCode":"Master - Bandages and orthoses","categoryName":"Бандажи и ортезы","link":"https://kaspi.kz/shop/p/larko-dlja-beremennyh-bandazh-do-i-poslerodovoi-chernyi-razmer-l-110801534/"},"merchant":{"name":"LARKO-KZ","code":"17629423"},"editable":false,"editedByCustomer":false},{"id":"8a5cd51d90d88f460191216e23726a9b","author":"Лилия","date":"05.08.2024","orderNumber":"390255916","rating":5,"comment":{"minus":"","plus":"","text":"Хороший бандаж."},"feedback":{"positive":0,"voted":false},"galleryImages":[{"id":"390255916-110801534/448a4941-a214-4d39-843a-ccb48937892d.jpeg","small":"https://resources.cdn-kaspi.kz/img/p/r/390255916-110801534/448a4941-a214-4d39-843a-ccb48937892d.jpeg?format=review_small","medium":"https://resources.cdn-kaspi.kz/img/p/r/390255916-110801534/448a4941-a214-4d39-843a-ccb48937892d.jpeg?format=review_medium","large":"https://resources.cdn-kaspi.kz/img/p/r/390255916-110801534/448a4941-a214-4d39-843a-ccb48937892d.jpeg?format=review_large"}],"product":{"id":"110801534","name":"LARKO Для беременных бандаж до и послеродовой черный размер L","categoryCode":"Master - Bandages and orthoses","categoryName":"Бандажи и ортезы","link":"https://kaspi.kz/shop/p/larko-dlja-beremennyh-bandazh-do-i-poslerodovoi-chernyi-razmer-l-110801534/"},"merchant":{"name":"LARKO-KZ","code":"17629423"},"editable":false,"editedByCustomer":false},{"id":"8a5c821990d890200191191d52f16336","author":"Ali","date":"03.08.2024","orderNumber":"390157131","rating":5,"comment":{"minus":"","plus":"","text":"Очень хорошее качество. Размер в размер. Очень доволен."},"feedback":{"positive":1,"voted":false},"galleryImages":[{"id":"390157131-110801534/c6c0678c-6c0e-4c87-9954-f154727d9093.jpeg","small":"https://resources.cdn-kaspi.kz/img/p/r/390157131-110801534/c6c0678c-6c0e-4c87-9954-f154727d9093.jpeg?format=review_small","medium":"https://resources.cdn-kaspi.kz/img/p/r/390157131-110801534/c6c0678c-6c0e-4c87-9954-f154727d9093.jpeg?format=review_medium","large":"https://resources.cdn-kaspi.kz/img/p/r/390157131-110801534/c6c0678c-6c0e-4c87-9954-f154727d9093.jpeg?format=review_large"}],"product":{"id":"110801534","name":"LARKO Для беременных бандаж до и послеродовой черный размер L","categoryCode":"Master - Bandages and orthoses","categoryName":"Бандажи и ортезы","link":"https://kaspi.kz/shop/p/larko-dlja-beremennyh-bandazh-do-i-poslerodovoi-chernyi-razmer-l-110801534/"},"merchant":{"name":"LARKO-KZ","code":"17629423"},"editable":false,"editedByCustomer":false},{"id":"8a5c529890d891070190eeb1ee58292c","author":"Малика","date":"26.07.2024","orderNumber":"385422809","rating":5,"comment":{"minus":"","plus":"","text":"Просто супер, особенно для тех у кого плод низко расположен. Качество супер, и доставка очень быстрая, также те кто не знает какой размер выбрать. Лучше написать им на ватсапп и менеджера вас полностью проконсультирует и помогут выбрать правильный размер."},"feedback":{"positive":0,"voted":false},"product":{"id":"110801534","name":"LARKO Для беременных бандаж до и послеродовой черный размер L","categoryCode":"Master - Bandages and orthoses","categoryName":"Бандажи и ортезы","link":"https://kaspi.kz/shop/p/larko-dlja-beremennyh-bandazh-do-i-poslerodovoi-chernyi-razmer-l-110801534/"},"merchant":{"name":"LARKO-KZ","code":"17629423"},"editable":false,"editedByCustomer":false},{"id":"8a5c549590e955e90190e96fc5280037","author":"Роза","date":"25.07.2024","orderNumber":"386010105","rating":5,"comment":{"minus":"","plus":"","text":"Хорошее качество. Товар пришел размер в размере. Материал хороший. Плотный. Рекомендую продавца."},"feedback":{"positive":0,"voted":false},"product":{"id":"110801534","name":"LARKO Для беременных бандаж до и послеродовой черный размер L","categoryCode":"Master - Bandages and orthoses","categoryName":"Бандажи и ортезы","link":"https://kaspi.kz/shop/p/larko-dlja-beremennyh-bandazh-do-i-poslerodovoi-chernyi-razmer-l-110801534/"},"merchant":{"name":"LARKO-KZ","code":"17629423"},"editable":false,"editedByCustomer":false},{"id":"8a5c5eb79057f6af0190bacf4f1479d2","author":"Гузал","date":"16.07.2024","orderNumber":"382027559","rating":5,"comment":{"minus":"","plus":"","text":"Бандаж подошёл отлично, советую всем беременяшкам, очень удобный, качество хорошее. Материал дышащий, товар доставлен вовремя и продавцы очень вежливые."},"feedback":{"positive":0,"voted":false},"galleryImages":[{"id":"382027559-110801534/d3a55857-e6f8-452b-8481-99990e024432.jpeg","small":"https://resources.cdn-kaspi.kz/img/p/r/382027559-110801534/d3a55857-e6f8-452b-8481-99990e024432.jpeg?format=review_small","medium":"https://resources.cdn-kaspi.kz/img/p/r/382027559-110801534/d3a55857-e6f8-452b-8481-99990e024432.jpeg?format=review_medium","large":"https://resources.cdn-kaspi.kz/img/p/r/382027559-110801534/d3a55857-e6f8-452b-8481-99990e024432.jpeg?format=review_large"},{"id":"382027559-110801534/3b76b0aa-ce76-4994-a023-3937c3a738da.jpeg","small":"https://resources.cdn-kaspi.kz/img/p/r/382027559-110801534/3b76b0aa-ce76-4994-a023-3937c3a738da.jpeg?format=review_small","medium":"https://resources.cdn-kaspi.kz/img/p/r/382027559-110801534/3b76b0aa-ce76-4994-a023-3937c3a738da.jpeg?format=review_medium","large":"https://resources.cdn-kaspi.kz/img/p/r/382027559-110801534/3b76b0aa-ce76-4994-a023-3937c3a738da.jpeg?format=review_large"}],"product":{"id":"110801534","name":"LARKO Для беременных бандаж до и послеродовой черный размер L","categoryCode":"Master - Bandages and orthoses","categoryName":"Бандажи и ортезы","link":"https://kaspi.kz/shop/p/larko-dlja-beremennyh-bandazh-do-i-poslerodovoi-chernyi-razmer-l-110801534/"},"merchant":{"name":"LARKO-KZ","code":"17629423"},"editable":false,"editedByCustomer":false},{"id":"8a5c44a990058a40019010c320e11986","author":"Улпан","date":"13.06.2024","orderNumber":"365982156","rating":5,"comment":{"minus":"","plus":"","text":"Понравился, мягкий удобный и хорошо поддерживает животик."},"feedback":{"positive":1,"voted":false},"product":{"id":"110801534","name":"LARKO Для беременных бандаж до и послеродовой черный размер L","categoryCode":"Master - Bandages and orthoses","categoryName":"Бандажи и ортезы","link":"https://kaspi.kz/shop/p/larko-dlja-beremennyh-bandazh-do-i-poslerodovoi-chernyi-razmer-l-110801534/"},"merchant":{"name":"LARKO-KZ","code":"17629423"},"editable":false,"editedByCustomer":false},{"id":"8a5cf78b8febc7c3018ff720e3fa1707","author":"Мадина","date":"08.06.2024","orderNumber":"365090261","rating":5,"comment":{"minus":"","plus":"","text":"Өте ыңғайлы екен размері тура келді рахаттанып тағып жүрмін."},"feedback":{"positive":0,"voted":false},"product":{"id":"110801534","name":"LARKO Для беременных бандаж до и послеродовой черный размер L","categoryCode":"Master - Bandages and orthoses","categoryName":"Бандажи и ортезы","link":"https://kaspi.kz/shop/p/larko-dlja-beremennyh-bandazh-do-i-poslerodovoi-chernyi-razmer-l-110801534/"},"merchant":{"name":"LARKO-KZ","code":"17629423"},"editable":false,"editedByCustomer":false},{"id":"8a5c5a868ecb44ae018f566f8187275b","author":"Әсел","date":"08.05.2024","orderNumber":"353850860","rating":5,"comment":{"minus":"","plus":"","text":"Хорошее качество. Товар пришел размер в размер. Материал хороший, плотный. Рекомендую продавца."},"feedback":{"positive":0,"voted":false},"product":{"id":"110801534","name":"LARKO Для беременных бандаж до и послеродовой черный размер L","categoryCode":"Master - Bandages and orthoses","categoryName":"Бандажи и ортезы","link":"https://kaspi.kz/shop/p/larko-dlja-beremennyh-bandazh-do-i-poslerodovoi-chernyi-razmer-l-110801534/"},"merchant":{"name":"LARKO-KZ","code":"17629423"},"editable":false,"editedByCustomer":false},{"id":"8a5c3f1e8ecb4431018f0101df894aaa","author":"Азалия","date":"21.04.2024","orderNumber":"348744620","rating":5,"comment":{"minus":"","plus":"","text":"Размер подошел, бандаж мягкий, приятный, цена приемлемая, спасибо магазину, всем беременяшкам рекомендую и желаю легких родов, еще раз рекомендую."},"feedback":{"positive":1,"voted":false},"product":{"id":"110801534","name":"LARKO Для беременных бандаж до и послеродовой черный размер L","categoryCode":"Master - Bandages and orthoses","categoryName":"Бандажи и ортезы","link":"https://kaspi.kz/shop/p/larko-dlja-beremennyh-bandazh-do-i-poslerodovoi-chernyi-razmer-l-110801534/"},"merchant":{"name":"LARKO-KZ","code":"17629423"},"editable":false,"editedByCustomer":false},{"id":"8a5c623e8e56f358018e57a707d101f8","author":"Наталья","date":"19.03.2024","orderNumber":"338881829","rating":1,"comment":{"minus":"","plus":"","text":"Бандаж маленький оказался! Здравствуйте."},"feedback":{"positive":1,"voted":false},"product":{"id":"110801534","name":"LARKO Для беременных бандаж до и послеродовой черный размер L","categoryCode":"Master - Bandages and orthoses","categoryName":"Бандажи и ортезы","link":"https://kaspi.kz/shop/p/larko-dlja-beremennyh-bandazh-do-i-poslerodovoi-chernyi-razmer-l-110801534/"},"merchant":{"name":"LARKO-KZ","code":"17629423"},"editable":false,"editedByCustomer":false},{"id":"8a5cb9ff8de9c352018e2defffd06e9b","author":"Саням","date":"11.03.2024","orderNumber":"335289226","rating":5,"comment":{"minus":"","plus":"","text":"Очень хороший бандаж, доставили раньше срока, спасибо Каспи Магазину."},"feedback":{"positive":0,"voted":false},"product":{"id":"110801534","name":"LARKO Для беременных бандаж до и послеродовой черный размер L","categoryCode":"Master - Bandages and orthoses","categoryName":"Бандажи и ортезы","link":"https://kaspi.kz/shop/p/larko-dlja-beremennyh-bandazh-do-i-poslerodovoi-chernyi-razmer-l-110801534/"},"merchant":{"name":"LARKO-KZ","code":"17629423"},"editable":false,"editedByCustomer":false},{"id":"8a5c3f9d8de9c314018dfe34bcad2aac","author":"Нуржамал","date":"02.03.2024","orderNumber":"333321282","rating":5,"comment":{"minus":"","plus":"","text":"Получила товар быстро, материал товара нравится как на фото, спасибо."},"feedback":{"positive":0,"voted":false},"product":{"id":"110801534","name":"LARKO Для беременных бандаж до и послеродовой черный размер L","categoryCode":"Master - Bandages and orthoses","categoryName":"Бандажи и ортезы","link":"https://kaspi.kz/shop/p/larko-dlja-beremennyh-bandazh-do-i-poslerodovoi-chernyi-razmer-l-110801534/"},"merchant":{"name":"LARKO-KZ","code":"17629423"},"editable":false,"editedByCustomer":false},{"id":"8a5c96bb8c32a19f018c33c3d47501e3","author":"Айгерим","date":"18.12.2023","orderNumber":"303980261","rating":4,"comment":{"minus":"","plus":"","text":"Бандаж, көңілімнен шықты, қолайлы.  Белге салмақ түсуі азайды.  - Екі-үшінші рет қолданғанда резинасы кішкене босап, жіптері сөгіле бастады."},"feedback":{"positive":0,"voted":false},"product":{"id":"110801534","name":"LARKO Для беременных бандаж до и послеродовой черный размер L","categoryCode":"Master - Bandages and orthoses","categoryName":"Бандажи и ортезы","link":"https://kaspi.kz/shop/p/larko-dlja-beremennyh-bandazh-do-i-poslerodovoi-chernyi-razmer-l-110801534/"},"merchant":{"name":"LARKO-KZ","code":"17629423"},"editable":false,"editedByCustomer":false},{"id":"8a5cd5bc8bd15fe5018be6672fc83a11","author":"Салтанат","date":"19.11.2023","orderNumber":"300006741","rating":5,"comment":{"minus":"","plus":"","text":"Удобный бандаж."},"feedback":{"positive":0,"voted":false},"product":{"id":"110801534","name":"LARKO Для беременных бандаж до и послеродовой черный размер L","categoryCode":"Master - Bandages and orthoses","categoryName":"Бандажи и ортезы","link":"https://kaspi.kz/shop/p/larko-dlja-beremennyh-bandazh-do-i-poslerodovoi-chernyi-razmer-l-110801534/"},"merchant":{"name":"LARKO-KZ","code":"17629423"},"editable":false,"editedByCustomer":false},{"id":"8a5c30708bd15f28018be5cb24be3763","author":"Ақниет","date":"19.11.2023","orderNumber":"299792733","rating":5,"comment":{"minus":"","plus":"","text":"Очень удобный бандаж, мне понравился товар."},"feedback":{"positive":0,"voted":false},"product":{"id":"110801534","name":"LARKO Для беременных бандаж до и послеродовой черный размер L","categoryCode":"Master - Bandages and orthoses","categoryName":"Бандажи и ортезы","link":"https://kaspi.kz/shop/p/larko-dlja-beremennyh-bandazh-do-i-poslerodovoi-chernyi-razmer-l-110801534/"},"merchant":{"name":"LARKO-KZ","code":"17629423"},"editable":false,"editedByCustomer":false},{"id":"8a5c1c9e8b8531a5018b893e29b00700","author":"Жибек","date":"03.11.2023","orderNumber":"289612789","rating":5,"comment":{"minus":"","plus":"","text":"Бандаж очень удобный, незаметный под одеждой, ношу с 25 недель, удобный. Качество хорошее, товаром очень довольна! Спасибо магазину Larko за быструю доставку!"},"feedback":{"positive":4,"voted":false},"product":{"id":"110801534","name":"LARKO Для беременных бандаж до и послеродовой черный размер L","categoryCode":"Master - Bandages and orthoses","categoryName":"Бандажи и ортезы","link":"https://kaspi.kz/shop/p/larko-dlja-beremennyh-bandazh-do-i-poslerodovoi-chernyi-razmer-l-110801534/"},"merchant":{"name":"LARKO","code":"14901053"},"editable":false,"editedByCustomer":false},{"id":"8a5c1c9e8b8531a5018b86178fb003c3","author":"Асел","date":"02.11.2023","orderNumber":"289217233","rating":5,"comment":{"minus":"","plus":"","text":"Товар очень даже хороший, всем советую купить обязательно, в пятом месяце уже."},"feedback":{"positive":0,"voted":false},"product":{"id":"110801534","name":"LARKO Для беременных бандаж до и послеродовой черный размер L","categoryCode":"Master - Bandages and orthoses","categoryName":"Бандажи и ортезы","link":"https://kaspi.kz/shop/p/larko-dlja-beremennyh-bandazh-do-i-poslerodovoi-chernyi-razmer-l-110801534/"},"merchant":{"name":"LARKO","code":"14901053"},"editable":false,"editedByCustomer":false},{"id":"8a5c658a8b5feda7018b64e49e470c03","author":"Мерей","date":"25.10.2023","orderNumber":"292433030","rating":5,"comment":{"minus":"","plus":"","text":"Хорошее качество. Товар пришел размер в размер. Материал хороший. Рекомендую продавца."},"feedback":{"positive":0,"voted":false},"product":{"id":"110801534","name":"LARKO Для беременных бандаж до и послеродовой черный размер L","categoryCode":"Master - Bandages and orthoses","categoryName":"Бандажи и ортезы","link":"https://kaspi.kz/shop/p/larko-dlja-beremennyh-bandazh-do-i-poslerodovoi-chernyi-razmer-l-110801534/"},"merchant":{"name":"LARKO-KZ","code":"17629423"},"editable":false,"editedByCustomer":false},{"id":"8a5c4ef78b461aa9018b584aec962f24","author":"Галия","date":"23.10.2023","orderNumber":"291625946","rating":5,"comment":{"minus":"","plus":"","text":"Жылдам жеткізілді! Ыңғайлы, қатты емес, 6 айлық жүктілік, нағыз пайдалы бандаж!"},"feedback":{"positive":0,"voted":false},"product":{"id":"110801534","name":"LARKO Для беременных бандаж до и послеродовой черный размер L","categoryCode":"Master - Bandages and orthoses","categoryName":"Бандажи и ортезы","link":"https://kaspi.kz/shop/p/larko-dlja-beremennyh-bandazh-do-i-poslerodovoi-chernyi-razmer-l-110801534/"},"merchant":{"name":"LARKO","code":"14901053"},"editable":false,"editedByCustomer":false},{"id":"8a5ceb648b383a17018b41a3784d15ae","author":"Камшат","date":"18.10.2023","orderNumber":"283104115","rating":5,"comment":{"minus":"","plus":"","text":"Бандаж очень удобный, не жмет, не трет. Со своей функцией очень хорошо справляется. Рекомендую."},"feedback":{"positive":0,"voted":false},"product":{"id":"110801534","name":"LARKO Для беременных бандаж до и послеродовой черный размер L","categoryCode":"Master - Bandages and orthoses","categoryName":"Бандажи и ортезы","link":"https://kaspi.kz/shop/p/larko-dlja-beremennyh-bandazh-do-i-poslerodovoi-chernyi-razmer-l-110801534/"},"merchant":{"name":"LARKO","code":"14901053"},"editable":false,"editedByCustomer":false},{"id":"8a5ceb648b383a17018b3ed9e7d3122e","author":"Марина","date":"18.10.2023","orderNumber":"290525131","rating":5,"comment":{"minus":"","plus":"","text":"Хорошее качество. Материал хороший, плотный. Рекомендую продавца."},"feedback":{"positive":0,"voted":false},"product":{"id":"110801534","name":"LARKO Для беременных бандаж до и послеродовой черный размер L","categoryCode":"Master - Bandages and orthoses","categoryName":"Бандажи и ортезы","link":"https://kaspi.kz/shop/p/larko-dlja-beremennyh-bandazh-do-i-poslerodovoi-chernyi-razmer-l-110801534/"},"merchant":{"name":"LARKO","code":"14901053"},"editable":false,"editedByCustomer":false},{"id":"8a5c92368b1d3dc2018b1da714c80183","author":"Anna","date":"11.10.2023","orderNumber":"289188373","rating":5,"comment":{"minus":"","plus":"","text":"Бандаж удобный, очень лёгкий, хотя выглядит на фото внушительно. Приехал в целости. Доставили на сутки быстрее запланированного. Все супер спасибо большое!"},"feedback":{"positive":2,"voted":false},"product":{"id":"110801534","name":"LARKO Для беременных бандаж до и послеродовой черный размер L","categoryCode":"Master - Bandages and orthoses","categoryName":"Бандажи и ортезы","link":"https://kaspi.kz/shop/p/larko-dlja-beremennyh-bandazh-do-i-poslerodovoi-chernyi-razmer-l-110801534/"},"merchant":{"name":"LARKO","code":"14901053"},"editable":false,"editedByCustomer":false},{"id":"8a5c5ea98adf3695018adfed1ec10261","author":"Асель","date":"29.09.2023","orderNumber":"286309495","rating":5,"comment":{"minus":"","plus":"","text":"Легче стало ходить, хороший бандаж, как по мне понравилось."},"feedback":{"positive":0,"voted":false},"product":{"id":"110801534","name":"LARKO Для беременных бандаж до и послеродовой черный размер L","categoryCode":"Master - Bandages and orthoses","categoryName":"Бандажи и ортезы","link":"https://kaspi.kz/shop/p/larko-dlja-beremennyh-bandazh-do-i-poslerodovoi-chernyi-razmer-l-110801534/"},"merchant":{"name":"LARKO","code":"14901053"},"editable":false,"editedByCustomer":false},{"id":"8a5c0ce68a72ffb3018a8860c5801e83","author":"Елена","date":"12.09.2023","orderNumber":"281853959","rating":5,"comment":{"minus":"","plus":"","text":"Бандаж очень хороший, цена тоже. Взяла после операции носить."},"feedback":{"positive":0,"voted":false},"product":{"id":"110801534","name":"LARKO Для беременных бандаж до и послеродовой черный размер L","categoryCode":"Master - Bandages and orthoses","categoryName":"Бандажи и ортезы","link":"https://kaspi.kz/shop/p/larko-dlja-beremennyh-bandazh-do-i-poslerodovoi-chernyi-razmer-l-110801534/"},"merchant":{"name":"LARKO","code":"14901053"},"editable":false,"editedByCustomer":false},{"id":"8a5c2ccc8a72ffad018a791c4a5508f4","author":"Инесса","date":"09.09.2023","orderNumber":"282422726","rating":5,"comment":{"minus":"","plus":"","text":"Очень удобный, не сковывает движения, удобно сидеть. Под одеждой незаметен."},"feedback":{"positive":0,"voted":false},"product":{"id":"110801534","name":"LARKO Для беременных бандаж до и послеродовой черный размер L","categoryCode":"Master - Bandages and orthoses","categoryName":"Бандажи и ортезы","link":"https://kaspi.kz/shop/p/larko-dlja-beremennyh-bandazh-do-i-poslerodovoi-chernyi-razmer-l-110801534/"},"merchant":{"name":"LARKO","code":"14901053"},"editable":false,"editedByCustomer":false},{"id":"8a5c67ca89a9e8fc0189e2345416659f","author":"Айнур","date":"23.08.2023","orderNumber":"276154299","rating":4,"comment":{"minus":"","plus":"","text":"Удобный бандаж."},"feedback":{"positive":0,"voted":false},"product":{"id":"110801534","name":"LARKO Для беременных бандаж до и послеродовой черный размер L","categoryCode":"Master - Bandages and orthoses","categoryName":"Бандажи и ортезы","link":"https://kaspi.kz/shop/p/larko-dlja-beremennyh-bandazh-do-i-poslerodovoi-chernyi-razmer-l-110801534/"},"merchant":null,"editable":false,"editedByCustomer":false},{"id":"8a5ca0b18a017a65018a079c4b080c0b","author":"Жанаргуль","date":"18.08.2023","orderNumber":"277838927","rating":5,"comment":{"minus":"","plus":"","text":"Качество супер. Материал плотный ничего не давит отлично поднимает живот, ходить стало проще. Очень довольна покупкой."},"feedback":{"positive":0,"voted":false},"product":{"id":"110801534","name":"LARKO Для беременных бандаж до и послеродовой черный размер L","categoryCode":"Master - Bandages and orthoses","categoryName":"Бандажи и ортезы","link":"https://kaspi.kz/shop/p/larko-dlja-beremennyh-bandazh-do-i-poslerodovoi-chernyi-razmer-l-110801534/"},"merchant":null,"editable":false,"editedByCustomer":false}]}