{"data":[{"id":"8a5c9dbc95acfdf50195ec32d70d4472","author":"Руслан","date":"31.03.2025","orderNumber":"508707615","rating":5,"comment":{"minus":"","plus":"","text":"Классный пояс. Для тренировок самое то и безвреден. Качество отличное."},"feedback":{"positive":0,"voted":false},"product":{"id":"123441979","name":"Пояс LARKO мужской с эффектом сауны L","categoryCode":"Master - Clothes for slimming","categoryName":"Одежда для похудения","link":"https://kaspi.kz/shop/p/pojas-larko-muzhskoi-s-effektom-sauny-l-123441979/"},"merchant":{"name":"LARKO-KZ","code":"17629423"},"editable":false,"editedByCustomer":false},{"id":"8a5c5560959caf7801959dacbb790246","author":"Заманбек","date":"16.03.2025","orderNumber":"512796936","rating":5,"comment":{"minus":"","plus":"","text":"Получил пояс, продемонстрировал реально область живота потеет в них, за месяц думаю можно скинуть кг 5, хорошая вещь."},"feedback":{"positive":0,"voted":false},"product":{"id":"123441979","name":"Пояс LARKO мужской с эффектом сауны L","categoryCode":"Master - Clothes for slimming","categoryName":"Одежда для похудения","link":"https://kaspi.kz/shop/p/pojas-larko-muzhskoi-s-effektom-sauny-l-123441979/"},"merchant":{"name":"LARKO-KZ","code":"17629423"},"editable":false,"editedByCustomer":false},{"id":"8a5c5fbc958da9df01958fed199a123b","author":"Азамат","date":"13.03.2025","orderNumber":"511740981","rating":5,"comment":{"minus":"","plus":"","text":"Прибыл товар раньше времени, брал L раз на талию 93-94 не ошибся сидит плотно не забивает дыхание, функции тепло обменика выполняет."},"feedback":{"positive":0,"voted":false},"product":{"id":"123441979","name":"Пояс LARKO мужской с эффектом сауны L","categoryCode":"Master - Clothes for slimming","categoryName":"Одежда для похудения","link":"https://kaspi.kz/shop/p/pojas-larko-muzhskoi-s-effektom-sauny-l-123441979/"},"merchant":{"name":"LARKO-KZ","code":"17629423"},"editable":false,"editedByCustomer":false},{"id":"8a5c5550953676190195382517671564","author":"Диас","date":"24.02.2025","orderNumber":"472686446","rating":5,"comment":{"minus":"","plus":"","text":"Очень хорошая вещь, живот ушел."},"feedback":{"positive":0,"voted":false},"product":{"id":"123441979","name":"Пояс LARKO мужской с эффектом сауны L","categoryCode":"Master - Clothes for slimming","categoryName":"Одежда для похудения","link":"https://kaspi.kz/shop/p/pojas-larko-muzhskoi-s-effektom-sauny-l-123441979/"},"merchant":{"name":"LARKO-KZ","code":"17629423"},"editable":false,"editedByCustomer":false},{"id":"8a5ccd6594cbc26b0194cbd29f380041","author":"Данияр","date":"06.02.2025","orderNumber":"490018500","rating":5,"comment":{"minus":"","plus":"","text":"Тез уақытынан бұрын келді. Сапасы өте жақсы, иісі жоқ. Размері шап-шақ. Керемет."},"feedback":{"positive":0,"voted":false},"galleryImages":[{"id":"490018500-123441979/92aed96c-f180-4434-8349-0783a66d1d4d.jpeg","small":"https://resources.cdn-kaspi.kz/img/p/r/490018500-123441979/92aed96c-f180-4434-8349-0783a66d1d4d.jpeg?format=review_small","medium":"https://resources.cdn-kaspi.kz/img/p/r/490018500-123441979/92aed96c-f180-4434-8349-0783a66d1d4d.jpeg?format=review_medium","large":"https://resources.cdn-kaspi.kz/img/p/r/490018500-123441979/92aed96c-f180-4434-8349-0783a66d1d4d.jpeg?format=review_large"}],"product":{"id":"123441979","name":"Пояс LARKO мужской с эффектом сауны L","categoryCode":"Master - Clothes for slimming","categoryName":"Одежда для похудения","link":"https://kaspi.kz/shop/p/pojas-larko-muzhskoi-s-effektom-sauny-l-123441979/"},"merchant":{"name":"LARKO-KZ","code":"17629423"},"editable":false,"editedByCustomer":false},{"id":"8a5c2f7e931f0e8e01934446156337be","author":"Диас","date":"08.12.2024","orderNumber":"447057263","rating":5,"comment":{"minus":"","plus":"","text":"Тауар өте жақсы. Сапасы да күшті."},"feedback":{"positive":0,"voted":false},"product":{"id":"123441979","name":"Пояс LARKO мужской с эффектом сауны L","categoryCode":"Master - Clothes for slimming","categoryName":"Одежда для похудения","link":"https://kaspi.kz/shop/p/pojas-larko-muzhskoi-s-effektom-sauny-l-123441979/"},"merchant":{"name":"LARKO-KZ","code":"17629423"},"editable":false,"editedByCustomer":false},{"id":"8a5c73799366cab30193933f6c6f3c47","author":"Mars","date":"05.12.2024","orderNumber":"456206146","rating":5,"comment":{"minus":"","plus":"","text":"Товар отличный, мне понравился, нет запаха, просто потею когда одеваю, размер точно подходит, спасибо Larko."},"feedback":{"positive":0,"voted":false},"product":{"id":"123441979","name":"Пояс LARKO мужской с эффектом сауны L","categoryCode":"Master - Clothes for slimming","categoryName":"Одежда для похудения","link":"https://kaspi.kz/shop/p/pojas-larko-muzhskoi-s-effektom-sauny-l-123441979/"},"merchant":{"name":"LARKO-KZ","code":"17629423"},"editable":false,"editedByCustomer":false},{"id":"8a5cee36931f0d9f01933e274b7a2f96","author":"Кристина","date":"18.11.2024","orderNumber":"436774836","rating":5,"comment":{"minus":"","plus":"","text":"Брала супругу для тренировки, доволен."},"feedback":{"positive":0,"voted":false},"product":{"id":"123441979","name":"Пояс LARKO мужской с эффектом сауны L","categoryCode":"Master - Clothes for slimming","categoryName":"Одежда для похудения","link":"https://kaspi.kz/shop/p/pojas-larko-muzhskoi-s-effektom-sauny-l-123441979/"},"merchant":{"name":"LARKO-KZ","code":"17629423"},"editable":false,"editedByCustomer":false}]}