{"data":[{"id":"8a5c8202963240e40196351e9be1142d","author":"Галия","date":"14.04.2025","orderNumber":"529957031","rating":5,"comment":{"minus":"","plus":"","text":"Костюм супер."},"feedback":{"positive":0,"voted":false},"product":{"id":"122021239","name":"Костюм LARKO redcostume L","categoryCode":"Master - Clothes for slimming","categoryName":"Одежда для похудения","link":"https://kaspi.kz/shop/p/kostjum-larko-redcostume-l-122021239/"},"merchant":{"name":"LARKO-KZ","code":"17629423"},"editable":false,"editedByCustomer":false},{"id":"8a5c02349618f32b01961fe896cf2faf","author":"Амина","date":"10.04.2025","orderNumber":"528248037","rating":5,"comment":{"minus":"","plus":"","text":"Заказ пришел вовремя! Упаковано идеально. Размер М, заказала L, как раз тот что нужно, сидит свободно. Всем советую."},"feedback":{"positive":0,"voted":false},"product":{"id":"122021239","name":"Костюм LARKO redcostume L","categoryCode":"Master - Clothes for slimming","categoryName":"Одежда для похудения","link":"https://kaspi.kz/shop/p/kostjum-larko-redcostume-l-122021239/"},"merchant":{"name":"LARKO-KZ","code":"17629423"},"editable":false,"editedByCustomer":false},{"id":"8a5c251a95f526360195f5b3321c0555","author":"Айнажан","date":"02.04.2025","orderNumber":"523671432","rating":5,"comment":{"minus":"","plus":"","text":"Костюм отличный, всем рекомендую."},"feedback":{"positive":0,"voted":false},"product":{"id":"122021239","name":"Костюм LARKO redcostume L","categoryCode":"Master - Clothes for slimming","categoryName":"Одежда для похудения","link":"https://kaspi.kz/shop/p/kostjum-larko-redcostume-l-122021239/"},"merchant":{"name":"LARKO-KZ","code":"17629423"},"editable":false,"editedByCustomer":false},{"id":"8a5c252a94d5fa8a0194d707120c0381","author":"Аяжан","date":"07.02.2025","orderNumber":"490523652","rating":5,"comment":{"minus":"","plus":"","text":"Салмақ тастауға өте жақсы размер, дәл келді, рақмет."},"feedback":{"positive":0,"voted":false},"product":{"id":"122021239","name":"Костюм LARKO redcostume L","categoryCode":"Master - Clothes for slimming","categoryName":"Одежда для похудения","link":"https://kaspi.kz/shop/p/kostjum-larko-redcostume-l-122021239/"},"merchant":{"name":"LARKO-KZ","code":"17629423"},"editable":false,"editedByCustomer":false},{"id":"8a5c5f9594c9f6d40194ca864e850080","author":"Мәдина","date":"05.02.2025","orderNumber":"488730788","rating":5,"comment":{"minus":"","plus":"","text":"Сапасы жақсы, уже тестировать еттім, дұрысынан теримді шығарды, жаңадан келген кезінде иіс бар, бірақ жуғанда кетеді екен."},"feedback":{"positive":0,"voted":false},"galleryImages":[{"id":"488730788-122021239/6647091d-24f8-4eaa-a89a-9b5660902605.jpeg","small":"https://resources.cdn-kaspi.kz/img/p/r/488730788-122021239/6647091d-24f8-4eaa-a89a-9b5660902605.jpeg?format=review_small","medium":"https://resources.cdn-kaspi.kz/img/p/r/488730788-122021239/6647091d-24f8-4eaa-a89a-9b5660902605.jpeg?format=review_medium","large":"https://resources.cdn-kaspi.kz/img/p/r/488730788-122021239/6647091d-24f8-4eaa-a89a-9b5660902605.jpeg?format=review_large"}],"product":{"id":"122021239","name":"Костюм LARKO redcostume L","categoryCode":"Master - Clothes for slimming","categoryName":"Одежда для похудения","link":"https://kaspi.kz/shop/p/kostjum-larko-redcostume-l-122021239/"},"merchant":{"name":"LARKO-KZ","code":"17629423"},"editable":false,"editedByCustomer":false},{"id":"8a5c309d94ab5c830194bb864f671bd9","author":"Ариза","date":"31.01.2025","orderNumber":"479614289","rating":5,"comment":{"minus":"","plus":"","text":"Для спортсменов то, что нужно! Хорошая весогонка!"},"feedback":{"positive":0,"voted":false},"product":{"id":"122021239","name":"Костюм LARKO redcostume L","categoryCode":"Master - Clothes for slimming","categoryName":"Одежда для похудения","link":"https://kaspi.kz/shop/p/kostjum-larko-redcostume-l-122021239/"},"merchant":{"name":"LARKO-KZ","code":"17629423"},"editable":false,"editedByCustomer":false},{"id":"8a5c920194ab5c310194b0fe9f91097e","author":"Кайырбек","date":"29.01.2025","orderNumber":"483526787","rating":5,"comment":{"minus":"","plus":"","text":"Качество жақсы. Всем рекомендую."},"feedback":{"positive":0,"voted":false},"product":{"id":"122021239","name":"Костюм LARKO redcostume L","categoryCode":"Master - Clothes for slimming","categoryName":"Одежда для похудения","link":"https://kaspi.kz/shop/p/kostjum-larko-redcostume-l-122021239/"},"merchant":{"name":"LARKO-KZ","code":"17629423"},"editable":false,"editedByCustomer":false},{"id":"8a5c197b94687599019489081ff03494","author":"Тангуль","date":"23.01.2025","orderNumber":"481901488","rating":5,"comment":{"minus":"","plus":"","text":"Костюм ұнады. 46 размерге  дәл болды. Жақсы терлетеді."},"feedback":{"positive":0,"voted":false},"product":{"id":"122021239","name":"Костюм LARKO redcostume L","categoryCode":"Master - Clothes for slimming","categoryName":"Одежда для похудения","link":"https://kaspi.kz/shop/p/kostjum-larko-redcostume-l-122021239/"},"merchant":{"name":"LARKO-KZ","code":"17629423"},"editable":false,"editedByCustomer":false},{"id":"8a5c51fd946875a60194797b36fb1d79","author":"Малика","date":"18.01.2025","orderNumber":"478680510","rating":5,"comment":{"minus":"","plus":"","text":"Хороший костюм, у меня размер м заказала л, сидит свободно, как и хотела не сковывает движения. Запах конечно же есть, но после двух стирок его нет, советую."},"feedback":{"positive":0,"voted":false},"product":{"id":"122021239","name":"Костюм LARKO redcostume L","categoryCode":"Master - Clothes for slimming","categoryName":"Одежда для похудения","link":"https://kaspi.kz/shop/p/kostjum-larko-redcostume-l-122021239/"},"merchant":{"name":"LARKO-KZ","code":"17629423"},"editable":false,"editedByCustomer":false},{"id":"8a5ca8ff9347bda30193629f26342602","author":"Айнұр","date":"13.12.2024","orderNumber":"446640462","rating":5,"comment":{"minus":"","plus":"","text":"То что надо, шілде тер шығаралмай жургендерге зоооор пайдалы, оп онай терлейсің. 5/5."},"feedback":{"positive":0,"voted":false},"product":{"id":"122021239","name":"Костюм LARKO redcostume L","categoryCode":"Master - Clothes for slimming","categoryName":"Одежда для похудения","link":"https://kaspi.kz/shop/p/kostjum-larko-redcostume-l-122021239/"},"merchant":{"name":"LARKO-KZ","code":"17629423"},"editable":false,"editedByCustomer":false},{"id":"8a5c5fa49366cb2d01936e47cf260e10","author":"Арайлым","date":"27.11.2024","orderNumber":"440618477","rating":4,"comment":{"minus":"","plus":"","text":"Запах не выветривается. А так в целом хороший спортивный костюм."},"feedback":{"positive":0,"voted":false},"product":{"id":"122021239","name":"Костюм LARKO redcostume L","categoryCode":"Master - Clothes for slimming","categoryName":"Одежда для похудения","link":"https://kaspi.kz/shop/p/kostjum-larko-redcostume-l-122021239/"},"merchant":{"name":"LARKO-KZ","code":"17629423"},"editable":false,"editedByCustomer":false},{"id":"8a5cba42934d4a0901934f61639a051c","author":"Эльвира","date":"21.11.2024","orderNumber":"447451700","rating":5,"comment":{"minus":"","plus":"","text":"Костюм нормальный."},"feedback":{"positive":0,"voted":false},"product":{"id":"122021239","name":"Костюм LARKO redcostume L","categoryCode":"Master - Clothes for slimming","categoryName":"Одежда для похудения","link":"https://kaspi.kz/shop/p/kostjum-larko-redcostume-l-122021239/"},"merchant":{"name":"LARKO-KZ","code":"17629423"},"editable":false,"editedByCustomer":false},{"id":"8a5c11ae92f12c3d0192f12e2c7d0002","author":"Аяулым","date":"03.11.2024","orderNumber":"433734102","rating":5,"comment":{"minus":"","plus":"","text":"Материал очень качественный. Всем рекомендую, не пожалеете."},"feedback":{"positive":0,"voted":false},"product":{"id":"122021239","name":"Костюм LARKO redcostume L","categoryCode":"Master - Clothes for slimming","categoryName":"Одежда для похудения","link":"https://kaspi.kz/shop/p/kostjum-larko-redcostume-l-122021239/"},"merchant":{"name":"LARKO-KZ","code":"17629423"},"editable":false,"editedByCustomer":false},{"id":"8a5ce839927fa5bf01927faf00f00011","author":"Меруерт","date":"12.10.2024","orderNumber":"424699395","rating":5,"comment":{"minus":"","plus":"","text":"Классный костюм."},"feedback":{"positive":0,"voted":false},"product":{"id":"122021239","name":"Костюм LARKO redcostume L","categoryCode":"Master - Clothes for slimming","categoryName":"Одежда для похудения","link":"https://kaspi.kz/shop/p/kostjum-larko-redcostume-l-122021239/"},"merchant":{"name":"LARKO-KZ","code":"17629423"},"editable":false,"editedByCustomer":false},{"id":"8a5c2f76917377200191a3c8c2a55154","author":"Жумагул","date":"30.08.2024","orderNumber":"403789941","rating":2,"comment":{"minus":"","plus":"","text":"Мне не понравилось, что одежда плохо пахла. Цену дам среднюю, цена не соответствует качеству."},"feedback":{"positive":0,"voted":false},"product":{"id":"122021239","name":"Костюм LARKO redcostume L","categoryCode":"Master - Clothes for slimming","categoryName":"Одежда для похудения","link":"https://kaspi.kz/shop/p/kostjum-larko-redcostume-l-122021239/"},"merchant":{"name":"LARKO-KZ","code":"17629423"},"editable":false,"editedByCustomer":false},{"id":"8a5cbef0919726ae019197678eaa0035","author":"Оксана","date":"29.08.2024","orderNumber":"400860703","rating":5,"comment":{"minus":"","plus":"","text":"Отличный костюм. Сел хорошо, как на меня сшитый. На мой 46 размер подошла L. Мой рост 152, по длине тоже все отлично. Швы везде качественные, сам материал приятный, лёгкий. Как только надела начала потеть. Посмотрим как будет в действии. Доставка вовремя."},"feedback":{"positive":0,"voted":false},"product":{"id":"122021239","name":"Костюм LARKO redcostume L","categoryCode":"Master - Clothes for slimming","categoryName":"Одежда для похудения","link":"https://kaspi.kz/shop/p/kostjum-larko-redcostume-l-122021239/"},"merchant":{"name":"LARKO-KZ","code":"17629423"},"editable":false,"editedByCustomer":false}]}