{"data":[{"id":"8a5c5fbf9618f308019660f4914437d8","author":"Гүлім","date":"23.04.2025","orderNumber":"535988745","rating":5,"comment":{"minus":"","plus":"","text":"Красивое, утягивающее. Мне понравилось."},"feedback":{"positive":0,"voted":false},"product":{"id":"128584788","name":"LARKO body bra черный S","categoryCode":"Master - Women shapewear","categoryName":"Женское корректирующее белье","link":"https://kaspi.kz/shop/p/larko-body-bra-chernyi-s-128584788/"},"merchant":{"name":"LARKO-KZ","code":"17629423"},"editable":false,"editedByCustomer":false},{"id":"8a5c5fbf9618f30801961b1a56bf16e6","author":"Анастасия","date":"09.04.2025","orderNumber":"527916784","rating":5,"comment":{"minus":"","plus":"","text":"Спасибо большое магазину LARKO-KZ за быструю доставку, все подошло идеально, качество отличное. К покупке советую."},"feedback":{"positive":0,"voted":false},"product":{"id":"128584788","name":"LARKO body bra черный S","categoryCode":"Master - Women shapewear","categoryName":"Женское корректирующее белье","link":"https://kaspi.kz/shop/p/larko-body-bra-chernyi-s-128584788/"},"merchant":{"name":"LARKO-KZ","code":"17629423"},"editable":false,"editedByCustomer":false},{"id":"8a5c30729618f3d2019619a305de0526","author":"Диана","date":"09.04.2025","orderNumber":"522976363","rating":1,"comment":{"minus":"","plus":"","text":"Не утягивает ничего, визуально фигуру делает плоской, в нем жарко и имеются полоски которые видные сквозь одежду. Чашки находятся далеко и еще сильнее уменьшают маленькую грудь."},"feedback":{"positive":1,"voted":false},"product":{"id":"128584788","name":"LARKO body bra черный S","categoryCode":"Master - Women shapewear","categoryName":"Женское корректирующее белье","link":"https://kaspi.kz/shop/p/larko-body-bra-chernyi-s-128584788/"},"merchant":{"name":"LARKO-KZ","code":"17629423"},"editable":false,"editedByCustomer":false},{"id":"8a5c6a1595c616b50195ed35a58d4004","author":"Молдир","date":"31.03.2025","orderNumber":"508310617","rating":5,"comment":{"minus":"","plus":"","text":"Боди просто супер. Качество огонь. Покупала месяца 2 назад для себя и осталось довольной покупке. Состояние идеальное, сидит как новая."},"feedback":{"positive":0,"voted":false},"product":{"id":"128584788","name":"LARKO body bra черный S","categoryCode":"Master - Women shapewear","categoryName":"Женское корректирующее белье","link":"https://kaspi.kz/shop/p/larko-body-bra-chernyi-s-128584788/"},"merchant":{"name":"LARKO-KZ","code":"17629423"},"editable":false,"editedByCustomer":false},{"id":"8a5c196b95dabaad0195ebc5e0065247","author":"Толкын","date":"31.03.2025","orderNumber":"522578105","rating":5,"comment":{"minus":"","plus":"","text":"Мне очень понравилось. Приятно к телу. Спасибо за быструю доставку."},"feedback":{"positive":0,"voted":false},"product":{"id":"128584788","name":"LARKO body bra черный S","categoryCode":"Master - Women shapewear","categoryName":"Женское корректирующее белье","link":"https://kaspi.kz/shop/p/larko-body-bra-chernyi-s-128584788/"},"merchant":{"name":"LARKO-KZ","code":"17629423"},"editable":false,"editedByCustomer":false},{"id":"8a5c51ef9554c8b60195581707f71678","author":"Камила","date":"02.03.2025","orderNumber":"506291363","rating":4,"comment":{"minus":"","plus":"","text":"Купила для 46 размера 44 и пожалела, ну тут это уже моя вина. Чашка в груди оказалась маленькой. А так хорошо подтянул, еле как одела и сняла также."},"feedback":{"positive":1,"voted":false},"product":{"id":"128584788","name":"LARKO body bra черный S","categoryCode":"Master - Women shapewear","categoryName":"Женское корректирующее белье","link":"https://kaspi.kz/shop/p/larko-body-bra-chernyi-s-128584788/"},"merchant":{"name":"LARKO-KZ","code":"17629423"},"editable":false,"editedByCustomer":false},{"id":"8a5ce3cd95451b42019555f4495f4a2b","author":"Нұрайлым","date":"02.03.2025","orderNumber":"490609158","rating":5,"comment":{"minus":"","plus":"","text":"Качество очень хорошее. Не вызывает неудобств."},"feedback":{"positive":0,"voted":false},"product":{"id":"128584788","name":"LARKO body bra черный S","categoryCode":"Master - Women shapewear","categoryName":"Женское корректирующее белье","link":"https://kaspi.kz/shop/p/larko-body-bra-chernyi-s-128584788/"},"merchant":{"name":"LARKO-KZ","code":"17629423"},"editable":false,"editedByCustomer":false},{"id":"8a5ceb5494c725350194c7a2d2610115","author":"Радмила","date":"02.02.2025","orderNumber":"489218734","rating":5,"comment":{"minus":"","plus":"","text":"Классные боди. Подтягивает фигуру. Брала размер в размер, очень классно сели. Советую всем!"},"feedback":{"positive":0,"voted":false},"product":{"id":"128584788","name":"LARKO body bra черный S","categoryCode":"Master - Women shapewear","categoryName":"Женское корректирующее белье","link":"https://kaspi.kz/shop/p/larko-body-bra-chernyi-s-128584788/"},"merchant":{"name":"LARKO-KZ","code":"17629423"},"editable":false,"editedByCustomer":false},{"id":"8a5c309d94ab5c830194b29ea9c40f13","author":"Арайлым","date":"29.01.2025","orderNumber":"486289794","rating":5,"comment":{"minus":"","plus":"","text":"Боди просто класс! Хорошо поддерживает грудь, подтягивает фигуру и делает ягодицы более округлыми. Удобно сидит, приятное к телу и не видно под одеждой. Отличный вариант, если хочется выглядеть стройнее и увереннее заказала еще майку."},"feedback":{"positive":0,"voted":false},"product":{"id":"128584788","name":"LARKO body bra черный S","categoryCode":"Master - Women shapewear","categoryName":"Женское корректирующее белье","link":"https://kaspi.kz/shop/p/larko-body-bra-chernyi-s-128584788/"},"merchant":{"name":"LARKO-KZ","code":"17629423"},"editable":false,"editedByCustomer":false},{"id":"8a5ca09c9468767601946b72b02507cc","author":"Махинур","date":"16.01.2025","orderNumber":"480226565","rating":5,"comment":{"minus":"","plus":"","text":"Покупкой довольна, ношу 44 р, заказала S, подошел идеально, покупкой довольна, рекомендую однозначно."},"feedback":{"positive":0,"voted":false},"product":{"id":"128584788","name":"LARKO body bra черный S","categoryCode":"Master - Women shapewear","categoryName":"Женское корректирующее белье","link":"https://kaspi.kz/shop/p/larko-body-bra-chernyi-s-128584788/"},"merchant":{"name":"LARKO-KZ","code":"17629423"},"editable":false,"editedByCustomer":false},{"id":"8a5c1b679415c45601941775728b0303","author":"Тоғжан","date":"30.12.2024","orderNumber":"441886557","rating":5,"comment":{"minus":"","plus":"","text":"Отличный бодик! Очень рекомендую. Прекрасно утягивает и при этом удобный. Сел идеально, качество на высоте."},"feedback":{"positive":0,"voted":false},"product":{"id":"128584788","name":"LARKO body bra черный S","categoryCode":"Master - Women shapewear","categoryName":"Женское корректирующее белье","link":"https://kaspi.kz/shop/p/larko-body-bra-chernyi-s-128584788/"},"merchant":{"name":"LARKO-KZ","code":"17629423"},"editable":false,"editedByCustomer":false},{"id":"8a5c221e940195a20194174a77f82a46","author":"Динара","date":"30.12.2024","orderNumber":"433595013","rating":5,"comment":{"minus":"","plus":"","text":"Өте керемет, ұнады."},"feedback":{"positive":0,"voted":false},"product":{"id":"128584788","name":"LARKO body bra черный S","categoryCode":"Master - Women shapewear","categoryName":"Женское корректирующее белье","link":"https://kaspi.kz/shop/p/larko-body-bra-chernyi-s-128584788/"},"merchant":{"name":"LARKO-KZ","code":"17629423"},"editable":false,"editedByCustomer":false},{"id":"8a5c0cd49395560f0193e84f97977f62","author":"Балнұр","date":"21.12.2024","orderNumber":"465049728","rating":5,"comment":{"minus":"","plus":"","text":"Оправдала все ожидания."},"feedback":{"positive":0,"voted":false},"product":{"id":"128584788","name":"LARKO body bra черный S","categoryCode":"Master - Women shapewear","categoryName":"Женское корректирующее белье","link":"https://kaspi.kz/shop/p/larko-body-bra-chernyi-s-128584788/"},"merchant":{"name":"LARKO-KZ","code":"17629423"},"editable":false,"editedByCustomer":false},{"id":"8a5ca09d939556c90193de039af36db4","author":"Ирина","date":"19.12.2024","orderNumber":"464028772","rating":5,"comment":{"minus":"","plus":"","text":"Все супер, очень довольна."},"feedback":{"positive":0,"voted":false},"product":{"id":"128584788","name":"LARKO body bra черный S","categoryCode":"Master - Women shapewear","categoryName":"Женское корректирующее белье","link":"https://kaspi.kz/shop/p/larko-body-bra-chernyi-s-128584788/"},"merchant":{"name":"LARKO-KZ","code":"17629423"},"editable":false,"editedByCustomer":false},{"id":"8a5c3c1b939556e80193caca025656da","author":"Ойзода","date":"15.12.2024","orderNumber":"459875345","rating":5,"comment":{"minus":"","plus":"","text":"Отличный товар, размер подошел, все супер."},"feedback":{"positive":0,"voted":false},"product":{"id":"128584788","name":"LARKO body bra черный S","categoryCode":"Master - Women shapewear","categoryName":"Женское корректирующее белье","link":"https://kaspi.kz/shop/p/larko-body-bra-chernyi-s-128584788/"},"merchant":{"name":"LARKO-KZ","code":"17629423"},"editable":false,"editedByCustomer":false},{"id":"8a5c040693c33aac0193c375a869002c","author":"Гаухар","date":"14.12.2024","orderNumber":"460585209","rating":5,"comment":{"minus":"","plus":"","text":"Мне бодик очень понравился, хорошо утягивает, не давит. Ношу M -ку заказала S и хорошо села, утягивает. Хорошо поднимает и поддерживает грудь."},"feedback":{"positive":0,"voted":false},"product":{"id":"128584788","name":"LARKO body bra черный S","categoryCode":"Master - Women shapewear","categoryName":"Женское корректирующее белье","link":"https://kaspi.kz/shop/p/larko-body-bra-chernyi-s-128584788/"},"merchant":{"name":"LARKO-KZ","code":"17629423"},"editable":false,"editedByCustomer":false},{"id":"8a5ccd739395560a0193bed2d67e429a","author":"Аяулым","date":"13.12.2024","orderNumber":"461974325","rating":5,"comment":{"minus":"","plus":"","text":"Качество топ, супер."},"feedback":{"positive":0,"voted":false},"product":{"id":"128584788","name":"LARKO body bra черный S","categoryCode":"Master - Women shapewear","categoryName":"Женское корректирующее белье","link":"https://kaspi.kz/shop/p/larko-body-bra-chernyi-s-128584788/"},"merchant":{"name":"LARKO-KZ","code":"17629423"},"editable":false,"editedByCustomer":false},{"id":"8a5cba6b939556d50193b6bfb53f3933","author":"Татьяна","date":"11.12.2024","orderNumber":"459211769","rating":5,"comment":{"minus":"","plus":"","text":"Отлично сел, очень понравился! Рекомендую! У меня размер М, я заказала S, размер подошёл безупречно!"},"feedback":{"positive":0,"voted":false},"product":{"id":"128584788","name":"LARKO body bra черный S","categoryCode":"Master - Women shapewear","categoryName":"Женское корректирующее белье","link":"https://kaspi.kz/shop/p/larko-body-bra-chernyi-s-128584788/"},"merchant":{"name":"LARKO-KZ","code":"17629423"},"editable":false,"editedByCustomer":false},{"id":"8a5ceb58939556400193958eeacf008e","author":"Ольга","date":"05.12.2024","orderNumber":"454224740","rating":5,"comment":{"minus":"","plus":"","text":"Хорошо утягивает и скрывает недостатки, брать нужно размер в размер, мой 44 туго сел, размером меньше брать не советую."},"feedback":{"positive":0,"voted":false},"product":{"id":"128584788","name":"LARKO body bra черный S","categoryCode":"Master - Women shapewear","categoryName":"Женское корректирующее белье","link":"https://kaspi.kz/shop/p/larko-body-bra-chernyi-s-128584788/"},"merchant":{"name":"LARKO-KZ","code":"17629423"},"editable":false,"editedByCustomer":false},{"id":"8a5c0c369366cacd01938bb2d7a330c2","author":"Алина","date":"03.12.2024","orderNumber":"453024127","rating":5,"comment":{"minus":"","plus":"","text":"Качество супер, лучше брать на размер больше."},"feedback":{"positive":0,"voted":false},"product":{"id":"128584788","name":"LARKO body bra черный S","categoryCode":"Master - Women shapewear","categoryName":"Женское корректирующее белье","link":"https://kaspi.kz/shop/p/larko-body-bra-chernyi-s-128584788/"},"merchant":{"name":"LARKO-KZ","code":"17629423"},"editable":false,"editedByCustomer":false},{"id":"8a5cc39f9366cbc401938686200b2af8","author":"Айнаш","date":"02.12.2024","orderNumber":"452232583","rating":5,"comment":{"minus":"","plus":"","text":"Боди мне маловат, не смогла его натянуть на себя. А так очень хорошо сшито. Жалко, что не подошел. Подарю племяшке. Посмотрю у продавца еще варианты свои размер."},"feedback":{"positive":0,"voted":false},"galleryImages":[{"id":"452232583-128584788/3421d2f4-273f-4389-b848-53c98f8b62e8.jpeg","small":"https://resources.cdn-kaspi.kz/img/p/r/452232583-128584788/3421d2f4-273f-4389-b848-53c98f8b62e8.jpeg?format=review_small","medium":"https://resources.cdn-kaspi.kz/img/p/r/452232583-128584788/3421d2f4-273f-4389-b848-53c98f8b62e8.jpeg?format=review_medium","large":"https://resources.cdn-kaspi.kz/img/p/r/452232583-128584788/3421d2f4-273f-4389-b848-53c98f8b62e8.jpeg?format=review_large"}],"product":{"id":"128584788","name":"LARKO body bra черный S","categoryCode":"Master - Women shapewear","categoryName":"Женское корректирующее белье","link":"https://kaspi.kz/shop/p/larko-body-bra-chernyi-s-128584788/"},"merchant":{"name":"LARKO-KZ","code":"17629423"},"editable":false,"editedByCustomer":false},{"id":"8a5c52b69366cac10193788be4131c3a","author":"Мукаддас","date":"29.11.2024","orderNumber":"451350698","rating":5,"comment":{"minus":"","plus":"","text":"Боди очень комфортный, красиво сидит по фигуре, все аккуратно сшито."},"feedback":{"positive":0,"voted":false},"product":{"id":"128584788","name":"LARKO body bra черный S","categoryCode":"Master - Women shapewear","categoryName":"Женское корректирующее белье","link":"https://kaspi.kz/shop/p/larko-body-bra-chernyi-s-128584788/"},"merchant":{"name":"LARKO-KZ","code":"17629423"},"editable":false,"editedByCustomer":false},{"id":"8a5c0c21931f0ef901932140b5ee0675","author":"Инабат","date":"12.11.2024","orderNumber":"439126042","rating":5,"comment":{"minus":"","plus":"","text":"Качество супер и цена хорошая, все хорошо утягивает, на свой 46 размер взяла s, идеально утягивает."},"feedback":{"positive":1,"voted":false},"product":{"id":"128584788","name":"LARKO body bra черный S","categoryCode":"Master - Women shapewear","categoryName":"Женское корректирующее белье","link":"https://kaspi.kz/shop/p/larko-body-bra-chernyi-s-128584788/"},"merchant":{"name":"LARKO-KZ","code":"17629423"},"editable":false,"editedByCustomer":false},{"id":"8a5c62129300df6401930c85aecb0ee8","author":"Қарлығаш","date":"08.11.2024","orderNumber":"436695939","rating":5,"comment":{"minus":"","plus":"","text":"Очень хорошо утягивает. Довольна."},"feedback":{"positive":0,"voted":false},"product":{"id":"128584788","name":"LARKO body bra черный S","categoryCode":"Master - Women shapewear","categoryName":"Женское корректирующее белье","link":"https://kaspi.kz/shop/p/larko-body-bra-chernyi-s-128584788/"},"merchant":{"name":"LARKO-KZ","code":"17629423"},"editable":false,"editedByCustomer":false},{"id":"8a5c968f93004c2c01930b306b3e0ec5","author":"Әдемі","date":"08.11.2024","orderNumber":"436495453","rating":4,"comment":{"minus":"","plus":"","text":"Очень хорошо село, спасибо."},"feedback":{"positive":0,"voted":false},"product":{"id":"128584788","name":"LARKO body bra черный S","categoryCode":"Master - Women shapewear","categoryName":"Женское корректирующее белье","link":"https://kaspi.kz/shop/p/larko-body-bra-chernyi-s-128584788/"},"merchant":{"name":"LARKO-KZ","code":"17629423"},"editable":false,"editedByCustomer":false}]}