{"data":[{"id":"8a5c5fbf9618f30801963a3cb9ea2386","author":"Зауре","date":"15.04.2025","orderNumber":"529685034","rating":5,"comment":{"minus":"","plus":"","text":"Керемет екен. Өте ұнады маған. Сондай ыңғайлы екен. Каспи Магазинге рахмет! Тез жеткізді. Алғысым шексіз. Супер!."},"feedback":{"positive":0,"voted":false},"product":{"id":"121311139","name":"LARKO Вальгусные шины ортез для фиксации пальца белый, голубой размер универсальный","categoryCode":"Master - Bandages and orthoses","categoryName":"Бандажи и ортезы","link":"https://kaspi.kz/shop/p/larko-val-gusnye-shiny-ortez-dlja-fiksatsii-pal-tsa-belyi-goluboi-razmer-universal-nyi-121311139/"},"merchant":{"name":"LARKO-KZ","code":"17629423"},"editable":false,"editedByCustomer":false},{"id":"8a5c119295f5262c0195fbd7c62528ee","author":"Мәдина","date":"03.04.2025","orderNumber":"523615862","rating":5,"comment":{"minus":"","plus":"","text":"Качество товара оказалось куда лучше, чем мы ожидали! Очень удобно носить, неудобств не доставляет."},"feedback":{"positive":0,"voted":false},"product":{"id":"121311139","name":"LARKO Вальгусные шины ортез для фиксации пальца белый, голубой размер универсальный","categoryCode":"Master - Bandages and orthoses","categoryName":"Бандажи и ортезы","link":"https://kaspi.kz/shop/p/larko-val-gusnye-shiny-ortez-dlja-fiksatsii-pal-tsa-belyi-goluboi-razmer-universal-nyi-121311139/"},"merchant":{"name":"LARKO-KZ","code":"17629423"},"editable":false,"editedByCustomer":false},{"id":"8a5cc38595acfcab0195dd4819f40028","author":"Сания","date":"28.03.2025","orderNumber":"521333840","rating":5,"comment":{"minus":"","plus":"","text":"Товар пришёл на день раньше, все в отличном состояние. В использовании все понятно. Надеемся он нам поможет. Все отлично упаковано."},"feedback":{"positive":0,"voted":false},"galleryImages":[{"id":"521333840-121311139/2e47a88b-8017-4269-9c86-4a3681ddc255.jpeg","small":"https://resources.cdn-kaspi.kz/img/p/r/521333840-121311139/2e47a88b-8017-4269-9c86-4a3681ddc255.jpeg?format=review_small","medium":"https://resources.cdn-kaspi.kz/img/p/r/521333840-121311139/2e47a88b-8017-4269-9c86-4a3681ddc255.jpeg?format=review_medium","large":"https://resources.cdn-kaspi.kz/img/p/r/521333840-121311139/2e47a88b-8017-4269-9c86-4a3681ddc255.jpeg?format=review_large"},{"id":"521333840-121311139/5cc59051-4742-49d6-b16e-1b71c704de1f.jpeg","small":"https://resources.cdn-kaspi.kz/img/p/r/521333840-121311139/5cc59051-4742-49d6-b16e-1b71c704de1f.jpeg?format=review_small","medium":"https://resources.cdn-kaspi.kz/img/p/r/521333840-121311139/5cc59051-4742-49d6-b16e-1b71c704de1f.jpeg?format=review_medium","large":"https://resources.cdn-kaspi.kz/img/p/r/521333840-121311139/5cc59051-4742-49d6-b16e-1b71c704de1f.jpeg?format=review_large"},{"id":"521333840-121311139/85552690-f243-48e2-80be-b9ed9c3fabd4.jpeg","small":"https://resources.cdn-kaspi.kz/img/p/r/521333840-121311139/85552690-f243-48e2-80be-b9ed9c3fabd4.jpeg?format=review_small","medium":"https://resources.cdn-kaspi.kz/img/p/r/521333840-121311139/85552690-f243-48e2-80be-b9ed9c3fabd4.jpeg?format=review_medium","large":"https://resources.cdn-kaspi.kz/img/p/r/521333840-121311139/85552690-f243-48e2-80be-b9ed9c3fabd4.jpeg?format=review_large"}],"product":{"id":"121311139","name":"LARKO Вальгусные шины ортез для фиксации пальца белый, голубой размер универсальный","categoryCode":"Master - Bandages and orthoses","categoryName":"Бандажи и ортезы","link":"https://kaspi.kz/shop/p/larko-val-gusnye-shiny-ortez-dlja-fiksatsii-pal-tsa-belyi-goluboi-razmer-universal-nyi-121311139/"},"merchant":{"name":"LARKO-KZ","code":"17629423"},"editable":false,"editedByCustomer":false},{"id":"8a5c9dbc95acfdf50195cc030af82786","author":"Арман","date":"25.03.2025","orderNumber":"505060131","rating":1,"comment":{"minus":"","plus":"","text":"Качеством не очень."},"feedback":{"positive":1,"voted":false},"product":{"id":"121311139","name":"LARKO Вальгусные шины ортез для фиксации пальца белый, голубой размер универсальный","categoryCode":"Master - Bandages and orthoses","categoryName":"Бандажи и ортезы","link":"https://kaspi.kz/shop/p/larko-val-gusnye-shiny-ortez-dlja-fiksatsii-pal-tsa-belyi-goluboi-razmer-universal-nyi-121311139/"},"merchant":{"name":"LARKO-KZ","code":"17629423"},"editable":false,"editedByCustomer":false},{"id":"8a5c580695acfd8b0195c3c36c7c0b3b","author":"Гульден","date":"23.03.2025","orderNumber":"517926051","rating":5,"comment":{"minus":"","plus":"","text":"Быстрая доставка. Очень удобные в применений. Качество супер. Рекомендую."},"feedback":{"positive":0,"voted":false},"galleryImages":[{"id":"517926051-121311139/5b7fd83c-bfb8-46bd-a895-0c23334ef8cc.jpeg","small":"https://resources.cdn-kaspi.kz/img/p/r/517926051-121311139/5b7fd83c-bfb8-46bd-a895-0c23334ef8cc.jpeg?format=review_small","medium":"https://resources.cdn-kaspi.kz/img/p/r/517926051-121311139/5b7fd83c-bfb8-46bd-a895-0c23334ef8cc.jpeg?format=review_medium","large":"https://resources.cdn-kaspi.kz/img/p/r/517926051-121311139/5b7fd83c-bfb8-46bd-a895-0c23334ef8cc.jpeg?format=review_large"},{"id":"517926051-121311139/c7c57724-385d-46d5-b354-c0783e195537.jpeg","small":"https://resources.cdn-kaspi.kz/img/p/r/517926051-121311139/c7c57724-385d-46d5-b354-c0783e195537.jpeg?format=review_small","medium":"https://resources.cdn-kaspi.kz/img/p/r/517926051-121311139/c7c57724-385d-46d5-b354-c0783e195537.jpeg?format=review_medium","large":"https://resources.cdn-kaspi.kz/img/p/r/517926051-121311139/c7c57724-385d-46d5-b354-c0783e195537.jpeg?format=review_large"},{"id":"517926051-121311139/1070297e-556e-4a47-82ff-b5a3cab9f104.jpeg","small":"https://resources.cdn-kaspi.kz/img/p/r/517926051-121311139/1070297e-556e-4a47-82ff-b5a3cab9f104.jpeg?format=review_small","medium":"https://resources.cdn-kaspi.kz/img/p/r/517926051-121311139/1070297e-556e-4a47-82ff-b5a3cab9f104.jpeg?format=review_medium","large":"https://resources.cdn-kaspi.kz/img/p/r/517926051-121311139/1070297e-556e-4a47-82ff-b5a3cab9f104.jpeg?format=review_large"},{"id":"517926051-121311139/d465922d-aeb5-4013-b9d4-4b1b8a957a55.jpeg","small":"https://resources.cdn-kaspi.kz/img/p/r/517926051-121311139/d465922d-aeb5-4013-b9d4-4b1b8a957a55.jpeg?format=review_small","medium":"https://resources.cdn-kaspi.kz/img/p/r/517926051-121311139/d465922d-aeb5-4013-b9d4-4b1b8a957a55.jpeg?format=review_medium","large":"https://resources.cdn-kaspi.kz/img/p/r/517926051-121311139/d465922d-aeb5-4013-b9d4-4b1b8a957a55.jpeg?format=review_large"},{"id":"517926051-121311139/d2860419-eea5-4d63-9e3b-6607a0b9e5e6.jpeg","small":"https://resources.cdn-kaspi.kz/img/p/r/517926051-121311139/d2860419-eea5-4d63-9e3b-6607a0b9e5e6.jpeg?format=review_small","medium":"https://resources.cdn-kaspi.kz/img/p/r/517926051-121311139/d2860419-eea5-4d63-9e3b-6607a0b9e5e6.jpeg?format=review_medium","large":"https://resources.cdn-kaspi.kz/img/p/r/517926051-121311139/d2860419-eea5-4d63-9e3b-6607a0b9e5e6.jpeg?format=review_large"}],"product":{"id":"121311139","name":"LARKO Вальгусные шины ортез для фиксации пальца белый, голубой размер универсальный","categoryCode":"Master - Bandages and orthoses","categoryName":"Бандажи и ортезы","link":"https://kaspi.kz/shop/p/larko-val-gusnye-shiny-ortez-dlja-fiksatsii-pal-tsa-belyi-goluboi-razmer-universal-nyi-121311139/"},"merchant":{"name":"LARKO-KZ","code":"17629423"},"editable":false,"editedByCustomer":false},{"id":"8a5ce3e49588cdf601958a92e15511a1","author":"Асия","date":"12.03.2025","orderNumber":"511842061","rating":5,"comment":{"minus":"","plus":"","text":"Спасибо магазину LARGO-KZ за оперативную доставку. Товар пришёл на день раньше заявленного срока. Сегодня начнём испытывать данную шину."},"feedback":{"positive":1,"voted":false},"product":{"id":"121311139","name":"LARKO Вальгусные шины ортез для фиксации пальца белый, голубой размер универсальный","categoryCode":"Master - Bandages and orthoses","categoryName":"Бандажи и ортезы","link":"https://kaspi.kz/shop/p/larko-val-gusnye-shiny-ortez-dlja-fiksatsii-pal-tsa-belyi-goluboi-razmer-universal-nyi-121311139/"},"merchant":{"name":"LARKO-KZ","code":"17629423"},"editable":false,"editedByCustomer":false},{"id":"8a5c67fe954f9af601955bef9f5a39f8","author":"Айзада","date":"08.03.2025","orderNumber":"504276170","rating":5,"comment":{"minus":"","plus":"","text":"Жаксы. Түнде киип жату керек."},"feedback":{"positive":0,"voted":false},"product":{"id":"121311139","name":"LARKO Вальгусные шины ортез для фиксации пальца белый, голубой размер универсальный","categoryCode":"Master - Bandages and orthoses","categoryName":"Бандажи и ортезы","link":"https://kaspi.kz/shop/p/larko-val-gusnye-shiny-ortez-dlja-fiksatsii-pal-tsa-belyi-goluboi-razmer-universal-nyi-121311139/"},"merchant":{"name":"LARKO-KZ","code":"17629423"},"editable":false,"editedByCustomer":false},{"id":"8a5c580594e8bd140194ea6f5d74090e","author":"Елена","date":"09.02.2025","orderNumber":"489376282","rating":5,"comment":{"minus":"","plus":"","text":"Легко надевается, использовать только на ночь, ходить в них неудобно, посмотрим, какой будет результат, пока говорить рано."},"feedback":{"positive":0,"voted":false},"product":{"id":"121311139","name":"LARKO Вальгусные шины ортез для фиксации пальца белый, голубой размер универсальный","categoryCode":"Master - Bandages and orthoses","categoryName":"Бандажи и ортезы","link":"https://kaspi.kz/shop/p/larko-val-gusnye-shiny-ortez-dlja-fiksatsii-pal-tsa-belyi-goluboi-razmer-universal-nyi-121311139/"},"merchant":{"name":"LARKO-KZ","code":"17629423"},"editable":false,"editedByCustomer":false},{"id":"8a5c5ead949be05601949c76619a00a1","author":"Әсел","date":"25.01.2025","orderNumber":"482933505","rating":5,"comment":{"minus":"","plus":"","text":"Очень удобные."},"feedback":{"positive":0,"voted":false},"product":{"id":"121311139","name":"LARKO Вальгусные шины ортез для фиксации пальца белый, голубой размер универсальный","categoryCode":"Master - Bandages and orthoses","categoryName":"Бандажи и ортезы","link":"https://kaspi.kz/shop/p/larko-val-gusnye-shiny-ortez-dlja-fiksatsii-pal-tsa-belyi-goluboi-razmer-universal-nyi-121311139/"},"merchant":{"name":"LARKO-KZ","code":"17629423"},"editable":false,"editedByCustomer":false},{"id":"8a5c9dbc9401956a01945be823437507","author":"Мейрамкүл","date":"22.01.2025","orderNumber":"477919807","rating":5,"comment":{"minus":"","plus":"","text":"Фиксатор супер, ыңғайлы екен. Larko KZ рахмет, тез жеткізіп берді. "},"feedback":{"positive":0,"voted":false},"product":{"id":"121311139","name":"LARKO Вальгусные шины ортез для фиксации пальца белый, голубой размер универсальный","categoryCode":"Master - Bandages and orthoses","categoryName":"Бандажи и ортезы","link":"https://kaspi.kz/shop/p/larko-val-gusnye-shiny-ortez-dlja-fiksatsii-pal-tsa-belyi-goluboi-razmer-universal-nyi-121311139/"},"merchant":{"name":"LARKO-KZ","code":"17629423"},"editable":false,"editedByCustomer":false},{"id":"8a5c9dbc9401956a0194278429523d85","author":"Гайни","date":"02.01.2025","orderNumber":"472610780","rating":5,"comment":{"minus":"","plus":"","text":"Супруг пользуется, хороший товар у кого проблемы с пальцами."},"feedback":{"positive":0,"voted":false},"product":{"id":"121311139","name":"LARKO Вальгусные шины ортез для фиксации пальца белый, голубой размер универсальный","categoryCode":"Master - Bandages and orthoses","categoryName":"Бандажи и ортезы","link":"https://kaspi.kz/shop/p/larko-val-gusnye-shiny-ortez-dlja-fiksatsii-pal-tsa-belyi-goluboi-razmer-universal-nyi-121311139/"},"merchant":{"name":"LARKO-KZ","code":"17629423"},"editable":false,"editedByCustomer":false},{"id":"8a5c60e99401954d019413cfa18027d4","author":"Лаура","date":"30.12.2024","orderNumber":"470798700","rating":5,"comment":{"minus":"","plus":"","text":"Шина огонь. Быстрый результат, удобно носить. Сначала я не верила, что это возможно. Но это правда, помогает. Спасибо."},"feedback":{"positive":1,"voted":false},"product":{"id":"121311139","name":"LARKO Вальгусные шины ортез для фиксации пальца белый, голубой размер универсальный","categoryCode":"Master - Bandages and orthoses","categoryName":"Бандажи и ортезы","link":"https://kaspi.kz/shop/p/larko-val-gusnye-shiny-ortez-dlja-fiksatsii-pal-tsa-belyi-goluboi-razmer-universal-nyi-121311139/"},"merchant":{"name":"LARKO-KZ","code":"17629423"},"editable":false,"editedByCustomer":false},{"id":"8a5c933b9401967e0194066990fb09b5","author":"Жанар","date":"27.12.2024","orderNumber":"469675488","rating":5,"comment":{"minus":"","plus":"","text":"Мен мамама алып едім, өте қатты ұнады. Рақмет."},"feedback":{"positive":0,"voted":false},"product":{"id":"121311139","name":"LARKO Вальгусные шины ортез для фиксации пальца белый, голубой размер универсальный","categoryCode":"Master - Bandages and orthoses","categoryName":"Бандажи и ортезы","link":"https://kaspi.kz/shop/p/larko-val-gusnye-shiny-ortez-dlja-fiksatsii-pal-tsa-belyi-goluboi-razmer-universal-nyi-121311139/"},"merchant":{"name":"LARKO-KZ","code":"17629423"},"editable":false,"editedByCustomer":false},{"id":"8a5c255c939556140193f9a7b7f01b20","author":"Меруерт","date":"24.12.2024","orderNumber":"466212231","rating":5,"comment":{"minus":"","plus":"","text":"Понравились, нигде не натирают."},"feedback":{"positive":0,"voted":false},"galleryImages":[{"id":"466212231-121311139/5d1c392e-363b-4543-b4d6-a0697c8113e2.jpeg","small":"https://resources.cdn-kaspi.kz/img/p/r/466212231-121311139/5d1c392e-363b-4543-b4d6-a0697c8113e2.jpeg?format=review_small","medium":"https://resources.cdn-kaspi.kz/img/p/r/466212231-121311139/5d1c392e-363b-4543-b4d6-a0697c8113e2.jpeg?format=review_medium","large":"https://resources.cdn-kaspi.kz/img/p/r/466212231-121311139/5d1c392e-363b-4543-b4d6-a0697c8113e2.jpeg?format=review_large"}],"product":{"id":"121311139","name":"LARKO Вальгусные шины ортез для фиксации пальца белый, голубой размер универсальный","categoryCode":"Master - Bandages and orthoses","categoryName":"Бандажи и ортезы","link":"https://kaspi.kz/shop/p/larko-val-gusnye-shiny-ortez-dlja-fiksatsii-pal-tsa-belyi-goluboi-razmer-universal-nyi-121311139/"},"merchant":{"name":"LARKO-KZ","code":"17629423"},"editable":false,"editedByCustomer":false},{"id":"8a5c0cd49395560f0193cecd9f085a9b","author":"Молдир","date":"16.12.2024","orderNumber":"458782971","rating":5,"comment":{"minus":"","plus":"","text":"Уақытылы келді, қызыма алдым, нәтижесін уақыт көрсетеді, сапасы жақсы."},"feedback":{"positive":0,"voted":false},"galleryImages":[{"id":"458782971-121311139/70b3ba1f-21bc-4028-bfa7-97e13047987f.jpeg","small":"https://resources.cdn-kaspi.kz/img/p/r/458782971-121311139/70b3ba1f-21bc-4028-bfa7-97e13047987f.jpeg?format=review_small","medium":"https://resources.cdn-kaspi.kz/img/p/r/458782971-121311139/70b3ba1f-21bc-4028-bfa7-97e13047987f.jpeg?format=review_medium","large":"https://resources.cdn-kaspi.kz/img/p/r/458782971-121311139/70b3ba1f-21bc-4028-bfa7-97e13047987f.jpeg?format=review_large"}],"product":{"id":"121311139","name":"LARKO Вальгусные шины ортез для фиксации пальца белый, голубой размер универсальный","categoryCode":"Master - Bandages and orthoses","categoryName":"Бандажи и ортезы","link":"https://kaspi.kz/shop/p/larko-val-gusnye-shiny-ortez-dlja-fiksatsii-pal-tsa-belyi-goluboi-razmer-universal-nyi-121311139/"},"merchant":{"name":"LARKO-KZ","code":"17629423"},"editable":false,"editedByCustomer":false},{"id":"8a5cd58693b8dd720193bb51d41e0569","author":"Анаргуль","date":"12.12.2024","orderNumber":"459991833","rating":5,"comment":{"minus":"","plus":"","text":"Классные, удобные. На ночь можно одевать. Результат через месяц увидим."},"feedback":{"positive":0,"voted":false},"galleryImages":[{"id":"459991833-121311139/928e177c-973f-43ee-b94e-fc3a0cc82e18.jpeg","small":"https://resources.cdn-kaspi.kz/img/p/r/459991833-121311139/928e177c-973f-43ee-b94e-fc3a0cc82e18.jpeg?format=review_small","medium":"https://resources.cdn-kaspi.kz/img/p/r/459991833-121311139/928e177c-973f-43ee-b94e-fc3a0cc82e18.jpeg?format=review_medium","large":"https://resources.cdn-kaspi.kz/img/p/r/459991833-121311139/928e177c-973f-43ee-b94e-fc3a0cc82e18.jpeg?format=review_large"},{"id":"459991833-121311139/21c871ea-301b-4d92-b02c-c888ce9e5608.jpeg","small":"https://resources.cdn-kaspi.kz/img/p/r/459991833-121311139/21c871ea-301b-4d92-b02c-c888ce9e5608.jpeg?format=review_small","medium":"https://resources.cdn-kaspi.kz/img/p/r/459991833-121311139/21c871ea-301b-4d92-b02c-c888ce9e5608.jpeg?format=review_medium","large":"https://resources.cdn-kaspi.kz/img/p/r/459991833-121311139/21c871ea-301b-4d92-b02c-c888ce9e5608.jpeg?format=review_large"}],"product":{"id":"121311139","name":"LARKO Вальгусные шины ортез для фиксации пальца белый, голубой размер универсальный","categoryCode":"Master - Bandages and orthoses","categoryName":"Бандажи и ортезы","link":"https://kaspi.kz/shop/p/larko-val-gusnye-shiny-ortez-dlja-fiksatsii-pal-tsa-belyi-goluboi-razmer-universal-nyi-121311139/"},"merchant":{"name":"LARKO-KZ","code":"17629423"},"editable":false,"editedByCustomer":false},{"id":"8a5cadc2939556fe0193af65a0b22bb3","author":"Мағжан","date":"10.12.2024","orderNumber":"446723090","rating":5,"comment":{"minus":"","plus":"","text":"Аяқтағы үлкен саусақта деформация болған жағдайда, одан құтылудан көп көмегін тигізеді. Бастапқы мерзімде қатты қыспаған жөн, ыңғайсыздық тудырады, кейін үйреніп кетуге болады."},"feedback":{"positive":0,"voted":false},"product":{"id":"121311139","name":"LARKO Вальгусные шины ортез для фиксации пальца белый, голубой размер универсальный","categoryCode":"Master - Bandages and orthoses","categoryName":"Бандажи и ортезы","link":"https://kaspi.kz/shop/p/larko-val-gusnye-shiny-ortez-dlja-fiksatsii-pal-tsa-belyi-goluboi-razmer-universal-nyi-121311139/"},"merchant":{"name":"LARKO-KZ","code":"17629423"},"editable":false,"editedByCustomer":false},{"id":"8a5c07979347be0b01934888bbc401d4","author":"Светлана","date":"20.11.2024","orderNumber":"438513387","rating":5,"comment":{"minus":"","plus":"","text":"Удобный ортез, не давит, главное сильно не затягивать первое время. Одеваю на ночь немного мешает, но надо привыкнуть посмотрим через месяц как будет результат. Спасибо большое магазину и Каспи."},"feedback":{"positive":1,"voted":false},"product":{"id":"121311139","name":"LARKO Вальгусные шины ортез для фиксации пальца белый, голубой размер универсальный","categoryCode":"Master - Bandages and orthoses","categoryName":"Бандажи и ортезы","link":"https://kaspi.kz/shop/p/larko-val-gusnye-shiny-ortez-dlja-fiksatsii-pal-tsa-belyi-goluboi-razmer-universal-nyi-121311139/"},"merchant":{"name":"LARKO-KZ","code":"17629423"},"editable":false,"editedByCustomer":false},{"id":"8a5cc62d933d6ae30193404c4951063b","author":"Айнур","date":"18.11.2024","orderNumber":"426278028","rating":4,"comment":{"minus":"","plus":"","text":"Сәл ыңғайсыздау."},"feedback":{"positive":0,"voted":false},"product":{"id":"121311139","name":"LARKO Вальгусные шины ортез для фиксации пальца белый, голубой размер универсальный","categoryCode":"Master - Bandages and orthoses","categoryName":"Бандажи и ортезы","link":"https://kaspi.kz/shop/p/larko-val-gusnye-shiny-ortez-dlja-fiksatsii-pal-tsa-belyi-goluboi-razmer-universal-nyi-121311139/"},"merchant":{"name":"LARKO-KZ","code":"17629423"},"editable":false,"editedByCustomer":false},{"id":"8a5c98149300b864019305fcc82e06c6","author":"Асия","date":"07.11.2024","orderNumber":"434761480","rating":4,"comment":{"minus":"","plus":"","text":"Только начала пользоваться, вроде хороший, одевать нужно в ночное время."},"feedback":{"positive":0,"voted":false},"product":{"id":"121311139","name":"LARKO Вальгусные шины ортез для фиксации пальца белый, голубой размер универсальный","categoryCode":"Master - Bandages and orthoses","categoryName":"Бандажи и ортезы","link":"https://kaspi.kz/shop/p/larko-val-gusnye-shiny-ortez-dlja-fiksatsii-pal-tsa-belyi-goluboi-razmer-universal-nyi-121311139/"},"merchant":{"name":"LARKO-KZ","code":"17629423"},"editable":false,"editedByCustomer":false},{"id":"8a5cfe349275086c01928027216d16f7","author":"Пернеш","date":"12.10.2024","orderNumber":"421894089","rating":5,"comment":{"minus":"","plus":"","text":"Алдым. Әлі пайдаланбадым, қызыма алғанмын."},"feedback":{"positive":0,"voted":false},"product":{"id":"121311139","name":"LARKO Вальгусные шины ортез для фиксации пальца белый, голубой размер универсальный","categoryCode":"Master - Bandages and orthoses","categoryName":"Бандажи и ортезы","link":"https://kaspi.kz/shop/p/larko-val-gusnye-shiny-ortez-dlja-fiksatsii-pal-tsa-belyi-goluboi-razmer-universal-nyi-121311139/"},"merchant":{"name":"LARKO-KZ","code":"17629423"},"editable":false,"editedByCustomer":false},{"id":"8a5c4070924c4913019260a70da52481","author":"Қанағат","date":"06.10.2024","orderNumber":"387503046","rating":5,"comment":{"minus":"","plus":"","text":"Алдым. Жаман емес."},"feedback":{"positive":0,"voted":false},"product":{"id":"121311139","name":"LARKO Вальгусные шины ортез для фиксации пальца белый, голубой размер универсальный","categoryCode":"Master - Bandages and orthoses","categoryName":"Бандажи и ортезы","link":"https://kaspi.kz/shop/p/larko-val-gusnye-shiny-ortez-dlja-fiksatsii-pal-tsa-belyi-goluboi-razmer-universal-nyi-121311139/"},"merchant":{"name":"LARKO-KZ","code":"17629423"},"editable":false,"editedByCustomer":false},{"id":"8a5c1dd691cfb45f0191d1200e9f0203","author":"Умида","date":"08.09.2024","orderNumber":"404861476","rating":5,"comment":{"minus":"","plus":"","text":"Каспи магазинге үлкен рахмет, сапасы керемет."},"feedback":{"positive":1,"voted":false},"product":{"id":"121311139","name":"LARKO Вальгусные шины ортез для фиксации пальца белый, голубой размер универсальный","categoryCode":"Master - Bandages and orthoses","categoryName":"Бандажи и ортезы","link":"https://kaspi.kz/shop/p/larko-val-gusnye-shiny-ortez-dlja-fiksatsii-pal-tsa-belyi-goluboi-razmer-universal-nyi-121311139/"},"merchant":{"name":"LARKO-KZ","code":"17629423"},"editable":false,"editedByCustomer":false},{"id":"8a5cf7af91a175030191a19063180011","author":"Зере","date":"30.08.2024","orderNumber":"398750227","rating":5,"comment":{"minus":"","plus":"","text":"Надеваю на ночь, очень удобные. Рекомендую продавца Larko-kz."},"feedback":{"positive":0,"voted":false},"product":{"id":"121311139","name":"LARKO Вальгусные шины ортез для фиксации пальца белый, голубой размер универсальный","categoryCode":"Master - Bandages and orthoses","categoryName":"Бандажи и ортезы","link":"https://kaspi.kz/shop/p/larko-val-gusnye-shiny-ortez-dlja-fiksatsii-pal-tsa-belyi-goluboi-razmer-universal-nyi-121311139/"},"merchant":{"name":"LARKO-KZ","code":"17629423"},"editable":false,"editedByCustomer":false},{"id":"8a5c5aaa9191d3f20191926e725200bf","author":"Сагида","date":"27.08.2024","orderNumber":"399308639","rating":5,"comment":{"minus":"","plus":"","text":"Давно искали такие вальгусные шины. Приобрели с радостью. Очень удобные, используются в ночное время. Спасибо продавцу LARKO-KZ за продажи такого рода товаров, особенно полезная вещь, тем кто страдает вальгусной деформацией, рекомендую! Процветания Вашему бизнесу! Благодарим Каспи за возможность приобретения по приложению."},"feedback":{"positive":0,"voted":false},"galleryImages":[{"id":"399308639-121311139/011286e9-fb79-41f6-ab9d-e13f78114722.jpeg","small":"https://resources.cdn-kaspi.kz/img/p/r/399308639-121311139/011286e9-fb79-41f6-ab9d-e13f78114722.jpeg?format=review_small","medium":"https://resources.cdn-kaspi.kz/img/p/r/399308639-121311139/011286e9-fb79-41f6-ab9d-e13f78114722.jpeg?format=review_medium","large":"https://resources.cdn-kaspi.kz/img/p/r/399308639-121311139/011286e9-fb79-41f6-ab9d-e13f78114722.jpeg?format=review_large"},{"id":"399308639-121311139/ebbbc90b-820d-41d0-80b2-7f6b67c15ba8.jpeg","small":"https://resources.cdn-kaspi.kz/img/p/r/399308639-121311139/ebbbc90b-820d-41d0-80b2-7f6b67c15ba8.jpeg?format=review_small","medium":"https://resources.cdn-kaspi.kz/img/p/r/399308639-121311139/ebbbc90b-820d-41d0-80b2-7f6b67c15ba8.jpeg?format=review_medium","large":"https://resources.cdn-kaspi.kz/img/p/r/399308639-121311139/ebbbc90b-820d-41d0-80b2-7f6b67c15ba8.jpeg?format=review_large"}],"product":{"id":"121311139","name":"LARKO Вальгусные шины ортез для фиксации пальца белый, голубой размер универсальный","categoryCode":"Master - Bandages and orthoses","categoryName":"Бандажи и ортезы","link":"https://kaspi.kz/shop/p/larko-val-gusnye-shiny-ortez-dlja-fiksatsii-pal-tsa-belyi-goluboi-razmer-universal-nyi-121311139/"},"merchant":{"name":"LARKO-KZ","code":"17629423"},"editable":false,"editedByCustomer":false},{"id":"8a5ca0969149e5ed01914b98f33d039f","author":"Клавдия","date":"13.08.2024","orderNumber":"392392124","rating":3,"comment":{"minus":"","plus":"","text":"Неудобные, трудно закрепляемые."},"feedback":{"positive":0,"voted":false},"product":{"id":"121311139","name":"LARKO Вальгусные шины ортез для фиксации пальца белый, голубой размер универсальный","categoryCode":"Master - Bandages and orthoses","categoryName":"Бандажи и ортезы","link":"https://kaspi.kz/shop/p/larko-val-gusnye-shiny-ortez-dlja-fiksatsii-pal-tsa-belyi-goluboi-razmer-universal-nyi-121311139/"},"merchant":{"name":"LARKO-KZ","code":"17629423"},"editable":false,"editedByCustomer":false},{"id":"8a5c3c20912aba7a0191311a5d150cbf","author":"Назым","date":"08.08.2024","orderNumber":"389918035","rating":5,"comment":{"minus":"","plus":"","text":"Отличные шины за свои деньги. Лёгкие. Не передавливают. Очень комфортно носить. Эффект ещё оценить не успела, мало времени прошло. Но нравится удобство ношения."},"feedback":{"positive":1,"voted":false},"product":{"id":"121311139","name":"LARKO Вальгусные шины ортез для фиксации пальца белый, голубой размер универсальный","categoryCode":"Master - Bandages and orthoses","categoryName":"Бандажи и ортезы","link":"https://kaspi.kz/shop/p/larko-val-gusnye-shiny-ortez-dlja-fiksatsii-pal-tsa-belyi-goluboi-razmer-universal-nyi-121311139/"},"merchant":{"name":"LARKO-KZ","code":"17629423"},"editable":false,"editedByCustomer":false},{"id":"8a5c5c8190d88f2e0190ef15857e2a99","author":"Мунира","date":"26.07.2024","orderNumber":"387585020","rating":5,"comment":{"minus":"","plus":"","text":"Отличный товар, работает и полностью выполняет свою функцию. Так как у меня очень большие косточки на ногах и иногда болят. Пробовала другие, всё ерунда, а эти просто находка! Спасибо магазину."},"feedback":{"positive":0,"voted":false},"product":{"id":"121311139","name":"LARKO Вальгусные шины ортез для фиксации пальца белый, голубой размер универсальный","categoryCode":"Master - Bandages and orthoses","categoryName":"Бандажи и ортезы","link":"https://kaspi.kz/shop/p/larko-val-gusnye-shiny-ortez-dlja-fiksatsii-pal-tsa-belyi-goluboi-razmer-universal-nyi-121311139/"},"merchant":{"name":"LARKO-KZ","code":"17629423"},"editable":false,"editedByCustomer":false}]}