{"data":[{"id":"8a5cadc29618f2fa01961e7b916d2212","author":"Мерей","date":"10.04.2025","orderNumber":"528760751","rating":5,"comment":{"minus":"","plus":"","text":"Сумка очень понравилась, покупала для тренировок. Самое главное демократичная цена и суперское качество!"},"feedback":{"positive":0,"voted":false},"product":{"id":"132469280","name":"Сумка LARKO bagblue 25 л синий","categoryCode":"Master - Sport duffels","categoryName":"Спортивные сумки и чехлы","link":"https://kaspi.kz/shop/p/sumka-larko-bagblue-25-l-sinii-132469280/"},"merchant":{"name":"LARKO-KZ","code":"17629423"},"editable":false,"editedByCustomer":false},{"id":"8a5c80839590f3c201959eb3358b4c49","author":"Кристина","date":"16.03.2025","orderNumber":"501982497","rating":5,"comment":{"minus":"","plus":"","text":"Сумка то, что нужно для спорта. Лёгкая и удобная."},"feedback":{"positive":0,"voted":false},"product":{"id":"132469280","name":"Сумка LARKO bagblue 25 л синий","categoryCode":"Master - Sport duffels","categoryName":"Спортивные сумки и чехлы","link":"https://kaspi.kz/shop/p/sumka-larko-bagblue-25-l-sinii-132469280/"},"merchant":{"name":"LARKO-KZ","code":"17629423"},"editable":false,"editedByCustomer":false},{"id":"8a5c0cf29588cda9019590adff503b88","author":"Акгенша","date":"13.03.2025","orderNumber":"511452841","rating":5,"comment":{"minus":"","plus":"","text":"Сумка ұнады ойымдағындай шықты, рақмет Каспи ге уақытынан бұрын жеткізді курьер балаға да көп рақмет."},"feedback":{"positive":1,"voted":false},"product":{"id":"132469280","name":"Сумка LARKO bagblue 25 л синий","categoryCode":"Master - Sport duffels","categoryName":"Спортивные сумки и чехлы","link":"https://kaspi.kz/shop/p/sumka-larko-bagblue-25-l-sinii-132469280/"},"merchant":{"name":"LARKO-KZ","code":"17629423"},"editable":false,"editedByCustomer":false},{"id":"8a5ce3cd95451b420195523b30eb4047","author":"Айшолпан","date":"01.03.2025","orderNumber":"505886560","rating":5,"comment":{"minus":"","plus":"","text":"Очень классная и вместительная сумочка! Для зала самое то. Давно искала подходящую сумку для зала, рада что приобрела."},"feedback":{"positive":0,"voted":false},"product":{"id":"132469280","name":"Сумка LARKO bagblue 25 л синий","categoryCode":"Master - Sport duffels","categoryName":"Спортивные сумки и чехлы","link":"https://kaspi.kz/shop/p/sumka-larko-bagblue-25-l-sinii-132469280/"},"merchant":{"name":"LARKO-KZ","code":"17629423"},"editable":false,"editedByCustomer":false},{"id":"8a5cfe329468759301946d7f99d1089d","author":"Гайни","date":"16.01.2025","orderNumber":"480100910","rating":5,"comment":{"minus":"","plus":"","text":"Сумка ұнады, ойымнан шықты, сапасы өте жақсы екен, көңілімнен шықты."},"feedback":{"positive":0,"voted":false},"product":{"id":"132469280","name":"Сумка LARKO bagblue 25 л синий","categoryCode":"Master - Sport duffels","categoryName":"Спортивные сумки и чехлы","link":"https://kaspi.kz/shop/p/sumka-larko-bagblue-25-l-sinii-132469280/"},"merchant":{"name":"LARKO-KZ","code":"17629423"},"editable":false,"editedByCustomer":false},{"id":"8a5c307b9401961201944f7fe1826564","author":"Артём","date":"10.01.2025","orderNumber":"475336118","rating":5,"comment":{"minus":"","plus":"","text":"Отличная сумка, есть отдел с полиэтиленовым карманом на замке для мокрых плавок и шапочки после бассейна и он сверху так устроен что влага никак не попадёт на ваши вещи это просто супер. Отдельный боковой отсек для кроссовок класс. Очень понравилась сумка. Рекомендую. Продавец хорошо упаковал и доставил раньше времени, большое спасибо!"},"feedback":{"positive":1,"voted":false},"galleryImages":[{"id":"475336118-132469280/a3fd1f9e-8c23-4608-872a-f9f7f108864c.jpeg","small":"https://resources.cdn-kaspi.kz/img/p/r/475336118-132469280/a3fd1f9e-8c23-4608-872a-f9f7f108864c.jpeg?format=review_small","medium":"https://resources.cdn-kaspi.kz/img/p/r/475336118-132469280/a3fd1f9e-8c23-4608-872a-f9f7f108864c.jpeg?format=review_medium","large":"https://resources.cdn-kaspi.kz/img/p/r/475336118-132469280/a3fd1f9e-8c23-4608-872a-f9f7f108864c.jpeg?format=review_large"},{"id":"475336118-132469280/f0db3169-0315-4401-b9ab-f38aa76817bf.jpeg","small":"https://resources.cdn-kaspi.kz/img/p/r/475336118-132469280/f0db3169-0315-4401-b9ab-f38aa76817bf.jpeg?format=review_small","medium":"https://resources.cdn-kaspi.kz/img/p/r/475336118-132469280/f0db3169-0315-4401-b9ab-f38aa76817bf.jpeg?format=review_medium","large":"https://resources.cdn-kaspi.kz/img/p/r/475336118-132469280/f0db3169-0315-4401-b9ab-f38aa76817bf.jpeg?format=review_large"}],"product":{"id":"132469280","name":"Сумка LARKO bagblue 25 л синий","categoryCode":"Master - Sport duffels","categoryName":"Спортивные сумки и чехлы","link":"https://kaspi.kz/shop/p/sumka-larko-bagblue-25-l-sinii-132469280/"},"merchant":{"name":"LARKO-KZ","code":"17629423"},"editable":false,"editedByCustomer":false}]}