{"data":[{"id":"8a5cb3c89618f39301963ecb904a3445","author":"Марал","date":"16.04.2025","orderNumber":"531566278","rating":5,"comment":{"minus":"","plus":"","text":"Спасибо за быструю доставку, бюстгальтер действительно хорошего качества, плотный материал, буду заказывать еще."},"feedback":{"positive":0,"voted":false},"product":{"id":"122020467","name":"LARKO br1 белый 44-46","categoryCode":"Master - Maternity bras","categoryName":"Бюстгальтеры для беременных","link":"https://kaspi.kz/shop/p/larko-br1-belyi-44-46-122020467/"},"merchant":{"name":"LARKO-KZ","code":"17629423"},"editable":false,"editedByCustomer":false},{"id":"8a5c44bc95262ddb019528e9ecc1146d","author":"Айнур","date":"21.02.2025","orderNumber":"494098605","rating":5,"comment":{"minus":"","plus":"","text":"Размер маломерят, качество приятно к телу."},"feedback":{"positive":0,"voted":false},"product":{"id":"122020467","name":"LARKO br1 белый 44-46","categoryCode":"Master - Maternity bras","categoryName":"Бюстгальтеры для беременных","link":"https://kaspi.kz/shop/p/larko-br1-belyi-44-46-122020467/"},"merchant":{"name":"LARKO-KZ","code":"17629423"},"editable":false,"editedByCustomer":false},{"id":"8a5c582f94f2d71d01950d3898a80220","author":"Галина","date":"16.02.2025","orderNumber":"494382267","rating":5,"comment":{"minus":"","plus":"","text":"Шикарно сидит на теле, приятная очень ткань. Заказала 42-44, но привезли 44-46, и хорошо так как на размер маломерит."},"feedback":{"positive":0,"voted":false},"product":{"id":"122020467","name":"LARKO br1 белый 44-46","categoryCode":"Master - Maternity bras","categoryName":"Бюстгальтеры для беременных","link":"https://kaspi.kz/shop/p/larko-br1-belyi-44-46-122020467/"},"merchant":{"name":"LARKO-KZ","code":"17629423"},"editable":false,"editedByCustomer":true},{"id":"8a5c71c494deadd10194f49cdc747917","author":"Балауса","date":"11.02.2025","orderNumber":"493030543","rating":5,"comment":{"minus":"","plus":"","text":"Отлично! Маған ұнады матасы!."},"feedback":{"positive":0,"voted":false},"product":{"id":"122020467","name":"LARKO br1 белый 44-46","categoryCode":"Master - Maternity bras","categoryName":"Бюстгальтеры для беременных","link":"https://kaspi.kz/shop/p/larko-br1-belyi-44-46-122020467/"},"merchant":{"name":"LARKO-KZ","code":"17629423"},"editable":false,"editedByCustomer":false},{"id":"8a5c11aa94019602019449ae4aba5f99","author":"Шынар","date":"16.01.2025","orderNumber":"474405454","rating":5,"comment":{"minus":"","plus":"","text":"Сапасы өте жақсы, матасы жұмсақ, денеге жағымды. Маған ұнады, келесіде тағы тапсырыс беремін. РАҚМЕТ  ARKO-K!."},"feedback":{"positive":0,"voted":false},"product":{"id":"122020467","name":"LARKO br1 белый 44-46","categoryCode":"Master - Maternity bras","categoryName":"Бюстгальтеры для беременных","link":"https://kaspi.kz/shop/p/larko-br1-belyi-44-46-122020467/"},"merchant":{"name":"LARKO-KZ","code":"17629423"},"editable":false,"editedByCustomer":false},{"id":"8a5cadc2939556fe0193a56859831b40","author":"Анель","date":"08.12.2024","orderNumber":"455373059","rating":5,"comment":{"minus":"","plus":"","text":"Получила товар. Удобный. Размер на один размер больше взяла."},"feedback":{"positive":0,"voted":false},"product":{"id":"122020467","name":"LARKO br1 белый 44-46","categoryCode":"Master - Maternity bras","categoryName":"Бюстгальтеры для беременных","link":"https://kaspi.kz/shop/p/larko-br1-belyi-44-46-122020467/"},"merchant":{"name":"LARKO-KZ","code":"17629423"},"editable":false,"editedByCustomer":false},{"id":"8a5c3c1b939556e801939f86c77310e7","author":"Балауса","date":"07.12.2024","orderNumber":"455683417","rating":5,"comment":{"minus":"","plus":"","text":"Отличное качество, сидит хорошо прям даже не ощущается, буду еще заказывать но в др цвете."},"feedback":{"positive":0,"voted":false},"product":{"id":"122020467","name":"LARKO br1 белый 44-46","categoryCode":"Master - Maternity bras","categoryName":"Бюстгальтеры для беременных","link":"https://kaspi.kz/shop/p/larko-br1-belyi-44-46-122020467/"},"merchant":{"name":"LARKO-KZ","code":"17629423"},"editable":false,"editedByCustomer":false},{"id":"8a5c52b69366cac10193789d0ce11c7b","author":"Динара","date":"29.11.2024","orderNumber":"451295371","rating":5,"comment":{"minus":"","plus":"","text":"Очень удобный бюстгальтер для кормящих."},"feedback":{"positive":0,"voted":false},"galleryImages":[{"id":"451295371-122020467/e8cec2cb-db91-42c9-8b86-b6a53e6ded18.jpeg","small":"https://resources.cdn-kaspi.kz/img/p/r/451295371-122020467/e8cec2cb-db91-42c9-8b86-b6a53e6ded18.jpeg?format=review_small","medium":"https://resources.cdn-kaspi.kz/img/p/r/451295371-122020467/e8cec2cb-db91-42c9-8b86-b6a53e6ded18.jpeg?format=review_medium","large":"https://resources.cdn-kaspi.kz/img/p/r/451295371-122020467/e8cec2cb-db91-42c9-8b86-b6a53e6ded18.jpeg?format=review_large"},{"id":"451295371-122020467/5e141344-2811-472b-9897-bd588c8b38de.jpeg","small":"https://resources.cdn-kaspi.kz/img/p/r/451295371-122020467/5e141344-2811-472b-9897-bd588c8b38de.jpeg?format=review_small","medium":"https://resources.cdn-kaspi.kz/img/p/r/451295371-122020467/5e141344-2811-472b-9897-bd588c8b38de.jpeg?format=review_medium","large":"https://resources.cdn-kaspi.kz/img/p/r/451295371-122020467/5e141344-2811-472b-9897-bd588c8b38de.jpeg?format=review_large"}],"product":{"id":"122020467","name":"LARKO br1 белый 44-46","categoryCode":"Master - Maternity bras","categoryName":"Бюстгальтеры для беременных","link":"https://kaspi.kz/shop/p/larko-br1-belyi-44-46-122020467/"},"merchant":{"name":"LARKO-KZ","code":"17629423"},"editable":false,"editedByCustomer":false},{"id":"8a5cc0759366cc6101937358d2d51560","author":"Айгүл","date":"28.11.2024","orderNumber":"451423297","rating":5,"comment":{"minus":"","plus":"","text":"Рахмет! Тез келді. Сапасы бұндай болады деп ойламадым."},"feedback":{"positive":0,"voted":false},"product":{"id":"122020467","name":"LARKO br1 белый 44-46","categoryCode":"Master - Maternity bras","categoryName":"Бюстгальтеры для беременных","link":"https://kaspi.kz/shop/p/larko-br1-belyi-44-46-122020467/"},"merchant":{"name":"LARKO-KZ","code":"17629423"},"editable":false,"editedByCustomer":true}]}