{"data":[{"id":"8a5cf33195acfd0d0195d2f033045098","author":"Зейнаб","date":"26.03.2025","orderNumber":"519708883","rating":4,"comment":{"minus":"","plus":"","text":"Товар хороший, ткань немного жаркая, а так в целом товар устраивает. Спасибо."},"feedback":{"positive":0,"voted":false},"product":{"id":"133111095","name":"Слинг LARKO 336984910 до 20 черный","categoryCode":"Master - Ergobaby carriers and soft carriers","categoryName":"Эргорюкзаки и кенгуру для малышей","link":"https://kaspi.kz/shop/p/sling-larko-336984910-do-20-chernyi-133111095/"},"merchant":{"name":"LARKO-KZ","code":"17629423"},"editable":false,"editedByCustomer":false},{"id":"8a5c51f395bbf5410195bcc621400298","author":"Ерболат","date":"22.03.2025","orderNumber":"517750685","rating":5,"comment":{"minus":"","plus":"","text":"Жена довольна. Качество отличное."},"feedback":{"positive":0,"voted":false},"product":{"id":"133111095","name":"Слинг LARKO 336984910 до 20 черный","categoryCode":"Master - Ergobaby carriers and soft carriers","categoryName":"Эргорюкзаки и кенгуру для малышей","link":"https://kaspi.kz/shop/p/sling-larko-336984910-do-20-chernyi-133111095/"},"merchant":{"name":"LARKO-KZ","code":"17629423"},"editable":false,"editedByCustomer":false},{"id":"8a5c5fbc958da9df01958f7dda590bed","author":"Іңкәр","date":"13.03.2025","orderNumber":"509591680","rating":1,"comment":{"minus":"","plus":"","text":"Ткань очень ужасная, слишком жарко в ней и неудобная."},"feedback":{"positive":2,"voted":false},"product":{"id":"133111095","name":"Слинг LARKO 336984910 до 20 черный","categoryCode":"Master - Ergobaby carriers and soft carriers","categoryName":"Эргорюкзаки и кенгуру для малышей","link":"https://kaspi.kz/shop/p/sling-larko-336984910-do-20-chernyi-133111095/"},"merchant":{"name":"LARKO-KZ","code":"17629423"},"editable":false,"editedByCustomer":false},{"id":"8a5c9ab2957da44e0195809e3d161507","author":"Гулим","date":"10.03.2025","orderNumber":"509587212","rating":5,"comment":{"minus":"","plus":"","text":"Классно, но еще не знаю как правильно завязывать."},"feedback":{"positive":0,"voted":false},"product":{"id":"133111095","name":"Слинг LARKO 336984910 до 20 черный","categoryCode":"Master - Ergobaby carriers and soft carriers","categoryName":"Эргорюкзаки и кенгуру для малышей","link":"https://kaspi.kz/shop/p/sling-larko-336984910-do-20-chernyi-133111095/"},"merchant":{"name":"LARKO-KZ","code":"17629423"},"editable":false,"editedByCustomer":false},{"id":"8a5c51ef9554c8b601955c1f1e03264f","author":"Әйгерім","date":"03.03.2025","orderNumber":"502151484","rating":5,"comment":{"minus":"","plus":"","text":"Классный! Рекомендую."},"feedback":{"positive":1,"voted":false},"galleryImages":[{"id":"502151484-133111095/906da06c-97f3-499f-aa48-2376bce70f97.jpeg","small":"https://resources.cdn-kaspi.kz/img/p/r/502151484-133111095/906da06c-97f3-499f-aa48-2376bce70f97.jpeg?format=review_small","medium":"https://resources.cdn-kaspi.kz/img/p/r/502151484-133111095/906da06c-97f3-499f-aa48-2376bce70f97.jpeg?format=review_medium","large":"https://resources.cdn-kaspi.kz/img/p/r/502151484-133111095/906da06c-97f3-499f-aa48-2376bce70f97.jpeg?format=review_large"}],"product":{"id":"133111095","name":"Слинг LARKO 336984910 до 20 черный","categoryCode":"Master - Ergobaby carriers and soft carriers","categoryName":"Эргорюкзаки и кенгуру для малышей","link":"https://kaspi.kz/shop/p/sling-larko-336984910-do-20-chernyi-133111095/"},"merchant":{"name":"LARKO-KZ","code":"17629423"},"editable":false,"editedByCustomer":false},{"id":"8a5c582f952c10e901952dfbba151010","author":"Юлия","date":"22.02.2025","orderNumber":"501024618","rating":4,"comment":{"minus":"","plus":"","text":"Слинг хороший, но не 100% хлопок. Продавцу спасибо, быстро отправил. Вот курьер решил сам оставить посылку у соседей, не дождавшись ответа у каких именно можно оставить. Просьба больше так не делать курьеру."},"feedback":{"positive":2,"voted":false},"product":{"id":"133111095","name":"Слинг LARKO 336984910 до 20 черный","categoryCode":"Master - Ergobaby carriers and soft carriers","categoryName":"Эргорюкзаки и кенгуру для малышей","link":"https://kaspi.kz/shop/p/sling-larko-336984910-do-20-chernyi-133111095/"},"merchant":{"name":"LARKO-KZ","code":"17629423"},"editable":false,"editedByCustomer":false},{"id":"8a5c306495129a0801951eabdd164ef6","author":"Екатерина","date":"19.02.2025","orderNumber":"497447908","rating":5,"comment":{"minus":"","plus":"","text":"Вполне себе хороший материал, очень длинный, в самый раз. Спине работу облегчает на ура. Стоит приловчиться, чтобы носить в нем ребёночка."},"feedback":{"positive":0,"voted":false},"product":{"id":"133111095","name":"Слинг LARKO 336984910 до 20 черный","categoryCode":"Master - Ergobaby carriers and soft carriers","categoryName":"Эргорюкзаки и кенгуру для малышей","link":"https://kaspi.kz/shop/p/sling-larko-336984910-do-20-chernyi-133111095/"},"merchant":{"name":"LARKO-KZ","code":"17629423"},"editable":false,"editedByCustomer":false},{"id":"8a5c51e7950e0d0b01951e6c360d64b5","author":"Кәмиля","date":"19.02.2025","orderNumber":"499365217","rating":5,"comment":{"minus":"","plus":"","text":"Получила заказ раньше срока. Очень удобный, мягкая ткань, ребёнку в нём удобно. Спасибо."},"feedback":{"positive":0,"voted":false},"product":{"id":"133111095","name":"Слинг LARKO 336984910 до 20 черный","categoryCode":"Master - Ergobaby carriers and soft carriers","categoryName":"Эргорюкзаки и кенгуру для малышей","link":"https://kaspi.kz/shop/p/sling-larko-336984910-do-20-chernyi-133111095/"},"merchant":{"name":"LARKO-KZ","code":"17629423"},"editable":false,"editedByCustomer":false}]}