{"data":[{"id":"8a5c5a82963235bc019659385bfd26bf","author":"Аида","date":"21.04.2025","orderNumber":"518733965","rating":5,"comment":{"minus":"","plus":"","text":"Самое главное приловчиться, и будет удобно, особенно когда ребенок, хочет всегда быть на руках, и на выезды срочные удобен. Рекомендую."},"feedback":{"positive":0,"voted":false},"product":{"id":"133112469","name":"Слинг LARKO 336984910 до 20 розовый","categoryCode":"Master - Ergobaby carriers and soft carriers","categoryName":"Эргорюкзаки и кенгуру для малышей","link":"https://kaspi.kz/shop/p/sling-larko-336984910-do-20-rozovyi-133112469/"},"merchant":{"name":"LARKO-KZ","code":"17629423"},"editable":false,"editedByCustomer":false},{"id":"8a5c5a82963235bc0196581c1cad1d28","author":"Анастасия","date":"21.04.2025","orderNumber":"505156214","rating":5,"comment":{"minus":"","plus":"","text":"Классная вещь, особенно для тех у кого малыш все время на руках. Меня этот слинг прям выручает! Единственное материал не очень, слишком жарко в нем(."},"feedback":{"positive":0,"voted":false},"product":{"id":"133112469","name":"Слинг LARKO 336984910 до 20 розовый","categoryCode":"Master - Ergobaby carriers and soft carriers","categoryName":"Эргорюкзаки и кенгуру для малышей","link":"https://kaspi.kz/shop/p/sling-larko-336984910-do-20-rozovyi-133112469/"},"merchant":{"name":"LARKO-KZ","code":"17629423"},"editable":false,"editedByCustomer":false},{"id":"8a5cfab59641b769019658161ce75946","author":"Айдана","date":"21.04.2025","orderNumber":"501472881","rating":5,"comment":{"minus":"","plus":"","text":"Очень удобная вещь, когда малыш постоянно на руках."},"feedback":{"positive":0,"voted":false},"product":{"id":"133112469","name":"Слинг LARKO 336984910 до 20 розовый","categoryCode":"Master - Ergobaby carriers and soft carriers","categoryName":"Эргорюкзаки и кенгуру для малышей","link":"https://kaspi.kz/shop/p/sling-larko-336984910-do-20-rozovyi-133112469/"},"merchant":{"name":"LARKO-KZ","code":"17629423"},"editable":false,"editedByCustomer":false},{"id":"8a5c3c3896280d6d019629c24e9407ca","author":"Айгуль","date":"12.04.2025","orderNumber":"528827445","rating":5,"comment":{"minus":"","plus":"","text":"Спасибо за доставку в срок. Здравствуйте. Цвет слинга понравился, будем пользоваться на следующей неделе, когда буду нянчится с внучатой племянницей."},"feedback":{"positive":0,"voted":false},"product":{"id":"133112469","name":"Слинг LARKO 336984910 до 20 розовый","categoryCode":"Master - Ergobaby carriers and soft carriers","categoryName":"Эргорюкзаки и кенгуру для малышей","link":"https://kaspi.kz/shop/p/sling-larko-336984910-do-20-rozovyi-133112469/"},"merchant":{"name":"LARKO-KZ","code":"17629423"},"editable":false,"editedByCustomer":false},{"id":"8a5c5ab6960e459001960e8dffaa0092","author":"Сания","date":"07.04.2025","orderNumber":"525537355","rating":5,"comment":{"minus":"","plus":"","text":"Очень классная вещь, прям мне помогает и домашними делами, очень удобно, ребёнку комфортно, спасибо большое."},"feedback":{"positive":0,"voted":false},"product":{"id":"133112469","name":"Слинг LARKO 336984910 до 20 розовый","categoryCode":"Master - Ergobaby carriers and soft carriers","categoryName":"Эргорюкзаки и кенгуру для малышей","link":"https://kaspi.kz/shop/p/sling-larko-336984910-do-20-rozovyi-133112469/"},"merchant":{"name":"LARKO-KZ","code":"17629423"},"editable":false,"editedByCustomer":false},{"id":"8a5ce3c8956c83ae01957fd88098603a","author":"Дарья","date":"10.03.2025","orderNumber":"512855999","rating":5,"comment":{"minus":"","plus":"","text":"Качество отличное, очень длинный, мягкий, пока что учимся заматываться, есть инструкция."},"feedback":{"positive":0,"voted":false},"product":{"id":"133112469","name":"Слинг LARKO 336984910 до 20 розовый","categoryCode":"Master - Ergobaby carriers and soft carriers","categoryName":"Эргорюкзаки и кенгуру для малышей","link":"https://kaspi.kz/shop/p/sling-larko-336984910-do-20-rozovyi-133112469/"},"merchant":{"name":"LARKO-KZ","code":"17629423"},"editable":false,"editedByCustomer":false}]}