{"data":[{"id":"8a5c02349618f32b0196437955db439a","author":"Рахия","date":"17.04.2025","orderNumber":"534180452","rating":5,"comment":{"minus":"","plus":"","text":"Классненький рюкзак! Доставили быстро, спасибо. Лёгкий, ткань приятная, типа джинса. Отличная вещь для подарка."},"feedback":{"positive":0,"voted":false},"product":{"id":"132613828","name":"Эргорюкзак LARKO Kengurus до 20 синий","categoryCode":"Master - Ergobaby carriers and soft carriers","categoryName":"Эргорюкзаки и кенгуру для малышей","link":"https://kaspi.kz/shop/p/ergorjukzak-larko-kengurus-do-20-sinii-132613828/"},"merchant":{"name":"LARKO-KZ","code":"17629423"},"editable":false,"editedByCustomer":false},{"id":"8a5c822b96375c1c019638ac26650522","author":"Асылзат","date":"15.04.2025","orderNumber":"533271417","rating":5,"comment":{"minus":"","plus":"","text":"Очень хорошего качества и удобный."},"feedback":{"positive":0,"voted":false},"product":{"id":"132613828","name":"Эргорюкзак LARKO Kengurus до 20 синий","categoryCode":"Master - Ergobaby carriers and soft carriers","categoryName":"Эргорюкзаки и кенгуру для малышей","link":"https://kaspi.kz/shop/p/ergorjukzak-larko-kengurus-do-20-sinii-132613828/"},"merchant":{"name":"LARKO-KZ","code":"17629423"},"editable":false,"editedByCustomer":false},{"id":"8a5c57bb962822da01962a4e9e530c11","author":"Наргиза","date":"12.04.2025","orderNumber":"531774498","rating":5,"comment":{"minus":"","plus":"","text":"Очень хороший товар, спасибо. Качество супер, довольна покупкой!"},"feedback":{"positive":0,"voted":false},"product":{"id":"132613828","name":"Эргорюкзак LARKO Kengurus до 20 синий","categoryCode":"Master - Ergobaby carriers and soft carriers","categoryName":"Эргорюкзаки и кенгуру для малышей","link":"https://kaspi.kz/shop/p/ergorjukzak-larko-kengurus-do-20-sinii-132613828/"},"merchant":{"name":"LARKO-KZ","code":"17629423"},"editable":false,"editedByCustomer":false},{"id":"8a5c405695d51bda0195e6e3626f52d2","author":"Тарлан","date":"30.03.2025","orderNumber":"519287660","rating":3,"comment":{"minus":"","plus":"","text":"Не удобно ребёнка кормить в нём."},"feedback":{"positive":1,"voted":false},"product":{"id":"132613828","name":"Эргорюкзак LARKO Kengurus до 20 синий","categoryCode":"Master - Ergobaby carriers and soft carriers","categoryName":"Эргорюкзаки и кенгуру для малышей","link":"https://kaspi.kz/shop/p/ergorjukzak-larko-kengurus-do-20-sinii-132613828/"},"merchant":{"name":"LARKO-KZ","code":"17629423"},"editable":false,"editedByCustomer":false},{"id":"8a5c405695d51bda0195d62d871701eb","author":"Фатима","date":"27.03.2025","orderNumber":"520711289","rating":5,"comment":{"minus":"","plus":"","text":"Рюкзак действительно классный, очень нужная вещь и на улице и дома, мне очень понравилась, быстрая доставка, спасибо Каспи Магазину."},"feedback":{"positive":0,"voted":false},"product":{"id":"132613828","name":"Эргорюкзак LARKO Kengurus до 20 синий","categoryCode":"Master - Ergobaby carriers and soft carriers","categoryName":"Эргорюкзаки и кенгуру для малышей","link":"https://kaspi.kz/shop/p/ergorjukzak-larko-kengurus-do-20-sinii-132613828/"},"merchant":{"name":"LARKO-KZ","code":"17629423"},"editable":false,"editedByCustomer":false},{"id":"8a5c6a1595c616b50195d1661fd53463","author":"Данияр","date":"26.03.2025","orderNumber":"521204149","rating":5,"comment":{"minus":"","plus":"","text":"Очень качественный, главное ребенку нравится."},"feedback":{"positive":0,"voted":false},"product":{"id":"132613828","name":"Эргорюкзак LARKO Kengurus до 20 синий","categoryCode":"Master - Ergobaby carriers and soft carriers","categoryName":"Эргорюкзаки и кенгуру для малышей","link":"https://kaspi.kz/shop/p/ergorjukzak-larko-kengurus-do-20-sinii-132613828/"},"merchant":{"name":"LARKO-KZ","code":"17629423"},"editable":false,"editedByCustomer":false},{"id":"8a5c621095caf9cc0195d0de6d541950","author":"Балжан","date":"26.03.2025","orderNumber":"520411748","rating":5,"comment":{"minus":"","plus":"","text":"Купила в подарок, пришла вовремя. Спасибо, все понравилось."},"feedback":{"positive":0,"voted":false},"product":{"id":"132613828","name":"Эргорюкзак LARKO Kengurus до 20 синий","categoryCode":"Master - Ergobaby carriers and soft carriers","categoryName":"Эргорюкзаки и кенгуру для малышей","link":"https://kaspi.kz/shop/p/ergorjukzak-larko-kengurus-do-20-sinii-132613828/"},"merchant":{"name":"LARKO-KZ","code":"17629423"},"editable":false,"editedByCustomer":false},{"id":"8a5cf33195acfd0d0195cdb108bd376d","author":"Айгерім","date":"25.03.2025","orderNumber":"518028897","rating":5,"comment":{"minus":"","plus":"","text":"Сапасы жақсы."},"feedback":{"positive":0,"voted":false},"product":{"id":"132613828","name":"Эргорюкзак LARKO Kengurus до 20 синий","categoryCode":"Master - Ergobaby carriers and soft carriers","categoryName":"Эргорюкзаки и кенгуру для малышей","link":"https://kaspi.kz/shop/p/ergorjukzak-larko-kengurus-do-20-sinii-132613828/"},"merchant":{"name":"LARKO-KZ","code":"17629423"},"editable":false,"editedByCustomer":false},{"id":"8a5c9ab2957da44e01957ee8b09d02fb","author":"Эльмира","date":"10.03.2025","orderNumber":"510531338","rating":5,"comment":{"minus":"","plus":"","text":"Качество отличное, как на фото и даже лучшее, спасибо магазину."},"feedback":{"positive":0,"voted":false},"product":{"id":"132613828","name":"Эргорюкзак LARKO Kengurus до 20 синий","categoryCode":"Master - Ergobaby carriers and soft carriers","categoryName":"Эргорюкзаки и кенгуру для малышей","link":"https://kaspi.kz/shop/p/ergorjukzak-larko-kengurus-do-20-sinii-132613828/"},"merchant":{"name":"LARKO-KZ","code":"17629423"},"editable":false,"editedByCustomer":false},{"id":"8a5cee50957412f4019574ff06ec036b","author":"Шохан","date":"08.03.2025","orderNumber":"504330674","rating":1,"comment":{"minus":"","plus":"","text":"Слишком узкий, для людей весом от 100 кг слишком узкий, не подходит. И не очень удобный."},"feedback":{"positive":1,"voted":false},"product":{"id":"132613828","name":"Эргорюкзак LARKO Kengurus до 20 синий","categoryCode":"Master - Ergobaby carriers and soft carriers","categoryName":"Эргорюкзаки и кенгуру для малышей","link":"https://kaspi.kz/shop/p/ergorjukzak-larko-kengurus-do-20-sinii-132613828/"},"merchant":{"name":"LARKO-KZ","code":"17629423"},"editable":false,"editedByCustomer":false},{"id":"8a5c197094f7b0d501952a24faa71915","author":"Дамели","date":"22.02.2025","orderNumber":"499666793","rating":5,"comment":{"minus":"","plus":"","text":"Качество огонь, не пожалела. Спасибо."},"feedback":{"positive":0,"voted":false},"product":{"id":"132613828","name":"Эргорюкзак LARKO Kengurus до 20 синий","categoryCode":"Master - Ergobaby carriers and soft carriers","categoryName":"Эргорюкзаки и кенгуру для малышей","link":"https://kaspi.kz/shop/p/ergorjukzak-larko-kengurus-do-20-sinii-132613828/"},"merchant":{"name":"LARKO-KZ","code":"17629423"},"editable":false,"editedByCustomer":false},{"id":"8a5c920194ab5c310194b7e1532d1882","author":"Назерке","date":"03.02.2025","orderNumber":"488316472","rating":5,"comment":{"minus":"","plus":"","text":"Эргорюкзак бізге ұнады, качество жақсы. Балағада ыңғайлы болды, қолымыз ұзарып қалды.  LARKO магазиніне рақмет, тез жеткізді, қызмет көрсетулері ұнады!."},"feedback":{"positive":1,"voted":false},"galleryImages":[{"id":"488316472-132613828/05effa48-4a1a-4c6d-9c42-92a50b3288a8.jpeg","small":"https://resources.cdn-kaspi.kz/img/p/r/488316472-132613828/05effa48-4a1a-4c6d-9c42-92a50b3288a8.jpeg?format=review_small","medium":"https://resources.cdn-kaspi.kz/img/p/r/488316472-132613828/05effa48-4a1a-4c6d-9c42-92a50b3288a8.jpeg?format=review_medium","large":"https://resources.cdn-kaspi.kz/img/p/r/488316472-132613828/05effa48-4a1a-4c6d-9c42-92a50b3288a8.jpeg?format=review_large"},{"id":"488316472-132613828/00e7521c-92c6-4335-b5af-ac22f05cac59.jpeg","small":"https://resources.cdn-kaspi.kz/img/p/r/488316472-132613828/00e7521c-92c6-4335-b5af-ac22f05cac59.jpeg?format=review_small","medium":"https://resources.cdn-kaspi.kz/img/p/r/488316472-132613828/00e7521c-92c6-4335-b5af-ac22f05cac59.jpeg?format=review_medium","large":"https://resources.cdn-kaspi.kz/img/p/r/488316472-132613828/00e7521c-92c6-4335-b5af-ac22f05cac59.jpeg?format=review_large"}],"product":{"id":"132613828","name":"Эргорюкзак LARKO Kengurus до 20 синий","categoryCode":"Master - Ergobaby carriers and soft carriers","categoryName":"Эргорюкзаки и кенгуру для малышей","link":"https://kaspi.kz/shop/p/ergorjukzak-larko-kengurus-do-20-sinii-132613828/"},"merchant":{"name":"LARKO-KZ","code":"17629423"},"editable":false,"editedByCustomer":false},{"id":"8a5c2f5294c723e90194c73c1af00024","author":"Салтанат","date":"02.02.2025","orderNumber":"487204499","rating":5,"comment":{"minus":"","plus":"","text":"Спасибо, все понравилось! Рюкзак сделан качественно."},"feedback":{"positive":0,"voted":false},"galleryImages":[{"id":"487204499-132613828/29a55af9-e44a-48ca-a827-db3795cbec3d.jpeg","small":"https://resources.cdn-kaspi.kz/img/p/r/487204499-132613828/29a55af9-e44a-48ca-a827-db3795cbec3d.jpeg?format=review_small","medium":"https://resources.cdn-kaspi.kz/img/p/r/487204499-132613828/29a55af9-e44a-48ca-a827-db3795cbec3d.jpeg?format=review_medium","large":"https://resources.cdn-kaspi.kz/img/p/r/487204499-132613828/29a55af9-e44a-48ca-a827-db3795cbec3d.jpeg?format=review_large"}],"product":{"id":"132613828","name":"Эргорюкзак LARKO Kengurus до 20 синий","categoryCode":"Master - Ergobaby carriers and soft carriers","categoryName":"Эргорюкзаки и кенгуру для малышей","link":"https://kaspi.kz/shop/p/ergorjukzak-larko-kengurus-do-20-sinii-132613828/"},"merchant":{"name":"LARKO-KZ","code":"17629423"},"editable":false,"editedByCustomer":false},{"id":"8a5c555094ab5c700194b7c8afb1179d","author":"Саят","date":"30.01.2025","orderNumber":"487910734","rating":5,"comment":{"minus":"","plus":"","text":"Заказывал для внука, доставили вовремя, понравился."},"feedback":{"positive":0,"voted":false},"product":{"id":"132613828","name":"Эргорюкзак LARKO Kengurus до 20 синий","categoryCode":"Master - Ergobaby carriers and soft carriers","categoryName":"Эргорюкзаки и кенгуру для малышей","link":"https://kaspi.kz/shop/p/ergorjukzak-larko-kengurus-do-20-sinii-132613828/"},"merchant":{"name":"LARKO-KZ","code":"17629423"},"editable":false,"editedByCustomer":false},{"id":"8a5c5db394ab5d260194b1766b9e0a43","author":"Валида","date":"29.01.2025","orderNumber":"485593417","rating":1,"comment":{"minus":"","plus":"","text":"Очень плохого качества. Не советую покупать этот товар. Пощадите ребёнка. Товары LARKO ужасны. Положительные комментарии они пишут сами. Делайте выводы. Пожалела, что заказала у них."},"feedback":{"positive":2,"voted":false},"product":{"id":"132613828","name":"Эргорюкзак LARKO Kengurus до 20 синий","categoryCode":"Master - Ergobaby carriers and soft carriers","categoryName":"Эргорюкзаки и кенгуру для малышей","link":"https://kaspi.kz/shop/p/ergorjukzak-larko-kengurus-do-20-sinii-132613828/"},"merchant":{"name":"LARKO-KZ","code":"17629423"},"editable":false,"editedByCustomer":true},{"id":"8a5cadd194ab5c2a0194ae065b9807a4","author":"Талшын","date":"28.01.2025","orderNumber":"485977732","rating":5,"comment":{"minus":"","plus":"","text":"Товар лучшего качества! Довольна покупкой! Всем советую, удобная, качественная вещь!"},"feedback":{"positive":0,"voted":false},"product":{"id":"132613828","name":"Эргорюкзак LARKO Kengurus до 20 синий","categoryCode":"Master - Ergobaby carriers and soft carriers","categoryName":"Эргорюкзаки и кенгуру для малышей","link":"https://kaspi.kz/shop/p/ergorjukzak-larko-kengurus-do-20-sinii-132613828/"},"merchant":{"name":"LARKO-KZ","code":"17629423"},"editable":false,"editedByCustomer":false},{"id":"8a5c0415946875a60194a2c9618e52db","author":"Айнур","date":"26.01.2025","orderNumber":"485960938","rating":5,"comment":{"minus":"","plus":"","text":"Кенгуру оказался очень хорошим. Нам понравилось. Меньше нагрузки на спину и плечи, и малышу удобно."},"feedback":{"positive":0,"voted":false},"galleryImages":[{"id":"485960938-132613828/18699414-83fe-4e84-931a-73be5ad60f1f.jpeg","small":"https://resources.cdn-kaspi.kz/img/p/r/485960938-132613828/18699414-83fe-4e84-931a-73be5ad60f1f.jpeg?format=review_small","medium":"https://resources.cdn-kaspi.kz/img/p/r/485960938-132613828/18699414-83fe-4e84-931a-73be5ad60f1f.jpeg?format=review_medium","large":"https://resources.cdn-kaspi.kz/img/p/r/485960938-132613828/18699414-83fe-4e84-931a-73be5ad60f1f.jpeg?format=review_large"}],"product":{"id":"132613828","name":"Эргорюкзак LARKO Kengurus до 20 синий","categoryCode":"Master - Ergobaby carriers and soft carriers","categoryName":"Эргорюкзаки и кенгуру для малышей","link":"https://kaspi.kz/shop/p/ergorjukzak-larko-kengurus-do-20-sinii-132613828/"},"merchant":{"name":"LARKO-KZ","code":"17629423"},"editable":false,"editedByCustomer":false},{"id":"8a5c406f946875fe01946f362f9a0d49","author":"Алия","date":"16.01.2025","orderNumber":"478973410","rating":5,"comment":{"minus":"","plus":"","text":"Спасибо за хорошую вещь. Главное комфортно и ребёнок всегда на виду. Отличное качество, положение меняется, ребёнок сидит с удовольствием и наблюдает что делает мама."},"feedback":{"positive":0,"voted":false},"galleryImages":[{"id":"478973410-132613828/ea959c38-9ab7-4f53-8ba5-bba74bd20e00.jpeg","small":"https://resources.cdn-kaspi.kz/img/p/r/478973410-132613828/ea959c38-9ab7-4f53-8ba5-bba74bd20e00.jpeg?format=review_small","medium":"https://resources.cdn-kaspi.kz/img/p/r/478973410-132613828/ea959c38-9ab7-4f53-8ba5-bba74bd20e00.jpeg?format=review_medium","large":"https://resources.cdn-kaspi.kz/img/p/r/478973410-132613828/ea959c38-9ab7-4f53-8ba5-bba74bd20e00.jpeg?format=review_large"},{"id":"478973410-132613828/6279394c-1f99-4592-a66c-fd8591521a21.jpeg","small":"https://resources.cdn-kaspi.kz/img/p/r/478973410-132613828/6279394c-1f99-4592-a66c-fd8591521a21.jpeg?format=review_small","medium":"https://resources.cdn-kaspi.kz/img/p/r/478973410-132613828/6279394c-1f99-4592-a66c-fd8591521a21.jpeg?format=review_medium","large":"https://resources.cdn-kaspi.kz/img/p/r/478973410-132613828/6279394c-1f99-4592-a66c-fd8591521a21.jpeg?format=review_large"},{"id":"478973410-132613828/c398a033-f2e9-4955-9716-08827d701ebd.jpeg","small":"https://resources.cdn-kaspi.kz/img/p/r/478973410-132613828/c398a033-f2e9-4955-9716-08827d701ebd.jpeg?format=review_small","medium":"https://resources.cdn-kaspi.kz/img/p/r/478973410-132613828/c398a033-f2e9-4955-9716-08827d701ebd.jpeg?format=review_medium","large":"https://resources.cdn-kaspi.kz/img/p/r/478973410-132613828/c398a033-f2e9-4955-9716-08827d701ebd.jpeg?format=review_large"},{"id":"478973410-132613828/87bd4e83-8abf-4f43-9ad7-6db11cecf935.jpeg","small":"https://resources.cdn-kaspi.kz/img/p/r/478973410-132613828/87bd4e83-8abf-4f43-9ad7-6db11cecf935.jpeg?format=review_small","medium":"https://resources.cdn-kaspi.kz/img/p/r/478973410-132613828/87bd4e83-8abf-4f43-9ad7-6db11cecf935.jpeg?format=review_medium","large":"https://resources.cdn-kaspi.kz/img/p/r/478973410-132613828/87bd4e83-8abf-4f43-9ad7-6db11cecf935.jpeg?format=review_large"},{"id":"478973410-132613828/035f7dd9-11f6-4ebf-b0e6-6c5a51fd5c91.jpeg","small":"https://resources.cdn-kaspi.kz/img/p/r/478973410-132613828/035f7dd9-11f6-4ebf-b0e6-6c5a51fd5c91.jpeg?format=review_small","medium":"https://resources.cdn-kaspi.kz/img/p/r/478973410-132613828/035f7dd9-11f6-4ebf-b0e6-6c5a51fd5c91.jpeg?format=review_medium","large":"https://resources.cdn-kaspi.kz/img/p/r/478973410-132613828/035f7dd9-11f6-4ebf-b0e6-6c5a51fd5c91.jpeg?format=review_large"}],"product":{"id":"132613828","name":"Эргорюкзак LARKO Kengurus до 20 синий","categoryCode":"Master - Ergobaby carriers and soft carriers","categoryName":"Эргорюкзаки и кенгуру для малышей","link":"https://kaspi.kz/shop/p/ergorjukzak-larko-kengurus-do-20-sinii-132613828/"},"merchant":{"name":"LARKO-KZ","code":"17629423"},"editable":false,"editedByCustomer":false},{"id":"8a5c221e940195a201945b33b1c573be","author":"Марзия","date":"12.01.2025","orderNumber":"476390413","rating":5,"comment":{"minus":"","plus":"","text":"Рюкзак понравился, очень удобный."},"feedback":{"positive":0,"voted":false},"product":{"id":"132613828","name":"Эргорюкзак LARKO Kengurus до 20 синий","categoryCode":"Master - Ergobaby carriers and soft carriers","categoryName":"Эргорюкзаки и кенгуру для малышей","link":"https://kaspi.kz/shop/p/ergorjukzak-larko-kengurus-do-20-sinii-132613828/"},"merchant":{"name":"LARKO-KZ","code":"17629423"},"editable":false,"editedByCustomer":false},{"id":"8a5cee5f940196d20194502fa01d676d","author":"Анар","date":"10.01.2025","orderNumber":"477598623","rating":5,"comment":{"minus":"","plus":"","text":"Качество хорошее, мне очень понравилась. Так удобно. А главное ребенок как рада."},"feedback":{"positive":0,"voted":false},"product":{"id":"132613828","name":"Эргорюкзак LARKO Kengurus до 20 синий","categoryCode":"Master - Ergobaby carriers and soft carriers","categoryName":"Эргорюкзаки и кенгуру для малышей","link":"https://kaspi.kz/shop/p/ergorjukzak-larko-kengurus-do-20-sinii-132613828/"},"merchant":{"name":"LARKO-KZ","code":"17629423"},"editable":false,"editedByCustomer":false}]}