{"data":[{"id":"8a5c5db5963cc0dd019643470bd31b76","author":"Оксана","date":"17.04.2025","orderNumber":"533132120","rating":5,"comment":{"minus":"","plus":"","text":"Корсет мне понравился, и по размеру подошел, удобно, держит хорошо. У меня живот после нескольких кесарево, в не очень хорошем состоянии. Корсет спасает."},"feedback":{"positive":0,"voted":false},"product":{"id":"117570970","name":"LARKO corb для похудения женский черный XXXL","categoryCode":"Master - Orthopedic corsets","categoryName":"Ортопедические корсеты","link":"https://kaspi.kz/shop/p/larko-corb-dlja-pohudenija-zhenskii-chernyi-xxxl-117570970/"},"merchant":{"name":"LARKO-KZ","code":"17629423"},"editable":false,"editedByCustomer":false},{"id":"8a5cadc29618f2fa01963d22ae942881","author":"Карылгаш","date":"16.04.2025","orderNumber":"531193050","rating":5,"comment":{"minus":"","plus":"","text":"Корсет өте керемет. Алуға кеңес беремін. Өз уақытынан бұрын келді. Рахмет көп көп."},"feedback":{"positive":0,"voted":false},"product":{"id":"117570970","name":"LARKO corb для похудения женский черный XXXL","categoryCode":"Master - Orthopedic corsets","categoryName":"Ортопедические корсеты","link":"https://kaspi.kz/shop/p/larko-corb-dlja-pohudenija-zhenskii-chernyi-xxxl-117570970/"},"merchant":{"name":"LARKO-KZ","code":"17629423"},"editable":false,"editedByCustomer":false},{"id":"8a5cadc29618f2fa019639abc5a21ed3","author":"Гюлюстан","date":"15.04.2025","orderNumber":"532082117","rating":5,"comment":{"minus":"","plus":"","text":"Отличный корсет, очень удобный, не сворачивается и не скользит."},"feedback":{"positive":0,"voted":false},"product":{"id":"117570970","name":"LARKO corb для похудения женский черный XXXL","categoryCode":"Master - Orthopedic corsets","categoryName":"Ортопедические корсеты","link":"https://kaspi.kz/shop/p/larko-corb-dlja-pohudenija-zhenskii-chernyi-xxxl-117570970/"},"merchant":{"name":"LARKO-KZ","code":"17629423"},"editable":false,"editedByCustomer":false},{"id":"8a5c30729618f3d201961ba8b8a41cc8","author":"Ернар","date":"09.04.2025","orderNumber":"515278121","rating":5,"comment":{"minus":"","plus":"","text":"Заказывала жена после родов. Товар соответствует описанию. Всё устраивает. Доставили в срок. Упакован на совесть."},"feedback":{"positive":0,"voted":false},"product":{"id":"117570970","name":"LARKO corb для похудения женский черный XXXL","categoryCode":"Master - Orthopedic corsets","categoryName":"Ортопедические корсеты","link":"https://kaspi.kz/shop/p/larko-corb-dlja-pohudenija-zhenskii-chernyi-xxxl-117570970/"},"merchant":{"name":"LARKO-KZ","code":"17629423"},"editable":false,"editedByCustomer":false},{"id":"8a5c5fbf9618f30801961a93e9b50f98","author":"Гульфайруз","date":"09.04.2025","orderNumber":"524733574","rating":5,"comment":{"minus":"","plus":"","text":"Маған ұнады, ішімді тартып көмегін сезіп жүрмін. Сапасы жақсы."},"feedback":{"positive":0,"voted":false},"galleryImages":[{"id":"524733574-117570970/ba68f658-7d75-46d0-988e-8bce9ab31925.jpeg","small":"https://resources.cdn-kaspi.kz/img/p/r/524733574-117570970/ba68f658-7d75-46d0-988e-8bce9ab31925.jpeg?format=review_small","medium":"https://resources.cdn-kaspi.kz/img/p/r/524733574-117570970/ba68f658-7d75-46d0-988e-8bce9ab31925.jpeg?format=review_medium","large":"https://resources.cdn-kaspi.kz/img/p/r/524733574-117570970/ba68f658-7d75-46d0-988e-8bce9ab31925.jpeg?format=review_large"},{"id":"524733574-117570970/bb6ce781-aeda-48f8-983d-d5de539f8463.jpeg","small":"https://resources.cdn-kaspi.kz/img/p/r/524733574-117570970/bb6ce781-aeda-48f8-983d-d5de539f8463.jpeg?format=review_small","medium":"https://resources.cdn-kaspi.kz/img/p/r/524733574-117570970/bb6ce781-aeda-48f8-983d-d5de539f8463.jpeg?format=review_medium","large":"https://resources.cdn-kaspi.kz/img/p/r/524733574-117570970/bb6ce781-aeda-48f8-983d-d5de539f8463.jpeg?format=review_large"}],"product":{"id":"117570970","name":"LARKO corb для похудения женский черный XXXL","categoryCode":"Master - Orthopedic corsets","categoryName":"Ортопедические корсеты","link":"https://kaspi.kz/shop/p/larko-corb-dlja-pohudenija-zhenskii-chernyi-xxxl-117570970/"},"merchant":{"name":"LARKO-KZ","code":"17629423"},"editable":false,"editedByCustomer":false},{"id":"8a5c621095caf9cc0195efecf75d2cf4","author":"Кристина","date":"01.04.2025","orderNumber":"522840199","rating":5,"comment":{"minus":"","plus":"","text":"Хороший корсет, приятный к коже, удобный."},"feedback":{"positive":0,"voted":false},"product":{"id":"117570970","name":"LARKO corb для похудения женский черный XXXL","categoryCode":"Master - Orthopedic corsets","categoryName":"Ортопедические корсеты","link":"https://kaspi.kz/shop/p/larko-corb-dlja-pohudenija-zhenskii-chernyi-xxxl-117570970/"},"merchant":{"name":"LARKO-KZ","code":"17629423"},"editable":false,"editedByCustomer":false},{"id":"8a5cba5a95acfcd60195e66a4bb125b2","author":"Алена","date":"30.03.2025","orderNumber":"520493749","rating":5,"comment":{"minus":"","plus":"","text":"Отличный пояс, мне очень понравилось, и ходить в нём удобно не скатывается."},"feedback":{"positive":0,"voted":false},"product":{"id":"117570970","name":"LARKO corb для похудения женский черный XXXL","categoryCode":"Master - Orthopedic corsets","categoryName":"Ортопедические корсеты","link":"https://kaspi.kz/shop/p/larko-corb-dlja-pohudenija-zhenskii-chernyi-xxxl-117570970/"},"merchant":{"name":"LARKO-KZ","code":"17629423"},"editable":false,"editedByCustomer":false},{"id":"8a5ce3db95acfd640195d89400b26ca1","author":"Айзада","date":"27.03.2025","orderNumber":"519920569","rating":5,"comment":{"minus":"","plus":"","text":"Қыспайды. Ынғайлы. Маған ұнады, рахмет, азуға көмеек береді деген үміттемін. Босанғанай кейін ынғайлы екен. Ыстықтатпайды."},"feedback":{"positive":0,"voted":false},"product":{"id":"117570970","name":"LARKO corb для похудения женский черный XXXL","categoryCode":"Master - Orthopedic corsets","categoryName":"Ортопедические корсеты","link":"https://kaspi.kz/shop/p/larko-corb-dlja-pohudenija-zhenskii-chernyi-xxxl-117570970/"},"merchant":{"name":"LARKO-KZ","code":"17629423"},"editable":false,"editedByCustomer":false},{"id":"8a5cba5a95acfcd60195c866e8bc1ce8","author":"Наталья","date":"24.03.2025","orderNumber":"519947002","rating":5,"comment":{"minus":"","plus":"","text":"Заказ пришел раньше срока, упаковано хорошо. На свой размер 56 заказала 3XL подошёл идеально. Мягкий, приятный к телу, ткань дышащая, в носке очень удобен не скатывается и не давит. На теле почти не заметен, товаром очень довольна, рекомендую к покупке."},"feedback":{"positive":0,"voted":false},"galleryImages":[{"id":"519947002-117570970/7f709dc5-8de1-48f4-b098-5c1d9f0086fa.jpeg","small":"https://resources.cdn-kaspi.kz/img/p/r/519947002-117570970/7f709dc5-8de1-48f4-b098-5c1d9f0086fa.jpeg?format=review_small","medium":"https://resources.cdn-kaspi.kz/img/p/r/519947002-117570970/7f709dc5-8de1-48f4-b098-5c1d9f0086fa.jpeg?format=review_medium","large":"https://resources.cdn-kaspi.kz/img/p/r/519947002-117570970/7f709dc5-8de1-48f4-b098-5c1d9f0086fa.jpeg?format=review_large"},{"id":"519947002-117570970/3a7af286-7e8d-4137-af0e-0d5373076fa8.jpeg","small":"https://resources.cdn-kaspi.kz/img/p/r/519947002-117570970/3a7af286-7e8d-4137-af0e-0d5373076fa8.jpeg?format=review_small","medium":"https://resources.cdn-kaspi.kz/img/p/r/519947002-117570970/3a7af286-7e8d-4137-af0e-0d5373076fa8.jpeg?format=review_medium","large":"https://resources.cdn-kaspi.kz/img/p/r/519947002-117570970/3a7af286-7e8d-4137-af0e-0d5373076fa8.jpeg?format=review_large"}],"product":{"id":"117570970","name":"LARKO corb для похудения женский черный XXXL","categoryCode":"Master - Orthopedic corsets","categoryName":"Ортопедические корсеты","link":"https://kaspi.kz/shop/p/larko-corb-dlja-pohudenija-zhenskii-chernyi-xxxl-117570970/"},"merchant":{"name":"LARKO-KZ","code":"17629423"},"editable":false,"editedByCustomer":false},{"id":"8a5c251794d9bc3f0194db25f4230303","author":"Марина","date":"06.02.2025","orderNumber":"492100220","rating":5,"comment":{"minus":"","plus":"","text":"Отличный пояс, хорошо утягивает, под одеждой не выделяется."},"feedback":{"positive":0,"voted":false},"product":{"id":"117570970","name":"LARKO corb для похудения женский черный XXXL","categoryCode":"Master - Orthopedic corsets","categoryName":"Ортопедические корсеты","link":"https://kaspi.kz/shop/p/larko-corb-dlja-pohudenija-zhenskii-chernyi-xxxl-117570970/"},"merchant":{"name":"LARKO-KZ","code":"17629423"},"editable":false,"editedByCustomer":false},{"id":"8a5c9829946875a101946fdb3f8b0f90","author":"Мақпал","date":"16.01.2025","orderNumber":"481050853","rating":5,"comment":{"minus":"","plus":"","text":"Уақыттын да келді, сапасы жақсы, маған."},"feedback":{"positive":0,"voted":false},"product":{"id":"117570970","name":"LARKO corb для похудения женский черный XXXL","categoryCode":"Master - Orthopedic corsets","categoryName":"Ортопедические корсеты","link":"https://kaspi.kz/shop/p/larko-corb-dlja-pohudenija-zhenskii-chernyi-xxxl-117570970/"},"merchant":{"name":"LARKO-KZ","code":"17629423"},"editable":false,"editedByCustomer":false},{"id":"8a5c25449462f2c2019465468df9048d","author":"Карина","date":"14.01.2025","orderNumber":"479008610","rating":5,"comment":{"minus":"","plus":"","text":"Корсет подошел по размеру, спасибо продавцу за товар, скоро закажу еще."},"feedback":{"positive":0,"voted":false},"product":{"id":"117570970","name":"LARKO corb для похудения женский черный XXXL","categoryCode":"Master - Orthopedic corsets","categoryName":"Ортопедические корсеты","link":"https://kaspi.kz/shop/p/larko-corb-dlja-pohudenija-zhenskii-chernyi-xxxl-117570970/"},"merchant":{"name":"LARKO-KZ","code":"17629423"},"editable":false,"editedByCustomer":false},{"id":"8a5c71cf93f181440193f392dc1f0452","author":"Гулханим","date":"23.12.2024","orderNumber":"466797432","rating":5,"comment":{"minus":"","plus":"","text":"Спасибо Каспи Магазин и отдельно за доставку, очень классные утяжка, дышащий материал, в нём комфортно себя чувствуешь."},"feedback":{"positive":0,"voted":false},"product":{"id":"117570970","name":"LARKO corb для похудения женский черный XXXL","categoryCode":"Master - Orthopedic corsets","categoryName":"Ортопедические корсеты","link":"https://kaspi.kz/shop/p/larko-corb-dlja-pohudenija-zhenskii-chernyi-xxxl-117570970/"},"merchant":{"name":"LARKO-KZ","code":"17629423"},"editable":false,"editedByCustomer":false},{"id":"8a5c3c299366cc340193694f448d06ac","author":"Гульнар","date":"26.11.2024","orderNumber":"450429319","rating":5,"comment":{"minus":"","plus":"","text":"Спасибо магазину за быструю доставку, даже раньше срока. Менеджер магазина проконсультировал по моему запросу, благодарю. Корсет понравился, взяла на размер больше и он подошел идеально. Там указана размерная линейка, обратите внимание. Так что рекомендую."},"feedback":{"positive":0,"voted":false},"galleryImages":[{"id":"450429319-117570970/5a92595d-b69d-43b9-a80f-56ef82c68f2b.jpeg","small":"https://resources.cdn-kaspi.kz/img/p/r/450429319-117570970/5a92595d-b69d-43b9-a80f-56ef82c68f2b.jpeg?format=review_small","medium":"https://resources.cdn-kaspi.kz/img/p/r/450429319-117570970/5a92595d-b69d-43b9-a80f-56ef82c68f2b.jpeg?format=review_medium","large":"https://resources.cdn-kaspi.kz/img/p/r/450429319-117570970/5a92595d-b69d-43b9-a80f-56ef82c68f2b.jpeg?format=review_large"},{"id":"450429319-117570970/c027bb4c-998a-435b-a820-3de89844fece.jpeg","small":"https://resources.cdn-kaspi.kz/img/p/r/450429319-117570970/c027bb4c-998a-435b-a820-3de89844fece.jpeg?format=review_small","medium":"https://resources.cdn-kaspi.kz/img/p/r/450429319-117570970/c027bb4c-998a-435b-a820-3de89844fece.jpeg?format=review_medium","large":"https://resources.cdn-kaspi.kz/img/p/r/450429319-117570970/c027bb4c-998a-435b-a820-3de89844fece.jpeg?format=review_large"}],"product":{"id":"117570970","name":"LARKO corb для похудения женский черный XXXL","categoryCode":"Master - Orthopedic corsets","categoryName":"Ортопедические корсеты","link":"https://kaspi.kz/shop/p/larko-corb-dlja-pohudenija-zhenskii-chernyi-xxxl-117570970/"},"merchant":{"name":"LARKO-KZ","code":"17629423"},"editable":false,"editedByCustomer":false},{"id":"8a5c67ca931f0ca401932b55eb99163f","author":"Алмагуль","date":"14.11.2024","orderNumber":"438628575","rating":5,"comment":{"minus":"","plus":"","text":"Отличный корсет. Размер подошел! Товаром довольна! Спасибо за быструю доставку!"},"feedback":{"positive":0,"voted":false},"product":{"id":"117570970","name":"LARKO corb для похудения женский черный XXXL","categoryCode":"Master - Orthopedic corsets","categoryName":"Ортопедические корсеты","link":"https://kaspi.kz/shop/p/larko-corb-dlja-pohudenija-zhenskii-chernyi-xxxl-117570970/"},"merchant":{"name":"LARKO-KZ","code":"17629423"},"editable":false,"editedByCustomer":false},{"id":"8a5c9a88917377070191743b993402dd","author":"Шахдиям","date":"21.08.2024","orderNumber":"396250023","rating":1,"comment":{"minus":"","plus":"","text":"Пластиковые держатели вышли."},"feedback":{"positive":0,"voted":false},"product":{"id":"117570970","name":"LARKO corb для похудения женский черный XXXL","categoryCode":"Master - Orthopedic corsets","categoryName":"Ортопедические корсеты","link":"https://kaspi.kz/shop/p/larko-corb-dlja-pohudenija-zhenskii-chernyi-xxxl-117570970/"},"merchant":{"name":"LARKO-KZ","code":"17629423"},"editable":false,"editedByCustomer":false},{"id":"8a5ce3e3912ac2c20191708cf5596e5b","author":"Айна","date":"20.08.2024","orderNumber":"397861341","rating":5,"comment":{"minus":"","plus":"","text":"Плдошло по размеру, пришло то, что искали. Спасибо за оперативную доставку."},"feedback":{"positive":1,"voted":false},"product":{"id":"117570970","name":"LARKO corb для похудения женский черный XXXL","categoryCode":"Master - Orthopedic corsets","categoryName":"Ортопедические корсеты","link":"https://kaspi.kz/shop/p/larko-corb-dlja-pohudenija-zhenskii-chernyi-xxxl-117570970/"},"merchant":{"name":"LARKO-KZ","code":"17629423"},"editable":false,"editedByCustomer":false},{"id":"8a5c6a1f902eab9b01903524e4ef0745","author":"Дамира","date":"20.06.2024","orderNumber":"352561612","rating":1,"comment":{"minus":"","plus":"","text":"Так себе, по бокам вылезли пластмассовые вставки."},"feedback":{"positive":0,"voted":false},"product":{"id":"117570970","name":"LARKO corb для похудения женский черный XXXL","categoryCode":"Master - Orthopedic corsets","categoryName":"Ортопедические корсеты","link":"https://kaspi.kz/shop/p/larko-corb-dlja-pohudenija-zhenskii-chernyi-xxxl-117570970/"},"merchant":{"name":"LARKO-KZ","code":"17629423"},"editable":false,"editedByCustomer":false},{"id":"8a5c5ebd902f925e0190301f10aa00e6","author":"Мадина","date":"19.06.2024","orderNumber":"369542439","rating":1,"comment":{"minus":"","plus":"","text":"Размер моломеркама бірдеңе 3иксл дегенге кім сенеді."},"feedback":{"positive":0,"voted":false},"product":{"id":"117570970","name":"LARKO corb для похудения женский черный XXXL","categoryCode":"Master - Orthopedic corsets","categoryName":"Ортопедические корсеты","link":"https://kaspi.kz/shop/p/larko-corb-dlja-pohudenija-zhenskii-chernyi-xxxl-117570970/"},"merchant":{"name":"LARKO-KZ","code":"17629423"},"editable":false,"editedByCustomer":false},{"id":"8a5c251c8febc899018fecfa8e900448","author":"Гульмира","date":"06.06.2024","orderNumber":"358981146","rating":3,"comment":{"minus":"","plus":"","text":"Тез жыртылып қалды."},"feedback":{"positive":1,"voted":false},"product":{"id":"117570970","name":"LARKO corb для похудения женский черный XXXL","categoryCode":"Master - Orthopedic corsets","categoryName":"Ортопедические корсеты","link":"https://kaspi.kz/shop/p/larko-corb-dlja-pohudenija-zhenskii-chernyi-xxxl-117570970/"},"merchant":{"name":"LARKO-KZ","code":"17629423"},"editable":false,"editedByCustomer":false},{"id":"8a5c4ee88f75e193018fa458b0254b27","author":"Балнур","date":"23.05.2024","orderNumber":"355481386","rating":5,"comment":{"minus":"","plus":"","text":"Качество нашар екен."},"feedback":{"positive":0,"voted":false},"product":{"id":"117570970","name":"LARKO corb для похудения женский черный XXXL","categoryCode":"Master - Orthopedic corsets","categoryName":"Ортопедические корсеты","link":"https://kaspi.kz/shop/p/larko-corb-dlja-pohudenija-zhenskii-chernyi-xxxl-117570970/"},"merchant":{"name":"LARKO-KZ","code":"17629423"},"editable":false,"editedByCustomer":false},{"id":"8a5cd5bb8ecb4437018f2583abb17626","author":"Людмила","date":"28.04.2024","orderNumber":"349229597","rating":5,"comment":{"minus":"","plus":"","text":"Очень понравился, приятный на теле. Подошел по размеру."},"feedback":{"positive":0,"voted":false},"product":{"id":"117570970","name":"LARKO corb для похудения женский черный XXXL","categoryCode":"Master - Orthopedic corsets","categoryName":"Ортопедические корсеты","link":"https://kaspi.kz/shop/p/larko-corb-dlja-pohudenija-zhenskii-chernyi-xxxl-117570970/"},"merchant":{"name":"LARKO-KZ","code":"17629423"},"editable":false,"editedByCustomer":false},{"id":"8a5cee548ecb462d018ed68fd8aa1651","author":"Саида","date":"13.04.2024","orderNumber":"343690358","rating":5,"comment":{"minus":"","plus":"","text":"В принципе за свои деньги нормально, но мне по размеру не подошел, берите на размер меньше. Поэтому от функции утягивать ничего не могу сказать, но видно сделано качественно."},"feedback":{"positive":2,"voted":false},"product":{"id":"117570970","name":"LARKO corb для похудения женский черный XXXL","categoryCode":"Master - Orthopedic corsets","categoryName":"Ортопедические корсеты","link":"https://kaspi.kz/shop/p/larko-corb-dlja-pohudenija-zhenskii-chernyi-xxxl-117570970/"},"merchant":{"name":"LARKO-KZ","code":"17629423"},"editable":false,"editedByCustomer":false}]}