{"data":[{"id":"8a5c30729618f3d201965dad9bbd2e87","author":"Айдана","date":"22.04.2025","orderNumber":"533404745","rating":5,"comment":{"minus":"","plus":"","text":"Отличный корсет, я в восторге!"},"feedback":{"positive":0,"voted":false},"product":{"id":"131054816","name":"LARKO Premium c лямками ортопедический женский бежевый XXL","categoryCode":"Master - Orthopedic corsets","categoryName":"Ортопедические корсеты","link":"https://kaspi.kz/shop/p/larko-premium-c-ljamkami-ortopedicheskii-zhenskii-bezhevyi-xxl-131054816/"},"merchant":{"name":"LARKO-KZ","code":"17629423"},"editable":false,"editedByCustomer":false},{"id":"8a5c9dbc95acfdf50195d341bbcc515d","author":"Дилнора","date":"26.03.2025","orderNumber":"520739097","rating":5,"comment":{"minus":"","plus":"","text":"Классный корсет, прямо по фигуре размер в размер, мне понравился, песочная фигура получилась хотела фото добавить но сразу одела а снимать не захотелось, советую всем! Спасибо продавцу и Каспи. Кстати доставка всегда раньше срока. Молодцы!"},"feedback":{"positive":0,"voted":false},"product":{"id":"131054816","name":"LARKO Premium c лямками ортопедический женский бежевый XXL","categoryCode":"Master - Orthopedic corsets","categoryName":"Ортопедические корсеты","link":"https://kaspi.kz/shop/p/larko-premium-c-ljamkami-ortopedicheskii-zhenskii-bezhevyi-xxl-131054816/"},"merchant":{"name":"LARKO-KZ","code":"17629423"},"editable":false,"editedByCustomer":false},{"id":"8a5c9dbc95acfdf50195b9d663775b19","author":"Ернар","date":"25.03.2025","orderNumber":"518646695","rating":5,"comment":{"minus":"","plus":"","text":"Жене купил. Очень хорошо подошло. Размер тоже отлично подходит. Качество отличное. Спасибо большое."},"feedback":{"positive":1,"voted":false},"product":{"id":"131054816","name":"LARKO Premium c лямками ортопедический женский бежевый XXL","categoryCode":"Master - Orthopedic corsets","categoryName":"Ортопедические корсеты","link":"https://kaspi.kz/shop/p/larko-premium-c-ljamkami-ortopedicheskii-zhenskii-bezhevyi-xxl-131054816/"},"merchant":{"name":"LARKO-KZ","code":"17629423"},"editable":false,"editedByCustomer":false},{"id":"8a5cba5a95acfcd60195cd5414be3356","author":"Валентина","date":"25.03.2025","orderNumber":"516381057","rating":5,"comment":{"minus":"","plus":"","text":"По размеру подошёл идеально. Качественный. На сколько эффективен, время покажет."},"feedback":{"positive":0,"voted":false},"product":{"id":"131054816","name":"LARKO Premium c лямками ортопедический женский бежевый XXL","categoryCode":"Master - Orthopedic corsets","categoryName":"Ортопедические корсеты","link":"https://kaspi.kz/shop/p/larko-premium-c-ljamkami-ortopedicheskii-zhenskii-bezhevyi-xxl-131054816/"},"merchant":{"name":"LARKO-KZ","code":"17629423"},"editable":false,"editedByCustomer":false},{"id":"8a5c5560959caf7801959fd2d1ac1760","author":"Тыныштык","date":"20.03.2025","orderNumber":"484245962","rating":5,"comment":{"minus":"","plus":"","text":"Күшті, ішім тартып тұрады."},"feedback":{"positive":0,"voted":false},"product":{"id":"131054816","name":"LARKO Premium c лямками ортопедический женский бежевый XXL","categoryCode":"Master - Orthopedic corsets","categoryName":"Ортопедические корсеты","link":"https://kaspi.kz/shop/p/larko-premium-c-ljamkami-ortopedicheskii-zhenskii-bezhevyi-xxl-131054816/"},"merchant":{"name":"LARKO-KZ","code":"17629423"},"editable":false,"editedByCustomer":false},{"id":"8a5c19449590f36501959871490e2939","author":"Диарра","date":"15.03.2025","orderNumber":"513189173","rating":5,"comment":{"minus":"","plus":"","text":"Ошиблась с размером, но теперь есть мотивация похудеть, чтобы одеть."},"feedback":{"positive":0,"voted":false},"product":{"id":"131054816","name":"LARKO Premium c лямками ортопедический женский бежевый XXL","categoryCode":"Master - Orthopedic corsets","categoryName":"Ортопедические корсеты","link":"https://kaspi.kz/shop/p/larko-premium-c-ljamkami-ortopedicheskii-zhenskii-bezhevyi-xxl-131054816/"},"merchant":{"name":"LARKO-KZ","code":"17629423"},"editable":false,"editedByCustomer":false},{"id":"8a5ce3e49588cdf6019590bdf1ad3ca1","author":"Фариза","date":"13.03.2025","orderNumber":"511957067","rating":5,"comment":{"minus":"","plus":"","text":"Классно, мне понравился."},"feedback":{"positive":0,"voted":false},"product":{"id":"131054816","name":"LARKO Premium c лямками ортопедический женский бежевый XXL","categoryCode":"Master - Orthopedic corsets","categoryName":"Ортопедические корсеты","link":"https://kaspi.kz/shop/p/larko-premium-c-ljamkami-ortopedicheskii-zhenskii-bezhevyi-xxl-131054816/"},"merchant":{"name":"LARKO-KZ","code":"17629423"},"editable":false,"editedByCustomer":false},{"id":"8a5ce3c8956c83ae01958507714d7ce8","author":"Мереке","date":"11.03.2025","orderNumber":"513267950","rating":5,"comment":{"minus":"","plus":"","text":"Корсеттин сапасы оте жаксы. Размері сәйкес келді. Ойланбай тапсырыс бере берсеніздер болады! Рахмет!."},"feedback":{"positive":0,"voted":false},"product":{"id":"131054816","name":"LARKO Premium c лямками ортопедический женский бежевый XXL","categoryCode":"Master - Orthopedic corsets","categoryName":"Ортопедические корсеты","link":"https://kaspi.kz/shop/p/larko-premium-c-ljamkami-ortopedicheskii-zhenskii-bezhevyi-xxl-131054816/"},"merchant":{"name":"LARKO-KZ","code":"17629423"},"editable":false,"editedByCustomer":false},{"id":"8a5cb9d394dead960194f0d560386d9a","author":"Гүлзада","date":"10.02.2025","orderNumber":"492348733","rating":5,"comment":{"minus":"","plus":"","text":"Жақсы корсет екен, размері дұрыс келді."},"feedback":{"positive":0,"voted":false},"product":{"id":"131054816","name":"LARKO Premium c лямками ортопедический женский бежевый XXL","categoryCode":"Master - Orthopedic corsets","categoryName":"Ортопедические корсеты","link":"https://kaspi.kz/shop/p/larko-premium-c-ljamkami-ortopedicheskii-zhenskii-bezhevyi-xxl-131054816/"},"merchant":{"name":"LARKO-KZ","code":"17629423"},"editable":false,"editedByCustomer":false},{"id":"8a5c0a9094ab5d390194acffc3ea0453","author":"Айгерим","date":"28.01.2025","orderNumber":"486050602","rating":5,"comment":{"minus":"","plus":"","text":"Отличный корсет, качество 10 из 10."},"feedback":{"positive":1,"voted":false},"product":{"id":"131054816","name":"LARKO Premium c лямками ортопедический женский бежевый XXL","categoryCode":"Master - Orthopedic corsets","categoryName":"Ортопедические корсеты","link":"https://kaspi.kz/shop/p/larko-premium-c-ljamkami-ortopedicheskii-zhenskii-bezhevyi-xxl-131054816/"},"merchant":{"name":"LARKO-KZ","code":"17629423"},"editable":false,"editedByCustomer":false},{"id":"8a5c60d394ab5c760194acf118410411","author":"Сымбат","date":"28.01.2025","orderNumber":"483458741","rating":5,"comment":{"minus":"","plus":"","text":"Сапасы өте жақсы әрі ыңғайлы корсет екен, өзіме ұнады кәдімгідей тартып денеңді жинап, әсіресе мен сияқты белі ауыратын кс босанған әйелдерге жақсы болады екен!."},"feedback":{"positive":0,"voted":false},"galleryImages":[{"id":"483458741-131054816/681f20da-a94a-4538-b95f-61fd92a61df7.jpeg","small":"https://resources.cdn-kaspi.kz/img/p/r/483458741-131054816/681f20da-a94a-4538-b95f-61fd92a61df7.jpeg?format=review_small","medium":"https://resources.cdn-kaspi.kz/img/p/r/483458741-131054816/681f20da-a94a-4538-b95f-61fd92a61df7.jpeg?format=review_medium","large":"https://resources.cdn-kaspi.kz/img/p/r/483458741-131054816/681f20da-a94a-4538-b95f-61fd92a61df7.jpeg?format=review_large"},{"id":"483458741-131054816/b47b916b-8812-4f8d-80d4-598c234e8185.jpeg","small":"https://resources.cdn-kaspi.kz/img/p/r/483458741-131054816/b47b916b-8812-4f8d-80d4-598c234e8185.jpeg?format=review_small","medium":"https://resources.cdn-kaspi.kz/img/p/r/483458741-131054816/b47b916b-8812-4f8d-80d4-598c234e8185.jpeg?format=review_medium","large":"https://resources.cdn-kaspi.kz/img/p/r/483458741-131054816/b47b916b-8812-4f8d-80d4-598c234e8185.jpeg?format=review_large"},{"id":"483458741-131054816/4847202c-c6a2-41a9-9522-7af36a97d7b6.jpeg","small":"https://resources.cdn-kaspi.kz/img/p/r/483458741-131054816/4847202c-c6a2-41a9-9522-7af36a97d7b6.jpeg?format=review_small","medium":"https://resources.cdn-kaspi.kz/img/p/r/483458741-131054816/4847202c-c6a2-41a9-9522-7af36a97d7b6.jpeg?format=review_medium","large":"https://resources.cdn-kaspi.kz/img/p/r/483458741-131054816/4847202c-c6a2-41a9-9522-7af36a97d7b6.jpeg?format=review_large"},{"id":"483458741-131054816/50ef1e13-ebb0-495e-943e-f4a8c97c517f.jpeg","small":"https://resources.cdn-kaspi.kz/img/p/r/483458741-131054816/50ef1e13-ebb0-495e-943e-f4a8c97c517f.jpeg?format=review_small","medium":"https://resources.cdn-kaspi.kz/img/p/r/483458741-131054816/50ef1e13-ebb0-495e-943e-f4a8c97c517f.jpeg?format=review_medium","large":"https://resources.cdn-kaspi.kz/img/p/r/483458741-131054816/50ef1e13-ebb0-495e-943e-f4a8c97c517f.jpeg?format=review_large"},{"id":"483458741-131054816/08d0a1e2-82e2-4249-aeb3-2d8eb3bbfedf.jpeg","small":"https://resources.cdn-kaspi.kz/img/p/r/483458741-131054816/08d0a1e2-82e2-4249-aeb3-2d8eb3bbfedf.jpeg?format=review_small","medium":"https://resources.cdn-kaspi.kz/img/p/r/483458741-131054816/08d0a1e2-82e2-4249-aeb3-2d8eb3bbfedf.jpeg?format=review_medium","large":"https://resources.cdn-kaspi.kz/img/p/r/483458741-131054816/08d0a1e2-82e2-4249-aeb3-2d8eb3bbfedf.jpeg?format=review_large"}],"product":{"id":"131054816","name":"LARKO Premium c лямками ортопедический женский бежевый XXL","categoryCode":"Master - Orthopedic corsets","categoryName":"Ортопедические корсеты","link":"https://kaspi.kz/shop/p/larko-premium-c-ljamkami-ortopedicheskii-zhenskii-bezhevyi-xxl-131054816/"},"merchant":{"name":"LARKO-KZ","code":"17629423"},"editable":false,"editedByCustomer":false},{"id":"8a5c1b679468764101946f36c1ef0cba","author":"Марина","date":"16.01.2025","orderNumber":"479356462","rating":5,"comment":{"minus":"","plus":"","text":"Заказала для себя, размер подошел. Качество вообще отличное и плотное. Самое главное закрывает поясницу. Очень понравилось. Спасибо большое вам."},"feedback":{"positive":0,"voted":false},"product":{"id":"131054816","name":"LARKO Premium c лямками ортопедический женский бежевый XXL","categoryCode":"Master - Orthopedic corsets","categoryName":"Ортопедические корсеты","link":"https://kaspi.kz/shop/p/larko-premium-c-ljamkami-ortopedicheskii-zhenskii-bezhevyi-xxl-131054816/"},"merchant":{"name":"LARKO-KZ","code":"17629423"},"editable":false,"editedByCustomer":false},{"id":"8a5c58109401951501940d57e76a1a43","author":"Карима","date":"28.12.2024","orderNumber":"467878818","rating":5,"comment":{"minus":"","plus":"","text":"Өте жақсы качествосы."},"feedback":{"positive":0,"voted":false},"product":{"id":"131054816","name":"LARKO Premium c лямками ортопедический женский бежевый XXL","categoryCode":"Master - Orthopedic corsets","categoryName":"Ортопедические корсеты","link":"https://kaspi.kz/shop/p/larko-premium-c-ljamkami-ortopedicheskii-zhenskii-bezhevyi-xxl-131054816/"},"merchant":{"name":"LARKO-KZ","code":"17629423"},"editable":false,"editedByCustomer":false},{"id":"8a5cb9dd939a867b0193de9bb4fd6929","author":"Светлана","date":"19.12.2024","orderNumber":"461493498","rating":5,"comment":{"minus":"","plus":"","text":"Корсет класс. Очень понравилось. Спасибо магазину. И Каспи за доставку."},"feedback":{"positive":0,"voted":false},"product":{"id":"131054816","name":"LARKO Premium c лямками ортопедический женский бежевый XXL","categoryCode":"Master - Orthopedic corsets","categoryName":"Ортопедические корсеты","link":"https://kaspi.kz/shop/p/larko-premium-c-ljamkami-ortopedicheskii-zhenskii-bezhevyi-xxl-131054816/"},"merchant":{"name":"LARKO-KZ","code":"17629423"},"editable":false,"editedByCustomer":false},{"id":"8a5c043a93b3e0900193b43b082e005d","author":"Евгения","date":"11.12.2024","orderNumber":"458616948","rating":5,"comment":{"minus":"","plus":"","text":"Корсет на высоте, очень понравился, приятный на ощупь, очень хорошо держит и при этом и хорошо тянется, спасибо большое магазину, и Каспи доставке, очень быстро все привезли, я довольна."},"feedback":{"positive":0,"voted":false},"product":{"id":"131054816","name":"LARKO Premium c лямками ортопедический женский бежевый XXL","categoryCode":"Master - Orthopedic corsets","categoryName":"Ортопедические корсеты","link":"https://kaspi.kz/shop/p/larko-premium-c-ljamkami-ortopedicheskii-zhenskii-bezhevyi-xxl-131054816/"},"merchant":{"name":"LARKO-KZ","code":"17629423"},"editable":false,"editedByCustomer":false}]}