{"data":[{"id":"8a5ceb319622fe4e019624c1b3d109bf","author":"Афина","date":"11.04.2025","orderNumber":"530829115","rating":5,"comment":{"minus":"","plus":"","text":"Спасибо большое. Пояс как я и хотела, утягивает отлично. Доставка приехала быстро, магазину больших продаж и процветания!"},"feedback":{"positive":1,"voted":false},"product":{"id":"121259563","name":"Пояс LARKO Пояс корсет для похудения талии и пресса живота утягивающий универсальный","categoryCode":"Master - Clothes for slimming","categoryName":"Одежда для похудения","link":"https://kaspi.kz/shop/p/pojas-larko-pojas-korset-dlja-pohudenija-talii-i-pressa-zhivota-utjagivajuschii-universal-nyi-121259563/"},"merchant":{"name":"LARKO-KZ","code":"17629423"},"editable":false,"editedByCustomer":false},{"id":"8a5cbee294cbc3a30194cc395c2d01cb","author":"Лира","date":"03.02.2025","orderNumber":"489360587","rating":5,"comment":{"minus":"","plus":"","text":"Супер просто, мне очень понравился, очень удобный."},"feedback":{"positive":0,"voted":false},"product":{"id":"121259563","name":"Пояс LARKO Пояс корсет для похудения талии и пресса живота утягивающий универсальный","categoryCode":"Master - Clothes for slimming","categoryName":"Одежда для похудения","link":"https://kaspi.kz/shop/p/pojas-larko-pojas-korset-dlja-pohudenija-talii-i-pressa-zhivota-utjagivajuschii-universal-nyi-121259563/"},"merchant":{"name":"LARKO-KZ","code":"17629423"},"editable":false,"editedByCustomer":false},{"id":"8a5c71f09401964701945aa84e2e7372","author":"Алёна","date":"12.01.2025","orderNumber":"476013436","rating":5,"comment":{"minus":"","plus":"","text":"Качественный пояс."},"feedback":{"positive":0,"voted":false},"product":{"id":"121259563","name":"Пояс LARKO Пояс корсет для похудения талии и пресса живота утягивающий универсальный","categoryCode":"Master - Clothes for slimming","categoryName":"Одежда для похудения","link":"https://kaspi.kz/shop/p/pojas-larko-pojas-korset-dlja-pohudenija-talii-i-pressa-zhivota-utjagivajuschii-universal-nyi-121259563/"},"merchant":{"name":"LARKO-KZ","code":"17629423"},"editable":false,"editedByCustomer":false},{"id":"8a5c9abb9366cb4d01938d8e046134f2","author":"Балжан","date":"03.12.2024","orderNumber":"454342109","rating":5,"comment":{"minus":"","plus":"","text":"Керемет маған ұнады Жеткізу қызметы мерзімінен ерте келді."},"feedback":{"positive":0,"voted":false},"product":{"id":"121259563","name":"Пояс LARKO Пояс корсет для похудения талии и пресса живота утягивающий универсальный","categoryCode":"Master - Clothes for slimming","categoryName":"Одежда для похудения","link":"https://kaspi.kz/shop/p/pojas-larko-pojas-korset-dlja-pohudenija-talii-i-pressa-zhivota-utjagivajuschii-universal-nyi-121259563/"},"merchant":{"name":"LARKO-KZ","code":"17629423"},"editable":false,"editedByCustomer":false},{"id":"8a5c60d59366cb9701937e352f1122ae","author":"Саниям","date":"30.11.2024","orderNumber":"453231009","rating":5,"comment":{"minus":"","plus":"","text":"Удобный, комфортный, для тренировок самое то, доставка оперативная, благодарю продавца LARKO-KZ."},"feedback":{"positive":0,"voted":false},"product":{"id":"121259563","name":"Пояс LARKO Пояс корсет для похудения талии и пресса живота утягивающий универсальный","categoryCode":"Master - Clothes for slimming","categoryName":"Одежда для похудения","link":"https://kaspi.kz/shop/p/pojas-larko-pojas-korset-dlja-pohudenija-talii-i-pressa-zhivota-utjagivajuschii-universal-nyi-121259563/"},"merchant":{"name":"LARKO-KZ","code":"17629423"},"editable":false,"editedByCustomer":false},{"id":"8a5ca8de9366cc1e0193739314261694","author":"Диана","date":"28.11.2024","orderNumber":"452083192","rating":5,"comment":{"minus":"","plus":"","text":"Хороший пояс. Думаю для занятий в зале подойдет!"},"feedback":{"positive":0,"voted":false},"product":{"id":"121259563","name":"Пояс LARKO Пояс корсет для похудения талии и пресса живота утягивающий универсальный","categoryCode":"Master - Clothes for slimming","categoryName":"Одежда для похудения","link":"https://kaspi.kz/shop/p/pojas-larko-pojas-korset-dlja-pohudenija-talii-i-pressa-zhivota-utjagivajuschii-universal-nyi-121259563/"},"merchant":{"name":"LARKO-KZ","code":"17629423"},"editable":false,"editedByCustomer":true},{"id":"8a5c25249347bd5a01935f5420542297","author":"Гүлдана","date":"24.11.2024","orderNumber":"448188769","rating":5,"comment":{"minus":"","plus":"","text":"Тренировкаға киемін бұйыртса, арықтаймын -10кг."},"feedback":{"positive":0,"voted":false},"galleryImages":[{"id":"448188769-121259563/309e5bf6-1b1e-48ed-ac6a-7399e719dfd1.jpeg","small":"https://resources.cdn-kaspi.kz/img/p/r/448188769-121259563/309e5bf6-1b1e-48ed-ac6a-7399e719dfd1.jpeg?format=review_small","medium":"https://resources.cdn-kaspi.kz/img/p/r/448188769-121259563/309e5bf6-1b1e-48ed-ac6a-7399e719dfd1.jpeg?format=review_medium","large":"https://resources.cdn-kaspi.kz/img/p/r/448188769-121259563/309e5bf6-1b1e-48ed-ac6a-7399e719dfd1.jpeg?format=review_large"},{"id":"448188769-121259563/d758c8e5-0959-4934-af33-b807a4d20009.jpeg","small":"https://resources.cdn-kaspi.kz/img/p/r/448188769-121259563/d758c8e5-0959-4934-af33-b807a4d20009.jpeg?format=review_small","medium":"https://resources.cdn-kaspi.kz/img/p/r/448188769-121259563/d758c8e5-0959-4934-af33-b807a4d20009.jpeg?format=review_medium","large":"https://resources.cdn-kaspi.kz/img/p/r/448188769-121259563/d758c8e5-0959-4934-af33-b807a4d20009.jpeg?format=review_large"},{"id":"448188769-121259563/c2d37c09-058c-442c-bd49-ae466a0a2fe2.jpeg","small":"https://resources.cdn-kaspi.kz/img/p/r/448188769-121259563/c2d37c09-058c-442c-bd49-ae466a0a2fe2.jpeg?format=review_small","medium":"https://resources.cdn-kaspi.kz/img/p/r/448188769-121259563/c2d37c09-058c-442c-bd49-ae466a0a2fe2.jpeg?format=review_medium","large":"https://resources.cdn-kaspi.kz/img/p/r/448188769-121259563/c2d37c09-058c-442c-bd49-ae466a0a2fe2.jpeg?format=review_large"},{"id":"448188769-121259563/e70e10ae-77e1-438f-9a97-d1e3fabdcf08.jpeg","small":"https://resources.cdn-kaspi.kz/img/p/r/448188769-121259563/e70e10ae-77e1-438f-9a97-d1e3fabdcf08.jpeg?format=review_small","medium":"https://resources.cdn-kaspi.kz/img/p/r/448188769-121259563/e70e10ae-77e1-438f-9a97-d1e3fabdcf08.jpeg?format=review_medium","large":"https://resources.cdn-kaspi.kz/img/p/r/448188769-121259563/e70e10ae-77e1-438f-9a97-d1e3fabdcf08.jpeg?format=review_large"},{"id":"448188769-121259563/aad6fc1f-305a-48d6-adcc-bf215b65058d.jpeg","small":"https://resources.cdn-kaspi.kz/img/p/r/448188769-121259563/aad6fc1f-305a-48d6-adcc-bf215b65058d.jpeg?format=review_small","medium":"https://resources.cdn-kaspi.kz/img/p/r/448188769-121259563/aad6fc1f-305a-48d6-adcc-bf215b65058d.jpeg?format=review_medium","large":"https://resources.cdn-kaspi.kz/img/p/r/448188769-121259563/aad6fc1f-305a-48d6-adcc-bf215b65058d.jpeg?format=review_large"}],"product":{"id":"121259563","name":"Пояс LARKO Пояс корсет для похудения талии и пресса живота утягивающий универсальный","categoryCode":"Master - Clothes for slimming","categoryName":"Одежда для похудения","link":"https://kaspi.kz/shop/p/pojas-larko-pojas-korset-dlja-pohudenija-talii-i-pressa-zhivota-utjagivajuschii-universal-nyi-121259563/"},"merchant":{"name":"LARKO-KZ","code":"17629423"},"editable":false,"editedByCustomer":false},{"id":"8a5cf7a29347bf3801935adbf4361d42","author":"Гульмира","date":"24.11.2024","orderNumber":"447535922","rating":5,"comment":{"minus":"","plus":"","text":"Классный пояс, красивый, липучка хорошая, советую."},"feedback":{"positive":0,"voted":false},"product":{"id":"121259563","name":"Пояс LARKO Пояс корсет для похудения талии и пресса живота утягивающий универсальный","categoryCode":"Master - Clothes for slimming","categoryName":"Одежда для похудения","link":"https://kaspi.kz/shop/p/pojas-larko-pojas-korset-dlja-pohudenija-talii-i-pressa-zhivota-utjagivajuschii-universal-nyi-121259563/"},"merchant":{"name":"LARKO-KZ","code":"17629423"},"editable":false,"editedByCustomer":false},{"id":"8a5c44b3931f0ff00193395e539d28a7","author":"Виктория","date":"17.11.2024","orderNumber":"442084666","rating":5,"comment":{"minus":"","plus":"","text":"Классный пояс."},"feedback":{"positive":0,"voted":false},"product":{"id":"121259563","name":"Пояс LARKO Пояс корсет для похудения талии и пресса живота утягивающий универсальный","categoryCode":"Master - Clothes for slimming","categoryName":"Одежда для похудения","link":"https://kaspi.kz/shop/p/pojas-larko-pojas-korset-dlja-pohudenija-talii-i-pressa-zhivota-utjagivajuschii-universal-nyi-121259563/"},"merchant":{"name":"LARKO-KZ","code":"17629423"},"editable":false,"editedByCustomer":false},{"id":"8a5c2f7e931f0e8e019320b03eef046e","author":"Майя","date":"12.11.2024","orderNumber":"427878528","rating":5,"comment":{"minus":"","plus":"","text":"Убрать живот, это как раз тот самый пояс. Я в восторге. Спасибо. Доставили вовремя."},"feedback":{"positive":0,"voted":false},"product":{"id":"121259563","name":"Пояс LARKO Пояс корсет для похудения талии и пресса живота утягивающий универсальный","categoryCode":"Master - Clothes for slimming","categoryName":"Одежда для похудения","link":"https://kaspi.kz/shop/p/pojas-larko-pojas-korset-dlja-pohudenija-talii-i-pressa-zhivota-utjagivajuschii-universal-nyi-121259563/"},"merchant":{"name":"LARKO-KZ","code":"17629423"},"editable":false,"editedByCustomer":false},{"id":"8a5c986392e5fdf90192f0a6c39c141d","author":"Айсулу","date":"03.11.2024","orderNumber":"426474112","rating":5,"comment":{"minus":"","plus":"","text":"Очень удобный пояс, понравился. Доставили быстро, хорошо упакован, работает на все 100%. Продавец LARKO-KZ."},"feedback":{"positive":0,"voted":false},"galleryImages":[{"id":"426474112-121259563/f4d0aa0f-8595-4476-bd02-46d6fe7f3206.jpeg","small":"https://resources.cdn-kaspi.kz/img/p/r/426474112-121259563/f4d0aa0f-8595-4476-bd02-46d6fe7f3206.jpeg?format=review_small","medium":"https://resources.cdn-kaspi.kz/img/p/r/426474112-121259563/f4d0aa0f-8595-4476-bd02-46d6fe7f3206.jpeg?format=review_medium","large":"https://resources.cdn-kaspi.kz/img/p/r/426474112-121259563/f4d0aa0f-8595-4476-bd02-46d6fe7f3206.jpeg?format=review_large"},{"id":"426474112-121259563/d3637303-aec0-44e9-affa-820ff016c849.jpeg","small":"https://resources.cdn-kaspi.kz/img/p/r/426474112-121259563/d3637303-aec0-44e9-affa-820ff016c849.jpeg?format=review_small","medium":"https://resources.cdn-kaspi.kz/img/p/r/426474112-121259563/d3637303-aec0-44e9-affa-820ff016c849.jpeg?format=review_medium","large":"https://resources.cdn-kaspi.kz/img/p/r/426474112-121259563/d3637303-aec0-44e9-affa-820ff016c849.jpeg?format=review_large"}],"product":{"id":"121259563","name":"Пояс LARKO Пояс корсет для похудения талии и пресса живота утягивающий универсальный","categoryCode":"Master - Clothes for slimming","categoryName":"Одежда для похудения","link":"https://kaspi.kz/shop/p/pojas-larko-pojas-korset-dlja-pohudenija-talii-i-pressa-zhivota-utjagivajuschii-universal-nyi-121259563/"},"merchant":{"name":"LARKO-KZ","code":"17629423"},"editable":false,"editedByCustomer":false},{"id":"8a5cee7292c1d2e30192c2ea107001b2","author":"Эвилина","date":"25.10.2024","orderNumber":"430535096","rating":5,"comment":{"minus":"","plus":"","text":"Хороший пояс, пока результат сказать не могу, но, утягивает отлично, осанку держит."},"feedback":{"positive":0,"voted":false},"product":{"id":"121259563","name":"Пояс LARKO Пояс корсет для похудения талии и пресса живота утягивающий универсальный","categoryCode":"Master - Clothes for slimming","categoryName":"Одежда для похудения","link":"https://kaspi.kz/shop/p/pojas-larko-pojas-korset-dlja-pohudenija-talii-i-pressa-zhivota-utjagivajuschii-universal-nyi-121259563/"},"merchant":{"name":"LARKO-KZ","code":"17629423"},"editable":false,"editedByCustomer":false},{"id":"8a5cd4be920df321019232e4881b41fe","author":"Молдир","date":"27.09.2024","orderNumber":"415237942","rating":3,"comment":{"minus":"","plus":"","text":"Жақсы."},"feedback":{"positive":0,"voted":false},"product":{"id":"121259563","name":"Пояс LARKO Пояс корсет для похудения талии и пресса живота утягивающий универсальный","categoryCode":"Master - Clothes for slimming","categoryName":"Одежда для похудения","link":"https://kaspi.kz/shop/p/pojas-larko-pojas-korset-dlja-pohudenija-talii-i-pressa-zhivota-utjagivajuschii-universal-nyi-121259563/"},"merchant":{"name":"LARKO-KZ","code":"17629423"},"editable":false,"editedByCustomer":false},{"id":"8a5c3fa4920df4980192234818c02ac3","author":"Айнур","date":"24.09.2024","orderNumber":"409862308","rating":2,"comment":{"minus":"","plus":"","text":"Маған қатты ұнады деп айта алмаймын, шеттері қайтарылып қалады."},"feedback":{"positive":1,"voted":false},"product":{"id":"121259563","name":"Пояс LARKO Пояс корсет для похудения талии и пресса живота утягивающий универсальный","categoryCode":"Master - Clothes for slimming","categoryName":"Одежда для похудения","link":"https://kaspi.kz/shop/p/pojas-larko-pojas-korset-dlja-pohudenija-talii-i-pressa-zhivota-utjagivajuschii-universal-nyi-121259563/"},"merchant":{"name":"LARKO-KZ","code":"17629423"},"editable":false,"editedByCustomer":false},{"id":"8a5c736d917375ea0191f03b10d5302b","author":"Наталья","date":"14.09.2024","orderNumber":"408687384","rating":5,"comment":{"minus":"","plus":"","text":"Именно этот пояс мне понравился, легкий в использовании, реально потеешь. Спасибо Каспи и продавцам, все быстро и доступно."},"feedback":{"positive":0,"voted":false},"product":{"id":"121259563","name":"Пояс LARKO Пояс корсет для похудения талии и пресса живота утягивающий универсальный","categoryCode":"Master - Clothes for slimming","categoryName":"Одежда для похудения","link":"https://kaspi.kz/shop/p/pojas-larko-pojas-korset-dlja-pohudenija-talii-i-pressa-zhivota-utjagivajuschii-universal-nyi-121259563/"},"merchant":{"name":"LARKO-KZ","code":"17629423"},"editable":false,"editedByCustomer":false},{"id":"8a5cce4b912ac2da01916072de505586","author":"Назира","date":"17.08.2024","orderNumber":"395563034","rating":5,"comment":{"minus":"","plus":"","text":"Отличный пояс. Спасибо большое за быструю доставку, теперь будем ждать результата."},"feedback":{"positive":0,"voted":false},"product":{"id":"121259563","name":"Пояс LARKO Пояс корсет для похудения талии и пресса живота утягивающий универсальный","categoryCode":"Master - Clothes for slimming","categoryName":"Одежда для похудения","link":"https://kaspi.kz/shop/p/pojas-larko-pojas-korset-dlja-pohudenija-talii-i-pressa-zhivota-utjagivajuschii-universal-nyi-121259563/"},"merchant":{"name":"LARKO-KZ","code":"17629423"},"editable":false,"editedByCustomer":false},{"id":"8a5c6a1790d88fdc01910e80b84255b5","author":"Гүлім","date":"01.08.2024","orderNumber":"388955473","rating":5,"comment":{"minus":"","plus":"","text":"Качество классное, мимишный корсет, спасибо, доставка быстро пришла."},"feedback":{"positive":0,"voted":false},"galleryImages":[{"id":"388955473-121259563/19dcf81b-90d2-4458-97d0-d970afc3452e.jpeg","small":"https://resources.cdn-kaspi.kz/img/p/r/388955473-121259563/19dcf81b-90d2-4458-97d0-d970afc3452e.jpeg?format=review_small","medium":"https://resources.cdn-kaspi.kz/img/p/r/388955473-121259563/19dcf81b-90d2-4458-97d0-d970afc3452e.jpeg?format=review_medium","large":"https://resources.cdn-kaspi.kz/img/p/r/388955473-121259563/19dcf81b-90d2-4458-97d0-d970afc3452e.jpeg?format=review_large"}],"product":{"id":"121259563","name":"Пояс LARKO Пояс корсет для похудения талии и пресса живота утягивающий универсальный","categoryCode":"Master - Clothes for slimming","categoryName":"Одежда для похудения","link":"https://kaspi.kz/shop/p/pojas-larko-pojas-korset-dlja-pohudenija-talii-i-pressa-zhivota-utjagivajuschii-universal-nyi-121259563/"},"merchant":{"name":"LARKO-KZ","code":"17629423"},"editable":false,"editedByCustomer":false},{"id":"8a5c821990d89020019107ed3c864d58","author":"Вадим","date":"31.07.2024","orderNumber":"388752828","rating":5,"comment":{"minus":"","plus":"","text":"Пояс отличный, пришёл раньше, всем советую."},"feedback":{"positive":0,"voted":false},"product":{"id":"121259563","name":"Пояс LARKO Пояс корсет для похудения талии и пресса живота утягивающий универсальный","categoryCode":"Master - Clothes for slimming","categoryName":"Одежда для похудения","link":"https://kaspi.kz/shop/p/pojas-larko-pojas-korset-dlja-pohudenija-talii-i-pressa-zhivota-utjagivajuschii-universal-nyi-121259563/"},"merchant":{"name":"LARKO-KZ","code":"17629423"},"editable":false,"editedByCustomer":false}]}